time,A Feed,D Feed,E Feed,A and C Feed,Recycle Flow,Reactor Feed Rate,Reactor Pressure,Reactor Level,Reactor Temperature,Purge Rate,Product Sep Temp,Product Sep Level,Product Sep Pressure,Product Sep Underflow,Stripper Level,Stripper Pressure,Stripper Underflow,Stripper Temp,Stripper Steam Flow,Compressor Work,Reactor Coolant Temp,Separator Coolant Temp,Component A to Reactor,Component B to Reactor,Component C to Reactor,Component D to Reactor,Component E to Reactor,Component F to Reactor,Component A in Purge,Component B in Purge,Component C in Purge,Component D in Purge,Component E in Purge,Component F in Purge,Component G in Purge,Component H in Purge,Component D in Product,Component E in Product,Component F in Product,Component G in Product,Component H in Product,disturbance_id
0.0,0.2667362824235401,3654.9971543797246,4441.883929931867,9.23515649062874,32.17195593726488,47.353511873827024,2800.0000165975675,65.0000177595065,122.89999992811191,0.21120003584856076,91.73973978848298,50.00007550055163,2705.6708491452446,25.27559471450463,50.000396296118545,3325.7144746965178,22.890004859328425,66.58358558930863,4.733368122874836,278.8908106242532,102.45458275844315,92.02786537721666,32.199814660419335,14.907823554990681,18.800171335167253,6.026521643830598,16.6857983665812,4.05160258927819,32.71289246688633,21.799533727636934,13.178278794056878,0.8980032289879478,16.15517625971376,5.399005669839365,6.623627439158525,3.2334824137202705,0.010796565634358608,0.5795752179855835,0.18753892253562657,53.80002547633202,43.94117408105573,4
0.05,0.2660437051080821,3668.290462100831,4434.090549566226,9.235739151317912,32.557471414836485,47.54987901507135,2800.075057134581,65.07653529252177,122.90546196903654,0.21117230993625175,91.73488513832002,49.090930916148665,2705.8399814634467,25.056180217196662,50.97421648109434,3325.8676319185206,22.845867177615034,66.5930788630946,5.270406359281175,278.8263234100553,102.4485595613567,92.13250694155853,32.199814660419335,14.907823554990681,18.800171335167253,6.026521643830598,16.6857983665812,4.05160258927819,32.71289246688633,21.799533727636934,13.178278794056878,0.8980032289879478,16.15517625971376,5.399005669839365,6.623627439158525,3.2334824137202705,0.010796565634358608,0.5795752179855835,0.18753892253562657,53.80002547633202,43.94117408105573,4
0.1,0.2666934804659953,3670.7432617070144,4421.35585130825,9.179289174220935,31.882042191889244,47.27193761709414,2800.0775344060726,66.12617228436005,122.92177637572235,0.21062237430072986,91.79973742499065,48.715813955209065,2706.481925012744,25.236664964548385,49.74253572242255,3326.162849225576,22.65450413143826,66.57934151393546,2.8957538708497195,278.8704252811521,102.44588757008594,92.09262757886219,32.199814660419335,14.907823554990681,18.800171335167253,6.026521643830598,16.6857983665812,4.05160258927819,32.71289246688633,21.799533727636934,13.178278794056878,0.8980032289879478,16.15517625971376,5.399005669839365,6.623627439158525,3.2334824137202705,0.010796565634358608,0.5795752179855835,0.18753892253562657,53.80002547633202,43.94117408105573,4
0.15,0.2677107895570497,3674.9157853882757,4455.968253079205,9.237867737228255,31.82347455427329,47.46509073257371,2800.122181876669,64.83478132463466,122.88450125402797,0.21190444133544206,91.72993271753137,49.865372891930015,2705.660685137839,25.213614591824612,50.91830784416887,3325.7843237336688,22.724960692531393,66.59563084129488,3.6571690482872072,278.6736999828846,102.45025253796305,91.83749668746437,31.984217161257376,14.953999635396393,18.732034177458846,6.009656561745466,16.518123717074392,4.051182836605875,32.72736901576667,21.93633638160527,13.19700050494741,0.9213390002505936,16.17736111967503,5.377096594981534,6.566369193064536,3.202491064350983,0.010796565634358608,0.5795752179855835,0.18753892253562657,53.80002547633202,43.94117408105573,4
0.2,0.2661013995944474,3622.9184156563247,4437.214906730178,9.210221428000631,32.331337021308315,47.56659907624492,2799.7746622838845,65.24855825986029,122.90583532071606,0.21168635526902485,91.72321260685875,49.47062768984125,2705.589173878439,25.298213450200738,49.21600531709709,3325.9357926822195,22.602912296685258,66.57784625734052,5.589656337599689,278.90855376568663,102.45807083377215,92.11637805144854,31.984217161257376,14.953999635396393,18.732034177458846,6.009656561745466,16.518123717074392,4.051182836605875,32.72736901576667,21.93633638160527,13.19700050494741,0.9213390002505936,16.17736111967503,5.377096594981534,6.566369193064536,3.202491064350983,0.010796565634358608,0.5795752179855835,0.18753892253562657,53.80002547633202,43.94117408105573,4
0.25,0.2655758557120755,3662.0294510348263,4442.125934905871,9.214411224755827,32.130977942753866,47.41750823311886,2800.621145218186,65.35455670841247,122.9132580660181,0.20992972354753617,91.78623947533184,51.268154581205806,2705.6849538634756,25.195590926958396,48.69075209992529,3326.2004217115027,23.00538788544894,66.60183912348562,5.5658594550112745,278.67163352027836,102.43003945982625,92.03237302581381,31.923872293898278,14.993335149798984,18.72283518402846,6.2423675315438105,16.371987061687612,4.058832405357888,32.50692645980309,21.764378351946597,13.25657437638253,0.8713418722844569,16.124824058677362,5.400448531779007,6.667881618584128,3.2365862284606344,0.011348586154330455,0.5809940211708081,0.20421305056139677,54.41777459364683,43.15193159738025,4
0.3,0.2664154694654958,3680.3439309443065,4437.867638302419,9.193778637578713,32.27099939378226,46.99078478726251,2799.922499145013,64.78474980449575,122.90100041713515,0.20800559219628556,91.68215550554027,48.50047595541793,2705.3470891811953,25.412549067870387,50.64497881249645,3325.219005892707,23.11382726449769,66.57356116391588,5.5825219273426745,278.47904420715815,102.44823859284841,91.98732687894208,31.923872293898278,14.993335149798984,18.72283518402846,6.2423675315438105,16.371987061687612,4.058832405357888,32.50692645980309,21.764378351946597,13.25657437638253,0.8713418722844569,16.124824058677362,5.400448531779007,6.667881618584128,3.2365862284606344,0.011348586154330455,0.5809940211708081,0.20421305056139677,54.41777459364683,43.15193159738025,4
0.35000000000000003,0.26946709476889474,3657.6975768823113,4423.42681776863,9.271092509499352,32.365904315315504,47.52344433959003,2799.944858537946,64.82481145785003,122.89676484554153,0.21264881295950755,91.72656250555168,50.430193268298844,2705.7782473038155,25.23357903049875,48.38360710658754,3325.2883641890103,22.70374678632659,66.58183365879147,6.901357574610582,278.94542499977354,102.46221849815142,91.90073070378389,31.907445057830245,14.922235255309678,18.576340125295452,5.908975127153784,16.736141548926263,4.059560031459526,32.56138001460434,21.962093958786703,12.858734720695555,0.9217619015348535,16.043091133782127,5.442539783022735,6.623985872560654,3.2946667023568286,0.011348586154330455,0.5809940211708081,0.20421305056139677,54.41777459364683,43.15193159738025,4
0.4,0.26765965433698796,3665.259343954474,4501.975462833964,9.184183663343049,31.945540343791684,47.31161529652845,2801.8056012494962,65.55006555977992,122.90963038686851,0.2120016304466722,91.77091702918904,50.74395360333587,2706.853694941948,25.33047379325907,48.984692381707994,3327.5921429044165,22.994807542699807,66.57574986228724,4.685344249990978,279.24052128514245,102.45445247304534,92.12925873888014,31.907445057830245,14.922235255309678,18.576340125295452,5.908975127153784,16.736141548926263,4.059560031459526,32.56138001460434,21.962093958786703,12.858734720695555,0.9217619015348535,16.043091133782127,5.442539783022735,6.623985872560654,3.2946667023568286,0.011348586154330455,0.5809940211708081,0.20421305056139677,54.41777459364683,43.15193159738025,4
0.45,0.26621066839958774,3653.408851656919,4417.523703671014,9.315348175531726,32.053612622267565,47.236458958263476,2801.3317823001776,64.8210102858129,122.89866906281885,0.21908312359048399,91.79891940767942,51.210085671898696,2707.252433972284,25.430239692566573,50.229877856850784,3327.8752668903744,22.69308695982029,66.58617427540514,3.277191629393786,278.76088381615403,102.41776019481289,92.12390426934095,32.4843992327321,14.8033242424429,18.96662535757675,6.03639026510918,17.08045204140565,4.051058706938988,32.95547633527778,21.84674470534806,13.312515066176106,1.0605776524287724,16.265864358058785,5.371327471551295,6.594187970072611,3.2363614393801208,0.011348586154330455,0.5809940211708081,0.20421305056139677,54.41777459364683,43.15193159738025,4
0.5,0.26686456818588844,3663.5934973460744,4486.766899105171,9.239402563659926,31.980500656189136,47.62082643474883,2801.1533099539975,64.81140680390043,122.89682774595613,0.22183353988807042,91.71928573982711,49.59068316718896,2706.8660052185146,25.04654254977394,49.076877430928704,3327.19975553048,23.09958365540668,66.57556742208787,5.210923370965182,278.7936206257387,102.44555425520795,92.01398439845994,32.4843992327321,14.8033242424429,18.96662535757675,6.03639026510918,17.08045204140565,4.051058706938988,32.95547633527778,21.84674470534806,13.312515066176106,1.0605776524287724,16.265864358058785,5.371327471551295,6.594187970072611,3.2363614393801208,0.013880210970980564,0.5918040818917856,0.1949669780133702,53.13308875611797,43.8811081258616,4
0.55,0.2670059334412444,3600.81260844289,4448.830702192264,9.23387876702889,32.13461578723025,47.095514214641796,2802.0353489196877,65.05868842632664,122.8957657850392,0.22247731585392022,91.78420500028074,49.77184925593545,2707.0634987116837,25.2701773180304,51.60988883852717,3327.5833361809646,22.915610494323317,66.58632509786167,6.613579616789522,279.1713186854525,102.44843682563445,92.22489318419042,32.428516425395266,14.834085780836613,19.1126134403282,6.023442551964321,17.22165119319528,4.08652696470473,32.62917049705179,21.831414519785028,13.156499808821515,0.9536335851600817,16.00960721612557,5.396198471690869,6.625042448245614,3.1936501628674563,0.013880210970980564,0.5918040818917856,0.1949669780133702,53.13308875611797,43.8811081258616,4
0.6,0.2677036322185532,3635.7058307323896,4410.186634768237,9.284811098709763,31.873789152000224,47.58725137244098,2801.3864377991667,64.97670829634349,122.88200617028494,0.22420953664738785,91.7498137446451,50.088298625039606,2706.5277866295837,25.48207436662379,50.50407410488598,3326.7067943882544,22.964461302295632,66.60735871441473,2.4325399913271375,278.6779542117795,102.46486230060587,91.9792326072459,32.428516425395266,14.834085780836613,19.1126134403282,6.023442551964321,17.22165119319528,4.08652696470473,32.62917049705179,21.831414519785028,13.156499808821515,0.9536335851600817,16.00960721612557,5.396198471690869,6.625042448245614,3.1936501628674563,0.013880210970980564,0.5918040818917856,0.1949669780133702,53.13308875611797,43.8811081258616,4
0.65,0.26937615123952874,3645.70924876651,4408.48206880281,9.116203992807225,32.66924208723636,47.29556579252188,2800.122082602486,65.18183317615357,122.90494086253419,0.2269427598193203,91.71356465304595,51.20262466737709,2705.5221676596984,25.446964042074924,49.23269257310433,3325.607555620758,22.930047058451773,66.5911289937405,5.000571399658262,279.012819452242,102.45210192486238,91.99196244580453,32.42403717766963,14.819309372971416,18.633481963737005,5.875191047829525,16.734434342676362,4.056144385518642,32.534906642167535,21.786887862178254,13.553483295816921,1.0454994837650133,16.12285644068947,5.412137278923237,6.684710952002784,3.2001069899796946,0.013880210970980564,0.5918040818917856,0.1949669780133702,53.13308875611797,43.8811081258616,4
0.7000000000000001,0.26967401628920834,3674.4433867983976,4427.729821166312,9.165694814609914,31.983658100441996,47.17388056498242,2799.190453132216,65.60059261336592,122.91469972533464,0.22324612553578116,91.67726427149844,48.08836214429393,2704.715709228403,24.99481773680131,50.25089865255599,3324.7345066195653,22.937740943008436,66.59649989471312,2.904313552077521,278.9402100942237,102.48111040723845,91.93044272413336,32.42403717766963,14.819309372971416,18.633481963737005,5.875191047829525,16.734434342676362,4.056144385518642,32.534906642167535,21.786887862178254,13.553483295816921,1.0454994837650133,16.12285644068947,5.412137278923237,6.684710952002784,3.2001069899796946,0.013880210970980564,0.5918040818917856,0.1949669780133702,53.13308875611797,43.8811081258616,4
0.75,0.26480357477815886,3660.7586093137265,4470.5481428289395,9.219432879886373,31.96249970756366,47.433148472927215,2798.9963927936956,64.94141752431237,122.92138089176595,0.22121079040584682,91.76350221177921,50.54294510830972,2704.592388201904,25.125205732052194,50.05774834267833,3324.6520221978017,22.96914000784945,66.60340202098484,4.717881178330777,279.0508434344526,102.4643421550163,91.94969671975402,32.30855230934669,14.825560369369235,18.160764176694364,6.162985847719709,16.330140444602655,4.0354134684483975,32.7002184471737,21.75356594006591,13.384602466062482,0.7963632978193015,16.279633893883215,5.392314793046804,6.643188387262209,3.2484024734212595,0.004109700384965915,0.5588375068523674,0.1921627080023687,54.3181524153052,43.676211629705165,4
0.8,0.26728785613275313,3649.5655981222653,4457.4654950481345,9.235030117766945,32.099623998711216,47.428253970408946,2799.412773447781,64.33148726688886,122.90422847134741,0.21848296438050585,91.77111562418897,49.72106708241925,2704.738494851823,25.047896226336917,49.20763182734491,3324.45489037139,22.923214130633955,66.58763025418487,4.165701233206793,278.80497051524077,102.45189343651349,92.20565737973766,32.30855230934669,14.825560369369235,18.160764176694364,6.162985847719709,16.330140444602655,4.0354134684483975,32.7002184471737,21.75356594006591,13.384602466062482,0.7963632978193015,16.279633893883215,5.392314793046804,6.643188387262209,3.2484024734212595,0.004109700384965915,0.5588375068523674,0.1921627080023687,54.3181524153052,43.676211629705165,4
0.85,0.26045432011421815,3665.069100492375,4417.475985543679,9.138896278214174,32.29368805591909,47.28992155031079,2799.3404730189095,65.17432221083862,122.89898241079914,0.21669188328124842,91.78697050392681,47.866369114984515,2704.9200723196227,25.634420135625724,49.630844077781745,3324.747589402582,22.915747685764952,66.58681031767733,4.703124231819821,278.62054029711527,102.42824561252591,92.03597969092878,32.6531470304949,14.881360051531178,18.958482424833047,5.923480495970183,16.70290235817442,4.030436178513147,32.57618899437971,21.83055387697495,13.053211866024652,0.8976927925402779,16.24510729808589,5.35329881983361,6.685845812596827,3.3046661083837354,0.004109700384965915,0.5588375068523674,0.1921627080023687,54.3181524153052,43.676211629705165,4
0.9,0.2559733391056488,3646.297145792708,4452.583930919557,9.211371837926194,32.34113386509837,46.94594766147823,2799.249820386462,65.09457400901975,122.89839720343303,0.21325259584614714,91.73680632643539,50.17886575918063,2704.7087753039705,25.16093251776071,48.274943680544034,3324.907785985439,22.95114426507707,66.560205825624,4.190030879519451,278.9939976637374,102.45260431151476,92.16533208716208,32.6531470304949,14.881360051531178,18.958482424833047,5.923480495970183,16.70290235817442,4.030436178513147,32.57618899437971,21.83055387697495,13.053211866024652,0.8976927925402779,16.24510729808589,5.35329881983361,6.685845812596827,3.3046661083837354,0.004109700384965915,0.5588375068523674,0.1921627080023687,54.3181524153052,43.676211629705165,4
0.9500000000000001,0.25863249723169374,3643.073759087918,4422.571348634782,9.222213663072692,32.017583242014126,47.28397301657997,2800.238733353061,65.71688383885521,122.90735838382382,0.21528937305156487,91.80071233648917,50.83701237981156,2705.031933765665,25.271395183311306,49.99651781129304,3325.7118516047244,22.891921405622167,66.5863191999831,4.624099935698163,278.91755220329486,102.4576588753263,91.99307422968423,31.917060383033295,14.688937514801871,18.506774181390377,6.00751006665509,16.520794777511053,4.00418633560229,32.57898758693933,21.805955273891456,13.353369969035587,0.9489908818780682,15.894125849969836,5.414435897865361,6.5868582961894075,3.187588041268674,0.004109700384965915,0.5588375068523674,0.1921627080023687,54.3181524153052,43.676211629705165,4
1.0,0.2609670785574581,3641.1841529204903,4447.524170586318,9.079225643312924,32.51547626672638,47.294815897043286,2799.455608422465,64.85704641996776,122.9091780608829,0.2146806705312075,91.72939528108367,49.39568350814779,2705.103187217895,25.243847301111746,50.743327971435555,3324.5423519439064,23.020573881961916,66.58485008796892,5.309673817220011,278.9356236512181,102.47300166624393,91.98127081428008,31.917060383033295,14.688937514801871,18.506774181390377,6.00751006665509,16.520794777511053,4.00418633560229,32.57898758693933,21.805955273891456,13.353369969035587,0.9489908818780682,15.894125849969836,5.414435897865361,6.5868582961894075,3.187588041268674,0.013206603844368869,0.5712677900489581,0.18590683953070583,53.56009689710733,44.51080005860095,4
1.05,0.25852907633587113,3653.1623336743087,4433.761903240012,9.192529669132831,32.34960656392985,47.008898957825366,2799.7485635272,65.0068746908617,122.8960891262976,0.21160274249020777,91.72370025168559,50.60674805211555,2704.660667293415,25.263862671307542,49.5358997328228,3325.157125972997,22.805320372095753,66.56440226212044,3.422296505554115,278.96260945637584,102.49444086534393,92.10185593343238,32.31902009337963,14.794621492191451,19.13302372943247,5.879734004857846,16.60252239567195,4.065651937249176,32.889557037119545,21.804429445546553,13.183219187416318,0.8347612981428641,16.365133416082603,5.394810300467201,6.668033006501925,3.255499802223345,0.013206603844368869,0.5712677900489581,0.18590683953070583,53.56009689710733,44.51080005860095,4
1.1,0.26018950633417093,3641.0681958534515,4431.4233661280305,9.258111117302724,32.12468751452407,47.5361202388778,2799.8146397374317,65.19384754342927,122.89972884466094,0.21256433858208532,91.73855616316744,50.68245031609253,2705.0913848184346,25.03560106818035,51.71396107677214,3325.659893838431,22.912141749648104,66.58666011602824,3.8639123821052737,278.672040483569,102.4510070609171,92.12747877790785,32.31902009337963,14.794621492191451,19.13302372943247,5.879734004857846,16.60252239567195,4.065651937249176,32.889557037119545,21.804429445546553,13.183219187416318,0.8347612981428641,16.365133416082603,5.394810300467201,6.668033006501925,3.255499802223345,0.013206603844368869,0.5712677900489581,0.18590683953070583,53.56009689710733,44.51080005860095,4
1.1500000000000001,0.26393631935464745,3655.2095126415365,4425.393475489372,9.17100713862691,32.18629092289226,47.661913509215246,2800.065520957878,64.83501767142964,122.90545056485661,0.20851518682839712,91.75877485862169,49.3204495864036,2705.985311354826,25.26923467556024,49.73032882833984,3325.930727682968,22.944390073617473,66.59454911147647,6.826724020102956,278.52803498148114,102.47032908240787,91.9778418130935,31.547171780025423,15.044470599041542,18.59512594049294,5.985475073297663,16.94763407053183,4.027762379719829,32.7337870962447,21.682255989095793,13.315061114723253,0.8174983523222068,16.235832153734037,5.3859910529537975,6.615262077049716,3.265728412332144,0.013206603844368869,0.5712677900489581,0.18590683953070583,53.56009689710733,44.51080005860095,4
1.2,0.2658590507403861,3653.3235136726175,4409.495177776264,9.146059866587109,32.15339211317381,47.218787714248684,2799.6533479668074,64.85164127010324,122.87572515758951,0.2079344372473536,91.76523768757018,49.23877564487777,2705.3931202339827,25.30638987502348,49.779697054149906,3325.267478015688,22.91655635522745,66.58113820435774,3.8018455114000114,279.02288366084014,102.45411153694091,92.17713914712373,31.547171780025423,15.044470599041542,18.59512594049294,5.985475073297663,16.94763407053183,4.027762379719829,32.7337870962447,21.682255989095793,13.315061114723253,0.8174983523222068,16.235832153734037,5.3859910529537975,6.615262077049716,3.265728412332144,0.013206603844368869,0.5712677900489581,0.18590683953070583,53.56009689710733,44.51080005860095,4
1.25,0.2674092726089362,3665.4615554642405,4456.118452423317,9.308259397025449,32.076540353257435,46.89016368969228,2799.386156049302,64.78022846922352,122.90117466794679,0.2140619602772347,91.74714669721396,49.02340099037814,2705.3143292494556,25.204872830726377,51.65894078871734,3325.3576949639582,23.02425724098707,66.61603333428911,3.7365438075720894,278.7148164457922,102.43824444030373,91.92077100573043,32.17196206703359,14.91838169352125,18.81070224456303,6.032823128633115,16.14887506796052,4.084352560910829,32.38228289226953,21.78645813535467,13.077400846770047,0.7494941164206581,16.01440709488144,5.408770924325376,6.543792445305327,3.2288120557209194,-0.0020979296216713673,0.5678722995247266,0.1672037293833249,53.44488089331943,43.96690929909748,4
1.3,0.26725175202845847,3659.435812973902,4416.164362645006,9.300924747160575,32.15350470721694,47.53068933001065,2800.6113317824434,64.77926101710753,122.90823216295965,0.2120125044611351,91.78331784673595,49.78701860199106,2706.055092615827,25.381258184263665,51.78248959929275,3326.7602264857883,22.919012062687674,66.5939926433153,4.909110920928162,278.84960033014653,102.4579461154976,92.2181618465709,32.17196206703359,14.91838169352125,18.81070224456303,6.032823128633115,16.14887506796052,4.084352560910829,32.38228289226953,21.78645813535467,13.077400846770047,0.7494941164206581,16.01440709488144,5.408770924325376,6.543792445305327,3.2288120557209194,-0.0020979296216713673,0.5678722995247266,0.1672037293833249,53.44488089331943,43.96690929909748,4
1.35,0.2675616788774699,3641.695337835756,4406.009453522977,9.209665475830523,32.24992139532078,47.77051688413396,2800.792160688529,65.94813585930768,122.89962482700854,0.21347114498290504,91.79034874520426,51.72582668313517,2706.319051193417,25.162826081097762,51.382413009890236,3327.2509260085067,22.77400994602253,66.58337077033475,5.322015859049401,278.7749811078111,102.4651193209122,91.85476938558142,31.85495522220552,14.905019031656694,18.94896397452389,6.112138024240954,16.833967969276202,4.046938097260691,32.108764248880455,21.809088031886343,12.849268700248253,0.8136185690691031,16.331267779464127,5.369072942543895,6.646043653949388,3.262278034703891,-0.0020979296216713673,0.5678722995247266,0.1672037293833249,53.44488089331943,43.96690929909748,4
1.4000000000000001,0.26678621282840986,3633.5374467821393,4412.098420271935,9.179625141294464,32.025462743926376,47.44326686807167,2799.6410594641425,65.78671800577688,122.88898388239463,0.21166684208740208,91.6994298803941,48.336088351593446,2705.791839240561,25.222615367187803,49.616736108122296,3325.5645725521936,22.96252581512622,66.58007677840354,3.5781871634459534,278.8840951972243,102.48277107494808,92.15246871834627,31.85495522220552,14.905019031656694,18.94896397452389,6.112138024240954,16.833967969276202,4.046938097260691,32.108764248880455,21.809088031886343,12.849268700248253,0.8136185690691031,16.331267779464127,5.369072942543895,6.646043653949388,3.262278034703891,-0.0020979296216713673,0.5678722995247266,0.1672037293833249,53.44488089331943,43.96690929909748,4
1.45,0.26846633586328933,3648.0791581132803,4470.661130553671,9.261337373138975,32.356703444534,46.969708230608866,2800.0697694611067,65.8721457558444,122.90695871134503,0.2138032933160993,91.70586130777525,50.99478568639108,2705.1429291611817,25.016560038740735,48.75855240013426,3325.8182535265596,23.040425958187946,66.57810157223513,5.226156141601631,278.61892512372583,102.45192968437512,91.97027802948799,32.18822000010027,14.896805107544047,19.03099755020181,6.02482596797682,16.115992194745203,4.066855958617175,32.94372407622924,21.76577845735065,13.400588131755706,0.9777101198078625,16.104507537648598,5.406843998823739,6.617449833068032,3.2313471121224326,-0.0020979296216713673,0.5678722995247266,0.1672037293833249,53.44488089331943,43.96690929909748,4
1.5,0.2698512654746823,3651.7225345189463,4451.581502431042,9.321023466369262,32.311768449760436,47.278719242513965,2800.1031684779696,66.01477174902956,122.90121040354917,0.20880080807469395,91.77204620899035,50.45181867059646,2706.2665133151468,25.243477033967448,49.95380923613948,3325.867427753503,22.881807792083084,66.58650976822268,5.1240319134093,279.0233597683939,102.43461537173042,92.14908067034298,32.18822000010027,14.896805107544047,19.03099755020181,6.02482596797682,16.115992194745203,4.066855958617175,32.94372407622924,21.76577845735065,13.400588131755706,0.9777101198078625,16.104507537648598,5.406843998823739,6.617449833068032,3.2313471121224326,0.01469209109228024,0.5695522033959711,0.17238929592649993,53.264348950536366,43.55281660715794,4
1.55,0.27205111549176364,3668.480529452434,4416.506621020052,9.210450247217555,32.328240343146206,47.486473074276425,2800.143139224786,64.73486385740016,122.91101811601118,0.21084784538569415,91.7787813610342,49.229739057529734,2706.0967067028205,25.19429126349235,49.35662240757828,3325.949866413939,23.094562095159468,66.5953312205295,5.205230789871694,279.0413603395342,102.44217753676065,92.10761297168784,32.321696560274276,15.013316536103657,18.399293067613197,6.086772607426331,16.468339489179588,4.07097810840479,32.73955299938777,21.90881469921791,13.368314128205352,0.8274055680009629,16.25449020285818,5.390643307022793,6.630353544403479,3.2242507306145445,0.01469209109228024,0.5695522033959711,0.17238929592649993,53.264348950536366,43.55281660715794,4
1.6,0.27246695701230433,3653.16883856528,4462.764795850307,9.30817602279245,32.27077335152146,47.293617656330696,2799.1299169622166,65.2630543862384,122.90244331552312,0.2154464207339487,91.65351591149887,49.172538892660306,2704.4176197133015,25.160761352792917,48.39848697861936,3324.115980782894,23.043600351061823,66.58648521757581,4.5622062133991905,279.0019356035485,102.45217916523043,91.87329552347931,32.321696560274276,15.013316536103657,18.399293067613197,6.086772607426331,16.468339489179588,4.07097810840479,32.73955299938777,21.90881469921791,13.368314128205352,0.8274055680009629,16.25449020285818,5.390643307022793,6.630353544403479,3.2242507306145445,0.01469209109228024,0.5695522033959711,0.17238929592649993,53.264348950536366,43.55281660715794,4
1.6500000000000001,0.26600561032710573,3640.9181473168364,4445.825770120619,9.234836181187461,32.268040671714175,47.54151276474981,2799.188334239972,64.61780653383974,122.9074210027129,0.21405013469875414,91.69005452143976,51.02396862950756,2704.3494590643613,25.096289908663987,51.741686569550076,3325.2283459199557,22.847587188478254,66.55188793451059,4.585548857136843,278.9044370898682,102.46252421725443,92.02124378400273,32.00312185224086,14.813408526110068,18.500497908274678,6.057518316915036,16.729659874445563,4.052978782698823,32.64592656538791,21.815039416591667,13.429489401145842,1.020992474036766,15.966557227621461,5.444470450206685,6.522334588513416,3.197043310716203,0.01469209109228024,0.5695522033959711,0.17238929592649993,53.264348950536366,43.55281660715794,4
1.7,0.265344648191155,3661.708341533442,4412.062940360021,9.2500482014822,32.038021337479194,47.21448317477254,2800.652830072104,64.88107791705244,122.90213176563657,0.21224269930527292,91.77309410410605,50.729385682396575,2705.9837861404994,25.510862466102,49.01980631028191,3325.424092608212,22.978092280257822,66.54615193086101,3.288874642974694,278.82490012138186,102.43010563218384,92.06809937048405,32.00312185224086,14.813408526110068,18.500497908274678,6.057518316915036,16.729659874445563,4.052978782698823,32.64592656538791,21.815039416591667,13.429489401145842,1.020992474036766,15.966557227621461,5.444470450206685,6.522334588513416,3.197043310716203,0.01469209109228024,0.5695522033959711,0.17238929592649993,53.264348950536366,43.55281660715794,4
1.75,0.26181671098256765,3650.673390931294,4429.546792684929,9.271840568193277,32.17536259311745,47.44897130501814,2800.0678549911527,64.55971753922061,122.89316143709473,0.21116357561278704,91.69928741914418,49.92054778451133,2705.119373549774,25.28745298901821,49.55521967439473,3325.4415869645723,22.88756031566577,66.55566819040456,2.9114159463776677,278.7886240550536,102.41861700830678,91.856168213482,32.00577527991585,14.775237022970341,18.83341510272185,5.842729095066147,16.51552302742605,4.064553237366907,32.49783697089843,21.749440622692752,13.468174252678672,1.1341975727806477,15.835188012802874,5.437616477904445,6.590707453355262,3.354257278111408,0.017181091729620204,0.565815752069722,0.1989232375278794,53.261935492231856,43.45230656524048,4
1.8,0.26399601441523435,3648.31276575281,4430.9418444699895,9.326611768162817,31.956505936196834,47.24959576793884,2800.1871362512784,65.54884585728402,122.92596660676001,0.2113711111339925,91.7301968815813,49.95296034007906,2706.0026893914883,25.490185068518365,49.722674995231806,3325.659443396684,22.843506132784615,66.53270618351641,6.1102776499967675,279.1500974099291,102.42562573451939,92.2124289990366,32.00577527991585,14.775237022970341,18.83341510272185,5.842729095066147,16.51552302742605,4.064553237366907,32.49783697089843,21.749440622692752,13.468174252678672,1.1341975727806477,15.835188012802874,5.437616477904445,6.590707453355262,3.354257278111408,0.017181091729620204,0.565815752069722,0.1989232375278794,53.261935492231856,43.45230656524048,4
1.85,0.2621278336786205,3652.4447217615393,4375.950792614739,9.2128611937019,31.952888546969714,47.59048599746056,2800.2296762290275,64.38707226249927,122.89685435735264,0.21289102784661548,91.72548989875088,48.25049266760588,2705.858621784016,25.27813334598141,48.483050643006536,3326.6109163255524,22.755065819871447,66.56019870671058,4.688371148863108,279.17628641508446,102.44258130206944,92.0764236545059,32.01534741435691,14.893962894839222,18.931564902843526,6.029835475347997,16.473337923767428,4.0163559678090754,32.658547638951504,21.7319680654743,13.44038382143674,0.9663355666324397,16.40541595654933,5.411287100327513,6.625582731301355,3.3621990236452897,0.017181091729620204,0.565815752069722,0.1989232375278794,53.261935492231856,43.45230656524048,4
1.9000000000000001,0.2649486046823408,3673.92068199877,4438.488423638158,9.19360483407761,32.24471605624873,47.40900512667913,2800.402156235192,65.05686496593937,122.89026245936822,0.21258558011374212,91.75007344268094,50.04634709024921,2706.2425613218434,25.263475495870612,51.07331407663626,3326.1987170010116,22.91776714849652,66.5584250128908,4.903532541771445,279.03599093239336,102.41335041845883,92.06568392030387,32.01534741435691,14.893962894839222,18.931564902843526,6.029835475347997,16.473337923767428,4.0163559678090754,32.658547638951504,21.7319680654743,13.44038382143674,0.9663355666324397,16.40541595654933,5.411287100327513,6.625582731301355,3.3621990236452897,0.017181091729620204,0.565815752069722,0.1989232375278794,53.261935492231856,43.45230656524048,4
1.95,0.2688652643016781,3650.5045873132754,4425.816218388969,9.207787071584372,32.22708902499529,47.599271532078774,2801.179808144888,63.941654343088175,122.90470483280019,0.212460938409495,91.81074266797464,51.49536132833188,2706.6903409955967,25.426041083950974,48.50878853762913,3327.016335319147,22.878123621158075,66.56404985581663,3.7831948791599155,279.14388634211144,102.43259150088285,92.33962353401475,31.882898450348904,14.855104054516309,18.521268376797558,6.189308435840344,16.84213400831039,4.061768467756057,32.983174182006536,21.644992711898404,13.378136957889165,0.8670617860825166,15.884734247358804,5.340405733080928,6.629254787567318,3.274279146223779,0.017181091729620204,0.565815752069722,0.1989232375278794,53.261935492231856,43.45230656524048,4
2.0,0.2686451524136606,3665.2132042702938,4449.555800931715,9.202364240701352,32.104588403604886,47.04102624891197,2800.833591525771,65.71011086134911,122.90723697021033,0.21686310721734028,91.83005400564302,50.422806299208936,2707.071004432787,25.21687415915057,49.59595045656426,3326.9675721773533,23.00862537340646,66.62908832835406,4.939508559830572,279.0504052458473,102.40625351198584,92.06839212866339,31.882898450348904,14.855104054516309,18.521268376797558,6.189308435840344,16.84213400831039,4.061768467756057,32.983174182006536,21.644992711898404,13.378136957889165,0.8670617860825166,15.884734247358804,5.340405733080928,6.629254787567318,3.274279146223779,0.021691044205410806,0.5700893644034641,0.18068513823981594,53.51603835071434,44.38553467415407,4
2.05,0.26601793539525986,3657.0146465087582,4447.804560956682,9.235490061403915,31.960239037548455,47.62243678422944,2800.6296412762467,64.95067353988456,122.91235266076195,0.21901914562380081,91.808070027746,50.47686180178811,2706.448821890934,25.440264009908148,49.414733791440774,3326.5907455505867,22.91406801132592,66.61461552593242,5.48165097343256,279.1253282946631,102.42167927905244,92.05833862692617,32.36758706746617,14.987538615156241,18.742106182881344,6.198026586259526,16.86642654957786,4.01594433208538,32.86181773232971,21.840391423152933,13.149962486192416,0.8845870931753098,16.373674431643085,5.381288611391952,6.532360220265778,3.159551824424026,0.021691044205410806,0.5700893644034641,0.18068513823981594,53.51603835071434,44.38553467415407,4
2.1,0.267350735383134,3704.8171761590484,4427.99540259358,9.266265326111329,32.1823757443659,47.548770976004,2800.0482458506563,64.92444043572551,122.89820085796468,0.21743704527708832,91.72622663744397,50.77397834389262,2705.694756343843,25.272433275004733,51.687842656579136,3325.8337175470206,22.862162533771443,66.60461360786573,4.784968818712995,279.31389996565946,102.4433290185103,92.19392125071177,32.36758706746617,14.987538615156241,18.742106182881344,6.198026586259526,16.86642654957786,4.01594433208538,32.86181773232971,21.840391423152933,13.149962486192416,0.8845870931753098,16.373674431643085,5.381288611391952,6.532360220265778,3.159551824424026,0.021691044205410806,0.5700893644034641,0.18068513823981594,53.51603835071434,44.38553467415407,4
2.15,0.26418653145384,3684.554684561271,4398.354865281479,9.202393487524915,32.03294982131969,47.25345243320608,2800.1066989147266,64.88421550860605,122.8989548265568,0.22074798092354087,91.73093168120673,49.45923140509778,2706.768374220034,25.37173914091882,49.848203880302194,3325.4660246612807,22.85783995144574,66.60428721353371,3.9417678722801712,279.2378731687643,102.43713074389812,92.04178100632856,32.15516113593898,14.83535706846132,18.676042212423297,6.088291483430751,16.39332651803872,4.064574447881984,32.347173139661066,21.85809802676276,13.35552654911269,1.0161842109469987,15.95368877312994,5.380109800085925,6.604285105397408,3.1989102241618057,0.021691044205410806,0.5700893644034641,0.18068513823981594,53.51603835071434,44.38553467415407,4
2.2,0.26397286701769934,3644.5190483836,4448.463559161276,9.147558456005351,32.315184858738476,47.41969489359926,2799.985754893072,65.5640348829825,122.89180234347864,0.2208189497150453,91.69505319457743,48.840175022347005,2705.535144214425,25.186460932604998,47.10847804479414,3325.5540295429532,22.811360112719942,66.60803402008752,4.621032401252156,279.1188998507508,102.43438130976844,91.99226564356086,32.15516113593898,14.83535706846132,18.676042212423297,6.088291483430751,16.39332651803872,4.064574447881984,32.347173139661066,21.85809802676276,13.35552654911269,1.0161842109469987,15.95368877312994,5.380109800085925,6.604285105397408,3.1989102241618057,0.021691044205410806,0.5700893644034641,0.18068513823981594,53.51603835071434,44.38553467415407,4
2.25,0.2643802609036629,3644.354068768548,4432.695401804272,9.278053527845543,32.39059392269043,47.300470311878485,2800.6716328321004,65.62210333629753,122.91055273951129,0.21698876397877365,91.81892444535556,50.19871033552005,2705.7191332023226,25.01225620332796,49.669833613236996,3326.1532424722304,22.986208723027616,66.6040403933686,2.487482114827391,279.39332506881004,102.43390054972139,92.23562149208817,32.424923691870944,14.930563941609458,18.78340724703477,6.190375278532838,16.667750125009558,4.069798171189171,32.97805490965709,21.772241847349232,13.14023370087799,0.9732552787969305,16.758742668464283,5.381302040528955,6.621177195225634,3.2187124200593265,-0.005595035245674984,0.5851112966418018,0.1945640318210785,53.706050535407876,45.12619555467052,4
2.3000000000000003,0.2651700032399639,3663.3367944680613,4433.302161108167,9.31358860683331,31.94748927714456,47.38276038386546,2800.707101159919,64.50250391641742,122.90216779142524,0.22182338511042196,91.84850442861523,49.768500214940474,2706.6595058030625,25.37703365080153,51.39088636945699,3326.7201066542934,22.869119912259695,66.63113275020808,6.138734690637939,278.75935539071486,102.4060333502422,92.02754861653204,32.424923691870944,14.930563941609458,18.78340724703477,6.190375278532838,16.667750125009558,4.069798171189171,32.97805490965709,21.772241847349232,13.14023370087799,0.9732552787969305,16.758742668464283,5.381302040528955,6.621177195225634,3.2187124200593265,-0.005595035245674984,0.5851112966418018,0.1945640318210785,53.706050535407876,45.12619555467052,4
2.35,0.2616539659923021,3658.5936041538703,4427.34943636983,9.180393962423462,31.998136776776313,47.683711871880014,2800.4229676207406,64.78268938984459,122.91115601267528,0.21925285058990615,91.77496884202058,49.76944665136281,2705.5167368263005,25.330634048130776,49.55890422693444,3325.543050891881,22.82303008519172,66.64485287698248,3.805402183756743,279.2311067150499,102.43317008644429,92.01125764761873,32.615769075330455,15.02596621109864,18.916272275559656,6.069242284088557,17.09919659790869,4.038120693321618,32.56604707841775,21.769660670515172,13.378685823629812,0.9362327485265826,16.22187841255423,5.3637600318365335,6.69158244293787,3.157317112423464,-0.005595035245674984,0.5851112966418018,0.1945640318210785,53.706050535407876,45.12619555467052,4
2.4,0.26311830023872207,3642.5794589804154,4432.350813893251,9.172683411316608,32.15358755058207,47.50489969568821,2799.645336206725,65.16037958204964,122.91483139565565,0.2194552005193808,91.72662894843288,50.44180341440598,2705.297932122564,25.276801023614947,51.540313621035786,3325.2912943880833,22.898566193965465,66.60688138389187,5.376711400329349,279.16996800875074,102.43927160413568,92.20829365016203,32.615769075330455,15.02596621109864,18.916272275559656,6.069242284088557,17.09919659790869,4.038120693321618,32.56604707841775,21.769660670515172,13.378685823629812,0.9362327485265826,16.22187841255423,5.3637600318365335,6.69158244293787,3.157317112423464,-0.005595035245674984,0.5851112966418018,0.1945640318210785,53.706050535407876,45.12619555467052,4
2.45,0.2618388085588023,3715.3318942238184,4386.758604047859,9.24125240388953,32.4275260559209,47.23443125796334,2799.6774505725516,64.47525776427327,122.90248264135765,0.21588433137708848,91.76050394509777,50.37881263203053,2705.659367819792,25.2303613928609,49.8502265226595,3325.3694115683443,22.91150159756467,66.61898827463959,5.363679448311004,279.04967136346295,102.4466056006468,92.06432400701807,32.12085121968512,14.837861466332585,18.87042747765898,6.107760859529572,16.57258726322565,4.05363174788354,32.63726174192109,21.886587798759706,13.14458565809232,0.915298439837743,15.728255192399487,5.457734890700329,6.67376211629676,3.290771657768391,-0.005595035245674984,0.5851112966418018,0.1945640318210785,53.706050535407876,45.12619555467052,4
2.5,0.26001583589504246,3694.2847479564634,4414.563003032369,9.186804149318666,31.80068207630172,47.257533175081214,2799.4263735663235,64.96917471343832,122.88010854926566,0.21926125978189273,91.76721282465009,50.21591138370921,2704.9989896116213,25.30789676144929,50.983587803019745,3325.2304989129584,22.958304770937893,66.63112113926444,3.669942155275237,279.2572804673712,102.45339793369399,92.1846149168791,32.12085121968512,14.837861466332585,18.87042747765898,6.107760859529572,16.57258726322565,4.05363174788354,32.63726174192109,21.886587798759706,13.14458565809232,0.915298439837743,15.728255192399487,5.457734890700329,6.67376211629676,3.290771657768391,0.012736597341709037,0.5893124230681879,0.21010493318144877,53.79998091025577,44.16923635510202,4
2.5500000000000003,0.26355663901120086,3682.368476675978,4431.829917530833,9.26477547763331,32.127555372396564,47.46132426674674,2798.5446386404865,64.32067452694223,122.89035764621997,0.21697925813019822,91.75546359480475,48.441462738534916,2704.767752714892,25.208759087348813,50.48968319153994,3324.9385323570245,23.055929164295193,66.63061460267576,4.945227025209207,278.9031974603388,102.45444647490604,91.98684233516089,32.08194611965994,14.884095978207101,18.5997475021638,6.064625557752251,16.82751335629903,4.03786041735343,32.52243079029629,21.719224999029674,13.144034959181447,0.8235932479668342,16.2639432249209,5.42182686102003,6.668950166297404,3.2873700499940792,0.012736597341709037,0.5893124230681879,0.21010493318144877,53.79998091025577,44.16923635510202,4
2.6,0.2657964297241252,3660.869831238444,4454.216325442854,9.198636472852018,32.18270505408054,47.337990403055244,2799.777047227398,64.66397493898333,122.91427473722761,0.21311405997398117,91.81732988169915,49.61910642811227,2705.7489565081073,25.27403224311724,50.73455422234806,3324.8545995092195,22.626732219565866,66.62805854304642,3.285128331432116,278.88615866737075,102.4510216180592,92.2624509514729,32.08194611965994,14.884095978207101,18.5997475021638,6.064625557752251,16.82751335629903,4.03786041735343,32.52243079029629,21.719224999029674,13.144034959181447,0.8235932479668342,16.2639432249209,5.42182686102003,6.668950166297404,3.2873700499940792,0.012736597341709037,0.5893124230681879,0.21010493318144877,53.79998091025577,44.16923635510202,4
2.65,0.2658722291261031,3648.898732790242,4448.450311569297,9.2505230264021,32.21105262443494,47.43944368146677,2799.7003346376364,65.2112287289385,122.91208249780559,0.21474798523360725,91.71810010273285,50.2753146744263,2705.232465038649,25.36496156213706,50.649868906315064,3324.7454708422424,22.92344845271491,66.64771573070583,4.261852844052537,278.85738840653835,102.4430055220406,92.07422517026949,31.955503276533847,14.919344490078565,19.010531199132018,6.050905328563056,16.78168598712912,4.041996416686506,32.51992035254441,21.763474840820454,13.131071054553743,0.8963519493781262,16.167714363010344,5.351692537663231,6.606640711656182,3.3271831902940012,0.012736597341709037,0.5893124230681879,0.21010493318144877,53.79998091025577,44.16923635510202,4
2.7,0.2644314540300447,3621.2664767262936,4436.489420719329,9.174680262233665,32.19308095951647,47.60488041702647,2799.7560523624784,65.39066406025772,122.89504157674362,0.2101873795267138,91.73683962452706,48.81469296991347,2705.3078068306977,25.26931417885591,49.010857850872426,3325.978677899368,22.89416015363967,66.61575653711888,4.52411366837003,278.95257189217375,102.4557808318229,91.94679991731466,31.955503276533847,14.919344490078565,19.010531199132018,6.050905328563056,16.78168598712912,4.041996416686506,32.51992035254441,21.763474840820454,13.131071054553743,0.8963519493781262,16.167714363010344,5.351692537663231,6.606640711656182,3.3271831902940012,0.012736597341709037,0.5893124230681879,0.21010493318144877,53.79998091025577,44.16923635510202,4
2.75,0.2654434705634343,3661.974411379882,4425.938306403222,9.332035813962447,32.34562298275885,47.492498232809325,2800.3598416902373,64.61080996993095,122.89975335067913,0.21473416751221097,91.80843673879455,50.69528808362924,2705.89923707288,25.127144194717786,47.9581927644099,3325.604145452556,22.810725264590694,66.61871315472304,5.7041334860268575,278.5847469449765,102.44884526660691,92.1792524876516,31.77127970500422,15.033704642894802,19.11845232291987,5.982641662611547,16.234057580788683,4.0260806541584095,32.562245145005924,21.77246890227697,13.249793363571687,0.9320044517381934,16.02735415942079,5.3508633811191055,6.653324048225204,3.2115891440673723,-0.006802264445042821,0.5770021625811398,0.20959929706422956,54.43374157784876,43.595130620657024,4
2.8000000000000003,0.2684489027751411,3646.950273875769,4463.659479708113,9.204047836290725,32.17103589005088,47.49874937820959,2800.0456255886725,65.95498663836604,122.89405456881639,0.21401339950174442,91.75494122480296,49.227582813952836,2705.3132750642744,25.18745262438468,50.7310788581447,3325.320778361359,22.889594296064562,66.64624719298524,7.397815574736105,278.9020306466532,102.45284925098746,92.01833356554886,31.77127970500422,15.033704642894802,19.11845232291987,5.982641662611547,16.234057580788683,4.0260806541584095,32.562245145005924,21.77246890227697,13.249793363571687,0.9320044517381934,16.02735415942079,5.3508633811191055,6.653324048225204,3.2115891440673723,-0.006802264445042821,0.5770021625811398,0.20959929706422956,54.43374157784876,43.595130620657024,4
2.85,0.2719286379160611,3652.5239736683793,4473.658220046414,9.224593404930038,32.48551666271545,47.68281651732061,2799.2634048316454,65.40423271487946,122.89195435969044,0.21341022153148417,91.73183814781976,49.60486159798461,2705.4665348496164,25.0228715030934,50.94830441412168,3325.0669941067417,22.88906681338235,66.63363245416602,6.923851409211039,279.45216711362747,102.45784927682884,92.20666484284212,32.031901589338794,14.816233925035458,18.68637824720385,6.015289002030329,16.634222480968194,4.005544279869214,32.58045285480265,21.89990635671293,13.545549336462967,0.9212004078798245,16.091805042138883,5.4097688141182765,6.620352533832127,3.195893829801781,-0.006802264445042821,0.5770021625811398,0.20959929706422956,54.43374157784876,43.595130620657024,4
2.9,0.27324368633092133,3624.6630353231626,4425.8290760328155,9.237903631067418,31.91755660813648,47.39692808774026,2800.3659265711835,64.1936479253607,122.89479975915526,0.2148580176146929,91.8009563419211,49.3813113105868,2706.7073830937693,25.35017907043385,49.406776186302835,3325.765841546318,22.70089361343183,66.6226717192296,6.99398379232419,279.02163188183636,102.44817050702345,92.11079961194577,32.031901589338794,14.816233925035458,18.68637824720385,6.015289002030329,16.634222480968194,4.005544279869214,32.58045285480265,21.89990635671293,13.545549336462967,0.9212004078798245,16.091805042138883,5.4097688141182765,6.620352533832127,3.195893829801781,-0.006802264445042821,0.5770021625811398,0.20959929706422956,54.43374157784876,43.595130620657024,4
2.95,0.27227686426439834,3645.501579876404,4498.358964825258,9.160866194948236,32.34315127699155,47.427699910632576,2800.8031294235425,65.48211604418853,122.8943607017962,0.21486074587461493,91.82061705626863,49.650189611575556,2706.360724245619,25.362507526332898,50.42955150650622,3327.2149957617353,22.978210206620428,66.62300323058915,5.917785679099529,279.33749053115247,102.45608889172367,92.24121115496517,32.00282639964965,14.935201136973596,18.893340482827025,5.9111361345055675,16.734393208921002,4.025986152563206,32.74799951480999,21.831219099028083,13.268127892917848,1.0443635137406213,15.870142440017485,5.362403374210601,6.6552165347863514,3.2341506300528264,-0.006802264445042821,0.5770021625811398,0.20959929706422956,54.43374157784876,43.595130620657024,4
3.0,0.27376519472831745,3663.2920195926354,4451.739893662026,9.263087019212058,31.973151082005117,47.060051724709545,2800.869277259179,65.32028358797015,122.897616190702,0.2145489921255844,91.86592135497769,51.17220780859428,2706.8020937197216,25.28870170995581,49.754336138918504,3327.951193283583,22.97627276573911,66.66796792860572,4.151770859673833,279.0431155928436,102.4393297314785,92.08671665119178,32.00282639964965,14.935201136973596,18.893340482827025,5.9111361345055675,16.734393208921002,4.025986152563206,32.74799951480999,21.831219099028083,13.268127892917848,1.0443635137406213,15.870142440017485,5.362403374210601,6.6552165347863514,3.2341506300528264,0.016022567978719416,0.5901923337801148,0.19926546172197676,54.46454373793908,43.63114032934683,4
3.0500000000000003,0.27074413736313324,3689.0236242492765,4465.22032287136,9.16323296001106,32.40920656064625,47.21353533833155,2800.1954192760454,65.58382719848447,122.88829957092054,0.22068640963735364,91.6653477707371,49.503194232189244,2705.5280066705345,25.047930056059837,50.42277548654604,3325.5533629002593,22.878923099959575,66.62151756684398,3.479092770932646,279.2991744167369,102.4803725202189,92.02188281029164,32.472325805471016,15.006755097112773,18.872932201068235,6.045378427338775,16.163659435035598,4.036897778324464,33.10134005963648,21.712684021123895,13.182429544503213,0.8204421902299279,15.935536570504524,5.377962251273538,6.616869985685564,3.237770838602757,0.016022567978719416,0.5901923337801148,0.19926546172197676,54.46454373793908,43.63114032934683,4
3.1,0.2709376889352503,3646.8401178853446,4453.006502416884,9.25171984781526,32.142398273106224,47.460700663842786,2801.346267198626,64.47138802220839,122.90151579239257,0.21765983851721052,91.8072087524873,49.10196024276401,2706.7655985208826,25.33317280853902,49.81678306824331,3326.9284553089533,22.8110807738866,66.61450016616959,4.669726870013664,279.2993730482667,102.4642107203952,92.16644984783315,32.472325805471016,15.006755097112773,18.872932201068235,6.045378427338775,16.163659435035598,4.036897778324464,33.10134005963648,21.712684021123895,13.182429544503213,0.8204421902299279,15.935536570504524,5.377962251273538,6.616869985685564,3.237770838602757,0.016022567978719416,0.5901923337801148,0.19926546172197676,54.46454373793908,43.63114032934683,4
3.15,0.2706847491874964,3639.729277421507,4450.063787426403,9.235098882829197,31.96753388830852,47.38591872573526,2800.6455218066467,64.82671602404442,122.89354171724526,0.21872979304773613,91.81994407656826,50.186168681371484,2706.4393139335098,25.101677635318968,48.24848596759927,3326.8875860099292,22.833337570353223,66.62668553896185,2.7421452031605833,278.81160970897224,102.47112990366423,92.14519759977436,32.37616407051694,14.872541184100575,18.950100452754768,6.087206405325271,16.590571461558472,4.07056054111721,32.94251450758487,21.637376370412365,13.51422981380172,0.7715506408672702,16.251732343051376,5.39994819063509,6.779861786212655,3.178484562576553,0.016022567978719416,0.5901923337801148,0.19926546172197676,54.46454373793908,43.63114032934683,4
3.2,0.2693426825168179,3641.3222910174304,4472.940325510264,9.228746892662995,31.901741682612155,47.06655484350225,2801.015868675433,64.75995977556609,122.90110845065998,0.22158669339331932,91.89362447448265,50.4556246596972,2707.3040986105857,25.335105968174204,50.94060346030875,3327.289779978136,22.878232309610425,66.62037701488077,6.038992006574756,279.3036154877846,102.46620480170073,92.30010930657303,32.37616407051694,14.872541184100575,18.950100452754768,6.087206405325271,16.590571461558472,4.07056054111721,32.94251450758487,21.637376370412365,13.51422981380172,0.7715506408672702,16.251732343051376,5.39994819063509,6.779861786212655,3.178484562576553,0.016022567978719416,0.5901923337801148,0.19926546172197676,54.46454373793908,43.63114032934683,4
3.25,0.27004945517751305,3653.8070959223996,4487.101742033393,9.321096956227764,31.90210217156212,47.670293455205034,2800.2602621675833,64.75052356740741,122.9124537426106,0.22240344750918498,91.76692052403281,48.2641112476571,2705.564499837265,25.15945706108223,50.505416911399024,3326.420318482613,22.846121169717996,66.67780519141226,4.789101106267839,279.00163118249577,102.48193639605711,91.90153047861146,32.15887511335698,15.115820204184903,18.461455656264143,6.115324246072637,16.56637880318058,4.011478045692684,32.89577318873544,21.69146805315814,13.476169713565692,0.8989929472784509,16.29430395165867,5.368493171769684,6.618612027348136,3.2906256821049773,0.005021812865120525,0.5889311345352516,0.19373260708306214,54.16805650073091,44.21104356832772,4
3.3000000000000003,0.26688040281762426,3640.449758592307,4447.357051168575,9.203034859737905,32.26411507630414,47.32321966283586,2800.1136880064173,64.35092513753133,122.91132041070898,0.22404346159639746,91.74032300977663,49.1126112642621,2705.333478493297,25.258490134076784,49.73237149819837,3325.479864817752,22.83423205693758,66.64632036530905,4.4050057621143965,279.18787787236295,102.47932977892192,92.26072726795746,32.15887511335698,15.115820204184903,18.461455656264143,6.115324246072637,16.56637880318058,4.011478045692684,32.89577318873544,21.69146805315814,13.476169713565692,0.8989929472784509,16.29430395165867,5.368493171769684,6.618612027348136,3.2906256821049773,0.005021812865120525,0.5889311345352516,0.19373260708306214,54.16805650073091,44.21104356832772,4
3.35,0.2672453339601484,3613.6858667335687,4454.51514092171,9.253164877605155,32.05272428024694,47.555485645413626,2800.3703679570153,65.45112032181582,122.89394121803862,0.22480129009173347,91.81765405791407,49.47234903391078,2706.7177385704945,25.055101806541067,48.40373904466418,3326.6283027585746,22.867299010808267,66.64744952740003,4.755425440621628,279.0254322794252,102.47020345470928,92.04627658267341,31.733899415003137,14.987998069047498,18.641533043405865,6.047859156385577,16.95184575316944,4.035991003160086,32.87498909508303,21.56614353181148,13.231822691087114,0.9775869688247593,15.963962759958903,5.382422327943601,6.696579073448584,3.1777300314974424,0.005021812865120525,0.5889311345352516,0.19373260708306214,54.16805650073091,44.21104356832772,4
3.4,0.26296958776544427,3643.794434042805,4482.4426514104725,9.284858383915351,32.52620174398517,47.26621013052841,2800.8809976422785,64.55065102113963,122.90588350093367,0.22332497515931407,91.87843236559674,50.11601413760582,2707.2235160758123,25.468379304593036,48.52660480233989,3327.1086410436224,22.77110514338069,66.64973269503682,4.037757086294491,279.11320957458736,102.43800927328569,92.25372469084036,31.733899415003137,14.987998069047498,18.641533043405865,6.047859156385577,16.95184575316944,4.035991003160086,32.87498909508303,21.56614353181148,13.231822691087114,0.9775869688247593,15.963962759958903,5.382422327943601,6.696579073448584,3.1777300314974424,0.005021812865120525,0.5889311345352516,0.19373260708306214,54.16805650073091,44.21104356832772,4
3.45,0.26568003471055907,3651.166075458472,4455.074206175597,9.258906300319882,32.3301530264361,47.27499368791316,2800.527512431453,65.60679680425591,122.90434791774851,0.2276993704093761,91.7862618930001,48.22578365242296,2706.083034092624,25.141892450560626,49.823732439329525,3326.761919227098,23.354681938645086,66.64618569064079,3.860353657350445,279.16266006738044,102.45948129628243,92.06433911151198,32.63253747424186,14.663135018528905,19.005439860606394,6.209935148428434,16.205078381513186,4.037164873526181,32.667139249707525,21.77729424269717,13.648671492696277,0.917335000348217,16.096670543392126,5.380614482570347,6.700924852142648,3.250323909344028,0.005021812865120525,0.5889311345352516,0.19373260708306214,54.16805650073091,44.21104356832772,4
3.5,0.2685506313928442,3639.1644107197903,4459.09463235043,9.30672929141082,32.176141924813564,47.712845511826636,2799.815075827159,64.17526830826958,122.87792991933468,0.22946762450684224,91.71655229903449,50.47790424092846,2706.059915069389,25.150697208769316,48.80256867132446,3325.7677198576334,22.734843619439616,66.61617427965508,3.6593884189650714,278.5932815647274,102.46340993393589,92.03436508964704,32.63253747424186,14.663135018528905,19.005439860606394,6.209935148428434,16.205078381513186,4.037164873526181,32.667139249707525,21.77729424269717,13.648671492696277,0.917335000348217,16.096670543392126,5.380614482570347,6.700924852142648,3.250323909344028,0.007255032711780867,0.571769249934731,0.18654188946371178,54.45445141310386,43.94381845335201,4
3.5500000000000003,0.26725926491515817,3679.5196402415795,4422.5218239509895,9.195777240270637,32.18900025753092,47.486609975493664,2799.984682078211,65.31490376260956,122.87796838214157,0.23256392132122844,91.71977061598179,50.99237571400658,2704.999808961743,25.27360262557736,49.53666717865309,3325.77093146694,22.787493645171413,66.62021622582982,4.020382853195638,279.31137737527564,102.45172389895099,91.91024903435861,31.793828504797567,14.758900457592272,18.95360212237189,6.013958366755837,17.027778058915843,4.028652300740895,32.69020368921629,21.740727215900762,13.373540046344145,0.9865768639591749,16.08696994401395,5.349808720623322,6.689533577876639,3.2597066917725797,0.007255032711780867,0.571769249934731,0.18654188946371178,54.45445141310386,43.94381845335201,4
3.6,0.26730800235814045,3622.8589286492406,4460.402559340302,9.325050471336654,32.09281297140772,47.437012747535825,2799.6153311635685,64.61065029309847,122.88327873380717,0.22870075055860106,91.7550565597986,49.133962203515736,2705.1100879210417,25.497185264078386,48.73129693926147,3325.1418164846,22.909040101465056,66.61325389956019,4.272104376822675,279.21293790089845,102.45580494347386,92.0758542624929,31.793828504797567,14.758900457592272,18.95360212237189,6.013958366755837,17.027778058915843,4.028652300740895,32.69020368921629,21.740727215900762,13.373540046344145,0.9865768639591749,16.08696994401395,5.349808720623322,6.689533577876639,3.2597066917725797,0.007255032711780867,0.571769249934731,0.18654188946371178,54.45445141310386,43.94381845335201,4
3.65,0.26919278276992065,3672.402922694038,4484.3535825704885,9.212178584489068,32.493282146517785,47.18981415989693,2800.0081497193264,65.14863419847056,122.91100691718242,0.22828837099030014,91.79762228217264,50.482214263812494,2705.885214821559,25.0352107108283,49.627077197011204,3325.1960896141777,22.996637852866556,66.61087053770221,4.231530113682598,279.01291656852266,102.48434141871583,92.20434749809317,32.241315478526,14.98910172122048,18.4373110329328,6.0474842256917025,16.423042806428697,4.016739388693417,32.50284769520817,21.843851708025,13.333312673673129,0.8999576430628892,15.978036768576274,5.3894068410620815,6.709375372908997,3.2255928026300675,0.007255032711780867,0.571769249934731,0.18654188946371178,54.45445141310386,43.94381845335201,4
3.7,0.2700159523546345,3645.949533960283,4436.487484038958,9.22242622139184,32.10933135013352,48.08008457136414,2800.0760984123663,65.17331997415548,122.91408474213274,0.2268485124877843,91.89426657980673,50.07117319121197,2705.746533464409,25.337986079912838,50.92515547937783,3326.075297813548,23.044030802724002,66.64237521034222,3.8898618868116985,278.98441298243864,102.46757524898347,92.4236492037312,32.241315478526,14.98910172122048,18.4373110329328,6.0474842256917025,16.423042806428697,4.016739388693417,32.50284769520817,21.843851708025,13.333312673673129,0.8999576430628892,15.978036768576274,5.3894068410620815,6.709375372908997,3.2255928026300675,0.007255032711780867,0.571769249934731,0.18654188946371178,54.45445141310386,43.94381845335201,4
3.75,0.2694007884356898,3657.1935264973604,4471.791456527255,9.256269758124693,32.370806351215144,46.87455775734502,2800.285399792396,65.57650403565208,122.89916701240587,0.22673329091311975,91.87077967444125,49.633355746265295,2706.438754041472,25.394541350286673,49.52097527525286,3326.197067623923,22.938059740439254,66.64286570661787,4.978876268261517,278.82376953032457,102.4591816499311,92.08969265604732,32.10108380469973,14.846176553990608,19.055458943900113,6.014782643319025,17.619786766521436,4.047224783976219,32.69393448282316,21.72806361815647,13.233121440394836,0.8165595488538557,16.13815369009088,5.452180049754177,6.665708103666815,3.2553573616247897,0.014193271813464827,0.5633384968340914,0.1959439873688203,54.09691896420307,43.64783653832314,4
3.8000000000000003,0.26453545414437707,3643.964360839837,4446.627291597,9.137857171808513,32.2037562983298,47.56673208438166,2799.6044004501055,64.30280451396732,122.91147108368881,0.22387659056330803,91.71130325991946,51.62671605939047,2704.7576319477566,25.215811027056755,52.36511256892792,3325.3259884687227,22.952179401757064,66.66480998217254,4.301298267003934,279.1582870730778,102.4661257252265,92.08947915695933,32.10108380469973,14.846176553990608,19.055458943900113,6.014782643319025,17.619786766521436,4.047224783976219,32.69393448282316,21.72806361815647,13.233121440394836,0.8165595488538557,16.13815369009088,5.452180049754177,6.665708103666815,3.2553573616247897,0.014193271813464827,0.5633384968340914,0.1959439873688203,54.09691896420307,43.64783653832314,4
3.85,0.26655258946499616,3656.472942518541,4446.088044179287,9.243379902515603,32.3058138847949,47.47865242712797,2800.731655074687,65.21164285606163,122.89942740227595,0.22575109392915307,91.8683843963633,50.462750873832576,2706.34789314371,25.181407312277244,48.93481772436705,3326.772429566764,22.985188248998725,66.63762725788503,6.00367947561986,278.9109310967221,102.4527715516146,92.27418544386532,32.25823406373099,14.929079909609293,19.026387675939844,5.945772095996101,16.67894668408832,4.028452421864162,32.97613961140498,21.5115003765737,13.681771804099098,1.0088587780185487,15.966431904819249,5.354079718860135,6.632172164560871,3.279613307136045,0.014193271813464827,0.5633384968340914,0.1959439873688203,54.09691896420307,43.64783653832314,4
3.9,0.2692861655849183,3654.240120677894,4439.127865439981,9.244509864118028,32.06769613699431,47.15011268720298,2800.0914233502863,65.61756506727629,122.89183518682388,0.22765492788314942,91.84272729159257,47.52006762810621,2706.106101064422,25.189194979529734,49.565627109965725,3325.6056551183465,22.94757682179721,66.64955604117037,3.602107656426983,279.1173291776761,102.43881641972024,92.12678329659991,32.25823406373099,14.929079909609293,19.026387675939844,5.945772095996101,16.67894668408832,4.028452421864162,32.97613961140498,21.5115003765737,13.681771804099098,1.0088587780185487,15.966431904819249,5.354079718860135,6.632172164560871,3.279613307136045,0.014193271813464827,0.5633384968340914,0.1959439873688203,54.09691896420307,43.64783653832314,4
3.95,0.27118836284578757,3661.8566999670375,4435.448753831344,9.297989012621938,31.93350007656798,47.45750309295373,2799.640278952492,66.57582654311302,122.90907767862294,0.2269848174116552,91.74957678208725,50.83758539005435,2704.9063698167256,25.097850551928087,48.54524277930471,3324.944285763327,22.98262062906054,66.66326099400041,6.008984279558208,278.6916083433375,102.47738273512945,92.08955956303133,32.19219674910832,14.843350458217087,18.93706915270909,6.016903960798465,16.713491339064255,4.085762965405277,33.136144407233814,21.38710583239672,13.290332420669682,0.8499294194862123,16.17448235899568,5.375827900258321,6.578842021125263,3.1813449037223136,0.014193271813464827,0.5633384968340914,0.1959439873688203,54.09691896420307,43.64783653832314,4
4.0,0.2718973244822913,3670.422710817558,4480.713872610457,9.096280412057475,32.555938232462736,47.28595027337525,2798.487783746596,64.54576278167649,122.90360236300532,0.22444176638702842,91.70443808398139,49.89286102300545,2703.8064227395325,25.261225429361485,49.546773931418954,3324.0256890858805,22.906215691651916,66.62964927525287,4.890418189818602,279.05983375396215,102.48501050389079,92.13611085473818,32.19219674910832,14.843350458217087,18.93706915270909,6.016903960798465,16.713491339064255,4.085762965405277,33.136144407233814,21.38710583239672,13.290332420669682,0.8499294194862123,16.17448235899568,5.375827900258321,6.578842021125263,3.1813449037223136,0.0017436712947214023,0.5667339402057918,0.1921698666383474,53.74478853223529,43.022774782072,4
4.05,0.27019469827385767,3674.174115822972,4470.8914077302525,9.185754304232427,31.91666385088658,47.78353642811496,2799.67889893115,65.02806311828064,122.89952723597467,0.22145836673257716,91.8868996016831,49.3549690170221,2705.2196883180127,25.15337348821043,49.73195877276544,3325.705864491963,22.738441427705094,66.63651253772461,7.382583471685637,279.2513643005012,102.44899455189291,92.15552535569623,31.668661128833733,14.920210104742324,18.419807625830334,5.995899558264307,16.743740973425744,4.028296324328373,32.91321704766089,21.53296529622508,13.427434013110181,0.8867335486594605,15.786603764961072,5.364463945595843,6.6444994532604795,3.270905348873987,0.0017436712947214023,0.5667339402057918,0.1921698666383474,53.74478853223529,43.022774782072,4
4.1,0.2713526452147036,3635.8049703449724,4433.199048907743,9.215105667400405,32.0303705008988,47.09069363722766,2799.1494770891986,65.91537258733341,122.90246387102826,0.22145937626196704,91.8223361998623,50.47544473352733,2704.9023399222147,25.148344213441028,49.848675101094386,3324.81522749975,22.909140291224364,66.65664062854175,3.7714513705810315,279.19002207631365,102.46803748185434,92.04813372635425,31.668661128833733,14.920210104742324,18.419807625830334,5.995899558264307,16.743740973425744,4.028296324328373,32.91321704766089,21.53296529622508,13.427434013110181,0.8867335486594605,15.786603764961072,5.364463945595843,6.6444994532604795,3.270905348873987,0.0017436712947214023,0.5667339402057918,0.1921698666383474,53.74478853223529,43.022774782072,4
4.15,0.271596439195486,3674.0539205970417,4440.40911164178,9.205946064245254,32.45757137388259,47.30127384326588,2798.663866352641,65.49215207257406,122.88216656303396,0.21913768780165485,91.70099104948517,49.92165261832454,2703.9409347829614,25.073455459092447,48.392739750443994,3323.721036994801,22.82943257076545,66.61348760399463,6.4492595980024925,279.34117322671244,102.47326496655039,92.29487628083602,32.1578424464975,14.91367261070827,19.231811958842883,6.1976293685404915,16.499945461253773,4.04811260557728,32.382674530429746,21.620701515973487,13.622503106810639,0.9759982423766888,15.654256146928436,5.418749573217137,6.72369088926695,3.3042914111809663,0.0017436712947214023,0.5667339402057918,0.1921698666383474,53.74478853223529,43.022774782072,4
4.2,0.2695092518307477,3648.9870966813955,4434.517704610804,9.287831103599192,31.904485152462307,47.41343302693998,2800.6604953723845,65.34889319638529,122.90463838448999,0.21511650425654327,91.84685062676932,50.69358261130705,2705.5685791611468,25.136549324301065,49.703045954643294,3325.879816925776,22.8419091166062,66.61807786385444,3.1736358896470467,278.8450425540368,102.43414483948395,92.07550084648199,32.1578424464975,14.91367261070827,19.231811958842883,6.1976293685404915,16.499945461253773,4.04811260557728,32.382674530429746,21.620701515973487,13.622503106810639,0.9759982423766888,15.654256146928436,5.418749573217137,6.72369088926695,3.3042914111809663,0.0017436712947214023,0.5667339402057918,0.1921698666383474,53.74478853223529,43.022774782072,4
4.25,0.2741002025403982,3631.7711153183254,4451.140382559563,9.229992749056956,32.13140389434563,47.211204709201155,2799.1925401922585,65.77511324231993,122.90288790752436,0.22008107716231778,91.75945220891616,50.60061822097322,2704.609206864305,25.095403012102153,48.663694565015795,3324.8296043386263,22.813992092175297,66.62084947209914,2.466595186437678,279.19715022560507,102.43749927875237,92.12743340435667,32.209974560026474,14.844671441027666,19.190324744432203,5.929288240990522,16.77097349915069,4.029719810873822,32.81463139780656,21.829767438151535,13.058589237704902,0.8564153664388805,16.420630861699593,5.372406970330482,6.609565191450563,3.261989037593016,-0.01713240578625011,0.5693743186582109,0.19114517152231214,53.946158532897456,42.900160302263494,4
4.3,0.2727612992960237,3611.6586210235905,4437.228310813243,9.20057985785595,32.085362088083485,47.38199915409002,2799.31743080507,65.2370543169824,122.90860501845117,0.21552650687227567,91.81876489069921,49.838447607879544,2704.9099660905717,25.087605089837933,49.4423735397367,3324.862741808795,23.158257944974558,66.62775074012244,5.8607762677173785,279.5059584685687,102.44309149173108,92.10419312422658,32.209974560026474,14.844671441027666,19.190324744432203,5.929288240990522,16.77097349915069,4.029719810873822,32.81463139780656,21.829767438151535,13.058589237704902,0.8564153664388805,16.420630861699593,5.372406970330482,6.609565191450563,3.261989037593016,-0.01713240578625011,0.5693743186582109,0.19114517152231214,53.946158532897456,42.900160302263494,4
4.3500000000000005,0.2741852750307228,3653.248761237648,4478.669854846067,9.191616922392823,32.15830704511261,47.58432152041458,2799.1787535365042,64.83087433797662,122.90427447298418,0.21106797464998953,91.80557872965178,50.445708480077734,2705.0413984869265,24.952588911746513,49.9039956375576,3324.3292388220575,22.906886681604256,66.6367448802572,2.4137304809343596,279.03958489045095,102.4485947235377,92.1902919020528,32.21253001896474,14.65784101490268,18.488890647088816,5.833796590938687,16.472582073600897,4.062941731012368,32.771129626522,21.68721474441231,13.348628159153293,1.0062298212624685,15.95398365133914,5.3688324146983595,6.629356751323045,3.258697574124104,-0.01713240578625011,0.5693743186582109,0.19114517152231214,53.946158532897456,42.900160302263494,4
4.4,0.2777239903769392,3614.9389013356963,4401.861098859899,9.215990816285503,32.22905730585234,47.22634188193963,2799.3943903900827,64.468912616108,122.91055546207156,0.20942250369050894,91.82468928730336,51.858215040449956,2704.402950610113,25.114453494412896,48.300547394884426,3325.0501392795527,22.862501079912654,66.65715419253524,5.205105448889507,278.7240538691518,102.44946653328314,91.97829236101101,32.21253001896474,14.65784101490268,18.488890647088816,5.833796590938687,16.472582073600897,4.062941731012368,32.771129626522,21.68721474441231,13.348628159153293,1.0062298212624685,15.95398365133914,5.3688324146983595,6.629356751323045,3.258697574124104,-0.01713240578625011,0.5693743186582109,0.19114517152231214,53.946158532897456,42.900160302263494,4
4.45,0.27508523936223883,3664.4203216890664,4498.46403581795,9.253598760619468,32.37493584853287,47.544710158390735,2798.9147865967984,63.90004097145102,122.9035826703964,0.21040866630041644,91.76874728926771,51.43316420025448,2704.465401032502,25.18572142567465,50.991862157774136,3324.4501462418216,22.935706669887274,66.64296783351399,5.64842198537952,278.72757074909975,102.4640390150052,92.062955595254,32.2717549808972,14.771297082804136,18.65703548078843,6.034413395835213,16.877008437785914,4.038473193007455,33.11317334716626,21.635205973120478,13.399973349638897,0.7894011957044716,15.841187617260296,5.376663301338514,6.570691726192632,3.3352664095676983,-0.01713240578625011,0.5693743186582109,0.19114517152231214,53.946158532897456,42.900160302263494,4
4.5,0.26980326910025154,3655.0667434806305,4502.840312758231,9.191271974885748,32.13303008335193,46.75100124131563,2799.5033130786846,65.33559016559542,122.90078841966408,0.21155187293423808,91.74334110737385,48.883091617957014,2704.736767000851,25.242809419903956,50.794195490352095,3324.260274216202,22.88999657041943,66.63536416040878,3.592840991709923,279.4285691373817,102.45399562016016,92.04219167812862,32.2717549808972,14.771297082804136,18.65703548078843,6.034413395835213,16.877008437785914,4.038473193007455,33.11317334716626,21.635205973120478,13.399973349638897,0.7894011957044716,15.841187617260296,5.376663301338514,6.570691726192632,3.3352664095676983,-0.011067444957985536,0.5604829936552622,0.18587708314717719,53.21972538693427,44.32874809376678,4
4.55,0.2696909434481338,3634.006649226104,4436.057192048363,9.262508548533592,32.6393778802626,47.17808622765703,2799.2321997080035,64.57084830925211,122.91946896383666,0.20579795744414428,91.76119921236004,51.30576004873519,2704.9321284212383,25.048566350176074,50.15699188132985,3325.157516384727,22.57646066855735,66.61684802489594,4.090597502902611,279.21194083827675,102.4615682997582,92.14021477139397,32.53561943525038,14.750857272787618,18.87206106056303,5.812719776407269,16.31474852278828,4.020521492722314,32.4230155137489,21.742705671921136,13.684682943485116,0.9033235003043512,16.04300857743248,5.370751037055834,6.642764660546505,3.2567883664451363,-0.011067444957985536,0.5604829936552622,0.18587708314717719,53.21972538693427,44.32874809376678,4
4.6000000000000005,0.2663474876574371,3667.172514708438,4400.756553165157,9.15559212830377,32.57759143341472,47.349832158968205,2800.054959381139,64.35468597100687,122.8953881862981,0.20591682135247916,91.78271452549436,50.541739773067484,2705.462809072548,25.204357968664407,48.164469220265296,3324.9214330169443,22.892479370477414,66.62643562323552,4.493762122123642,279.5753869561053,102.44364180208713,92.12575402619251,32.53561943525038,14.750857272787618,18.87206106056303,5.812719776407269,16.31474852278828,4.020521492722314,32.4230155137489,21.742705671921136,13.684682943485116,0.9033235003043512,16.04300857743248,5.370751037055834,6.642764660546505,3.2567883664451363,-0.011067444957985536,0.5604829936552622,0.18587708314717719,53.21972538693427,44.32874809376678,4
4.65,0.26646199079786603,3645.8737956661107,4430.850612376751,9.286439929127118,32.30638418318831,47.28683257833487,2799.724952161673,64.26524669534686,122.90220142096256,0.20713716342504226,91.78982118303516,50.37504049510002,2704.87206140882,25.118677491842348,51.451589109708024,3325.450501528013,23.005753098944478,66.64135716514075,5.9674176387958155,279.0909110829617,102.44488590936842,92.08333639001118,32.120755518335955,14.893242110790634,19.07975720384495,5.995829216353668,16.683957661151034,4.010587256794006,32.61695091326212,21.644412284820298,13.00762328469359,0.8469352632898126,15.705216123341025,5.348537138226409,6.608607296840857,3.283262000984567,-0.011067444957985536,0.5604829936552622,0.18587708314717719,53.21972538693427,44.32874809376678,4
4.7,0.2685924389199619,3658.1099890350797,4438.532204656365,9.220132639772894,32.157759068889646,47.593570608623125,2799.430649823524,65.00512384279828,122.89647180464965,0.20869873984420056,91.78148553985274,51.13095692179804,2705.5900727001062,25.179472596024826,51.53502079770806,3324.8224079887154,22.92714785596481,66.65374630655657,5.984380360628366,279.38624501321436,102.44326223676524,92.25553746892798,32.120755518335955,14.893242110790634,19.07975720384495,5.995829216353668,16.683957661151034,4.010587256794006,32.61695091326212,21.644412284820298,13.00762328469359,0.8469352632898126,15.705216123341025,5.348537138226409,6.608607296840857,3.283262000984567,-0.011067444957985536,0.5604829936552622,0.18587708314717719,53.21972538693427,44.32874809376678,4
4.75,0.2677649514860547,3658.6526451586456,4404.764473019617,9.172160370473758,32.51291562929583,47.355751562178845,2798.9131014421887,64.57218686287361,122.88689945826225,0.20756370628860976,91.741074323434,48.47318146845267,2704.4088863086076,25.207827239956003,50.93863887809832,3324.6148501018884,22.83528950343745,66.66098192779555,6.0872856379560005,278.9901610549538,102.42224812312547,91.85341235130042,32.43923431281491,14.747082671417973,18.729654311156313,5.899489063908444,16.602172571593897,4.01696604117385,32.27047669678456,21.585014488593085,13.463017985504168,0.9888418131219572,16.036051689279624,5.383561216448663,6.651789254760923,3.396256887341272,-0.0010979683366008734,0.5613131850286949,0.20091165021764812,52.38965182140322,44.303457438315206,4
4.8,0.27322612744392677,3659.7959872554875,4416.012570048214,9.288646589347936,32.42934016881303,47.687942560128924,2797.5168564693486,65.33181410485507,122.91551779205156,0.20003656940798542,91.67001749100204,49.66319555310716,2703.9377301240343,25.09954046764504,49.55878617675573,3323.215706654087,22.89671825931023,66.60461752157116,2.5505449396266577,279.38575848530894,102.44339317349596,92.25857298138631,32.43923431281491,14.747082671417973,18.729654311156313,5.899489063908444,16.602172571593897,4.01696604117385,32.27047669678456,21.585014488593085,13.463017985504168,0.9888418131219572,16.036051689279624,5.383561216448663,6.651789254760923,3.396256887341272,-0.0010979683366008734,0.5613131850286949,0.20091165021764812,52.38965182140322,44.303457438315206,4
4.8500000000000005,0.26824749277087595,3663.0283239241344,4454.792800202824,9.28222798711093,32.03640414441344,47.29974951451335,2799.5133202237894,64.54594659175791,122.92842853596294,0.20012526767625605,91.87576273532366,49.84180363763882,2705.180656373383,25.26642593183432,50.102743894492185,3325.0570028418597,22.764548609007246,66.65083810164715,4.886459121468369,279.44270292291077,102.41121514267977,92.09241250679838,32.185482217707154,14.941573637401136,19.082208393603228,6.2186083766015825,16.720872067497385,3.9935106885598866,32.667125668034316,21.644851959980787,12.771216249648852,0.7852770307527623,15.86413391488244,5.326233458210557,6.6535599531063045,3.121341296796698,-0.0010979683366008734,0.5613131850286949,0.20091165021764812,52.38965182140322,44.303457438315206,4
4.9,0.2679604398415928,3655.6161091272334,4423.684275865959,9.135735412899054,32.17954183043813,47.60160550091066,2798.842427039159,64.5734338522404,122.89398126371978,0.19831197712545623,91.7795390612747,49.77531312065458,2704.158248933736,25.04871089290699,50.610376779549995,3323.8717085741196,22.72732544489683,66.66498157092937,5.8991686466778965,279.4682352190835,102.39201132972471,92.09844667446235,32.185482217707154,14.941573637401136,19.082208393603228,6.2186083766015825,16.720872067497385,3.9935106885598866,32.667125668034316,21.644851959980787,12.771216249648852,0.7852770307527623,15.86413391488244,5.326233458210557,6.6535599531063045,3.121341296796698,-0.0010979683366008734,0.5613131850286949,0.20091165021764812,52.38965182140322,44.303457438315206,4
4.95,0.2708369320202438,3633.012761394452,4435.466550559953,9.15110183285253,32.57454722387668,47.383242428478816,2798.7352470995406,65.0948705122084,122.89307600771012,0.19570413500979347,91.8420552195842,49.58666398272062,2705.0985663237716,25.14039427934908,50.719438581021535,3324.863265574141,23.061906883009215,66.66873862720787,3.929770208483178,279.3615228553167,102.41399926359854,92.16349495141068,32.62362272562908,14.816813974872007,18.999024999838813,6.020264119175716,16.41572357498309,4.051085062165563,32.80915599924101,21.694135676735584,13.217384126033199,0.830916947522007,15.883723736334638,5.356263947948414,6.653295215949849,3.250842877448029,-0.0010979683366008734,0.5613131850286949,0.20091165021764812,52.38965182140322,44.303457438315206,4
5.0,0.27096589437767155,3683.9360396584634,4420.116604102669,9.205879615963902,32.370915554622805,47.6833447316212,2796.9332807602436,65.48271262277017,122.90749715835834,0.19249076679150068,91.6568588568606,50.37401320284157,2702.2602169808465,25.240974791779756,51.13584621157262,3321.318947289478,22.772607889202252,66.63977786507293,3.8925151064091588,279.3157713408909,102.46365072148194,92.1319181822692,32.62362272562908,14.816813974872007,18.999024999838813,6.020264119175716,16.41572357498309,4.051085062165563,32.80915599924101,21.694135676735584,13.217384126033199,0.830916947522007,15.883723736334638,5.356263947948414,6.653295215949849,3.250842877448029,0.017126068073292318,0.5709336471628822,0.16942736102111056,54.034934637017216,44.774178019887266,4
5.05,0.27164824802676546,3668.44118257843,4445.314338368052,9.299381164189825,32.15839808893957,47.67571236039435,2798.441128170066,65.19581120169039,122.92895159156811,0.1874479616626814,91.80592501503847,51.36103095797395,2703.7899165592544,25.108250204090115,47.91592246707722,3323.70054869614,22.72712226665311,66.6447719597806,3.551700039049301,279.059885284675,102.41286460258051,92.0072305484017,32.37858776508352,14.864140206614568,18.607649433435718,5.972274360636133,16.442984756735143,4.007501650349023,32.817883521585294,21.653698665856368,12.655841568342614,0.9302182824030013,16.346351548306167,5.354769141042682,6.69013227516977,3.268537860186853,0.017126068073292318,0.5709336471628822,0.16942736102111056,54.034934637017216,44.774178019887266,4
5.1000000000000005,0.26915632521981686,3674.699564111452,4451.331992041738,9.209492705169408,32.388632308837146,47.60739347216027,2797.479773799875,64.23004262013887,122.90102878687959,0.18540760279732266,91.71295287527276,50.59151167049742,2703.2843963226824,25.078812615858308,48.35593746899287,3323.0986091845375,22.94433173117352,66.63007235856544,2.6924533974006026,279.49517133457164,102.44523806167591,92.07376798214608,32.37858776508352,14.864140206614568,18.607649433435718,5.972274360636133,16.442984756735143,4.007501650349023,32.817883521585294,21.653698665856368,12.655841568342614,0.9302182824030013,16.346351548306167,5.354769141042682,6.69013227516977,3.268537860186853,0.017126068073292318,0.5709336471628822,0.16942736102111056,54.034934637017216,44.774178019887266,4
5.15,0.2675901008964097,3633.6019989665365,4451.293646549692,9.28027013105635,32.2065802607443,47.22189876194184,2799.07820434016,64.20160477284178,122.9172603705666,0.18350095210728365,91.82362710658255,49.19549540885323,2705.134601666159,25.372464787370642,51.1754691308643,3324.412333544719,22.86789278747092,66.66032101846325,4.634442435528163,278.9880752354021,102.42830273458146,92.18777464844759,32.26150192911375,14.854384976582338,18.930435742908458,6.023851352197621,16.70337207573469,4.040998803328136,32.75143121123439,21.667704750339276,13.532234344734979,0.904944534537005,16.229476818575105,5.334725317754687,6.585125804487112,3.2331317984733903,0.017126068073292318,0.5709336471628822,0.16942736102111056,54.034934637017216,44.774178019887266,4
5.2,0.2675647272139105,3651.8728270058664,4448.4949134804965,9.277622599201116,32.38106784335723,47.6815562219315,2798.547651056281,64.48289193255634,122.90965584409618,0.18360756872053818,91.7483198139087,49.55754451898826,2704.788250536367,25.085914318592504,49.56284760982182,3324.9821990663927,22.846846242540586,66.6328854439599,6.257279111264147,279.1184416450293,102.4354070874598,92.01718325395282,32.26150192911375,14.854384976582338,18.930435742908458,6.023851352197621,16.70337207573469,4.040998803328136,32.75143121123439,21.667704750339276,13.532234344734979,0.904944534537005,16.229476818575105,5.334725317754687,6.585125804487112,3.2331317984733903,0.017126068073292318,0.5709336471628822,0.16942736102111056,54.034934637017216,44.774178019887266,4
5.25,0.26843629787853307,3656.8084919413327,4434.335089656719,9.227549343935262,31.958855385118895,47.55312348203853,2799.6665190768376,64.99211131016345,122.9155236872399,0.1837657154453873,91.81222351524085,50.93404214773842,2705.4818775085764,25.26954509154682,50.983833702034325,3326.1187145941344,22.77628871815513,66.64178754213758,4.452611163213566,279.20444055289374,102.41879676948156,92.18332115226639,32.147072839935696,14.820424792244623,18.768325599388326,5.934756140626615,16.49514792325526,4.055000732784682,32.8138134825573,21.709316431458298,13.433729443765992,0.996291559095821,15.447122068767001,5.412041347719822,6.636516808694457,3.1671140842679053,0.010624529842510822,0.5808349446590925,0.18622642015786853,53.63279951135375,43.02090628252143,4
5.3,0.27084103510313456,3644.05226515956,4386.896136225576,9.252508245389171,32.38426244302895,47.66296044235193,2800.732703806578,65.81386659232892,122.89147855168574,0.1845823909616895,91.77017753087871,50.103220512913644,2705.6315794576976,25.093911944180245,50.33622733286286,3325.6374778944387,23.209860312194067,66.64657697301033,3.7111894228758286,279.52505209022445,102.44066067542491,92.22557209973172,32.147072839935696,14.820424792244623,18.768325599388326,5.934756140626615,16.49514792325526,4.055000732784682,32.8138134825573,21.709316431458298,13.433729443765992,0.996291559095821,15.447122068767001,5.412041347719822,6.636516808694457,3.1671140842679053,0.010624529842510822,0.5808349446590925,0.18622642015786853,53.63279951135375,43.02090628252143,4
5.3500000000000005,0.2676120081200028,3659.796295893215,4480.237332434923,9.16279429301396,32.27594924935933,46.75995485958679,2800.607688153382,64.99094606602586,122.88599162453919,0.18659105809196544,91.78914185992625,51.156788495031456,2705.7418170628594,25.28273494695183,49.76174768056409,3326.4343580487775,22.945628496495786,66.62765056902609,3.667874650084943,279.2841255122295,102.42881323353576,91.9291352278446,32.44291365962522,15.059596542617543,19.017418290969804,6.02155128417962,16.82509988270087,4.102823881698019,32.659055097256825,21.6811842922587,13.410808936997254,0.805948848765232,15.668526316044364,5.392229719957296,6.557365556371307,3.225260604364613,0.010624529842510822,0.5808349446590925,0.18622642015786853,53.63279951135375,43.02090628252143,4
5.4,0.2692393338663528,3651.2473093341896,4469.783305073821,9.272815585806029,32.120445423847684,47.44334502460559,2800.960854290053,65.90553107191303,122.89327252067355,0.18755171590489317,91.72741790772011,49.404419947455445,2706.7906543048057,25.099884016665175,48.79467484514032,3326.2532156472175,22.713041380848235,66.61009243377984,5.292521983420222,279.38337764606547,102.43013009348722,92.14533089905463,32.44291365962522,15.059596542617543,19.017418290969804,6.02155128417962,16.82509988270087,4.102823881698019,32.659055097256825,21.6811842922587,13.410808936997254,0.805948848765232,15.668526316044364,5.392229719957296,6.557365556371307,3.225260604364613,0.010624529842510822,0.5808349446590925,0.18622642015786853,53.63279951135375,43.02090628252143,4
5.45,0.2690095459625343,3639.5100259830965,4424.172936320255,9.213085970554275,32.04036174532535,47.45797287979731,2801.199510958016,64.81304363829935,122.89308105332756,0.19212009893873586,91.75068094999159,48.976196409233516,2707.1636784030266,25.43451424965837,49.72830251581576,3327.7171925662547,23.00389901245357,66.63893477860259,3.7677573189060634,279.2043419603661,102.40298552573007,91.7918025619199,32.0374608769605,14.879953307082737,18.968313398770253,6.1549360124776085,16.497858092466135,4.000192973531816,32.647062535465295,21.818919036999038,13.215080419259788,0.7216482998183611,16.31314128641574,5.421637800934335,6.62988183503753,3.2981535671927382,0.010624529842510822,0.5808349446590925,0.18622642015786853,53.63279951135375,43.02090628252143,4
5.5,0.2696967211882752,3647.4251388186804,4454.5724115753555,9.247525135989992,32.15751188683054,47.3870571587512,2800.8386949801725,64.35890560201464,122.8871210518142,0.18691537976072023,91.70047731442313,49.19893006495462,2706.3375214963917,25.29808445698583,48.961885021642615,3326.734322980195,22.74836887806658,66.59691107418867,5.904281935489343,279.76428844987424,102.42959692443279,92.37160384457084,32.0374608769605,14.879953307082737,18.968313398770253,6.1549360124776085,16.497858092466135,4.000192973531816,32.647062535465295,21.818919036999038,13.215080419259788,0.7216482998183611,16.31314128641574,5.421637800934335,6.62988183503753,3.2981535671927382,0.007682064808928719,0.572565795933936,0.20382747138798382,53.76418258914701,44.14890640146259,4
5.55,0.2713365087531631,3676.9275214302615,4504.982988781455,9.270570676559124,32.576614953720586,47.545479835666505,2801.0896898100227,65.24364692787357,122.9173915918178,0.19517489991493317,91.73382389423976,50.25773468411467,2706.722604555244,25.13981227807559,50.137065473964796,3327.030048670974,22.924724012541883,66.60380332041109,5.0691429683426295,279.6097719464916,102.42720305344403,92.00698248116143,32.38477477168977,14.939458513553106,19.007525789459763,5.882104637960167,16.264740449406748,4.058812418633466,32.25976494673559,21.714231894048755,13.02093650683094,0.9016914655946432,16.14648518446137,5.3677353569386055,6.6331959639955285,3.2110056633402024,0.007682064808928719,0.572565795933936,0.20382747138798382,53.76418258914701,44.14890640146259,4
5.6000000000000005,0.27509930275996625,3652.191468376899,4453.056284565599,9.210357986173694,32.477261030664536,47.44174544656225,2800.7401607560296,64.76631262218082,122.91269363091936,0.19757419881308141,91.66753851488777,48.42338831077998,2706.602463826198,25.217313357681636,50.877371595511185,3326.8193628719205,22.928743411967094,66.60803437803776,5.762900613173886,279.43424786142396,102.42829823918366,91.92378042567489,32.38477477168977,14.939458513553106,19.007525789459763,5.882104637960167,16.264740449406748,4.058812418633466,32.25976494673559,21.714231894048755,13.02093650683094,0.9016914655946432,16.14648518446137,5.3677353569386055,6.6331959639955285,3.2110056633402024,0.007682064808928719,0.572565795933936,0.20382747138798382,53.76418258914701,44.14890640146259,4
5.65,0.27249667153570345,3646.3490555250405,4427.701439007236,9.13250683785273,32.202850284347996,47.40191155380239,2801.9038417895763,64.8044659799453,122.88731452359353,0.1973977204163118,91.78182075453473,50.944221809338174,2706.975789020742,25.46716404919531,49.94818688089802,3327.436592006319,22.938087493145073,66.59710874157717,4.454426037435118,279.9251434968727,102.45175860190034,92.25864855815233,32.445285304081516,15.004394568368943,18.672543328459096,5.937673268450157,16.758216623645797,4.073958006613209,32.70274555116416,21.594020618212518,13.1827966339204,0.9303752436258108,16.233504153344303,5.37617364698436,6.654146683106373,3.3084591866569935,0.007682064808928719,0.572565795933936,0.20382747138798382,53.76418258914701,44.14890640146259,4
5.7,0.27182743027954354,3644.9947996196615,4435.204849066647,9.160557242222511,32.199108539306046,47.474055520106475,2801.8040504030732,65.30493977660834,122.88623283852087,0.2028845556832628,91.82223316330213,50.305861433815316,2707.3973309095036,25.224416597272754,49.38497289812426,3327.773699548578,23.06374459090353,66.63084989867858,3.66444812386497,279.7836388443465,102.4328568263073,91.90407667868656,32.445285304081516,15.004394568368943,18.672543328459096,5.937673268450157,16.758216623645797,4.073958006613209,32.70274555116416,21.594020618212518,13.1827966339204,0.9303752436258108,16.233504153344303,5.37617364698436,6.654146683106373,3.3084591866569935,0.007682064808928719,0.572565795933936,0.20382747138798382,53.76418258914701,44.14890640146259,4
5.75,0.2702064492055274,3669.529972899848,4483.566156596206,9.313449312567705,32.15935482965275,47.12537780942074,2800.5035434845604,65.40462175865567,122.8812580427053,0.20492436776290818,91.6842614343346,51.894082817555564,2706.310575340904,25.128588163643457,50.24866184962299,3326.193440686953,22.948374977960388,66.60369966114784,4.253941134547433,279.5062735281937,102.4275973703359,92.11414353947822,32.71952016203057,14.873941759511933,18.875115337821764,6.067444485556288,16.303146168950143,4.062243583246713,32.386469645332156,21.71504853337549,13.040860513810044,0.87503793782958,15.744199704141678,5.359050677095511,6.577783199455027,3.20973623099295,0.0012649174471143724,0.5743480174907202,0.17919404528398686,53.33037444583189,43.10614010274065,4
5.8,0.2647130449860196,3675.509641138875,4402.915612932007,9.136344046828116,32.64780748128538,47.10055095981204,2800.8395986133896,66.00225048605382,122.88981731135607,0.20641005950725494,91.73086954103823,49.16536447789805,2706.7131591719294,25.276309789272727,47.18277281279072,3327.0767030501506,23.136320132228732,66.63076461345179,2.9124343896648925,279.38212017906824,102.4390857173257,92.12111135339342,32.71952016203057,14.873941759511933,18.875115337821764,6.067444485556288,16.303146168950143,4.062243583246713,32.386469645332156,21.71504853337549,13.040860513810044,0.87503793782958,15.744199704141678,5.359050677095511,6.577783199455027,3.20973623099295,0.0012649174471143724,0.5743480174907202,0.17919404528398686,53.33037444583189,43.10614010274065,4
5.8500000000000005,0.26581349975941526,3670.928494828931,4437.176455647735,9.28140366338751,32.40566304905594,47.28453291264916,2800.882302258239,64.99681413343755,122.89786104918241,0.20629821641007545,91.73608004476999,50.05819279341902,2706.4697912862584,25.158171266978997,47.74216934322686,3327.016728116019,23.046378854245308,66.61505655670362,4.716435853173387,279.3864630799874,102.45087655747305,92.0685048255288,32.39440605997978,14.796707769415256,18.628458785466133,6.07855949423529,16.850954439333567,4.0238959632608395,32.75019999551038,21.719779909170157,13.211430001752591,0.9276152587440757,15.980393198282009,5.395418013868355,6.665684652672847,3.245376215779223,0.0012649174471143724,0.5743480174907202,0.17919404528398686,53.33037444583189,43.10614010274065,4
5.9,0.26663202140799697,3661.5484796322553,4479.498108208032,9.232137321555069,31.817955079848115,47.52507340434817,2801.1580659315864,64.4475620356555,122.89981911931461,0.21160005025205172,91.76914613023285,50.05390704676048,2707.1537285857544,25.230683786412264,48.38603832873902,3327.200165679588,22.7214554589421,66.60678311086684,5.426717201299189,279.2904800139752,102.43675948371094,92.12147742599952,32.39440605997978,14.796707769415256,18.628458785466133,6.07855949423529,16.850954439333567,4.0238959632608395,32.75019999551038,21.719779909170157,13.211430001752591,0.9276152587440757,15.980393198282009,5.395418013868355,6.665684652672847,3.245376215779223,0.0012649174471143724,0.5743480174907202,0.17919404528398686,53.33037444583189,43.10614010274065,4
5.95,0.264381589896131,3671.7895903331487,4431.142160175252,9.209810958184725,32.268406950257,47.646924480473245,2800.6934602333104,65.53499591225614,122.90956658078025,0.21117003897538275,91.7747793422421,49.51146229592326,2706.9934902145296,25.224715099420887,50.48800230340268,3326.9532759665226,22.87886545286797,66.63517638376747,5.3314581342460485,279.2590998271732,102.447522305547,92.17714212796056,31.944213357751146,14.777001813552005,18.634727831412764,5.9986981009321765,16.771445517658467,4.039537797957555,32.85009229236725,21.825773595849395,12.903025329903203,0.907745989549711,16.043913825463424,5.3473125973910545,6.722381187086826,3.247061541575903,0.0012649174471143724,0.5743480174907202,0.17919404528398686,53.33037444583189,43.10614010274065,4
6.0,0.26353590555615025,3654.2059762456493,4457.247784134673,9.168259548926326,32.10828729315653,47.157463402806016,2800.588345176064,64.82560954313155,122.90377141683186,0.20932888267919608,91.72450644044162,49.18097252720508,2705.7797304972346,25.2825306912419,50.62671221358604,3325.6651401969993,22.743725814955315,66.60697178628492,4.564601216949331,279.34429111561974,102.4311579377841,92.00075535222298,31.944213357751146,14.777001813552005,18.634727831412764,5.9986981009321765,16.771445517658467,4.039537797957555,32.85009229236725,21.825773595849395,12.903025329903203,0.907745989549711,16.043913825463424,5.3473125973910545,6.722381187086826,3.247061541575903,-0.002045632118529461,0.5837190402409639,0.1850174813116585,54.011602901642675,44.64807491586948,4
6.05,0.26657165734406535,3658.0969224978003,4433.652244831647,9.182728429782061,32.377310668737195,47.48893436548378,2800.3279294668177,64.2150795130793,122.89726501624916,0.21042992099864055,91.73844017846517,51.15184011437407,2705.6079208051983,25.198530777331516,50.255584574261,3325.700897109021,23.014565066927865,66.6093549528197,4.114741393439366,279.81590873998573,102.44888045762856,92.20759352844014,32.17647961052681,14.858282077442105,18.716455068863258,6.122835895346937,16.603813848972113,4.059214852097521,33.19027803198901,21.701770344751537,13.332901013123319,0.9439873726616596,16.1517659918391,5.35899770550885,6.590109871957861,3.1805692249586577,-0.002045632118529461,0.5837190402409639,0.1850174813116585,54.011602901642675,44.64807491586948,4
6.1000000000000005,0.2672980642975243,3671.9781937068124,4462.427600968749,9.267854531712327,32.469602111151396,47.27085569272249,2799.7166859642916,64.6538594015826,122.90804617513439,0.21170286988796033,91.72209581301351,49.51162941695936,2705.8998309385033,25.456834233911184,49.57951181301885,3325.9662250965407,22.996189752890658,66.59355239470572,4.842588691550489,279.42136349958173,102.44281329964171,92.23895972655298,32.17647961052681,14.858282077442105,18.716455068863258,6.122835895346937,16.603813848972113,4.059214852097521,33.19027803198901,21.701770344751537,13.332901013123319,0.9439873726616596,16.1517659918391,5.35899770550885,6.590109871957861,3.1805692249586577,-0.002045632118529461,0.5837190402409639,0.1850174813116585,54.011602901642675,44.64807491586948,4
6.15,0.26579853763311984,3679.8898073938763,4431.808392234728,9.23992875065491,32.20873393387821,47.34659345608625,2800.867473958738,65.3079496341635,122.91844406463673,0.21188245525416846,91.78946914159557,52.27224882104783,2706.5099258822397,25.565470384280623,51.1283504593797,3326.358953405953,22.885017560705073,66.60958974152884,5.4572411781298875,279.657274381105,102.4376903394833,92.11459756786735,32.230596867473785,14.85253185078977,18.521205247145165,6.093265180832853,16.35011154258811,4.0582566572704435,32.78556098136043,21.820884665049014,13.102058552046529,0.7807489514971142,16.1370466614769,5.384716454384109,6.567032394511946,3.293443600740986,-0.002045632118529461,0.5837190402409639,0.1850174813116585,54.011602901642675,44.64807491586948,4
6.2,0.2653452204078103,3659.01642650016,4466.744111986158,9.192751398644143,32.15849381444697,47.41773571538401,2801.0861172585196,65.40985229973103,122.88993625037011,0.2152518535684853,91.76002643619609,48.32795566891386,2706.226600698379,25.350350449143363,50.32409390761122,3326.3905152396314,22.772223973128263,66.62055917458457,6.185429432613456,279.645523529283,102.42485280653443,91.93252384200252,32.230596867473785,14.85253185078977,18.521205247145165,6.093265180832853,16.35011154258811,4.0582566572704435,32.78556098136043,21.820884665049014,13.102058552046529,0.7807489514971142,16.1370466614769,5.384716454384109,6.567032394511946,3.293443600740986,-0.002045632118529461,0.5837190402409639,0.1850174813116585,54.011602901642675,44.64807491586948,4
6.25,0.26466656928766474,3671.8613902466877,4443.932271110944,9.314060910086427,32.55648193620409,47.214696778432405,2800.2904667783396,65.28405830053238,122.90109165581798,0.21342990215251564,91.74412099577529,49.10722122155328,2706.2270434790503,25.296741335664368,50.27071220636147,3326.839047870312,22.75513462350761,66.60747982318125,5.935101679043297,279.1616999624358,102.43505478115435,92.2180999211208,32.153066238945634,14.882848008396861,18.568252085397607,5.866350448207187,16.134330410268642,4.0511492381346486,32.67081398422479,21.816354825819843,13.581447060057762,1.1479762057669403,16.188259938102224,5.376404441967102,6.660370025370408,3.2450804733042466,0.007518476565470089,0.5914437202072862,0.2071945331231149,54.24041515204384,43.895169026192825,4
6.3,0.2627140879179611,3634.1890457076065,4471.321606944275,9.25701057572919,32.25917644584325,47.31335227000549,2800.7664699218717,65.08023421094302,122.88405929151482,0.21518315891681264,91.77756612433878,51.10626701300043,2707.237990806443,25.268093204354482,50.28334412674983,3327.1807138277527,22.899062657217648,66.61938317953859,5.860091385704292,279.1695640426916,102.4308620493109,91.91102958748768,32.153066238945634,14.882848008396861,18.568252085397607,5.866350448207187,16.134330410268642,4.0511492381346486,32.67081398422479,21.816354825819843,13.581447060057762,1.1479762057669403,16.188259938102224,5.376404441967102,6.660370025370408,3.2450804733042466,0.007518476565470089,0.5914437202072862,0.2071945331231149,54.24041515204384,43.895169026192825,4
6.3500000000000005,0.2631066879324577,3654.744071822233,4432.345346978311,9.223217086239195,32.49820098055596,47.14856524826432,2800.352756248295,65.23022704574059,122.88794979033818,0.21755830877777105,91.6944184837697,50.605305546979864,2706.0608669232333,25.202452608936813,49.02449914797273,3325.766012388933,22.65930956533621,66.60687786287978,2.3369372914958535,279.64998187434514,102.46005096594193,92.22922649727388,32.09517048766637,14.867440885170824,19.185074128939753,5.98717143580181,16.86446093466395,4.072185226957259,32.64525590968125,21.6422727901889,12.845498462139338,0.9521069179029008,16.087975689816076,5.358648314649161,6.652120349822133,3.1979182718955634,0.007518476565470089,0.5914437202072862,0.2071945331231149,54.24041515204384,43.895169026192825,4
6.4,0.2631463538673799,3665.20068410522,4403.026236283169,9.242491614290621,32.04095167458921,47.654757301942716,2802.41456712962,64.9548039524334,122.90923363451502,0.22007478270924663,91.86968788564194,50.51459843847956,2708.0985664248547,25.293807565135378,50.668575337690555,3327.8179356426417,22.78221531399475,66.61310025781133,5.677062383242865,279.5786963913853,102.42277888889741,92.26228898902811,32.09517048766637,14.867440885170824,19.185074128939753,5.98717143580181,16.86446093466395,4.072185226957259,32.64525590968125,21.6422727901889,12.845498462139338,0.9521069179029008,16.087975689816076,5.358648314649161,6.652120349822133,3.1979182718955634,0.007518476565470089,0.5914437202072862,0.2071945331231149,54.24041515204384,43.895169026192825,4
6.45,0.26748587635580634,3638.5850918777137,4416.830546046292,9.17706231493658,32.14137600704069,47.408257641898444,2800.889744669527,64.30844925596656,122.89651096670885,0.22343346721096824,91.76002265966979,49.126128059360795,2706.5564000368004,25.180213260747845,49.957177954025326,3326.6554106901763,22.825974137363605,66.63628769518563,5.060263931117442,279.9329070834414,102.44796540158659,92.25573763175996,32.561919740244036,14.814735864188266,19.051310208926505,5.99595548849168,16.391570429654923,4.018630660420465,32.88051621177031,21.714530856969724,12.824184134422241,0.827766555053391,16.069728803554504,5.380158740761328,6.658119778382615,3.155169921079649,0.007518476565470089,0.5914437202072862,0.2071945331231149,54.24041515204384,43.895169026192825,4
6.5,0.27176072357849,3663.937553998175,4431.094266928634,9.202937708820356,32.391795427733726,47.56235646640681,2800.5207751836033,65.02819131077287,122.87592411257069,0.22427835464999374,91.7364262974948,49.51501910917725,2705.9853169759626,25.294713700102186,49.91849204503579,3325.4720755582684,22.84237167256689,66.6368059647731,6.98719556000965,279.54496947599444,102.46614990034375,92.19352683269013,32.561919740244036,14.814735864188266,19.051310208926505,5.99595548849168,16.391570429654923,4.018630660420465,32.88051621177031,21.714530856969724,12.824184134422241,0.827766555053391,16.069728803554504,5.380158740761328,6.658119778382615,3.155169921079649,-0.006972272251532935,0.5871520196754227,0.2097097643238025,54.17947267952045,43.35962575300004,4
6.55,0.26887756929607326,3668.275643423129,4437.861647069647,9.209725537424742,31.89715920513832,47.49495187893846,2799.6856143421346,64.42507416087119,122.89197407948747,0.22600889826235085,91.72309113165369,50.79430349058225,2705.2145453219887,25.338460320323442,50.30600348346902,3325.1684046397145,22.93515574298916,66.62874335141507,7.7978628511767205,279.48050566218745,102.45834035032247,91.96982395718669,32.04995295659847,14.876020779469867,18.271604792285057,6.002126220789985,16.36342643511783,4.035444222964076,33.02300620722322,21.635034062802916,13.468628080551797,0.7176899087773426,16.269898279287975,5.403286440734136,6.686452456414355,3.2933546076391735,-0.006972272251532935,0.5871520196754227,0.2097097643238025,54.17947267952045,43.35962575300004,4
6.6000000000000005,0.2705333784372859,3627.368129440307,4461.8845138848865,9.228654661154765,31.976596106828808,46.95949633566703,2801.2920571700056,64.81421099603598,122.91379265883108,0.22456461921428092,91.88371471366152,49.49688221238771,2706.421581431813,25.028723932487217,50.01385217267051,3326.657308740577,23.029391256435755,66.65773801003277,5.862593366363152,279.63235644422195,102.44728523808195,92.4355287153473,32.04995295659847,14.876020779469867,18.271604792285057,6.002126220789985,16.36342643511783,4.035444222964076,33.02300620722322,21.635034062802916,13.468628080551797,0.7176899087773426,16.269898279287975,5.403286440734136,6.686452456414355,3.2933546076391735,-0.006972272251532935,0.5871520196754227,0.2097097643238025,54.17947267952045,43.35962575300004,4
6.65,0.26515000362169133,3658.029425544112,4414.7049401910035,9.260216686859495,32.31110655813058,47.70715899567285,2800.6967301716313,65.37885615892343,122.91018695057939,0.2226995392721392,91.85063093976932,50.06858847915507,2705.9044093043003,25.30254318664846,52.0673336270431,3326.981713867217,22.92658809367062,66.696423002428,3.9436342178335986,279.06342902575335,102.4534369949088,92.11672010842373,32.28178743601539,14.968297367170216,18.767809366401735,5.98519380837526,16.509720526428385,4.098283979510316,32.919830681435535,21.805987181188055,13.56088076592539,0.9524220569991656,16.23584014048002,5.384302337233964,6.693298828700608,3.1689175494731034,-0.006972272251532935,0.5871520196754227,0.2097097643238025,54.17947267952045,43.35962575300004,4
6.7,0.2635848845538468,3635.7104726250086,4438.398195109901,9.28069714090224,32.04629327782734,47.53457939603645,2800.508248567045,64.9262909961115,122.88185313065668,0.2244870073869289,91.79426719853356,50.77440302592127,2705.8394666905165,25.268823215048556,49.42139632618988,3326.314273539006,22.67576714520236,66.67094729017275,7.102613048685376,279.3732165574819,102.45260343319771,92.11508350820638,32.28178743601539,14.968297367170216,18.767809366401735,5.98519380837526,16.509720526428385,4.098283979510316,32.919830681435535,21.805987181188055,13.56088076592539,0.9524220569991656,16.23584014048002,5.384302337233964,6.693298828700608,3.1689175494731034,-0.006972272251532935,0.5871520196754227,0.2097097643238025,54.17947267952045,43.35962575300004,4
6.75,0.2633777337331196,3612.9287669403907,4477.442194349737,9.204722347912579,31.935515187205915,47.6694663400289,2801.2555596662396,64.91740487064008,122.91519295242553,0.2224474343270437,91.83458721097004,51.79142556047414,2706.0270011349344,25.283875762877877,49.73509004731025,3326.5635209614143,22.88808974764729,66.66268882315872,2.7789020559457698,279.13730444187934,102.4327579646195,92.17137292710295,32.31712270271492,14.690025973885508,19.049608965202182,5.86695782875244,16.558071698567502,4.029479942916759,33.1965417513175,21.733983720092688,13.385859646405002,0.905408168886103,16.424853340803235,5.401695125057941,6.732684982219615,3.2688671037576422,0.015171617100461061,0.5836478422914981,0.17143570715444287,53.61109538075711,44.09746616021588,4
6.8,0.2627585196840167,3633.9769726289305,4457.15026790318,9.279366340997694,32.36442061344948,46.81982164903799,2800.276365752726,65.21981169298094,122.91037612463921,0.22570981246432414,91.81291100175046,49.10530617726208,2706.0546593586737,25.103980678829505,48.13663102922814,3326.539028372886,22.902547446292775,66.66202676688151,4.5302782011785,279.2933727414394,102.45409998763742,92.24287968461712,32.31712270271492,14.690025973885508,19.049608965202182,5.86695782875244,16.558071698567502,4.029479942916759,33.1965417513175,21.733983720092688,13.385859646405002,0.905408168886103,16.424853340803235,5.401695125057941,6.732684982219615,3.2688671037576422,0.015171617100461061,0.5836478422914981,0.17143570715444287,53.61109538075711,44.09746616021588,4
6.8500000000000005,0.2642432642687999,3626.266500750055,4447.232280648478,9.188245741459426,32.301236418980565,47.56212020739451,2800.0514083950593,65.26769011454213,122.88599044777492,0.22394861951336842,91.79842329125368,50.62708318691141,2705.726281222325,25.11245309759964,49.16144388272268,3325.128062510562,23.148000087027437,66.65412885049926,4.834758356475827,279.21066250352277,102.48862720345949,92.26445718656531,32.52443635283788,15.018473079021652,18.876042599007775,5.8330061408469955,16.590944327231444,4.031308397473373,32.44263920970675,21.759149066131126,13.087453575184309,0.7812502234676051,16.09108728362864,5.368666220268529,6.625768822899032,3.2899891434171598,0.015171617100461061,0.5836478422914981,0.17143570715444287,53.61109538075711,44.09746616021588,4
6.9,0.26656616424317325,3673.4953204646795,4423.5312280131475,9.233659833620283,32.05611924260751,47.20896929753363,2799.2804678978405,64.81237396252372,122.88349683430157,0.2258984611072363,91.79751756351068,50.57763030990605,2705.121065653355,25.190213936601126,49.59008903867379,3325.1139578374286,22.997902665715216,66.6535834392401,6.0905693791335365,279.0061806292634,102.45594607269302,92.03737138014542,32.52443635283788,15.018473079021652,18.876042599007775,5.8330061408469955,16.590944327231444,4.031308397473373,32.44263920970675,21.759149066131126,13.087453575184309,0.7812502234676051,16.09108728362864,5.368666220268529,6.625768822899032,3.2899891434171598,0.015171617100461061,0.5836478422914981,0.17143570715444287,53.61109538075711,44.09746616021588,4
6.95,0.26681650888722397,3656.1935443849557,4455.116400584901,9.209117550701047,32.34299415081547,47.71494477087401,2798.861813368318,65.27687464566505,122.90679578125999,0.2209499654542002,91.79495817325056,48.89909777570379,2705.0656759852677,25.16203882892175,48.04045489088048,3324.1359121880546,22.908253800931046,66.66795795546481,4.735903288229254,279.58258924221656,102.44024165116,92.22927176209795,32.241561680681876,14.580825039295416,18.53946517230743,5.912881252780446,16.458520919993592,4.040273984902755,32.58518823677606,21.705837710738123,12.887702590055374,0.9364583113081185,16.429194158611473,5.380561520658115,6.7497172694707315,3.277518645232699,0.015171617100461061,0.5836478422914981,0.17143570715444287,53.61109538075711,44.09746616021588,4
7.0,0.2668662297546409,3688.2097685450926,4482.14505256734,9.301474371418772,32.152215955145834,47.4644624476453,2798.659465516167,64.5434952004599,122.8928072744808,0.22092208642570585,91.81382782777929,48.61965227095894,2704.4196044792493,25.19195807076431,49.16724699342035,3324.2223246311205,22.94559397457332,66.66674855187756,4.731630859612478,279.0734371878349,102.4403050011556,91.85363655856035,32.241561680681876,14.580825039295416,18.53946517230743,5.912881252780446,16.458520919993592,4.040273984902755,32.58518823677606,21.705837710738123,12.887702590055374,0.9364583113081185,16.429194158611473,5.380561520658115,6.7497172694707315,3.277518645232699,0.028152449591364925,0.5677232151198452,0.1736904979573592,54.216127683371475,42.917425745934175,4
7.05,0.265353345809761,3623.396004439987,4462.80191083811,9.23035022760645,32.18833025244185,47.38607802038061,2798.2674880104933,65.9029357646573,122.88887924890226,0.21720881664081837,91.75727984131,49.37250945953384,2703.7246410157277,25.175421411854188,49.91626968171814,3323.2712071583405,22.943496252067025,66.67656546752595,4.676510957721136,279.3755615242479,102.46641513381647,92.01194500795181,31.76775823035441,14.795099182546052,18.617668523755565,6.071060035813709,16.570359841222118,4.027979122748116,32.45360532335198,21.64695142028013,13.44555208987376,0.6852494393978142,15.972847188089315,5.367922817785634,6.6808581233706645,3.2405351157384206,0.028152449591364925,0.5677232151198452,0.1736904979573592,54.216127683371475,42.917425745934175,4
7.1000000000000005,0.262442397946801,3679.388880618713,4425.065423864745,9.234560815613055,32.103715895657686,47.766373184083385,2799.6794165734295,66.0191256641672,122.91628921143754,0.21346550357180114,91.83447113307994,49.94989658654777,2705.3137783243797,25.37820305983055,50.42441565734565,3324.2429546126014,22.927146720864204,66.64596632601213,4.810322964832218,279.6929151937402,102.45438983172559,92.27611016080265,31.76775823035441,14.795099182546052,18.617668523755565,6.071060035813709,16.570359841222118,4.027979122748116,32.45360532335198,21.64695142028013,13.44555208987376,0.6852494393978142,15.972847188089315,5.367922817785634,6.6808581233706645,3.2405351157384206,0.028152449591364925,0.5677232151198452,0.1736904979573592,54.216127683371475,42.917425745934175,4
7.15,0.264584666602154,3631.4424584271906,4465.234659900667,9.254707405352843,32.3268637985611,47.4270541279845,2799.61770918726,64.54790594091678,122.89562460512788,0.21336947859087735,91.85726030082151,52.99503611539002,2704.984300269942,25.15323638755844,51.11160428189307,3325.259247757105,23.06385218961469,66.64738464450505,2.1747113427815408,279.07831140596346,102.45373225012452,92.11014508004207,32.059157640601356,14.814794912532461,18.499177834900195,6.117265399081755,16.759842239455025,4.0319275155804375,32.424454530463706,21.64923367680317,13.465027684204816,1.0439158162292053,16.340604604087694,5.3803936248301945,6.685162532135728,3.25429934732808,0.028152449591364925,0.5677232151198452,0.1736904979573592,54.216127683371475,42.917425745934175,4
7.2,0.266993196875236,3651.063754939064,4417.987071969976,9.291939094093388,32.05929288022384,47.65201887631933,2800.06048462974,64.60537808132571,122.8977054239794,0.21390517045298255,91.78234731708345,48.28922368084626,2705.589380267274,25.265353388186366,50.068261556905725,3325.902317690172,23.149266939420027,66.65963893333993,2.7720330841961545,279.2335339420894,102.44270443547352,92.00005018153624,32.059157640601356,14.814794912532461,18.499177834900195,6.117265399081755,16.759842239455025,4.0319275155804375,32.424454530463706,21.64923367680317,13.465027684204816,1.0439158162292053,16.340604604087694,5.3803936248301945,6.685162532135728,3.25429934732808,0.028152449591364925,0.5677232151198452,0.1736904979573592,54.216127683371475,42.917425745934175,4
7.25,0.26336740829898014,3667.194440519329,4450.769896337027,9.269919671090177,32.64670950636863,47.35913243992537,2800.145058682142,64.90492812342191,122.90297019733732,0.212877818752692,91.76393780667112,52.06037980170091,2705.274377736065,25.159071795941205,48.992506264349196,3325.735318159884,22.83714339920057,66.6265916056752,3.788817224432627,279.4226891695095,102.46548493515267,92.01491490932078,32.0154373221231,14.785723461151303,18.155183779165828,6.0428954417434175,16.408981444352058,4.020910832802697,32.69602231826397,21.86915340863667,13.201423608729614,0.7727173927509752,15.92974285764879,5.386881239076154,6.53935090420317,3.205632077492082,0.003113200404594941,0.5668540247848423,0.18651420166606333,54.35947690124307,43.54996411978546,4
7.3,0.26452202056607643,3663.2690694840176,4464.557071524637,9.307649492066583,32.347954830544175,47.52351735392718,2800.68505226233,64.25969102128933,122.90908783861809,0.2162390969541643,91.83438344283334,47.535815637735624,2706.249394124813,25.1546495901142,50.76515802057507,3326.870997408995,22.873636256613565,66.63103580861909,4.949661968812895,279.1922026920441,102.43168415146405,92.13882998283614,32.0154373221231,14.785723461151303,18.155183779165828,6.0428954417434175,16.408981444352058,4.020910832802697,32.69602231826397,21.86915340863667,13.201423608729614,0.7727173927509752,15.92974285764879,5.386881239076154,6.53935090420317,3.205632077492082,0.003113200404594941,0.5668540247848423,0.18651420166606333,54.35947690124307,43.54996411978546,4
7.3500000000000005,0.2609430653018404,3650.944656515125,4462.363468734623,9.303210715781006,31.911064633310005,47.466176054337886,2800.590614985021,64.57839735193552,122.90744351560257,0.21760453490598788,91.78395925369472,49.11625047544304,2706.47675182146,25.321440856725868,49.11563883692069,3326.889487039285,22.93411651164419,66.63388237385163,5.957809384358043,279.46761907272213,102.42699232576102,92.0910553615111,32.25004988081543,14.74811907157525,19.172634559420572,6.009054043609794,16.89583594669754,4.012077746214994,32.67861087519191,21.825750109343588,13.52567723101873,0.7929371930287821,16.083344477469733,5.359011236299192,6.629409761959358,3.1713374689893876,0.003113200404594941,0.5668540247848423,0.18651420166606333,54.35947690124307,43.54996411978546,4
7.4,0.2558649445530244,3647.856730998016,4450.809073675096,9.32980421989599,32.109657446165336,47.37532731969252,2801.7095158475054,65.1332090886913,122.8946322030692,0.22192818052326113,91.86176180449115,47.7841290341557,2707.845527137108,25.099204880778352,50.38911385318939,3328.4871136465435,22.812944954797345,66.63310575363128,6.440376416094335,279.7407180291875,102.44737435441056,92.18856331514067,32.25004988081543,14.74811907157525,19.172634559420572,6.009054043609794,16.89583594669754,4.012077746214994,32.67861087519191,21.825750109343588,13.52567723101873,0.7929371930287821,16.083344477469733,5.359011236299192,6.629409761959358,3.1713374689893876,0.003113200404594941,0.5668540247848423,0.18651420166606333,54.35947690124307,43.54996411978546,4
7.45,0.2585701781293909,3645.85075405637,4440.260814596663,9.182530473413987,32.348481816579564,47.5302746206195,2802.0311283204983,65.24177715085754,122.888033832998,0.22704700793655075,91.85983207375001,51.73383526937172,2707.181230232925,25.39990217654448,51.036884558840285,3327.959337721331,22.75198937889347,66.6690087018678,5.617802905414162,279.38743037277266,102.43131928267331,92.03946251342006,31.897198928772433,14.919049960496631,18.437912135051068,6.108393416122884,16.342089514855658,4.0144922217928904,32.52619264669408,21.696862182459878,13.543927054431691,0.9406150515911659,16.129173444534086,5.355849357998742,6.685640986615134,3.198277135487604,0.003113200404594941,0.5668540247848423,0.18651420166606333,54.35947690124307,43.54996411978546,4
7.5,0.2671521872774254,3627.5806892267765,4448.552688868919,9.243201378489179,32.03028512845486,47.21033642286619,2800.1840321539835,64.93828894999544,122.90855565135918,0.23014216245756697,91.75715410664998,48.564399284718625,2705.871670629105,25.326781310699907,51.333389931306954,3325.8944692017303,22.774280357981112,66.64427560825952,5.086521668794368,279.51677332056084,102.46010435137552,92.14918530784472,31.897198928772433,14.919049960496631,18.437912135051068,6.108393416122884,16.342089514855658,4.0144922217928904,32.52619264669408,21.696862182459878,13.543927054431691,0.9406150515911659,16.129173444534086,5.355849357998742,6.685640986615134,3.198277135487604,-0.008032506468745395,0.569570604062176,0.17513715898854362,53.58532370952204,44.702919817556065,4
7.55,0.2626074000961715,3668.628816175378,4451.858562383515,9.223357343189436,31.71148244214776,46.82271717129494,2800.4384882439426,64.92651122201148,122.88723958099447,0.22892635744421327,91.7885929031097,52.21912770614139,2705.460939324463,25.274236465630423,50.926705802097146,3326.164038308193,22.80625334747253,66.62142388466442,6.500245947197305,279.0116309246615,102.48315516879444,92.2116840391518,32.469403201893925,14.878544523577077,18.571827477756557,6.01830795173156,16.448720095812035,3.996029917535957,32.39889858813528,21.640473745286823,13.599351086105683,0.881083372119197,15.906508853344874,5.351559745711104,6.662324761214132,3.2032445594253485,-0.008032506468745395,0.569570604062176,0.17513715898854362,53.58532370952204,44.702919817556065,4
7.6000000000000005,0.2609335638344453,3658.4271464287635,4473.620691527245,9.258789555990113,32.19995630785078,47.266800451405686,2801.7357460776366,65.8472217542053,122.90761964514418,0.23014452466956492,91.94270695560924,50.34139401035108,2708.121175123228,25.207722758436322,49.85373586063994,3327.8158870826983,23.029307657481485,66.65902963228142,3.665973682573128,279.11093031587404,102.44442382023855,92.20028391381805,32.469403201893925,14.878544523577077,18.571827477756557,6.01830795173156,16.448720095812035,3.996029917535957,32.39889858813528,21.640473745286823,13.599351086105683,0.881083372119197,15.906508853344874,5.351559745711104,6.662324761214132,3.2032445594253485,-0.008032506468745395,0.569570604062176,0.17513715898854362,53.58532370952204,44.702919817556065,4
7.65,0.2599212624193028,3618.383600288565,4451.999879327007,9.299548280174761,32.14297292223209,47.250515765563385,2800.8186262040585,64.7779326817161,122.92283962160136,0.23170115684576695,91.79700757582292,49.59855876969729,2706.030358589014,25.140478128346206,49.32699802725713,3326.12129654727,22.75300563300905,66.65247665100395,3.7594849710454636,279.0922330048084,102.42591528898447,92.07263139074011,32.52458410324948,14.725984522748126,18.70201052520294,5.976410267434259,16.746111981240677,4.048023777108615,32.54998259065786,21.652161654252346,13.037861325828429,1.0182528189946376,16.11713467326508,5.34841467130405,6.649894635189372,3.2787950118526554,-0.008032506468745395,0.569570604062176,0.17513715898854362,53.58532370952204,44.702919817556065,4
7.7,0.25852455418504383,3638.30097785658,4458.506193954423,9.329012706795565,32.0729265484917,47.15919253784031,2799.6741207448154,65.32498056644965,122.89833770433361,0.23227103748444672,91.76133178569387,49.82065611590094,2705.9249766275125,25.086708021982023,52.274313706955496,3325.6713104924247,23.11533883924391,66.65595749802475,4.582305985435013,279.26068926330413,102.46652298830355,92.14757503868144,32.52458410324948,14.725984522748126,18.70201052520294,5.976410267434259,16.746111981240677,4.048023777108615,32.54998259065786,21.652161654252346,13.037861325828429,1.0182528189946376,16.11713467326508,5.34841467130405,6.649894635189372,3.2787950118526554,-0.008032506468745395,0.569570604062176,0.17513715898854362,53.58532370952204,44.702919817556065,4
7.75,0.25852962392220963,3676.094602681304,4447.617551665798,9.291135791316067,32.53807078204153,47.34165167855038,2799.24722557999,64.35191202481236,122.89483372687158,0.231913052036368,91.79067743187211,49.698596945408156,2705.659658396356,25.155525433632018,49.11570179829375,3325.1560216808557,22.83006941369129,66.63043839625908,3.631910230713463,279.4141570746099,102.44219808689496,92.362592533022,32.21725375674812,14.778378927732334,19.01051149546988,6.066976112501272,16.38479331466233,4.060454058628278,32.932303437012756,21.65998090919035,13.330823389294812,0.797964732255939,16.617347090557768,5.374391999826518,6.715397443359623,3.3695415613042203,0.006500068587790984,0.5691219817196392,0.19012911759347267,53.863556094519325,43.077607378289265,4
7.8,0.2587744190537446,3653.138902893403,4476.593972194266,9.104245937914149,32.08622791543906,47.11654983400919,2798.788883184857,64.772224704759,122.9119264915984,0.22826370448185032,91.76124671347009,49.89982484405428,2705.0233870904103,25.216989161129245,48.920212418154726,3324.30475627759,23.14209508870734,66.65243798174428,3.6410197755717864,279.1085551355138,102.48340224893263,92.14072322610535,32.21725375674812,14.778378927732334,19.01051149546988,6.066976112501272,16.38479331466233,4.060454058628278,32.932303437012756,21.65998090919035,13.330823389294812,0.797964732255939,16.617347090557768,5.374391999826518,6.715397443359623,3.3695415613042203,0.006500068587790984,0.5691219817196392,0.19012911759347267,53.863556094519325,43.077607378289265,4
7.8500000000000005,0.2603131718708621,3671.087053868432,4446.276936116349,9.281221859264704,32.1012943348408,47.52131774101453,2798.470321305106,65.3685984706781,122.88927450603471,0.22744764721899371,91.80361669439579,49.87332328727865,2705.1622578219717,25.159596247979614,50.556216182205326,3324.782352539471,22.94383011404936,66.62855368169413,3.1596838880109357,279.599312343855,102.4700157902798,92.2214029217421,32.01832190142066,14.947686944448833,18.815202743884843,6.179360507774675,16.233471977963564,4.038208702887016,32.50921584599405,21.75610915275728,13.35427557926634,0.9285128884333476,16.225933086892017,5.364261245072277,6.617958897778125,3.2955545717839048,0.006500068587790984,0.5691219817196392,0.19012911759347267,53.863556094519325,43.077607378289265,4
7.9,0.2612181075834659,3659.647615061388,4451.944758894611,9.297764594195291,32.3994190207911,47.033108856837636,2798.6326578277744,64.31602438110377,122.89841469758858,0.2231718623700426,91.82525797529381,48.53134904580257,2704.4747935358505,25.242163257425627,47.945384095547574,3325.2145243453742,22.938506985446022,66.67229381625746,4.398313314336567,279.00726349772196,102.45046298705053,91.9411665952621,32.01832190142066,14.947686944448833,18.815202743884843,6.179360507774675,16.233471977963564,4.038208702887016,32.50921584599405,21.75610915275728,13.35427557926634,0.9285128884333476,16.225933086892017,5.364261245072277,6.617958897778125,3.2955545717839048,0.006500068587790984,0.5691219817196392,0.19012911759347267,53.863556094519325,43.077607378289265,4
7.95,0.26396829350813367,3677.2865840954323,4412.145057923344,9.325961124397994,32.270538996020875,47.51844431176311,2799.045233387147,64.70701713375004,122.9084964083229,0.22199171207900253,91.78501331888077,49.821127985140535,2704.083623677777,25.379770897018624,49.060399436228685,3323.746595365747,22.949887804763105,66.64665154029335,2.7426212459177286,278.83575868660705,102.46885982729336,92.19123422172093,32.34522576842578,14.903037948125023,18.312815277800205,6.030898433057424,16.35996546825746,4.027131304010792,32.90686773433752,21.625145549206792,13.477011793289575,1.0660447305960212,16.127029911894628,5.371876113559689,6.683350218090958,3.250284914172435,0.006500068587790984,0.5691219817196392,0.19012911759347267,53.863556094519325,43.077607378289265,4
8.0,0.2655113450924583,3635.1329219215268,4468.90914998653,9.249908951724514,31.890401866548316,47.00950091103222,2799.033843085002,65.5062489052004,122.89422971978138,0.21810199024466506,91.82942006217755,51.96270930865988,2704.590127957999,25.28955813733539,51.68166554920325,3324.784925541056,22.89834895024659,66.67176314272355,3.335586574471162,279.29370164499454,102.4189139392005,91.9133043385595,32.34522576842578,14.903037948125023,18.312815277800205,6.030898433057424,16.35996546825746,4.027131304010792,32.90686773433752,21.625145549206792,13.477011793289575,1.0660447305960212,16.127029911894628,5.371876113559689,6.683350218090958,3.250284914172435,0.019319970893391464,0.5794199298496829,0.19467769277017738,53.542505345608774,44.12943289675959,4
8.05,0.26113393372276544,3657.774346701787,4406.712310403014,9.219020019434845,32.44153570354477,47.64495690446436,2799.1596941375997,65.21517914448853,122.91600623966453,0.21592753394787476,91.78787498384409,51.22365972689619,2704.6455245578154,25.28027711075003,48.906193200893085,3324.611108878845,23.008276060475406,66.6541754110865,2.5431796841881464,279.222449185577,102.45499148409051,92.1963627163941,31.975598246131142,15.045359649953728,18.756790876266614,5.913545226707053,16.602409354022164,4.018258388333052,32.64163160329038,21.59291906301544,13.386381766824314,0.8270682636981895,16.43781204192431,5.386935952191422,6.597089056310003,3.2460491380462075,0.019319970893391464,0.5794199298496829,0.19467769277017738,53.542505345608774,44.12943289675959,4
8.1,0.25719866256685664,3661.631601674419,4438.353730670727,9.255064122065292,32.43057559027999,46.94686753829559,2798.5591577221358,65.1786371664301,122.90024236730765,0.21297488746921908,91.68419919786305,48.96937609427087,2704.277542640548,25.215968548658644,49.321948514378704,3324.1143380456824,23.043715230930047,66.65560250052116,2.9396415231965674,278.7743642541664,102.45754777267689,91.78951245842632,31.975598246131142,15.045359649953728,18.756790876266614,5.913545226707053,16.602409354022164,4.018258388333052,32.64163160329038,21.59291906301544,13.386381766824314,0.8270682636981895,16.43781204192431,5.386935952191422,6.597089056310003,3.2460491380462075,0.019319970893391464,0.5794199298496829,0.19467769277017738,53.542505345608774,44.12943289675959,4
8.15,0.2596926224014118,3659.2195190721013,4440.605705420275,9.312979497890778,32.38025347120664,47.413216389602105,2799.7824242171387,64.93997440258148,122.91555769499654,0.2126744112335615,91.87137012920147,50.83598788838439,2705.409144578542,25.185431178455143,50.503101530673135,3325.674114140942,22.923835436861467,66.61093423579352,5.471150390491765,279.3902668496058,102.44045035596567,92.32358382060326,32.250388470484445,14.921183373049118,19.22660703468986,6.036018013604498,16.221237546985407,4.0330522567117395,32.94288034215101,21.62123443081411,13.234160141490705,0.8756919803739049,16.231608474931456,5.422625798994607,6.638499638893786,3.1642424970232517,0.019319970893391464,0.5794199298496829,0.19467769277017738,53.542505345608774,44.12943289675959,4
8.2,0.2607136603959384,3689.132869149197,4418.183062717049,9.227303671534774,31.8923107945773,47.45460630708206,2799.362436152862,65.13462818542864,122.89809192550297,0.21208066574999906,91.81504240343457,51.68884388360739,2705.380619917441,25.21467347363667,48.82667532271503,3325.0258436176305,23.017295793075384,66.65579414088268,3.782818258956965,279.05709857771814,102.44664917054949,92.06502322003202,32.250388470484445,14.921183373049118,19.22660703468986,6.036018013604498,16.221237546985407,4.0330522567117395,32.94288034215101,21.62123443081411,13.234160141490705,0.8756919803739049,16.231608474931456,5.422625798994607,6.638499638893786,3.1642424970232517,0.019319970893391464,0.5794199298496829,0.19467769277017738,53.542505345608774,44.12943289675959,4
8.25,0.26521213696701,3680.6929280140007,4430.963190353554,9.191234371208669,32.050788012620224,47.139901303736984,2798.9076094987113,64.5058454033058,122.88415628383733,0.21587217620646107,91.78006801967307,50.655232538070024,2705.0598460495553,25.442376811061333,52.36177491094003,3324.9988649228017,22.839741375470158,66.64917055311165,6.919147454760031,279.1231059993845,102.45298682451745,91.93657268696037,32.342191514163275,14.612763174777744,19.733178867165076,5.823116592644411,16.856785819007992,4.023892090818531,33.266071611884335,21.80613026622241,13.368357915311922,0.9673809577187032,16.28527628269229,5.351921133868426,6.7730138192659,3.2356503546312942,0.0026254960088706782,0.5755546811927617,0.18448235248770978,54.17319507599158,44.13663204257647,4
8.3,0.2658259957931441,3679.593653830901,4410.001513628319,9.31507132210014,31.89151763657775,47.19913839850711,2799.00142326547,65.68834739442127,122.89735454241435,0.21148722751548385,91.75252365355544,47.693524527200566,2704.5511105212813,25.17202702418658,52.62655658756027,3323.967909510441,22.850727057742816,66.6468926059796,4.324211420500139,279.0666373349829,102.4723298031782,92.22201428169775,32.342191514163275,14.612763174777744,19.733178867165076,5.823116592644411,16.856785819007992,4.023892090818531,33.266071611884335,21.80613026622241,13.368357915311922,0.9673809577187032,16.28527628269229,5.351921133868426,6.7730138192659,3.2356503546312942,0.0026254960088706782,0.5755546811927617,0.18448235248770978,54.17319507599158,44.13663204257647,4
8.35,0.2705822416578479,3665.27829920833,4459.983636102966,9.144692685510462,32.07221704050404,47.15012716221216,2799.352264499081,65.28889335618135,122.89716285417873,0.21050835674574092,91.84664574218577,50.906841369190595,2705.2200548271558,25.42238371783002,52.05443492537908,3325.2729818918338,22.874074847341895,66.66238559432249,5.223557031270621,279.0141213453576,102.44114885066645,92.09725716853889,32.38297273440601,14.733090781032598,19.049310773827816,6.067675255685109,16.559628204647172,4.035449971885178,32.44687742690061,21.57302940136373,13.69053843343325,0.974816836703738,15.914604149612778,5.386578845164139,6.604062097201123,3.189646644812948,0.0026254960088706782,0.5755546811927617,0.18448235248770978,54.17319507599158,44.13663204257647,4
8.4,0.2751655729127594,3637.043206447254,4476.948762823548,9.264035084525279,31.798904560775433,46.92535630653291,2798.1204705329496,64.76605954953781,122.90860529890381,0.20569876712647447,91.8417752639445,49.01904250730612,2704.104528286705,25.2661757752234,49.7163285922584,3324.2166115980203,23.004099532573548,66.69923168054626,2.2292924302642687,279.01683363197134,102.47338521738256,92.09753890225583,32.38297273440601,14.733090781032598,19.049310773827816,6.067675255685109,16.559628204647172,4.035449971885178,32.44687742690061,21.57302940136373,13.69053843343325,0.974816836703738,15.914604149612778,5.386578845164139,6.604062097201123,3.189646644812948,0.0026254960088706782,0.5755546811927617,0.18448235248770978,54.17319507599158,44.13663204257647,4
8.45,0.2731708851489428,3651.7295818591483,4438.222696149021,9.23947127575098,32.10975718244353,47.08449104724439,2797.612822529876,64.73004043648935,122.89340324449702,0.203201289359079,91.81086802222227,51.16409156319415,2703.8104675047834,25.20068632124675,51.30993577723514,3323.8095757998904,22.792395429181287,66.71227327539464,6.042097960331354,279.12999782951937,102.43745940339542,92.10465518333673,32.06057184337054,14.715175862222832,19.072587680689843,6.251986780164679,16.900860682030384,4.000422452115097,32.11679772586117,21.798349699140903,13.009331657055656,0.7753414312733642,16.4700730637027,5.3861076357639615,6.588303417366653,3.2594702396501187,0.0026254960088706782,0.5755546811927617,0.18448235248770978,54.17319507599158,44.13663204257647,4
8.5,0.2727466018347156,3629.081555012728,4471.390820792728,9.246988587406838,32.31297818325965,47.47321793574616,2798.500675201712,64.41882864932894,122.89596762150452,0.20104884876599627,91.76905248216366,50.55332216748529,2703.3377218464975,25.074722973679695,51.20451324021029,3323.0126730683323,22.855854914701723,66.67824604841918,4.607824364103844,278.7972710330904,102.45949857361809,92.01089818576358,32.06057184337054,14.715175862222832,19.072587680689843,6.251986780164679,16.900860682030384,4.000422452115097,32.11679772586117,21.798349699140903,13.009331657055656,0.7753414312733642,16.4700730637027,5.3861076357639615,6.588303417366653,3.2594702396501187,0.005176459033312608,0.5762230028263845,0.20034487966169243,54.073563322312985,43.9636075908395,4
8.55,0.274408335182263,3625.242068545818,4446.560265565306,9.179214147101868,32.24075325856894,47.44762739582736,2798.7999981288353,64.98406357212716,122.90918256002468,0.19940068780192835,91.86048873100462,47.42763582596168,2705.2164783749326,25.081491213760827,48.961681904831615,3324.2944407314003,23.139698325460632,66.68667888543636,5.4666531257571025,278.6974352424522,102.46298638678333,92.16270962686521,32.13740949802748,14.830313062255474,18.993106790679953,5.997775049766207,16.692351795734055,4.044150905088149,32.26135220609406,21.692597490864145,13.367218994237499,1.1010644033982069,15.879641381330387,5.371871780424396,6.6784653688283075,3.256761705454865,0.005176459033312608,0.5762230028263845,0.20034487966169243,54.073563322312985,43.9636075908395,4
8.6,0.2747651334119405,3623.003140365496,4409.903916284239,9.183742772361391,32.17412553471275,47.342589120400106,2798.920537167811,64.82040893784574,122.8968382150019,0.1966496672983192,91.77018840088293,51.54159962372776,2704.5279409560976,25.159465796108183,50.66437764721573,3323.9763980690404,23.0068441621935,66.66451946953443,5.212528246369248,279.0284181267872,102.44381255460138,92.13452477111615,32.13740949802748,14.830313062255474,18.993106790679953,5.997775049766207,16.692351795734055,4.044150905088149,32.26135220609406,21.692597490864145,13.367218994237499,1.1010644033982069,15.879641381330387,5.371871780424396,6.6784653688283075,3.256761705454865,0.005176459033312608,0.5762230028263845,0.20034487966169243,54.073563322312985,43.9636075908395,4
8.65,0.27476447741294174,3661.045724993323,4438.008794448805,9.326990235708049,32.38671162033009,47.21021860705221,2799.3914723595917,65.14913164483092,122.89222915019616,0.19546663336820258,91.77594849202792,50.93279116028653,2704.9337484439384,25.23715015251245,50.22986695437846,3325.0790862953227,22.978590761942964,66.67308356309779,4.032798085654452,278.9371309535571,102.45203486923293,92.042018894752,32.090141811056725,14.631572039968365,18.805187933179447,6.043761662717132,16.179714045163777,4.013646573144868,32.20094740220091,21.732993143525206,13.436896460524288,0.7837012087661932,15.868056618365308,5.365890255354703,6.608861806220045,3.2873229874749565,0.005176459033312608,0.5762230028263845,0.20034487966169243,54.073563322312985,43.9636075908395,4
8.700000000000001,0.274843571040676,3628.913777374634,4456.899864887669,9.219243536168555,31.971186845755412,47.60971033793368,2798.901326481769,64.96417789507362,122.89769111878654,0.19511946113805045,91.75049414115597,50.871720715868804,2704.9465814168284,25.28555466487772,49.17426533284667,3324.8280576656302,23.107648202487088,66.64667759018299,3.2146081634167047,279.1580192739194,102.45493909750955,92.04701771975148,32.090141811056725,14.631572039968365,18.805187933179447,6.043761662717132,16.179714045163777,4.013646573144868,32.20094740220091,21.732993143525206,13.436896460524288,0.7837012087661932,15.868056618365308,5.365890255354703,6.608861806220045,3.2873229874749565,0.005176459033312608,0.5762230028263845,0.20034487966169243,54.073563322312985,43.9636075908395,4
8.75,0.27290687807596636,3639.8728928191895,4426.98945980034,9.270740225353052,32.1798056439262,47.24733265642202,2799.0949152046264,65.10126685893145,122.89335195083555,0.19536530487718393,91.7151538635237,49.66072410726643,2705.136020648327,25.451182217739326,47.95372536560084,3324.72078963703,22.92342637755673,66.64243996369967,5.9424839513304315,279.34128973207794,102.44377254243867,92.01336546008505,32.045781923171006,14.978576333593375,18.89338473773103,5.899634736463416,16.53548811450633,4.043745533935054,32.62552655593801,21.698598865577328,13.201689011574093,1.0097297211777534,15.754017627283371,5.32610933706855,6.644351712380076,3.2566012683895584,0.006442185369373775,0.5817781010444254,0.1802636664594253,54.0560006878877,44.23519886373079,4
8.8,0.27239578650887797,3626.106986825997,4429.822756103185,9.228274799447691,32.110517980773594,46.991913992477755,2800.69577856367,65.5202318003852,122.90536641894897,0.19233176260580542,91.7684606645687,49.96133898975294,2706.1604124703704,25.210838290745585,48.13921099695373,3325.822081537704,22.94433527292943,66.62214372077497,5.9248048096283545,279.12513045119823,102.43624367002415,92.05826666567229,32.045781923171006,14.978576333593375,18.89338473773103,5.899634736463416,16.53548811450633,4.043745533935054,32.62552655593801,21.698598865577328,13.201689011574093,1.0097297211777534,15.754017627283371,5.32610933706855,6.644351712380076,3.2566012683895584,0.006442185369373775,0.5817781010444254,0.1802636664594253,54.0560006878877,44.23519886373079,4
8.85,0.2741162641579981,3678.5157920976076,4472.962589588323,9.25173572483092,32.294392886054425,47.40701413738144,2800.390733922961,64.53096945312097,122.90793922966652,0.19249165772430704,91.78975451399408,49.17212471206898,2705.992080776532,25.40363053435662,49.86463581212615,3326.1041750204517,22.884323556516463,66.61954506769851,6.1192312019074215,279.1667621489695,102.4494209992024,92.02592858146701,32.002695155149446,14.736281973773705,18.848089942674108,6.019712556234201,16.76841037671409,3.9820246452811245,32.86155043800321,21.676292328322123,13.557644600169782,0.8956256597087706,16.504189874037174,5.393349878632226,6.6177383081263,3.239694545220325,0.006442185369373775,0.5817781010444254,0.1802636664594253,54.0560006878877,44.23519886373079,4
8.9,0.27071003005341726,3641.479917574394,4452.017594038219,9.265360775792084,32.37625567253065,47.408027132558814,2800.8196300189843,65.50160275166435,122.88874385830239,0.1967686999970681,91.7779629625448,50.526570361880495,2706.92672178047,25.113127660325983,49.30601005655064,3326.369918918163,22.92891496773094,66.63097085721427,5.701231009946562,278.8527194069163,102.4254594017822,91.99343647638408,32.002695155149446,14.736281973773705,18.848089942674108,6.019712556234201,16.76841037671409,3.9820246452811245,32.86155043800321,21.676292328322123,13.557644600169782,0.8956256597087706,16.504189874037174,5.393349878632226,6.6177383081263,3.239694545220325,0.006442185369373775,0.5817781010444254,0.1802636664594253,54.0560006878877,44.23519886373079,4
8.950000000000001,0.2718536684755324,3624.8803654264943,4475.55892793045,9.191126791862347,32.18781694367019,47.50118300743018,2800.344459984181,65.6011740344344,122.89988844374075,0.20038821351098385,91.67720959833531,50.23132985356413,2706.2389489493157,25.34815410675387,47.38442959848485,3326.179744032021,22.903922572605357,66.59487100289539,6.031006527471451,279.4511577897928,102.43947112753919,92.11079220531968,32.455342875623906,14.809561922682073,19.017513750850085,6.011038515460978,16.287847311851465,4.022249468396558,32.73561852553997,21.629659817229378,13.554244085278842,0.9029834269447798,16.078488046503377,5.345281392791143,6.634802166374037,3.2299041709899887,0.006442185369373775,0.5817781010444254,0.1802636664594253,54.0560006878877,44.23519886373079,4
9.0,0.27461326230159266,3631.655401529694,4428.181800422593,9.192422077629814,32.01226774371628,47.4799077160032,2800.1795084786336,65.9828454523231,122.88806910814104,0.20293406866082822,91.66581327949437,49.371446702995975,2706.326593502938,25.161864062551427,50.56124141871375,3326.580937094409,22.9023285083076,66.59640941237156,3.7575713124789583,279.19942251627003,102.44968707970978,91.97442508992964,32.455342875623906,14.809561922682073,19.017513750850085,6.011038515460978,16.287847311851465,4.022249468396558,32.73561852553997,21.629659817229378,13.554244085278842,0.9029834269447798,16.078488046503377,5.345281392791143,6.634802166374037,3.2299041709899887,0.009310321230385287,0.580326262113247,0.17617102233814538,54.62822606404852,43.97023399505381,4
9.05,0.27034894036599794,3632.2956174202714,4466.400144433815,9.155295013669148,32.23399726970316,47.04406936811948,2800.8444914646493,65.5184243646056,122.90238075930942,0.1998681726471172,91.76514033755598,50.98568942649866,2706.412579711867,25.24821312874696,49.992985098209225,3327.430434082666,22.877012384795126,66.57599892367435,4.918003782189088,278.95211141543354,102.41976798280882,92.1403019456563,32.42548776530275,14.800363647116754,18.927782553377135,5.991236509632146,16.435499700650087,4.057769568887845,32.674278563316044,21.600156204772954,13.510600428942952,0.9228415256598286,16.210725866140667,5.382437520878861,6.638231880369435,3.215119972581588,0.009310321230385287,0.580326262113247,0.17617102233814538,54.62822606404852,43.97023399505381,4
9.1,0.27319981948273325,3651.6358575097934,4498.6409007609545,9.272833358051958,32.44330844528161,47.48972944174761,2800.644862661845,65.78251866408266,122.89692874329576,0.20240847455572353,91.66062222561517,52.54281736388753,2705.953041616189,25.328299658558322,51.51586243895985,3326.306768108931,22.79756874423952,66.61687496336626,2.996381807069032,279.30565862391245,102.47049699191925,91.91012986283178,32.42548776530275,14.800363647116754,18.927782553377135,5.991236509632146,16.435499700650087,4.057769568887845,32.674278563316044,21.600156204772954,13.510600428942952,0.9228415256598286,16.210725866140667,5.382437520878861,6.638231880369435,3.215119972581588,0.009310321230385287,0.580326262113247,0.17617102233814538,54.62822606404852,43.97023399505381,4
9.15,0.2700286183889167,3655.397387289575,4459.66975577969,9.16045616599694,32.547976894311034,47.3659246268066,2800.826732541155,64.26403344143218,122.89818296894694,0.20477568010478717,91.71624033510432,49.94773451910461,2706.39328631257,25.505852681659885,49.20775188359427,3326.9232043603683,22.953856859590164,66.58455639729583,5.9927943928519785,279.2824751069623,102.47638001920895,92.11686553516562,32.32391664706287,14.819564713816701,19.316346032696377,5.711987675414998,16.852558214899354,4.042839624305678,32.42920859164139,21.780890917725902,13.09223423586978,0.8406207623335277,16.16090399410708,5.374556725710577,6.641750983327889,3.176910688469641,0.009310321230385287,0.580326262113247,0.17617102233814538,54.62822606404852,43.97023399505381,4
9.200000000000001,0.2701959861742438,3640.957710060561,4496.678833811348,9.205099900260207,31.838750416437595,47.171713823209245,2800.8312676431715,65.74063915635679,122.8941229972608,0.2102420500012363,91.72780883632173,48.68055252327906,2706.194572729755,25.411206842577762,50.59945345975908,3326.1846290047188,23.11535344831457,66.5819561186832,3.7169519478314212,278.96175997456436,102.44093252782746,92.04869552462186,32.32391664706287,14.819564713816701,19.316346032696377,5.711987675414998,16.852558214899354,4.042839624305678,32.42920859164139,21.780890917725902,13.09223423586978,0.8406207623335277,16.16090399410708,5.374556725710577,6.641750983327889,3.176910688469641,0.009310321230385287,0.580326262113247,0.17617102233814538,54.62822606404852,43.97023399505381,4
9.25,0.27234932133551104,3649.257809609541,4457.391043218867,9.225684378155748,32.06109693511746,47.35822617409213,2800.568729022973,64.40771416661615,122.8816768425463,0.20603844955249578,91.73108695902812,51.377406687871044,2706.585439074006,25.17452114625462,49.3976557789166,3325.7945761047117,22.872535906508094,66.59038521013142,4.396556932014319,279.1260946775803,102.47432642043039,92.28727337567629,32.028485712946804,14.69899274950108,18.944073261150283,5.957967658137506,16.717434158892488,4.053423370666466,33.16518825850796,21.54997715923146,13.558441190110386,0.936129107531232,16.10604040071284,5.360234607467377,6.668626063167581,3.268058639392521,0.004867556382328703,0.5791755599490858,0.1779374817894368,53.947644874135634,43.48292405302323,4
9.3,0.2740357550381171,3637.358755645687,4471.907179703009,9.184584199394774,32.13701768638676,46.92112829385263,2800.612587758964,66.0160173429114,122.9017935983005,0.21332232203162083,91.74630162469202,48.42380971839195,2705.970276518861,25.111862232923382,50.41857391094491,3326.071962289846,22.946657340749372,66.61824422522697,6.883709925116973,279.4536998447379,102.47671287147418,92.00451972366642,32.028485712946804,14.69899274950108,18.944073261150283,5.957967658137506,16.717434158892488,4.053423370666466,33.16518825850796,21.54997715923146,13.558441190110386,0.936129107531232,16.10604040071284,5.360234607467377,6.668626063167581,3.268058639392521,0.004867556382328703,0.5791755599490858,0.1779374817894368,53.947644874135634,43.48292405302323,4
9.35,0.2734579033525417,3653.7803790057214,4458.373901030653,9.226901280340364,32.229206902167604,47.57032002704952,2800.8992664287066,65.11848715469337,122.88469266159008,0.21213742337202451,91.8122326952545,49.45908200766355,2707.109623814059,25.053050351709853,49.83747479613833,3325.7497853542523,22.742350467377104,66.62940386851601,5.14602118504059,279.13122079758483,102.47372554410904,92.2493494723718,32.06382673163252,14.931547217915844,19.164451986490782,5.977946327496937,16.580222740719492,4.005553713380017,32.44674463520091,21.708103089347482,13.365636947727515,0.8791278682436985,16.30711094215251,5.359075532313593,6.6913887916825106,3.227887309861836,0.004867556382328703,0.5791755599490858,0.1779374817894368,53.947644874135634,43.48292405302323,4
9.4,0.27642006004398684,3676.287170733906,4460.245848971351,9.232869462520476,32.098963610426615,47.24940056838535,2800.7177117288493,65.39811701839346,122.90375326876942,0.2129345288045628,91.70596145173167,50.736674791766085,2705.780038608207,25.18307950170742,50.064159551956,3325.543642847974,23.06866246594167,66.6207569920635,3.084735673614213,278.9473813443488,102.47580734459973,92.04860753655804,32.06382673163252,14.931547217915844,19.164451986490782,5.977946327496937,16.580222740719492,4.005553713380017,32.44674463520091,21.708103089347482,13.365636947727515,0.8791278682436985,16.30711094215251,5.359075532313593,6.6913887916825106,3.227887309861836,0.004867556382328703,0.5791755599490858,0.1779374817894368,53.947644874135634,43.48292405302323,4
9.450000000000001,0.2778447107275485,3620.6090257684195,4453.597675980261,9.157153835457587,32.32361175632199,47.606009292797616,2800.533819380792,64.69127657301027,122.89262054691119,0.2134616101308906,91.81947523816925,49.908702634736386,2706.8832488414537,25.205400937724168,49.90562055887787,3326.5013846128422,22.841397949225897,66.60859282136828,3.623967185589904,279.4666458103781,102.46417670756276,92.3553077640678,31.8371572528863,15.060426789337987,19.193992711275932,5.87250231917738,16.35174257494936,4.096183706880923,32.73607910523399,21.720167026611644,12.632610876154734,0.7410612291847125,16.17805170589192,5.362497127629983,6.529121252213652,3.2644015074689974,0.004867556382328703,0.5791755599490858,0.1779374817894368,53.947644874135634,43.48292405302323,4
9.5,0.2798361078788871,3652.3061270563644,4409.471345682122,9.22581183576758,32.286668598310534,47.46111456038015,2800.171052745868,65.24323901678333,122.90486363579141,0.21295795497218298,91.79239219141093,50.53842339857696,2705.9474357649306,25.400907976639512,49.6214764211041,3326.367844322458,22.8396172538113,66.64622973388956,4.93655251555586,278.94182700551573,102.45447261615442,91.95093702166784,31.8371572528863,15.060426789337987,19.193992711275932,5.87250231917738,16.35174257494936,4.096183706880923,32.73607910523399,21.720167026611644,12.632610876154734,0.7410612291847125,16.17805170589192,5.362497127629983,6.529121252213652,3.2644015074689974,0.014818732776024603,0.5770796400287557,0.17028360731159836,54.291238912143136,44.61220979208938,4
9.55,0.28271841092357575,3662.9363386721375,4438.520867107696,9.176143819891987,32.05928572635705,47.41508905409288,2799.9563514104116,65.09394207140973,122.88993455065201,0.21534914438162497,91.76542846961671,50.87149054310294,2705.638515909187,25.323370005641415,50.33163695903201,3325.656166003697,22.903205811245368,66.64609776653842,5.664063315864784,279.1059183886366,102.46813943598542,92.1505714915861,32.49860264458649,14.685606002227141,18.700141918537714,6.023778673519567,16.75509597818179,4.071176945771618,32.549856335669816,21.715494427403193,13.363661849672528,0.9704506961356508,16.266137447499716,5.3589443388581754,6.659976645720843,3.267460203258329,0.014818732776024603,0.5770796400287557,0.17028360731159836,54.291238912143136,44.61220979208938,4
9.6,0.28404824503116005,3662.813233852132,4458.187267094087,9.244703870713504,32.05822681502855,47.511746554683384,2800.3779905355673,64.38748885222418,122.89601759778196,0.21579057232903023,91.79829416131635,50.89674728526535,2705.885250976895,25.2024292336401,48.74192453397194,3325.8382271895043,23.01723261747529,66.66320793229768,5.637731969012596,279.19144932429117,102.45634607708729,92.0751075556767,32.49860264458649,14.685606002227141,18.700141918537714,6.023778673519567,16.75509597818179,4.071176945771618,32.549856335669816,21.715494427403193,13.363661849672528,0.9704506961356508,16.266137447499716,5.3589443388581754,6.659976645720843,3.267460203258329,0.014818732776024603,0.5770796400287557,0.17028360731159836,54.291238912143136,44.61220979208938,4
9.65,0.2752189847724398,3630.103912531461,4449.879429089557,9.229495094747097,32.383818495194994,47.37897108496536,2798.858875994351,64.15353401298785,122.87491109166277,0.2134605815270108,91.62836720463636,50.93050561413565,2704.844763506547,25.258079789793904,50.88471844825377,3324.0679604776433,22.927088691484432,66.64895545898626,4.688732786542065,279.3314755893503,102.49296702612175,91.89635389849522,32.221302011878876,14.831043487656446,18.913374906210755,6.086005060882605,16.418916868408836,4.079546207058032,32.69095227070415,21.68249063496888,13.014752839129962,0.9324422923749526,16.12627046105227,5.390813985869805,6.6685867946221,3.29334776248484,0.014818732776024603,0.5770796400287557,0.17028360731159836,54.291238912143136,44.61220979208938,4
9.700000000000001,0.2765818485978531,3643.2939450219137,4448.916053737411,9.148227988828044,32.14746312138913,47.41701913434725,2799.9282235003748,65.35298228788551,122.90267897684755,0.2132222712283656,91.79849138070212,51.29673526557993,2705.755202486924,25.1680388480182,49.33945593086211,3325.584236416661,22.997843272176883,66.61611772687266,4.075010874971273,279.6857935459104,102.45501955961315,92.24156594731315,32.221302011878876,14.831043487656446,18.913374906210755,6.086005060882605,16.418916868408836,4.079546207058032,32.69095227070415,21.68249063496888,13.014752839129962,0.9324422923749526,16.12627046105227,5.390813985869805,6.6685867946221,3.29334776248484,0.014818732776024603,0.5770796400287557,0.17028360731159836,54.291238912143136,44.61220979208938,4
9.75,0.2746564712041341,3631.7756426227356,4468.677216337018,9.13053133747451,32.59810541320443,47.31833648503188,2799.800368057223,66.06194220312369,122.88491275314418,0.21115580400637782,91.74937165695964,50.2524564484579,2705.165369416782,25.333467702768065,49.52313322283395,3325.885740155235,22.834001315967004,66.61207031023002,5.6755691998130855,279.2032751632388,102.4716713453587,92.02687075514464,31.701839043226364,14.872294134863452,18.386146074184936,5.897911042623331,16.73025066023742,4.042476411658965,32.92153469159775,22.003772751224158,13.013355153014054,1.0226974128314597,15.866736039940264,5.372867691166317,6.65252724137155,3.2881917930554785,-0.004213594223521843,0.5847942503004242,0.202690652131652,54.032006355011724,44.31482091046724,4
9.8,0.2750899947389608,3645.1067537683066,4475.0878662721125,9.208697751054919,32.76120431127851,47.48815354086045,2799.9374116251297,65.0978464079307,122.91381194293082,0.20722464289557638,91.71651528018502,51.65209128598719,2705.631710049988,25.416303695866816,49.19960588297897,3325.6338267177175,22.952403675510165,66.62049431981193,6.536948415864616,279.37351845512,102.46677237904787,92.14576480246811,31.701839043226364,14.872294134863452,18.386146074184936,5.897911042623331,16.73025066023742,4.042476411658965,32.92153469159775,22.003772751224158,13.013355153014054,1.0226974128314597,15.866736039940264,5.372867691166317,6.65252724137155,3.2881917930554785,-0.004213594223521843,0.5847942503004242,0.202690652131652,54.032006355011724,44.31482091046724,4
9.85,0.274199585622707,3640.5398359370674,4483.485892767341,9.2313360620305,32.33473515255467,47.27631910812766,2799.899688929528,64.26112103302889,122.90829832883406,0.2089703038714721,91.71775029296752,50.368294642719974,2705.6401298628957,25.07938477737582,50.593313813443004,3326.1738902166153,22.9764359116071,66.62711816262193,3.9648525613335464,278.96328157580047,102.47016070392536,91.97848304617284,32.48972376235793,14.866538482803563,18.862774226917555,5.920812532573657,16.694545940548807,4.025043867608877,32.8266703457504,21.771001463381925,13.409145751508166,1.0081388956750579,16.196252433855737,5.419694104801878,6.624349983272425,3.264834681485911,-0.004213594223521843,0.5847942503004242,0.202690652131652,54.032006355011724,44.31482091046724,4
9.9,0.27157028852314,3643.216636431804,4477.5452468378835,9.323421207237825,32.33017329517047,47.42584353736816,2799.8745855349475,65.12530128320807,122.88886096006445,0.21062694039373492,91.72350940081792,51.224055786202406,2706.2054561330333,25.36828891921865,51.16099879314617,3326.311290586944,23.0113710429328,66.58760446560525,3.1476591665374363,279.2048632253121,102.4621309812565,92.11731824100063,32.48972376235793,14.866538482803563,18.862774226917555,5.920812532573657,16.694545940548807,4.025043867608877,32.8266703457504,21.771001463381925,13.409145751508166,1.0081388956750579,16.196252433855737,5.419694104801878,6.624349983272425,3.264834681485911,-0.004213594223521843,0.5847942503004242,0.202690652131652,54.032006355011724,44.31482091046724,4
9.950000000000001,0.2697664249565392,3647.912758854082,4455.29795667765,9.25383917914625,32.62310693046996,47.66333362177538,2800.6684271116856,65.29696073427907,122.89959117672441,0.21240728702619874,91.80988793163644,49.57082800831498,2706.9418792238084,25.323683552705457,48.54690715877072,3326.8011746087036,22.9027677594736,66.60007282800278,3.416993315446298,279.0933854534311,102.44947345299863,92.29827532825544,31.967177091274543,14.840871297198062,19.092652002285764,6.119902757144456,16.587693710002956,4.041571304045799,32.941430557918395,21.494174196677186,13.030961960196858,0.9420470611928429,16.082791010586348,5.382103892656236,6.692701148603255,3.2396307601573584,-0.004213594223521843,0.5847942503004242,0.202690652131652,54.032006355011724,44.31482091046724,4
10.0,0.27109022129204163,3660.855879640352,4424.333916829189,9.273537052178654,31.746908978117823,47.17970948925307,2800.3739532972727,64.21394537982262,122.88905128134945,0.21530895221219157,91.77735058472713,51.89451311693725,2706.3726281166737,25.387833202431487,50.573641920431115,3326.437454925844,22.738869548432238,66.62562105865544,3.312294051564407,279.17482343270905,102.44895738210218,91.96619653766265,31.967177091274543,14.840871297198062,19.092652002285764,6.119902757144456,16.587693710002956,4.041571304045799,32.941430557918395,21.494174196677186,13.030961960196858,0.9420470611928429,16.082791010586348,5.382103892656236,6.692701148603255,3.2396307601573584,-2.3179121185226692e-05,0.5870178597148092,0.19138657517696167,53.25993899291188,44.10206585087839,4
10.05,0.2723482792332237,3607.442518860041,4454.065944723719,9.204249168291247,32.18192081697941,47.18585564481879,2799.7172040542187,64.3296549425719,122.89945469587543,0.2166232691409173,91.75146414137143,50.24276252473861,2705.7843845623497,25.212689129406144,49.98953978223939,3325.714619874005,22.91346806860868,66.62438106790736,3.5925167692861457,279.4759966661761,102.45013762961597,92.229754562918,32.16731349493709,14.975287297514262,18.759038959007736,5.886618325550708,16.471167838002966,4.047818905407375,32.79060217468014,21.76052887672603,13.062633168021883,0.8989779319175613,16.143945222418765,5.35530189670877,6.503476866031248,3.289369988049885,-2.3179121185226692e-05,0.5870178597148092,0.19138657517696167,53.25993899291188,44.10206585087839,4
10.1,0.2772990519490654,3663.9194476333273,4405.454754467656,9.140657224749091,32.20878022966728,47.06428332653257,2799.796822587924,65.74252830670112,122.90179700418217,0.21558450779669638,91.74705630906334,49.77873592566182,2705.5561394667798,25.149390339357097,49.08112260029844,3325.6189494460777,22.496855087068344,66.64764625293455,3.67765886459308,279.1009637031039,102.44022328503921,91.92141313466786,32.16731349493709,14.975287297514262,18.759038959007736,5.886618325550708,16.471167838002966,4.047818905407375,32.79060217468014,21.76052887672603,13.062633168021883,0.8989779319175613,16.143945222418765,5.35530189670877,6.503476866031248,3.289369988049885,-2.3179121185226692e-05,0.5870178597148092,0.19138657517696167,53.25993899291188,44.10206585087839,4
10.15,0.2758380976685967,3633.822606659185,4436.640196316352,9.16991641319173,32.34365455831689,47.518102414307435,2799.607751025756,65.12036452199098,122.90065696197206,0.21264397564862766,91.76153430757522,51.09679803803724,2705.6010148778055,24.97386212082915,52.575200431812796,3324.842149872578,22.93721483587791,66.6185114674087,2.2372149030626884,279.8025375697156,102.44033963297058,92.40752404658242,32.287207651630716,14.849609702804248,18.532834533075782,5.959600689859622,16.578794792275374,4.085677619793287,32.78120516301024,21.68456449813622,13.237668851785484,0.7888033177785992,16.45267501022401,5.346176800478473,6.648784935350678,3.3153793698616436,-2.3179121185226692e-05,0.5870178597148092,0.19138657517696167,53.25993899291188,44.10206585087839,4
10.200000000000001,0.2754761075870451,3613.6433817610086,4435.041243690466,9.207572658844683,31.895775255845574,47.21533054761064,2799.200463265192,65.56426502939097,122.89871015017366,0.2154938930647248,91.72005691449768,50.068649683429875,2705.153099218886,25.331899763022413,50.52355947705913,3324.586058846472,22.941518807485675,66.63270226681604,5.4518024123610855,279.225665679591,102.42468463404572,91.8406161560016,32.287207651630716,14.849609702804248,18.532834533075782,5.959600689859622,16.578794792275374,4.085677619793287,32.78120516301024,21.68456449813622,13.237668851785484,0.7888033177785992,16.45267501022401,5.346176800478473,6.648784935350678,3.3153793698616436,-2.3179121185226692e-05,0.5870178597148092,0.19138657517696167,53.25993899291188,44.10206585087839,4
10.25,0.2737036141974455,3687.0414964746014,4413.207532487721,9.256730524029113,31.98692395896481,47.24798363220374,2799.134149589637,64.28789567726501,122.90758573461466,0.21159806010035864,91.71244722067199,50.53205988496712,2705.042545708682,25.29501097662867,49.248364532375575,3324.3503005238667,22.829864681886917,66.61202053690207,3.610552450185039,278.9972644366771,102.44190905120102,92.02236562759977,32.188800018893694,14.97141136274267,18.977142826300145,6.179808737653829,16.5139338707796,4.052433152582119,32.47205407464162,21.81922330333238,13.623190808320647,0.8076810624155324,15.856193649548764,5.367416760639353,6.625833374612358,3.2810234140722017,0.012016917914943711,0.5674793527366765,0.17938492392140254,54.11684976516292,44.01738733090317,4
10.3,0.27187520797288267,3662.712003837486,4489.099309530459,9.21489289126112,32.189493314596255,47.314376537122854,2800.247219980363,65.73975746424497,122.90365333832928,0.21075295171429975,91.76221385976241,50.14486328433308,2705.7049399780935,25.292004553564983,50.69171298751229,3324.572934782033,22.950477200151692,66.59651405565815,5.39042047546152,279.3967253903929,102.44456596539433,92.20217315424235,32.188800018893694,14.97141136274267,18.977142826300145,6.179808737653829,16.5139338707796,4.052433152582119,32.47205407464162,21.81922330333238,13.623190808320647,0.8076810624155324,15.856193649548764,5.367416760639353,6.625833374612358,3.2810234140722017,0.012016917914943711,0.5674793527366765,0.17938492392140254,54.11684976516292,44.01738733090317,4
10.35,0.27151132180133414,3666.365656774868,4418.455247510259,9.218957443260459,32.065909275801616,47.24021942949867,2800.2666057730057,64.75020434722192,122.89326350675604,0.2104850012674246,91.86110370132191,49.21610348277844,2705.607012492358,25.30800237971952,49.58689035117118,3325.919652462036,22.92311742659688,66.63471337350131,2.992765849358743,279.3738759936042,102.42412610415495,92.18909451955601,32.701379863609375,15.035718381889692,18.840248834777707,6.156706042816446,16.812736875795004,4.007084614899883,32.9546224067081,21.67673522590567,13.072581917274816,0.8091673609451097,16.406665711134423,5.358032144890434,6.569091906401518,3.234231185274374,0.012016917914943711,0.5674793527366765,0.17938492392140254,54.11684976516292,44.01738733090317,4
10.4,0.2730091914695272,3630.084789928989,4488.675643653404,9.23109427440393,32.133352640298554,47.23669763977485,2798.541157718294,64.89849946118565,122.89771403135066,0.20969950475518553,91.71343952191546,49.265332146402116,2704.6106499124476,25.161805447331073,50.73725991509339,3323.478934667431,23.1880910295775,66.64604262484464,7.480372419861216,279.4512943037696,102.4609021700553,91.98793020980702,32.701379863609375,15.035718381889692,18.840248834777707,6.156706042816446,16.812736875795004,4.007084614899883,32.9546224067081,21.67673522590567,13.072581917274816,0.8091673609451097,16.406665711134423,5.358032144890434,6.569091906401518,3.234231185274374,0.012016917914943711,0.5674793527366765,0.17938492392140254,54.11684976516292,44.01738733090317,4
10.450000000000001,0.27049106788476973,3654.1246845819,4469.347671752068,9.286815733334477,32.104222044164985,47.42047287390032,2799.2686709225122,65.67259078178587,122.89371860030899,0.20634556655997335,91.83956237741766,50.33275383499813,2705.2789977146153,25.039293000489817,49.99017864743659,3324.695994134465,22.91560459757987,66.63615976191466,6.022981522950092,279.3953514995482,102.43677396610774,92.23759778002024,32.1863093025891,14.715023413398812,18.516603417488923,6.0199110523746135,15.966435939781178,3.985544359407264,32.60786402551379,21.645438522879413,12.914751219401564,0.6778711466962688,16.126841944324735,5.369919165425712,6.620091699268766,3.246981750662956,0.012016917914943711,0.5674793527366765,0.17938492392140254,54.11684976516292,44.01738733090317,4
10.5,0.2706978481560873,3655.825561506072,4444.687804008437,9.225969958645528,32.16000798796147,47.15116678905715,2798.549555974238,65.48763085349768,122.89005155434876,0.20692612083996684,91.78212103942352,48.30904998498136,2704.2119578244615,25.47719283647181,49.97519719946978,3324.7780646484684,22.86482768040519,66.64191179070482,6.2088609143094375,279.53302752701376,102.46018069079932,92.0210614937692,32.1863093025891,14.715023413398812,18.516603417488923,6.0199110523746135,15.966435939781178,3.985544359407264,32.60786402551379,21.645438522879413,12.914751219401564,0.6778711466962688,16.126841944324735,5.369919165425712,6.620091699268766,3.246981750662956,-0.0015352329456633836,0.5660379669950951,0.1747672862071707,54.011684028484844,45.014789561333686,4
10.55,0.2694463191522425,3671.4446238390765,4477.245800613218,9.303633000016454,32.42653959934058,47.366487336435355,2799.207950316772,65.4986257930387,122.9047368662318,0.20270517569773763,91.7316759918812,50.72705135310628,2704.0319068253016,25.251441488173224,49.066962422917705,3324.5314678596305,22.773833865315986,66.63424144688561,5.222501594269756,279.23125219254416,102.4595074894641,91.97023140796523,31.90735295058338,14.847967868851121,18.73752188669795,6.090987879304619,16.63005702854692,4.0401232777446054,32.689687808249566,21.851936634766236,13.242583369141872,0.9614123423707274,16.010041742672165,5.433447064976213,6.660347907423275,3.1602973772458123,-0.0015352329456633836,0.5660379669950951,0.1747672862071707,54.011684028484844,45.014789561333686,4
10.6,0.2674613657071399,3658.6411908290183,4428.317615200494,9.249676961005664,32.0788246175809,47.41555461462116,2799.4654716955483,64.69105486954373,122.90659403225338,0.20028802006723273,91.86099591967195,50.99010463004659,2705.785807549991,25.186130206261122,49.684852477351754,3324.97483416237,22.875502739997163,66.63359780906528,5.422335483131235,279.7367018736762,102.45004321374839,92.43078290787713,31.90735295058338,14.847967868851121,18.73752188669795,6.090987879304619,16.63005702854692,4.0401232777446054,32.689687808249566,21.851936634766236,13.242583369141872,0.9614123423707274,16.010041742672165,5.433447064976213,6.660347907423275,3.1602973772458123,-0.0015352329456633836,0.5660379669950951,0.1747672862071707,54.011684028484844,45.014789561333686,4
10.65,0.2705010455894746,3654.463890413604,4443.775548222629,9.182478016770759,32.05496541811362,47.26628554048961,2800.305948146555,64.73173959440614,122.90328210037305,0.2036678700244091,91.7718706601425,50.88427029785811,2705.773057313996,24.999071715599147,50.78119458320376,3325.70201766239,22.748456056079633,66.652438486475,3.1364423467337392,279.22838184069457,102.44164711212561,91.83659049846133,32.651767491826675,14.913280121941256,18.496521523393483,5.946367443927114,17.03473082506947,4.044494346670771,32.54389726228663,21.693137690437883,12.764621509977012,0.8872264577413161,16.17999930911472,5.3294611867746715,6.640932262821767,3.3503999920807015,-0.0015352329456633836,0.5660379669950951,0.1747672862071707,54.011684028484844,45.014789561333686,4
10.700000000000001,0.2712229076043673,3627.281005482268,4451.21708386879,9.175980261489519,32.17322581730586,47.242668672058876,2798.7303879815927,63.863623005437915,122.90191023145232,0.20239248952463063,91.69406783690883,51.347051108509646,2704.929649703179,25.102217473781796,49.16105931860281,3325.1537721992745,22.945780121657528,66.60743956245385,3.7061559217429414,279.45069446408553,102.45777844583006,92.04893435729794,32.651767491826675,14.913280121941256,18.496521523393483,5.946367443927114,17.03473082506947,4.044494346670771,32.54389726228663,21.693137690437883,12.764621509977012,0.8872264577413161,16.17999930911472,5.3294611867746715,6.640932262821767,3.3503999920807015,-0.0015352329456633836,0.5660379669950951,0.1747672862071707,54.011684028484844,45.014789561333686,4
10.75,0.2656666624264497,3703.503853865252,4436.661153599213,9.219419056020216,32.32042170159233,47.21644123797003,2800.5175819172455,64.89570481178932,122.9014506116567,0.20097914250927446,91.7797914481419,48.683428708985524,2706.546587099517,25.364850315869415,50.07116474107167,3326.607181467991,23.01649919059365,66.60880840983158,5.255818166659019,279.79178260990506,102.46430363278694,92.2379112410817,32.63111221650266,14.912342459798365,18.94413566519326,5.8619060105553515,16.92734433446983,4.020532188285072,33.10638727656435,21.76758620455904,13.398059642901826,0.8207888529227351,16.309327434898478,5.381677281658096,6.676543005198534,3.2330847997220578,0.012310638541211859,0.5528536317977027,0.18839182417991943,53.700197289096494,42.81281798171061,4
10.8,0.26468073091216987,3624.4067433797973,4447.728187305417,9.216755011135554,32.35452954864705,47.5340770878795,2801.32568888446,65.118256832831,122.89456554599157,0.2015588008397955,91.8800251379836,52.975300627116916,2706.390108592276,25.06341643506287,50.61401877585194,3326.9112103492553,22.77936225167201,66.63636661310257,4.797710121594654,279.4686695165641,102.451629589111,92.20300586168483,32.63111221650266,14.912342459798365,18.94413566519326,5.8619060105553515,16.92734433446983,4.020532188285072,33.10638727656435,21.76758620455904,13.398059642901826,0.8207888529227351,16.309327434898478,5.381677281658096,6.676543005198534,3.2330847997220578,0.012310638541211859,0.5528536317977027,0.18839182417991943,53.700197289096494,42.81281798171061,4
10.85,0.2665246632293373,3626.891311283276,4446.947426389407,9.2135904224555,32.03013017052626,47.25029119772276,2800.1446155799317,64.90615920062372,122.8851011077817,0.20384863736417555,91.69877949747715,49.60090180406222,2705.1254463121595,25.254397411659443,51.58024345486624,3324.8545738059506,22.8058748882238,66.62740502732856,4.994278992556408,279.1230086531074,102.46763732958549,91.8888586602899,32.39027918455371,14.978373739145818,18.625466631489665,6.0473112790851316,16.598264286449098,4.033164627184813,32.67399706090737,21.657317976689352,13.476594613683694,0.977167315006807,16.50270759616704,5.368504202924831,6.613878614486522,3.2287120293432663,0.012310638541211859,0.5528536317977027,0.18839182417991943,53.700197289096494,42.81281798171061,4
10.9,0.2638962029340806,3622.6324558666834,4438.835621682387,9.261842208602499,32.11834944288852,47.67219396783256,2800.285001993845,65.58546985655707,122.88956841366902,0.20459651139549642,91.83872237277622,51.10622201856701,2706.7243893184027,25.261988432577642,48.524731890695,3326.088177820731,22.904798548338654,66.62518749192813,4.51152531121697,279.3955719182785,102.44662221432435,92.48331268303531,32.39027918455371,14.978373739145818,18.625466631489665,6.0473112790851316,16.598264286449098,4.033164627184813,32.67399706090737,21.657317976689352,13.476594613683694,0.977167315006807,16.50270759616704,5.368504202924831,6.613878614486522,3.2287120293432663,0.012310638541211859,0.5528536317977027,0.18839182417991943,53.700197289096494,42.81281798171061,4
10.950000000000001,0.2640239712322602,3655.0191908876413,4427.891696247331,9.2587859059002,32.493815181927,47.169221069568124,2800.403141399146,65.8475344544578,122.8990146545478,0.2071475975158315,91.7352497503346,49.35020802061378,2705.4976425204823,25.17004042042202,51.290727721644316,3326.081283562039,22.886556364146024,66.67202224403509,3.4284855087233903,279.3016586544372,102.4538397375069,91.88042835844897,31.82290391314364,14.992933934709257,19.28317640402946,5.9382998380228305,16.707864319482233,4.025859707138558,32.613809150093125,21.77663720617612,13.23022135895607,1.0036685552167148,16.207888312802595,5.4106585937990825,6.65575405188751,3.1772196120518257,0.012310638541211859,0.5528536317977027,0.18839182417991943,53.700197289096494,42.81281798171061,4
11.0,0.2633362952284959,3628.7932067067363,4439.048045924163,9.30738990907579,32.308714397664566,47.43957075607825,2798.8965785002442,65.44170501369501,122.89871495029888,0.20371202842871242,91.7357544635055,49.381536608586764,2705.4927542921796,25.49115868498938,49.46903858766303,3325.1502803306603,22.85689517920173,66.61226123617168,2.4922697785657064,279.72575101560346,102.45317153596771,92.19302957948723,31.82290391314364,14.992933934709257,19.28317640402946,5.9382998380228305,16.707864319482233,4.025859707138558,32.613809150093125,21.77663720617612,13.23022135895607,1.0036685552167148,16.207888312802595,5.4106585937990825,6.65575405188751,3.1772196120518257,0.03165770818789015,0.5808397442006322,0.18942419732977944,52.94794581749259,44.213033268025804,4
11.05,0.2686900346633244,3641.725396383563,4462.7661592365475,9.206938150910814,32.10436844391756,47.16184880860162,2800.1987985144197,65.3782650001726,122.91335756429488,0.20340583782267774,91.85175257872906,51.5644076405438,2706.0248032529285,25.34608190385907,52.137493009335145,3326.153168335791,22.756369792945307,66.62895203656683,4.624391238172543,279.71171728805484,102.45087139854971,92.23807257444633,32.397340408028086,15.019132119837607,18.68835108754041,6.112475619964323,17.030517481746585,4.025641083100463,32.74057106453763,21.680401723643698,13.05434227131757,0.9846945102383893,15.80368602950816,5.385030873394785,6.613379921510379,3.2612612436177666,0.03165770818789015,0.5808397442006322,0.18942419732977944,52.94794581749259,44.213033268025804,4
11.1,0.2739529976903256,3642.261931616723,4437.26232409257,9.216649841530982,32.58608464655501,47.51828368600496,2798.834062094717,65.34718317102744,122.90404918249072,0.20464110781663544,91.73239848127903,52.042419343215435,2704.5761693100753,25.25706234745203,50.38175495475591,3324.6802223498844,22.926777577538978,66.66177524244219,5.066919825422165,278.67903265754927,102.43942507935469,91.79503970825311,32.397340408028086,15.019132119837607,18.68835108754041,6.112475619964323,17.030517481746585,4.025641083100463,32.74057106453763,21.680401723643698,13.05434227131757,0.9846945102383893,15.80368602950816,5.385030873394785,6.613379921510379,3.2612612436177666,0.03165770818789015,0.5808397442006322,0.18942419732977944,52.94794581749259,44.213033268025804,4
11.15,0.2722572360465127,3652.9772490235696,4435.990184780435,9.228715460168987,32.37643397446756,47.6801203631568,2798.900419289688,64.83565266119798,122.8970345814954,0.19893261695929856,91.75187448746377,49.97274157820505,2704.6094607335885,25.214259307997025,49.30604639090704,3324.55970848857,22.96296629694022,66.6145811185074,3.408347085515601,279.4702982663023,102.45952679622003,92.26085624974931,32.11837665122424,14.877856563658575,18.31378737562072,6.005508664752874,17.024617065325558,4.063616579463422,32.80337830828433,21.642991051682323,13.453780840111387,0.935618783508989,16.30798227980629,5.402179336409335,6.59177942588238,3.3362080132941463,0.03165770818789015,0.5808397442006322,0.18942419732977944,52.94794581749259,44.213033268025804,4
11.200000000000001,0.26838083866872253,3625.018762281354,4446.847455584668,9.286205347194947,32.18916943037603,47.246827902151914,2799.7290251405543,65.57643561676589,122.90019166736452,0.19880417653692548,91.80472890841544,51.60630932027686,2704.7742664244784,25.509127978279476,51.531399934369446,3324.773902867119,22.91237641347152,66.63510105464682,3.8038694939017255,279.3759500942246,102.45612565783853,91.95477770211085,32.11837665122424,14.877856563658575,18.31378737562072,6.005508664752874,17.024617065325558,4.063616579463422,32.80337830828433,21.642991051682323,13.453780840111387,0.935618783508989,16.30798227980629,5.402179336409335,6.59177942588238,3.3362080132941463,0.03165770818789015,0.5808397442006322,0.18942419732977944,52.94794581749259,44.213033268025804,4
11.25,0.26834479427033026,3660.817516196288,4454.186579398775,9.264921555442601,32.06920145992982,47.53959904649727,2798.1322573107705,64.43732830276973,122.90892379013225,0.1981763627596534,91.67325260252154,50.69604724860274,2704.1979822374988,25.527165360411754,50.54108524478691,3324.3460217703723,22.90348239033905,66.61329790158088,4.089458692930819,279.00883662575575,102.45979147357554,92.08173978087954,32.35218850579061,14.876941139387384,18.957974532633415,5.986022848081881,16.20768198396241,4.046017459895429,32.92193037826652,21.642777069238125,13.329007984029364,0.9039047533353687,15.83685678428235,5.378213854361714,6.6409509322613465,3.231010352551777,0.031128200139178375,0.5739212837505744,0.18163667541789563,52.92365444673813,44.262415792289076,4
11.3,0.26459861040393134,3682.7939837345484,4450.0496805249795,9.247717876922966,31.8125587475853,47.58795651997356,2800.096550162772,65.50500798099324,122.88351371472876,0.19748148050756925,91.7929736150886,48.7994249162873,2706.015211832864,25.322605932567086,49.72422421593267,3325.8137207590435,22.939115705796503,66.59446338561034,4.519271812526039,279.42412410224705,102.42361279118396,92.1464208120645,32.35218850579061,14.876941139387384,18.957974532633415,5.986022848081881,16.20768198396241,4.046017459895429,32.92193037826652,21.642777069238125,13.329007984029364,0.9039047533353687,15.83685678428235,5.378213854361714,6.6409509322613465,3.231010352551777,0.031128200139178375,0.5739212837505744,0.18163667541789563,52.92365444673813,44.262415792289076,4
11.35,0.26545098429223307,3665.063537092563,4459.772438073782,9.154279890561469,32.14686673744691,47.74653782866207,2799.67270056114,64.69554703638298,122.88734966883472,0.19704928553665713,91.7654388532969,51.81002028894417,2705.589612988982,25.252579303451373,49.78674150489924,3325.3767606642627,22.839193256099435,66.61410438512613,4.1828011875599636,279.4960567601381,102.43079016767882,92.07846875287532,32.660580098091245,15.007135398794617,18.74739592243781,6.127593377175294,16.568740989058405,4.063855904341373,32.89288362378872,21.856206670240393,13.196935285791604,1.0957402866734107,16.52109157724604,5.393254046134683,6.600042076077785,3.1622638285811306,0.031128200139178375,0.5739212837505744,0.18163667541789563,52.92365444673813,44.262415792289076,4
11.4,0.26717715146391147,3675.571690698131,4430.809803232686,9.321506845409937,32.441388402224355,47.54300911450241,2798.9351037082233,64.84773573022292,122.89846275654803,0.19628891412825974,91.71441104260188,50.51795816252533,2705.1343529915575,25.353042259566365,49.19728429026631,3324.6344718689197,23.04563095750285,66.61234222682725,5.4209160597337736,279.31631726995045,102.44947447670313,92.10512558538954,32.660580098091245,15.007135398794617,18.74739592243781,6.127593377175294,16.568740989058405,4.063855904341373,32.89288362378872,21.856206670240393,13.196935285791604,1.0957402866734107,16.52109157724604,5.393254046134683,6.600042076077785,3.1622638285811306,0.031128200139178375,0.5739212837505744,0.18163667541789563,52.92365444673813,44.262415792289076,4
11.450000000000001,0.26725396667563545,3653.77802385748,4417.201143105607,9.208201983232504,32.284906715736135,47.243450478847876,2799.1690009709046,64.59533630858544,122.91118324778442,0.19518671725198988,91.81879760987759,51.62998402574694,2705.4934153601484,25.421957118071838,51.695550575726294,3325.3044623026262,22.651074621800934,66.6161524914439,2.1668012959881913,279.56486343145286,102.432619359969,92.15503476002438,32.299534526684724,14.793368940591966,19.040043058643004,5.951193183425421,16.50332228638266,4.046933081458626,33.43041738432888,21.891012420016693,13.40411217508148,0.9337342668046874,15.652381211835554,5.361750879711617,6.5972579748479365,3.2272794851890767,0.031128200139178375,0.5739212837505744,0.18163667541789563,52.92365444673813,44.262415792289076,4
11.5,0.26511763310912406,3663.1892109488067,4436.032425841382,9.208631471408925,32.12829509513157,47.356785667852954,2798.310493653268,64.97585769736943,122.9067178230718,0.19405398585670647,91.6806267946505,50.162506971366795,2703.9190207470983,25.355033933015342,49.44331444832801,3323.8812431973856,22.78330390931308,66.6279186039848,5.666195169457697,279.28257699317,102.4074898500704,91.77413157893562,32.299534526684724,14.793368940591966,19.040043058643004,5.951193183425421,16.50332228638266,4.046933081458626,33.43041738432888,21.891012420016693,13.40411217508148,0.9337342668046874,15.652381211835554,5.361750879711617,6.5972579748479365,3.2272794851890767,0.011794293168928535,0.57641074565509,0.17845835626296652,55.0066459776936,44.224045394991116,4
11.55,0.26641746305882297,3661.6899943090407,4452.138084067023,9.205420096324762,32.077442554659974,47.2189404272622,2799.435534035821,64.85759170335794,122.91044409083788,0.1922249518161311,91.80728747735908,50.288977579649895,2704.971720956092,25.33973581883295,49.85307699669356,3325.2544656778055,22.950356540177026,66.63541947469591,3.8300665536751106,279.1852801701831,102.42698828795157,92.14424383959717,32.50848646974829,14.944306138142844,18.926381232746223,5.9522952100623,16.681785957070502,4.06409306330326,32.49824211955282,21.837368298659502,12.946249269475047,0.8795998017748392,16.116814528097606,5.371798505118091,6.592702346278157,3.218824511194362,0.011794293168928535,0.57641074565509,0.17845835626296652,55.0066459776936,44.224045394991116,4
11.6,0.2684432996010132,3656.215994969837,4439.947689466386,9.174068869277432,32.10251759047263,47.51262129222754,2798.780180828526,65.36827051665472,122.9087605308535,0.18772995170600723,91.7493678211459,50.44817496245666,2704.731175280293,25.31993241331543,53.08284429649125,3324.492632256829,23.01661008390877,66.63054720347932,4.803452467596149,279.6250733679887,102.44873311011784,92.02384386488777,32.50848646974829,14.944306138142844,18.926381232746223,5.9522952100623,16.681785957070502,4.06409306330326,32.49824211955282,21.837368298659502,12.946249269475047,0.8795998017748392,16.116814528097606,5.371798505118091,6.592702346278157,3.218824511194362,0.011794293168928535,0.57641074565509,0.17845835626296652,55.0066459776936,44.224045394991116,4
11.65,0.2694477574025628,3676.0532732176957,4460.418438943049,9.250044020284161,31.95436322179167,47.51861845621886,2799.7370125300304,65.33335094574109,122.91125606294747,0.19062076582033027,91.78592883320952,50.38095942187203,2705.6061212295926,25.334263779816,50.03006281333079,3325.5041399716165,22.799479227209087,66.64194371198117,4.783179038929389,279.77397750076796,102.43904800489996,92.28067280121847,32.18649864147556,14.76842457466848,18.377344479121177,5.850906502158955,16.8672115084496,4.05398890622441,32.87080187373786,21.842321036383943,12.941538443458647,0.9914929910851285,16.206243366723587,5.40185989388731,6.7175105965022075,3.2127788712428513,0.011794293168928535,0.57641074565509,0.17845835626296652,55.0066459776936,44.224045394991116,4
11.700000000000001,0.26724705147138716,3642.325067299223,4455.603413312238,9.30786836408949,32.22708236414631,47.79829936942049,2800.5683244420106,65.2333103824368,122.88041019152828,0.19146091895641335,91.81635631776344,51.29907322262314,2705.87382166392,24.97480905921402,48.04253754339846,3326.6137661255716,22.99091569155205,66.63690913106224,4.166543132806272,279.46018546596054,102.43570022125357,92.10031356099266,32.18649864147556,14.76842457466848,18.377344479121177,5.850906502158955,16.8672115084496,4.05398890622441,32.87080187373786,21.842321036383943,12.941538443458647,0.9914929910851285,16.206243366723587,5.40185989388731,6.7175105965022075,3.2127788712428513,0.011794293168928535,0.57641074565509,0.17845835626296652,55.0066459776936,44.224045394991116,4
11.75,0.26582854442471104,3630.698499755434,4499.070716882546,9.317391219949203,32.46647223460172,47.31125066469267,2800.4851510705066,65.62301817441298,122.89322129666195,0.19065060318988977,91.72152053853513,50.220949157913104,2706.4334795222694,25.24313246020023,49.28036535989911,3326.0817504171273,22.872826540213687,66.60454575993973,4.145504374271319,279.5828009446594,102.45975874444404,92.08965410256793,32.495817106007806,15.020193273703715,18.450089253185794,6.042374321267549,16.675933214001606,4.008173115359665,32.752752521552566,21.726842683018198,13.620945446880558,0.8566307433120407,16.345755624725374,5.39570840900565,6.68184386382117,3.229714026185554,0.011830399807190913,0.5811919505331059,0.18309502050576332,53.704593570015334,43.80834407149853,4
11.8,0.2636497086143211,3595.333639758341,4456.1261414489645,9.240491429210865,32.54149015127235,47.53566178721122,2801.2415302926042,65.09343054270083,122.90040743303223,0.19198561542185866,91.73426277742902,52.21805705732076,2706.3376017100286,25.14218709460423,50.87461356567232,3326.9309267859885,22.859133750479216,66.615992876214,2.7395493658423984,279.4102601049307,102.47042145659604,92.06606685033886,32.495817106007806,15.020193273703715,18.450089253185794,6.042374321267549,16.675933214001606,4.008173115359665,32.752752521552566,21.726842683018198,13.620945446880558,0.8566307433120407,16.345755624725374,5.39570840900565,6.68184386382117,3.229714026185554,0.011830399807190913,0.5811919505331059,0.18309502050576332,53.704593570015334,43.80834407149853,4
11.85,0.26119653342271326,3648.64854634815,4427.527824851357,9.139031232139082,32.17379107382703,47.65870967039071,2801.669285678078,65.11680435810216,122.8975927206831,0.19665042696531854,91.71918370917442,51.218543058636214,2707.429468016658,25.30358374306632,49.28136408480165,3327.6999054008634,22.82878136622509,66.59733488112154,6.481723684262585,279.231692664346,102.45475158630053,92.07471107709333,32.47175932102224,14.789435633942492,18.415316204062286,5.929694490414958,16.27939453731749,4.065595392822111,32.13277469940819,21.788375610003595,12.79662521457771,0.8726497473328746,16.299433594424134,5.43888114938759,6.552963061640494,3.259507336577066,0.011830399807190913,0.5811919505331059,0.18309502050576332,53.704593570015334,43.80834407149853,4
11.9,0.25724608697083656,3674.542495247653,4421.119570494321,9.200478221550838,32.65929569216118,47.65625980675247,2802.6194168760917,64.96192590433111,122.9069252761021,0.2001942116429268,91.85346397572278,50.35991136087527,2708.465730782013,25.224445871989264,49.256624921095494,3328.923478635596,23.13161172656865,66.60168135120844,4.263153757221029,279.3679561781148,102.4441119609089,92.26531464194446,32.47175932102224,14.789435633942492,18.415316204062286,5.929694490414958,16.27939453731749,4.065595392822111,32.13277469940819,21.788375610003595,12.79662521457771,0.8726497473328746,16.299433594424134,5.43888114938759,6.552963061640494,3.259507336577066,0.011830399807190913,0.5811919505331059,0.18309502050576332,53.704593570015334,43.80834407149853,4
11.950000000000001,0.2574586450791467,3637.4912394010626,4454.0994120384585,9.347779685212132,32.48586516456473,47.451336159376666,2802.1128617161057,65.12046508856497,122.89483534287706,0.20640243265906633,91.73196458139105,48.35549778918697,2707.538438487254,25.395871394980137,50.664353590566975,3327.8968085132924,22.868493357084578,66.6291209135944,4.129171492873562,279.0549788813,102.43538147716623,91.77372658010906,32.44469524026534,14.886861362584229,18.886264667717665,5.9780704323639435,16.786620073187127,4.024610636174114,32.84731695177736,21.670804117684025,12.903959005702973,1.0181457580320916,16.14334768914068,5.384085073990815,6.613901670763645,3.229200386299911,0.011830399807190913,0.5811919505331059,0.18309502050576332,53.704593570015334,43.80834407149853,4
12.0,0.2543165468349316,3634.265983246763,4459.98959721971,9.229804652978917,32.52030777978772,47.281319125923986,2802.181351327391,65.70646042319875,122.9069451283846,0.20818953482901717,91.72755577611433,52.02740949512339,2708.0097407411686,25.30085354895818,49.703474074278475,3327.9702373791047,22.926512921108003,66.59676467917376,4.777054026390173,279.34080312976363,102.45303115491234,92.33476214406024,32.44469524026534,14.886861362584229,18.886264667717665,5.9780704323639435,16.786620073187127,4.024610636174114,32.84731695177736,21.670804117684025,12.903959005702973,1.0181457580320916,16.14334768914068,5.384085073990815,6.613901670763645,3.229200386299911,0.03385943927754792,0.5570703666959163,0.1665555297797954,53.279164845686665,44.33158882151073,4
12.05,0.2564501385703455,3653.539889276938,4403.003862356208,9.283125250410833,32.09997766176747,47.19270045248286,2801.6680737279216,64.73413292997753,122.90136160288253,0.21260283338792305,91.80513473614167,50.54101907660471,2707.60862362186,25.072260306360214,51.400819754465886,3328.199379132922,22.94768143676657,66.60862326005758,4.861007891406885,279.14184122737663,102.4509216939343,92.06234532833163,32.79346932265093,14.85335215227439,18.442854677789846,6.161038986569354,16.097398112985395,4.01754543503578,32.52833262187397,21.893228693621968,13.363429280413635,0.9731726138014235,15.92124433139184,5.388319329078854,6.536741977678933,3.303053395773216,0.03385943927754792,0.5570703666959163,0.1665555297797954,53.279164845686665,44.33158882151073,4
12.1,0.2575641950160835,3626.6828017024604,4434.252466166878,9.214436477810155,32.47957447881186,47.46713652905679,2800.8172364052557,64.66217329832216,122.88482714947206,0.21497979896043906,91.75748827251529,51.085541967756676,2707.8507760799266,25.43808684116078,51.796208702139054,3327.487606549621,22.748011833996053,66.60487672202564,5.498755682012723,279.3135220665765,102.44355155327145,92.10104855042277,32.79346932265093,14.85335215227439,18.442854677789846,6.161038986569354,16.097398112985395,4.01754543503578,32.52833262187397,21.893228693621968,13.363429280413635,0.9731726138014235,15.92124433139184,5.388319329078854,6.536741977678933,3.303053395773216,0.03385943927754792,0.5570703666959163,0.1665555297797954,53.279164845686665,44.33158882151073,4
12.15,0.25563522823583906,3655.7071701791215,4450.517430094332,9.218519954176852,32.18407448838928,47.27349592455568,2801.272976782953,65.2397172417865,122.88533994712547,0.21692701759833152,91.71921128304344,52.37511845993734,2705.8895210928067,25.2349720743546,50.56124271842693,3326.951917180229,22.848532672548153,66.60067028864421,4.361917770952782,279.3578982641891,102.47998494000173,92.09160496014134,32.678002102961024,15.040228075419858,18.72727486470426,5.946038326484315,16.341341113082237,4.01849489704358,32.7185473294428,21.644245882072887,13.07637526531751,0.6728914105883548,16.319888941228015,5.380699065191324,6.601855433856135,3.317628982350719,0.03385943927754792,0.5570703666959163,0.1665555297797954,53.279164845686665,44.33158882151073,4
12.200000000000001,0.2545481472228716,3633.3122171158466,4403.498423362086,9.201672722679907,32.59584221236641,47.67567161822038,2801.131734231129,66.11336757611895,122.90106331635373,0.21751359372234838,91.8134035322312,49.54786887924599,2706.6755955216995,25.458025202277216,49.90455350071758,3326.596870254124,22.827393289798007,66.59656893514813,2.957604124947593,279.04153897923965,102.45483574105195,92.07814171727874,32.678002102961024,15.040228075419858,18.72727486470426,5.946038326484315,16.341341113082237,4.01849489704358,32.7185473294428,21.644245882072887,13.07637526531751,0.6728914105883548,16.319888941228015,5.380699065191324,6.601855433856135,3.317628982350719,0.03385943927754792,0.5570703666959163,0.1665555297797954,53.279164845686665,44.33158882151073,4
12.25,0.25404482374673937,3636.815521905037,4466.675307340755,9.193683595878015,31.898454841506698,46.90744370544738,2799.336591656923,65.86726906684692,122.91684960106075,0.21600931259288073,91.69060203822667,51.37977291735687,2705.891681208432,25.38684556600485,51.57414386782814,3325.1391553206413,23.026891574580198,66.60379528538071,5.720987576553206,279.16055298150553,102.48517048275973,92.10158317793895,32.21551655579617,14.877871685122106,18.846870194588508,6.1460709195697305,16.7611247141369,4.0637638825460645,32.89226914992939,21.888663430982565,13.100873182319537,0.7875152867125303,15.960600286637899,5.4199936591202125,6.592189383168953,3.264030781232333,0.009040201647977227,0.5734556757017508,0.18300171228108467,54.890266983811614,43.42035702310899,4
12.3,0.2523646619206741,3651.1932416348527,4415.666292541188,9.25360869218971,32.34872914277723,47.492089015841074,2799.327004637146,65.46577043098787,122.881037238363,0.21568192422084276,91.73383390016869,50.002734941109814,2704.7631318677036,25.114555216598962,49.94292654949069,3324.5377899409864,23.06181424971395,66.5963086181893,3.023406051313705,279.4117715195209,102.48136618948186,92.18115362584226,32.21551655579617,14.877871685122106,18.846870194588508,6.1460709195697305,16.7611247141369,4.0637638825460645,32.89226914992939,21.888663430982565,13.100873182319537,0.7875152867125303,15.960600286637899,5.4199936591202125,6.592189383168953,3.264030781232333,0.009040201647977227,0.5734556757017508,0.18300171228108467,54.890266983811614,43.42035702310899,4
12.35,0.253637271920167,3661.411897886288,4448.598032826105,9.191742666726615,32.20682630834334,47.354590198337526,2799.6104541170125,65.56480053444481,122.9082244321735,0.2150646700039064,91.73601833839845,49.437663696978426,2704.587165731405,25.262764582964824,51.158893458554324,3324.7850939974132,22.902536597460262,66.59654626790496,4.181948419845003,278.91166760027005,102.4796633637789,92.07317493942075,32.19320666135341,14.818524087414158,19.00425699748635,6.044502657741984,16.591666531165615,4.018182519648532,32.56820348740851,21.74154313541101,12.67322474061169,0.9198617549384035,15.705054524680197,5.384322652701492,6.587217624292283,3.16070189686108,0.009040201647977227,0.5734556757017508,0.18300171228108467,54.890266983811614,43.42035702310899,4
12.4,0.25947384679046503,3617.2558013183984,4417.667659423021,9.26919414237568,31.931631176871225,47.47433616720367,2798.9215719101294,64.9003788722431,122.90321439834176,0.2091373312471607,91.74742930022177,50.60237734260944,2704.703509367263,25.136549377249683,52.46423542356691,3324.672461821068,23.021615605734205,66.58604637645337,3.156286958489554,279.1872061363211,102.47851538343241,91.9395827424288,32.19320666135341,14.818524087414158,19.00425699748635,6.044502657741984,16.591666531165615,4.018182519648532,32.56820348740851,21.74154313541101,12.67322474061169,0.9198617549384035,15.705054524680197,5.384322652701492,6.587217624292283,3.16070189686108,0.009040201647977227,0.5734556757017508,0.18300171228108467,54.890266983811614,43.42035702310899,4
12.450000000000001,0.2619831194456995,3674.366775417403,4489.533039921025,9.202299136386802,32.28720786605341,47.264268839707064,2799.4565139863876,65.38595565979863,122.90790723196743,0.21083806441193867,91.79368025956761,49.626079985024376,2704.9524817543843,25.085661556834147,49.14380867856048,3325.1950915562848,23.009783539128595,66.62069171382792,6.093487403719479,279.2770417341099,102.47790799293634,92.14648444916689,32.41854667800832,15.046156073641379,19.13438114536187,5.9485917426199855,16.431543645910537,4.110490536677149,33.17337512455823,21.717503519392896,13.131793510438944,0.8783810019377906,16.03473294913744,5.402738345223989,6.675295178920145,3.2371785697491666,0.009040201647977227,0.5734556757017508,0.18300171228108467,54.890266983811614,43.42035702310899,4
12.5,0.2619563196552661,3650.52129001943,4423.247390102663,9.21314480399712,32.171150664371034,47.28365486659387,2799.6564100477135,64.79042554808734,122.89845402944358,0.20857843826944436,91.83225973808351,49.05996211579081,2705.302800368713,25.14999167409539,49.36988504997268,3325.7969525086028,22.85488620206975,66.63988290917092,5.215565314833721,278.97907054460956,102.47489253058684,91.97447661220811,32.41854667800832,15.046156073641379,19.13438114536187,5.9485917426199855,16.431543645910537,4.110490536677149,33.17337512455823,21.717503519392896,13.131793510438944,0.8783810019377906,16.03473294913744,5.402738345223989,6.675295178920145,3.2371785697491666,0.0072541833037371465,0.5587910901537428,0.19691022795318416,54.40525062090883,43.69178214034335,4
12.55,0.2643619725240354,3656.5892107231616,4473.656702506539,9.212045161745191,32.18913440353918,46.82735313369971,2799.82115202594,65.26312294040792,122.88054352811012,0.20753759554713766,91.7619437218641,52.08419717857666,2705.269559098999,25.235130903999696,49.40969824723253,3325.527696232138,22.826025905601004,66.65464190150111,5.225558756406201,279.1430965032407,102.50497515429612,91.94813705986294,32.369688531621094,14.859686922985222,18.68616926068552,6.110431202739287,16.762307921138948,4.060580404971404,32.77494183164449,21.639766327913865,13.293697031354494,0.8436159529423355,16.464266890428384,5.401851471231709,6.6710353167864005,3.286464265032587,0.0072541833037371465,0.5587910901537428,0.19691022795318416,54.40525062090883,43.69178214034335,4
12.6,0.26544068543594973,3611.3007884161752,4510.99287017311,9.26581415971408,32.264654949084516,47.62904453218008,2800.344249646931,64.42554084322667,122.89959220579973,0.20907716648235553,91.78906776046948,51.13562919746222,2705.258068401757,25.481046751840516,50.960255700260504,3325.492916287328,22.922680868435144,66.64334440893542,4.452420717706199,279.0349881747805,102.48289950069388,92.2129178552057,32.369688531621094,14.859686922985222,18.68616926068552,6.110431202739287,16.762307921138948,4.060580404971404,32.77494183164449,21.639766327913865,13.293697031354494,0.8436159529423355,16.464266890428384,5.401851471231709,6.6710353167864005,3.286464265032587,0.0072541833037371465,0.5587910901537428,0.19691022795318416,54.40525062090883,43.69178214034335,4
12.65,0.2639191652170548,3639.554991554833,4457.214753518462,9.18656218362598,32.37699251545323,47.187190456040724,2801.116886304235,64.79950272434071,122.88666447330236,0.20968411780709603,91.91204333487725,50.9358618788678,2706.6425119642067,25.22404408104011,49.39310226627686,3327.3239542344027,23.062329769823243,66.64865196833014,5.527498372890958,278.92368580038686,102.47007561735917,92.18128118295537,32.236589370016254,14.662874601015307,18.77001112096657,5.805222906243168,16.55823055463184,4.0429993799808495,32.441584411589055,21.77066525933564,13.139261177160023,0.821226409439828,15.988220797147282,5.405584498614857,6.7151167764777755,3.184773057244818,0.0072541833037371465,0.5587910901537428,0.19691022795318416,54.40525062090883,43.69178214034335,4
12.700000000000001,0.2604982780552706,3615.684749345413,4478.531636068684,9.269097576745501,32.482840919724424,47.40671952083103,2799.2209517054316,64.25693310408438,122.89025853498687,0.21208235490766025,91.65813049228161,50.821542846830546,2704.8768857229957,25.32538152305687,48.33503303054816,3324.956373378711,22.824529559382768,66.64940248198376,3.764289567758081,278.8118852793432,102.4982918527489,91.68048214127965,32.236589370016254,14.662874601015307,18.77001112096657,5.805222906243168,16.55823055463184,4.0429993799808495,32.441584411589055,21.77066525933564,13.139261177160023,0.821226409439828,15.988220797147282,5.405584498614857,6.7151167764777755,3.184773057244818,0.0072541833037371465,0.5587910901537428,0.19691022795318416,54.40525062090883,43.69178214034335,4
12.75,0.2620118705033629,3640.810240102787,4477.2965270841905,9.271203315734827,32.13445103717697,47.09051062773548,2799.745357954624,65.57075696308532,122.90575185416705,0.2084005523685231,91.72144301531891,49.23629072031197,2705.9694543976716,25.108025028143803,48.97898269602038,3325.567608772565,22.93727420267812,66.60193982930295,3.383395770320541,279.29962842957184,102.48941860165617,92.20441078928343,32.168007165236716,14.867650173673347,18.873503393315033,6.0821075053217495,16.23535694232501,4.023422981025213,32.78673288904641,21.66272827123251,13.363995085794315,0.968180977748922,16.315240817205634,5.369314420875408,6.627711605663114,3.210971145713996,0.024138037476763963,0.5730902964238086,0.19269119293233078,53.016473572473714,44.073106555393345,4
12.8,0.2612022743235478,3677.560450865465,4410.695609882435,9.250584129458169,31.64040707751404,47.66100215052084,2801.0152558155746,65.15891858056479,122.91455551623216,0.20938867900001248,91.77871332111295,50.83297075107446,2706.4011722627542,25.22132054869794,50.42799021415431,3326.479652396028,22.783534500709138,66.60032085183096,3.498894361719641,278.578839902667,102.4711645799265,91.77056484418559,32.168007165236716,14.867650173673347,18.873503393315033,6.0821075053217495,16.23535694232501,4.023422981025213,32.78673288904641,21.66272827123251,13.363995085794315,0.968180977748922,16.315240817205634,5.369314420875408,6.627711605663114,3.210971145713996,0.024138037476763963,0.5730902964238086,0.19269119293233078,53.016473572473714,44.073106555393345,4
12.85,0.26256188693273963,3648.9204799430254,4474.884330031514,9.260930631768774,32.170234192756524,47.82164694911511,2800.713768439225,64.721903980023,122.89986723380511,0.20738771688536822,91.73946469917229,49.771823425873244,2705.686107913863,25.144945624223343,49.757797007922946,3325.99531273796,22.910848474012695,66.55733121753275,4.053494618611122,279.1447145879913,102.49034254736922,92.14765271875052,32.297609568789085,14.803823532194086,19.036138949419666,5.970308531476084,16.602279981194858,4.079052446159994,32.14648404567392,21.88966469625771,13.419268313741384,0.8973182826794889,16.280195651037374,5.412355642697172,6.576790151271539,3.2985056068454766,0.024138037476763963,0.5730902964238086,0.19269119293233078,53.016473572473714,44.073106555393345,4
12.9,0.2645660039193746,3665.4811510086392,4439.0559667849575,9.249273019997778,32.19897729448424,47.31659315016948,2800.8208641449064,65.3212110357989,122.89998458550866,0.21065881319095178,91.80519944263962,49.246536813191334,2706.9620820557084,25.456726743578084,49.90286809334537,3325.7752665460557,22.838180899975285,66.56534557017754,3.664268239249015,278.6432630375904,102.45829248723423,92.17273745065556,32.297609568789085,14.803823532194086,19.036138949419666,5.970308531476084,16.602279981194858,4.079052446159994,32.14648404567392,21.88966469625771,13.419268313741384,0.8973182826794889,16.280195651037374,5.412355642697172,6.576790151271539,3.2985056068454766,0.024138037476763963,0.5730902964238086,0.19269119293233078,53.016473572473714,44.073106555393345,4
12.950000000000001,0.2639441770002287,3676.643102622599,4421.972480729819,9.180953834813089,32.19631869374657,47.30207157089562,2799.9263749971205,64.84960659004958,122.89078371971816,0.21239559246740558,91.73800221337247,49.504585683477174,2705.82974567995,25.304187665337988,50.54689992845568,3325.66881149743,22.987166692922948,66.5863117451137,4.776242918921815,278.7141916197448,102.46722410993847,92.01300270537615,32.42577320891224,14.906686007422266,19.10113738004557,5.993167768443952,16.902289721545426,4.0246446731818,32.63505018665732,21.898277674312865,13.410496495683883,0.7290967838841628,15.946775880165745,5.402229964898174,6.650253841204599,3.252246980896863,0.024138037476763963,0.5730902964238086,0.19269119293233078,53.016473572473714,44.073106555393345,4
13.0,0.2646486879525852,3668.326075029938,4423.321317990129,9.228858913552415,32.00667390929612,47.31745489865885,2798.914917056996,64.40875868741186,122.87532249570526,0.20780686965290723,91.68832240597935,50.538097885841864,2704.6556472565053,25.155133692117722,50.693965850572454,3323.215836742806,22.726950292356086,66.57131101161607,2.915828802050065,278.77605038199755,102.48261099082546,92.08182445990214,32.42577320891224,14.906686007422266,19.10113738004557,5.993167768443952,16.902289721545426,4.0246446731818,32.63505018665732,21.898277674312865,13.410496495683883,0.7290967838841628,15.946775880165745,5.402229964898174,6.650253841204599,3.252246980896863,0.023452351471353557,0.5816609110958701,0.18544147127756883,53.35178845770043,44.028670973493675,4
13.05,0.2667352010336355,3662.267726481835,4416.829683571389,9.267210659301872,32.065897860391914,47.49568408242352,2799.0664956848323,64.43717693358361,122.90774152010204,0.20456138404915317,91.8117559640443,50.64726077786693,2704.9914742210017,25.520245305227387,52.25404026817265,3324.3330288204575,22.740640510081956,66.5696807201436,5.543599563140157,279.2746495474659,102.45433160968368,92.20403502044047,32.57575504915274,14.830146258248256,18.52646862823402,6.174954778771461,16.511021243268587,4.0397768810880805,33.07016949801426,22.075829450595084,12.86615853179713,0.7920782132643113,16.183120165846816,5.443011195475018,6.645475910607041,3.2257577115478253,0.023452351471353557,0.5816609110958701,0.18544147127756883,53.35178845770043,44.028670973493675,4
13.1,0.2647201752406924,3662.5141888227627,4422.839014042907,9.219295518116292,32.15254393076367,47.33720741234929,2798.0038900084946,65.3307665613313,122.8958004224317,0.20328367235989367,91.73768146720133,49.529935425693104,2703.4568205212113,25.070774714811655,50.836038450216364,3323.9955241260527,22.92683011758616,66.60518395418848,4.861916813594524,278.9403393213797,102.47325853826787,91.92370393612698,32.57575504915274,14.830146258248256,18.52646862823402,6.174954778771461,16.511021243268587,4.0397768810880805,33.07016949801426,22.075829450595084,12.86615853179713,0.7920782132643113,16.183120165846816,5.443011195475018,6.645475910607041,3.2257577115478253,0.023452351471353557,0.5816609110958701,0.18544147127756883,53.35178845770043,44.028670973493675,4
13.15,0.26288352497715695,3634.9690848802597,4421.556287253864,9.244178425525487,31.85415222131485,47.08744828440154,2797.6937105874345,65.08357141207719,122.88568116400141,0.19827871362682953,91.7096058751983,49.30455559531197,2703.0390349402196,25.45077855832177,47.80520277291934,3323.5637484425056,22.927298711072435,66.60556381406725,4.496241910674603,279.09849249420097,102.46423271920182,91.82175624525202,32.1734949304561,14.797748752854103,18.76382789215075,5.957350086749139,16.8178113824063,4.041203317436503,32.465918934273915,21.82825674325926,13.394910581611105,0.9450229413290009,16.737287541845784,5.39791794426466,6.687732847534113,3.2290237727217526,0.023452351471353557,0.5816609110958701,0.18544147127756883,53.35178845770043,44.028670973493675,4
13.200000000000001,0.2587927272356816,3691.3834892360846,4445.900230586899,9.25648728235666,31.775194695997833,47.56118419962553,2798.451414882085,64.50121567814774,122.90541172378711,0.1927066087019781,91.76203701512352,49.372884196522214,2704.767786266807,25.256234004609585,49.41410299550894,3324.501006165077,22.819180792082324,66.57553929246119,4.502402681034917,278.59176784974215,102.4872181295011,92.18659453263625,32.1734949304561,14.797748752854103,18.76382789215075,5.957350086749139,16.8178113824063,4.041203317436503,32.465918934273915,21.82825674325926,13.394910581611105,0.9450229413290009,16.737287541845784,5.39791794426466,6.687732847534113,3.2290237727217526,0.023452351471353557,0.5816609110958701,0.18544147127756883,53.35178845770043,44.028670973493675,4
13.25,0.26076706271807537,3649.082110649047,4441.676356057335,9.312440890223018,32.38264950110496,47.0242295188709,2798.6134109499308,65.29960310976453,122.90416775727985,0.19431044408439138,91.75938355754879,48.52598390171209,2704.9400268919017,25.589704293061203,50.90559165321331,3324.550472117992,23.144304334558687,66.5947775148953,4.742313973249551,278.95848769397435,102.43265168698179,91.97106303079067,32.27561054428993,14.925115426294965,18.69113406143172,5.978060228113242,16.6950298418277,4.06844151123763,32.67970875527696,21.790472534508908,12.950802333662326,0.8064880377104044,16.2258889079816,5.398178311260428,6.555961638124933,3.298748510291255,0.009509033744006547,0.5658972191337391,0.19710510417749358,53.77486618934374,44.348053410873824,4
13.3,0.2607116597039272,3622.357440182694,4452.203360235103,9.288828375401316,32.22909259054758,47.37338632556309,2798.6914825121257,64.51453724462452,122.907502029083,0.19192064810318615,91.72514722053704,50.38109384524586,2704.1481288186715,25.21200917257955,49.97571878635719,3325.2887990269746,22.82600003945458,66.5830686183929,3.8603390049956685,278.46525325443963,102.4547852706946,91.92240004154644,32.27561054428993,14.925115426294965,18.69113406143172,5.978060228113242,16.6950298418277,4.06844151123763,32.67970875527696,21.790472534508908,12.950802333662326,0.8064880377104044,16.2258889079816,5.398178311260428,6.555961638124933,3.298748510291255,0.009509033744006547,0.5658972191337391,0.19710510417749358,53.77486618934374,44.348053410873824,4
13.35,0.2619475297425894,3630.4340187668317,4436.865811715803,9.199264253895912,31.978966040314184,47.33367259380968,2799.705960150962,64.67202056076263,122.89115693340796,0.19378158291016995,91.72892365599428,50.02258999833122,2704.793898348161,25.18499723453539,48.88308009996859,3324.857821563929,22.557607808968083,66.57373315663412,6.026282998882543,278.9330475989847,102.44878691849777,92.01437029751183,32.351101973422956,14.994471927617209,19.271466254112067,6.018354974235158,16.70653187596003,4.069664623017188,32.305138575825644,21.787968299350627,13.342728852019526,0.8445567871305012,16.670819183125097,5.455219492741185,6.668340503558834,3.2455323546824926,0.009509033744006547,0.5658972191337391,0.19710510417749358,53.77486618934374,44.348053410873824,4
13.4,0.25879704246827523,3624.0916717900695,4454.180265264097,9.1577900064108,31.903696090937782,47.8059145588658,2800.264461668403,65.6825539669514,122.89615618575885,0.1927747601486003,91.78351584788723,49.254112971642314,2705.601054163036,25.495822567230686,51.134935212360226,3325.18505631944,22.750933600307178,66.56242706846392,5.308491852071636,278.9553299643026,102.44952049659133,92.08156847745184,32.351101973422956,14.994471927617209,19.271466254112067,6.018354974235158,16.70653187596003,4.069664623017188,32.305138575825644,21.787968299350627,13.342728852019526,0.8445567871305012,16.670819183125097,5.455219492741185,6.668340503558834,3.2455323546824926,0.009509033744006547,0.5658972191337391,0.19710510417749358,53.77486618934374,44.348053410873824,4
13.450000000000001,0.26429774833053893,3628.3539665135722,4441.161075970433,9.203373095595486,32.159565300879336,47.86793890223083,2798.8118455448357,65.04233676829305,122.88874031054041,0.19400106745675855,91.66273025816662,52.014271226314804,2704.6426005437906,25.270656576046914,50.70878973476531,3324.4302524719956,22.935527505976225,66.56276669577817,3.084534283466012,278.4386995396489,102.44587001095697,91.73377034327041,32.39763479012779,14.998578043921627,18.28097543841017,5.960077464618956,16.25650072344807,4.046222752683077,32.642919502585755,21.808060028809496,13.608168373645782,0.905072466954747,16.13447501936971,5.371904724153374,6.631877722377125,3.2605037322435293,0.009509033744006547,0.5658972191337391,0.19710510417749358,53.77486618934374,44.348053410873824,4
13.5,0.26527173467648807,3661.2760570878313,4454.777654786929,9.302275836044881,32.67974724971137,47.161052435220924,2798.551201488584,64.96307892598159,122.92565061551565,0.19168021618809028,91.71320443011702,50.592310922372995,2704.748583751789,25.287280374223066,47.180169493512885,3324.900274611092,22.766651016847344,66.57156588243221,3.188092319374288,278.8605416211831,102.5043705220815,92.08377743837615,32.39763479012779,14.998578043921627,18.28097543841017,5.960077464618956,16.25650072344807,4.046222752683077,32.642919502585755,21.808060028809496,13.608168373645782,0.905072466954747,16.13447501936971,5.371904724153374,6.631877722377125,3.2605037322435293,0.01780705187810429,0.5775367377641605,0.17920546637648263,53.72577969977992,43.66654715263468,4
13.55,0.2602058429418603,3655.647365733228,4408.394322414403,9.249047995534484,32.25949898475377,47.16172891450727,2800.2426944580993,65.00322865799185,122.88078475058634,0.1884989116260878,91.71228222353065,49.837851732952046,2705.6410321895305,25.10140225411193,50.70210612334081,3325.1920775247027,22.97074832498708,66.5710101030343,4.842141027494367,278.9791767554807,102.45981340688816,91.9633110688317,32.49460757874437,14.961330761097766,18.1307211547432,6.2039601351188125,16.42577654531465,4.084321404159985,32.689407092591566,21.844096109058622,13.000267620808701,0.9185502504672158,16.192848991449775,5.373045673608894,6.593573718525543,3.185014119616382,0.01780705187810429,0.5775367377641605,0.17920546637648263,53.72577969977992,43.66654715263468,4
13.6,0.2558597337263502,3665.1519356024064,4446.409287410131,9.265257593246954,32.27270488224283,46.95727200303735,2801.044735165459,64.87103248925982,122.90990337982193,0.19374761268761126,91.72836157657439,49.41052389351809,2706.155083878188,25.304642482811317,50.787225145719795,3326.219987656648,22.75325636492975,66.55926746885613,7.10472882536338,278.581110095442,102.47069494728443,91.88192536043215,32.49460757874437,14.961330761097766,18.1307211547432,6.2039601351188125,16.42577654531465,4.084321404159985,32.689407092591566,21.844096109058622,13.000267620808701,0.9185502504672158,16.192848991449775,5.373045673608894,6.593573718525543,3.185014119616382,0.01780705187810429,0.5775367377641605,0.17920546637648263,53.72577969977992,43.66654715263468,4
13.65,0.25339210601169304,3643.495423574814,4415.437064449737,9.367409373288433,32.198693078729825,47.37860132181918,2800.236147812633,65.3762548373344,122.90437800149317,0.1920910717574491,91.6627493939357,50.816122760507014,2705.809463952797,25.477526938690417,50.0677625872068,3325.7162327629585,22.866011633302694,66.51659166241886,5.553728313985512,278.86950349461733,102.472967322206,91.85403965322973,32.05901184781574,15.089414260172738,18.904553633783156,6.113896533273116,16.805038035372252,4.013445527502797,32.750092249891644,21.720620464151487,12.860407414698038,0.9427302789887667,16.460346355011797,5.3814419342847835,6.629492820560004,3.1936698965604937,0.01780705187810429,0.5775367377641605,0.17920546637648263,53.72577969977992,43.66654715263468,4
13.700000000000001,0.2490083610148136,3649.6461730456786,4458.846037249189,9.292826667041233,32.11559174907927,47.41280922473984,2801.926629729645,65.75980157906722,122.92548040251425,0.19755752954468248,91.75079838650721,48.4767788605687,2706.7985501782737,25.566310170512324,50.56114882976347,3327.9333774813404,23.13989564042262,66.52233538654117,6.232687016808053,278.8220374503789,102.47519574493577,91.97395141811718,32.05901184781574,15.089414260172738,18.904553633783156,6.113896533273116,16.805038035372252,4.013445527502797,32.750092249891644,21.720620464151487,12.860407414698038,0.9427302789887667,16.460346355011797,5.3814419342847835,6.629492820560004,3.1936698965604937,0.01780705187810429,0.5775367377641605,0.17920546637648263,53.72577969977992,43.66654715263468,4
13.75,0.25313026756931517,3646.784894572398,4459.575464527573,9.268288837211331,31.63212758612994,47.51758543296087,2800.4583496232,64.74173252859906,122.91045629468591,0.20076381213776479,91.59685624909284,50.07519820696696,2706.578775300792,25.1518177193614,50.91642107775169,3327.0709976403296,22.940564092517313,66.51427707132903,5.62616974626247,279.10253374118906,102.46835097968453,91.76331260416757,32.46724668941474,14.990258698494836,18.665046771049518,6.130731386921113,16.281837557132633,4.082906999015849,32.76745526537169,22.080795045088,12.947242770741855,0.8667631471394465,16.573992283694317,5.423527537918454,6.585334432836356,3.316496145285116,-0.0031520875691715185,0.5775311343918813,0.18074497755332883,53.29992372510576,44.080941236478196,4
13.8,0.25384186617838833,3648.317872856269,4438.007193081776,9.23303041856178,32.112679193570045,47.367414618735715,2800.9936742486193,65.43210794537698,122.87316628552158,0.19943205392624694,91.66880928153377,51.07048376163812,2706.214695721684,25.09890023207533,47.73321301809741,3326.9986507514154,22.747435121867163,66.4716410973449,6.118603597358744,278.5820319741379,102.51124730612287,91.8780624557521,32.46724668941474,14.990258698494836,18.665046771049518,6.130731386921113,16.281837557132633,4.082906999015849,32.76745526537169,22.080795045088,12.947242770741855,0.8667631471394465,16.573992283694317,5.423527537918454,6.585334432836356,3.316496145285116,-0.0031520875691715185,0.5775311343918813,0.18074497755332883,53.29992372510576,44.080941236478196,4
13.85,0.2536017917732574,3653.541263289832,4418.220511667523,9.167766584527744,31.991720499629906,47.262876113356995,2799.913712284911,64.94316377208105,122.8946524762517,0.20237014190077196,91.587790674013,48.80173381730955,2706.188029106114,25.06994011256557,50.809496394709264,3325.7311507934046,22.854054052530962,66.48948420289206,3.457574143656874,278.7033888195319,102.47195417982158,92.02766232096535,32.30996052965761,14.817776305697503,18.289648118580132,6.099963620395641,16.427568528517487,4.039769772560523,32.54347761787345,21.8604406834041,12.589540408028801,0.798495959934871,16.180740460422125,5.4054849207921425,6.6739895114060594,3.2235976456566657,-0.0031520875691715185,0.5775311343918813,0.18074497755332883,53.29992372510576,44.080941236478196,4
13.9,0.25258346055572434,3688.5738985352523,4415.081401254377,9.250163879561148,32.15241758385313,47.39459833557995,2800.740990784552,65.12792534895223,122.90804283848495,0.20245631236347117,91.68711827194419,50.990181480589094,2706.9553976576644,25.4475548778354,50.03795291276391,3326.919850321034,22.819227115152554,66.49153920754225,5.24926762004483,278.35664066568336,102.45743163680774,92.01155434633733,32.30996052965761,14.817776305697503,18.289648118580132,6.099963620395641,16.427568528517487,4.039769772560523,32.54347761787345,21.8604406834041,12.589540408028801,0.798495959934871,16.180740460422125,5.4054849207921425,6.6739895114060594,3.2235976456566657,-0.0031520875691715185,0.5775311343918813,0.18074497755332883,53.29992372510576,44.080941236478196,4
13.950000000000001,0.2517989841163676,3653.405199257418,4473.404796499968,9.176179381428433,32.452140507908865,47.73664689208806,2801.539410614027,64.7639544749277,122.91041191114643,0.2041118903103339,91.64440507300523,50.39499975178004,2707.01529067195,25.294025142076297,49.45662282623939,3326.139202601894,22.694569268768795,66.47936310039854,3.9114241082549435,278.63188462808347,102.46876556883798,91.98057571416527,31.97292111867931,14.934169748120425,18.734779383341998,5.964379341101892,16.744537362954567,4.066448164408895,32.790585807761175,22.078177306517887,13.094499577182285,0.7817467504736073,16.396755180998394,5.403730243487923,6.6519078027013165,3.1927792303206797,-0.0031520875691715185,0.5775311343918813,0.18074497755332883,53.29992372510576,44.080941236478196,4
14.0,0.24962135589656248,3639.631357278491,4450.304404611328,9.187090302865137,31.91931288896663,47.05158024643252,2801.559972018114,65.21093452648131,122.91664776849217,0.20559051688984062,91.68570772915211,51.184342557588344,2707.3464229642623,25.054437448532063,50.34879866890093,3327.136647795343,22.938471847629714,66.48619626317486,5.739897367591394,278.56757544370174,102.45485602473647,91.88790402487143,31.97292111867931,14.934169748120425,18.734779383341998,5.964379341101892,16.744537362954567,4.066448164408895,32.790585807761175,22.078177306517887,13.094499577182285,0.7817467504736073,16.396755180998394,5.403730243487923,6.6519078027013165,3.1927792303206797,0.01236123761785185,0.5721257584044702,0.18428089534706177,53.51197976436427,44.4899275886823,4
14.05,0.25083303662431927,3672.3185280349767,4490.0766217316295,9.300972083744078,32.363946456721635,47.484699900957445,2800.43993596375,65.06228107843432,122.90306428878849,0.20367643974908503,91.63954007790967,49.15206531843092,2706.765634801407,25.222469901619867,50.18632201709015,3326.4076649715703,22.881723026709352,66.47970492601863,3.618551875588383,278.53868756069875,102.43769406363228,91.81116609853855,32.44466029997702,14.808796650089864,19.032857105360396,5.9861515080167536,16.911059220758897,4.059669981056476,32.47980793884303,21.712038211858946,13.181217183986123,0.911920895944029,16.1688547441953,5.435841586850309,6.569496093433277,3.2380922783193067,0.01236123761785185,0.5721257584044702,0.18428089534706177,53.51197976436427,44.4899275886823,4
14.1,0.25366502979983774,3664.464760548853,4466.706953863268,9.19709203220182,31.90308115412114,47.68306735440397,2800.3319763937598,64.7549690333571,122.89281270469613,0.21043023741444328,91.70418257486814,51.000848932485816,2706.9976237803703,25.20447252055255,50.360092433161824,3326.669561175978,22.97629096153625,66.48748123255673,4.342399427077732,279.0400714455931,102.44849410537552,92.01355872048478,32.44466029997702,14.808796650089864,19.032857105360396,5.9861515080167536,16.911059220758897,4.059669981056476,32.47980793884303,21.712038211858946,13.181217183986123,0.911920895944029,16.1688547441953,5.435841586850309,6.569496093433277,3.2380922783193067,0.01236123761785185,0.5721257584044702,0.18428089534706177,53.51197976436427,44.4899275886823,4
14.15,0.254492101332547,3655.908964019285,4402.5152769541955,9.274220726884034,32.10310005266134,47.318644945392926,2799.683245180772,65.28079158724474,122.88884877319619,0.20848084141205406,91.54053095253242,50.2451332224281,2704.99521446028,25.326439597249298,51.05236754505497,3324.897744881201,22.898074115038856,66.46771176496671,2.6973270954810786,278.76570135069153,102.47704716780409,91.71019233191585,31.851227599192526,14.942578858693677,18.74535203551705,5.935865470178233,16.843937176048073,4.0569375915685235,32.21630064779151,21.825581751835482,12.929382300144765,0.8545013682769087,16.433011258326836,5.422082320756857,6.605984530369511,3.259185980675154,0.01236123761785185,0.5721257584044702,0.18428089534706177,53.51197976436427,44.4899275886823,4
14.200000000000001,0.25601799063404246,3659.3231658355967,4436.334112104343,9.237887005731483,32.201728541971605,47.278301258363946,2800.8960916553397,64.58445759861502,122.88789330537624,0.20835232416896693,91.76382760658727,52.65675478753309,2706.636305024623,25.1261580814047,50.083706194035784,3326.168848946654,22.870604242780317,66.5009109146188,5.009059384023758,278.90090835125585,102.46048261592884,92.23934249774808,31.851227599192526,14.942578858693677,18.74535203551705,5.935865470178233,16.843937176048073,4.0569375915685235,32.21630064779151,21.825581751835482,12.929382300144765,0.8545013682769087,16.433011258326836,5.422082320756857,6.605984530369511,3.259185980675154,0.01236123761785185,0.5721257584044702,0.18428089534706177,53.51197976436427,44.4899275886823,4
14.25,0.2571250772069941,3646.950230802699,4440.418179439766,9.234512180850981,31.852552987067465,47.28646183201861,2800.733569928914,64.68217729149467,122.89605042370543,0.20880888002757547,91.72412045783395,51.12027979100676,2706.398634157832,25.416541688714844,49.75698268255971,3327.2478683197783,22.916643258201226,66.54410083802681,1.6226377320804013,278.2586494688779,102.46142128782779,91.73685570739683,32.37505030591915,14.875929917926609,19.09869724053306,5.9431549314420105,16.592387383491424,4.072114714385577,32.241950612632195,21.804897673920067,13.081974067004035,0.866500832804672,16.255808475246944,5.409524220297968,6.663640140084194,3.22444544418941,-0.007015654467072505,0.594359693406748,0.18358516007779638,53.48900142407301,43.76622358890291,4
14.3,0.2560765792748804,3650.434976775743,4424.898655367543,9.186411449591773,31.93689193957369,47.68499807051161,2799.2255037599407,64.60308991184343,122.90241146358186,0.20935037129807502,91.56622862911892,50.02890469926484,2704.7383505574694,25.374537017190093,50.74677423666467,3324.6959457861767,22.688250856396525,66.49165685289339,4.999228921337643,278.241993691181,102.48557101997433,91.83194133618876,32.37505030591915,14.875929917926609,19.09869724053306,5.9431549314420105,16.592387383491424,4.072114714385577,32.241950612632195,21.804897673920067,13.081974067004035,0.866500832804672,16.255808475246944,5.409524220297968,6.663640140084194,3.22444544418941,-0.007015654467072505,0.594359693406748,0.18358516007779638,53.48900142407301,43.76622358890291,4
14.35,0.2620681985666217,3642.3209536503523,4426.11497823329,9.312895028025567,32.03818107842761,47.08368675783046,2799.1215610462204,64.69047291916256,122.90674189235338,0.20807288922032507,91.63332903712929,50.36010446788386,2705.248646233835,25.2794300031624,49.98836553655839,3324.9980789508736,22.988802192287103,66.50495998708789,5.63548755000494,278.20136306381727,102.47182280951415,91.78306606657856,31.86783562503257,14.99416225009213,18.88646015471511,5.869762222541964,17.047305335999102,4.0673301448953785,32.41413163178829,21.860991512745297,12.879628140101264,0.7646308337471964,16.33124160578202,5.419244652619306,6.661678252462464,3.19898410995725,-0.007015654467072505,0.594359693406748,0.18358516007779638,53.48900142407301,43.76622358890291,4
14.4,0.2619496875015888,3661.4984723416205,4435.826910846604,9.24446073010519,32.41731547768345,47.68067782412099,2799.5725669330577,65.04575245084516,122.90132399505866,0.2098765864040899,91.67702790496442,47.45550665478862,2705.3693078811907,25.2292302085298,50.12132076634338,3325.555672073126,22.909934502053826,66.49123157998211,4.390127338217365,278.4545156743519,102.48993644872813,92.07604560273417,31.86783562503257,14.99416225009213,18.88646015471511,5.869762222541964,17.047305335999102,4.0673301448953785,32.41413163178829,21.860991512745297,12.879628140101264,0.7646308337471964,16.33124160578202,5.419244652619306,6.661678252462464,3.19898410995725,-0.007015654467072505,0.594359693406748,0.18358516007779638,53.48900142407301,43.76622358890291,4
14.450000000000001,0.2622978022232478,3663.8108960336967,4469.323131397311,9.175370021022749,31.985727026699415,47.321892939417374,2799.781076425749,65.57756484360922,122.8887565220885,0.20861396158346088,91.68625930819229,49.707756395961816,2705.2614312987216,25.39307938586564,48.6261623965559,3325.5725240598313,23.003709204846153,66.51183754417715,4.248656821288172,278.3553753250143,102.45878031830462,91.75473177943924,32.333756473178404,14.941962550003398,18.825299615513053,6.069738746476046,17.08550311946033,4.082505381211168,32.46743290926563,21.979929831794582,13.317813157438847,0.9133558240152626,16.015446276860803,5.4077290486347875,6.596793241157107,3.2205462323923477,-0.007015654467072505,0.594359693406748,0.18358516007779638,53.48900142407301,43.76622358890291,4
14.5,0.2635869917984696,3663.1983203580226,4465.415511759898,9.244396554181645,32.55781711175261,47.60148003846167,2800.1781540325715,64.83505025569242,122.92608070755352,0.20531523782472316,91.74274465850654,50.98256700758561,2706.6207258713252,25.200337821746604,49.231834012578034,3325.943022981906,22.730360473647252,66.50119638706123,4.894912729628515,278.6245749225194,102.4576801814304,92.3007282608477,32.333756473178404,14.941962550003398,18.825299615513053,6.069738746476046,17.08550311946033,4.082505381211168,32.46743290926563,21.979929831794582,13.317813157438847,0.9133558240152626,16.015446276860803,5.4077290486347875,6.596793241157107,3.2205462323923477,-0.004372958681305224,0.5857426018147792,0.1957971821785482,53.777874827665215,44.17817941102706,4
14.55,0.262728714856619,3654.139555203823,4434.896738836626,9.249413604231231,32.00131839400904,47.432465534015286,2800.6685989546086,65.38603324055082,122.89428928709597,0.20851403432688106,91.78970985130638,49.399723574343916,2706.6005309355196,25.33034879486289,51.07429522784808,3325.9880473550347,22.697440102365395,66.558525986716,3.7461401668458985,278.2946605829641,102.45908817731085,91.80835154942912,31.977263353972937,14.972257567856591,18.83056680477874,5.957106508426177,16.806247307036966,4.061537274804629,32.563842639395695,21.999127411522785,13.08655513841732,1.054774669579675,15.922624596989692,5.417670417868165,6.64794835302353,3.2094042301739516,-0.004372958681305224,0.5857426018147792,0.1957971821785482,53.777874827665215,44.17817941102706,4
14.6,0.26083432979573457,3664.390156412559,4414.103695568074,9.269093144169492,32.22735238273646,47.01926923028661,2799.8545741490025,65.07435280341655,122.89745415769784,0.20992381369221483,91.65251068108114,50.80065000648071,2705.045384266202,25.260375334114507,49.013718213084594,3325.4373259727545,23.051813795370855,66.5392553218097,2.8863170083092213,278.18187920250784,102.4804813124784,92.03212314446142,31.977263353972937,14.972257567856591,18.83056680477874,5.957106508426177,16.806247307036966,4.061537274804629,32.563842639395695,21.999127411522785,13.08655513841732,1.054774669579675,15.922624596989692,5.417670417868165,6.64794835302353,3.2094042301739516,-0.004372958681305224,0.5857426018147792,0.1957971821785482,53.777874827665215,44.17817941102706,4
14.65,0.2615275768030159,3671.4944197043565,4439.0237129829975,9.144477866697894,32.477151579400626,47.38859938982099,2800.5718506707176,64.77835873646812,122.89545733226583,0.2062938014491385,91.77948945483365,50.29654049163686,2705.8570802589747,25.41834991970087,48.48218338501769,3326.945937199939,22.94284233928498,66.55452968196995,4.829001607860477,278.6968645580125,102.44996674381254,92.06317839825671,32.349811741586976,14.903789271434297,18.544544654851414,6.100899568587084,16.786468784511012,4.077353479595553,32.153525726853694,21.964899856028225,13.116844301581345,0.8812809042511724,16.64269074232625,5.400747455810246,6.570857178269568,3.177713115885956,-0.004372958681305224,0.5857426018147792,0.1957971821785482,53.777874827665215,44.17817941102706,4
14.700000000000001,0.26180879387131684,3657.8857280894867,4416.899085636055,9.203421213084244,32.07270821645639,47.27708731070858,2800.3515842379666,65.12378794260165,122.89816288304092,0.2082414712480873,91.67272022276649,51.224244758316324,2705.9378252940733,25.46069680748475,49.117011388094426,3325.9408695798256,22.827326883268174,66.53986103025662,2.948291143368409,278.2011037695647,102.46645554720308,91.67110450077472,32.349811741586976,14.903789271434297,18.544544654851414,6.100899568587084,16.786468784511012,4.077353479595553,32.153525726853694,21.964899856028225,13.116844301581345,0.8812809042511724,16.64269074232625,5.400747455810246,6.570857178269568,3.177713115885956,-0.004372958681305224,0.5857426018147792,0.1957971821785482,53.777874827665215,44.17817941102706,4
14.75,0.25937567647388565,3647.50688764862,4442.023600357147,9.229530313826277,32.27026209534364,47.17067512312882,2800.0467235373303,65.04500316641034,122.90866302644979,0.21016306419655012,91.66954352771249,50.44598848070516,2705.492119351119,25.35981779696283,51.15376654289603,3325.986668005915,22.932703087355623,66.50868912999805,7.767967253933687,278.40116234420924,102.49572457922895,92.0357968547396,31.818831505565015,14.992689084367054,18.403691296266913,6.182094515936169,16.697008033378836,4.051390308429392,32.45735411611093,21.984103038698013,13.562157072530331,0.9638504478875829,15.907662043647,5.421277262841679,6.495740530085661,3.165152152094069,0.026908469206623195,0.5963124078064741,0.1873449050524032,53.125756329680804,44.85311855048631,4
14.8,0.25726554293457554,3658.324067990246,4455.647862903192,9.303292171793915,31.79875072408714,47.321872083759224,2800.255585808453,64.59132482851676,122.88872701468388,0.21216852724589622,91.61640632381963,50.05350853720476,2705.3457416490364,25.408342007624952,47.7446912159768,3325.7837619657917,22.926228413763205,66.54101026184868,3.0911046368860697,278.0539161160425,102.48796802427965,91.69208997159437,31.818831505565015,14.992689084367054,18.403691296266913,6.182094515936169,16.697008033378836,4.051390308429392,32.45735411611093,21.984103038698013,13.562157072530331,0.9638504478875829,15.907662043647,5.421277262841679,6.495740530085661,3.165152152094069,0.026908469206623195,0.5963124078064741,0.1873449050524032,53.125756329680804,44.85311855048631,4
14.85,0.25584935343284887,3639.1918573592216,4446.327671160304,9.268675441590597,31.51936385219629,47.21614551895732,2800.8450714092874,64.3725392383158,122.9140411072528,0.21243583705511515,91.67113915937583,49.909358893023196,2706.5198420609645,25.331545270492395,49.63871687183508,3327.265235479576,22.794123648445442,66.49830105500985,4.018778232940693,278.37633623593985,102.46805543639405,91.84360066296317,32.02590820366006,14.884426781516423,18.421601156941968,5.922586653820427,16.923144559257086,4.057364318469184,32.536518446299596,21.836900026499826,12.988890273810158,0.8334967403886814,16.022020081113904,5.404636071899939,6.62033811255643,3.1372839279568847,0.026908469206623195,0.5963124078064741,0.1873449050524032,53.125756329680804,44.85311855048631,4
14.9,0.2551908622285507,3673.7791073129397,4436.952107040371,9.197492272994257,32.08180313788464,46.909436062301396,2800.751621686115,65.50474717784004,122.89399749172127,0.21425369704219888,91.60864161975451,50.903852998573775,2705.8956547023618,25.362112378368803,50.34754145387835,3325.722896509177,22.953858437488805,66.48400854925467,6.718738802645447,278.43839544575775,102.47564164584544,91.7256999768384,32.02590820366006,14.884426781516423,18.421601156941968,5.922586653820427,16.923144559257086,4.057364318469184,32.536518446299596,21.836900026499826,12.988890273810158,0.8334967403886814,16.022020081113904,5.404636071899939,6.62033811255643,3.1372839279568847,0.026908469206623195,0.5963124078064741,0.1873449050524032,53.125756329680804,44.85311855048631,4
14.950000000000001,0.2532378091038741,3654.5179507638813,4420.060211032451,9.331659779235371,31.998305243514075,47.314836986807784,2800.912143764243,65.51486488728898,122.89612186001392,0.2092843507509423,91.67903102042303,51.64566277256948,2706.8342998696403,25.28503077196626,50.73406229568985,3326.547983786683,23.113074558401916,66.46368783787143,4.89901096104636,278.2943215365516,102.45985058989956,91.96327915039828,32.44517341446395,14.968147900519538,19.072612807683832,6.0579776601797315,16.82830880556772,4.06028833860391,32.70008271425841,21.96391940561202,13.250120971050455,0.8640050374035386,16.64880026571824,5.461887998794775,6.5828279278531046,3.12803869026014,0.026908469206623195,0.5963124078064741,0.1873449050524032,53.125756329680804,44.85311855048631,4
15.0,0.2528129429162505,3648.5989369985214,4397.47052507364,9.296922513015211,31.982963609587365,47.75495092183787,2800.9035459137003,65.30614972927364,122.89399283001177,0.21257424585768311,91.7083185896967,50.41381641644138,2707.4318464590474,25.011436014116914,52.14167242073589,3327.469043677439,22.854850971525128,66.48680326005453,4.508307254802212,278.4139968891766,102.44681625154148,91.8482647471127,32.44517341446395,14.968147900519538,19.072612807683832,6.0579776601797315,16.82830880556772,4.06028833860391,32.70008271425841,21.96391940561202,13.250120971050455,0.8640050374035386,16.64880026571824,5.461887998794775,6.5828279278531046,3.12803869026014,0.0038150104404306917,0.5683139591678699,0.20135941417809977,54.8449872833496,44.17948836820093,4
15.05,0.25412843574305494,3662.461659442158,4472.570443392822,9.283908826712127,32.05690242254135,47.530924510332945,2801.811856000193,64.28477630785048,122.90435916456369,0.21525384273741013,91.72655219963427,49.38896997659213,2707.1390008338476,25.38886885436386,52.22222051205376,3327.5479453711478,22.892697525188996,66.48997403167284,4.234616684897693,278.4912870891495,102.45333580904664,92.04374123542902,32.29840720773633,14.864251896941617,18.62605185900064,6.137296483345788,16.948151356684075,4.098453122582974,32.56259276914466,21.83479942084484,13.450501597170426,0.8971125402654138,16.589171731302518,5.417149402016328,6.61716742476197,3.173557973934296,0.0038150104404306917,0.5683139591678699,0.20135941417809977,54.8449872833496,44.17948836820093,4
15.1,0.259265309419105,3645.4420893025886,4445.814210917668,9.310361590838808,32.378884061772084,47.455654404886786,2800.1913921869264,64.20957123140845,122.9020205757695,0.22187179198166462,91.65097803332146,50.17384899500936,2705.821404135629,25.398477000883023,49.51867072523462,3324.9787675100297,22.786117844303305,66.49019703746765,3.627617522610392,278.30642649474635,102.44922302819246,91.74839394435081,32.29840720773633,14.864251896941617,18.62605185900064,6.137296483345788,16.948151356684075,4.098453122582974,32.56259276914466,21.83479942084484,13.450501597170426,0.8971125402654138,16.589171731302518,5.417149402016328,6.61716742476197,3.173557973934296,0.0038150104404306917,0.5683139591678699,0.20135941417809977,54.8449872833496,44.17948836820093,4
15.15,0.2561323175637443,3645.319583095823,4422.173765130008,9.32276561040416,32.11085269005525,47.35361144610076,2800.431340873704,63.93271309956474,122.88397501276737,0.21750129474179225,91.69221849259358,49.91595217654012,2706.316979991923,25.481716151281468,49.29552307148003,3326.450687687978,22.919898173638607,66.51136368626891,6.544557389246355,278.39442564393164,102.46333135467488,91.86263316829114,31.810207047957675,15.041000687344722,18.85172828750427,6.081635836189878,16.641931756537996,4.080306170275403,32.60221597888472,21.73622295039093,13.319362102583028,1.0685345972413804,16.491194346592494,5.439210017658679,6.6466393191933335,3.2024204522227127,0.0038150104404306917,0.5683139591678699,0.20135941417809977,54.8449872833496,44.17948836820093,4
15.200000000000001,0.25696766353501777,3642.976471545843,4446.895501556553,9.23310287941635,32.25506477445033,47.41305493143702,2799.729500498571,64.75536736754746,122.89286381702081,0.22084919831347985,91.60070345235607,50.27610605487953,2704.6099355856145,25.274211425026092,49.70797498716996,3326.0247565612694,22.94623828789812,66.48736438695751,5.295050525854031,278.148530149635,102.48794496529588,91.7585836839786,31.810207047957675,15.041000687344722,18.85172828750427,6.081635836189878,16.641931756537996,4.080306170275403,32.60221597888472,21.73622295039093,13.319362102583028,1.0685345972413804,16.491194346592494,5.439210017658679,6.6466393191933335,3.2024204522227127,0.0038150104404306917,0.5683139591678699,0.20135941417809977,54.8449872833496,44.17948836820093,4
15.25,0.25669330264249723,3679.6698311320506,4462.885260546147,9.31291242385277,31.554850709319364,47.405350220936,2800.051178818956,65.40332214622234,122.90250016706102,0.21663208209633436,91.63239297557708,48.25136091695268,2706.0448369488654,25.342266758121553,51.644060737016474,3325.7513092092663,22.938072552399717,66.47890158328288,4.3110084980812,278.3450491174841,102.48345918041885,91.87368391782832,31.819315516242476,14.898954843376503,19.07792107621537,6.022012912944844,16.800626436204386,4.08678152941772,32.93039485213241,21.75414274007996,12.625128217525884,1.0885649958451142,16.294259702477056,5.377241156750679,6.672580441321577,3.1175322867779336,0.012730550755663613,0.5795785277699208,0.1840109915992275,54.21084047449123,43.668672878785024,4
15.3,0.26030395219336655,3651.9086308309456,4462.013249754847,9.213339425355356,32.231083660177255,46.98508439563222,2801.0792120686924,64.56381805956443,122.90206036296657,0.2185566452536099,91.67031522935797,51.192093901677566,2706.995857237545,25.348253547442788,48.60311899068471,3326.387949497696,22.771431135569014,66.47058187904905,6.917634551707338,278.4840210423251,102.50774244475073,91.95295718562772,31.819315516242476,14.898954843376503,19.07792107621537,6.022012912944844,16.800626436204386,4.08678152941772,32.93039485213241,21.75414274007996,12.625128217525884,1.0885649958451142,16.294259702477056,5.377241156750679,6.672580441321577,3.1175322867779336,0.012730550755663613,0.5795785277699208,0.1840109915992275,54.21084047449123,43.668672878785024,4
15.35,0.2615411107546152,3665.1626110215593,4429.792987592359,9.199051844771665,32.10280169842067,46.892584811340846,2801.7442594167705,64.82408190931288,122.89940330522573,0.22367226797547485,91.74134460669704,50.59558925666107,2707.15733826094,25.56902778709872,49.05449890448176,3327.4632679057913,23.004265917484254,66.4914514892166,3.997194265164552,278.011387973401,102.49467743847012,91.9387593197591,31.757708081048293,14.909829518833806,19.027875959006202,6.179022279893161,16.698221889706275,4.057003497895995,32.00568168248541,21.939444943472992,12.930235434959052,0.8465052179698356,16.752803466798863,5.415202480806239,6.59632935931061,3.1741105201527153,0.012730550755663613,0.5795785277699208,0.1840109915992275,54.21084047449123,43.668672878785024,4
15.4,0.26548870581744477,3609.937708985254,4437.166280244291,9.231778300917188,32.23161877595814,47.2777385532234,2800.8031144646297,65.24642369719366,122.88703132056322,0.22013108935114417,91.62842143217836,50.07316865380142,2705.961609768966,25.347329921296875,50.56936109557642,3326.515682859939,23.063180888260163,66.50107793596479,2.264204089138196,278.0036052408999,102.512093797725,91.90327637420665,31.757708081048293,14.909829518833806,19.027875959006202,6.179022279893161,16.698221889706275,4.057003497895995,32.00568168248541,21.939444943472992,12.930235434959052,0.8465052179698356,16.752803466798863,5.415202480806239,6.59632935931061,3.1741105201527153,0.012730550755663613,0.5795785277699208,0.1840109915992275,54.21084047449123,43.668672878785024,4
15.450000000000001,0.2682194767178604,3659.9567854622933,4439.957211627236,9.142412070904381,31.883331484162916,47.44145693670565,2800.5906251095507,64.90102538666049,122.90455305784523,0.22479758629725655,91.65317332913696,50.785060736573314,2706.0786498972884,25.37891429264618,50.99607531525605,3327.188514670807,23.04922834338111,66.51012913801506,5.078421366600478,278.03446281610877,102.48239690100137,91.81647296122355,31.604407757862326,14.928257488566395,18.682833505123995,5.992158353466684,16.66077053756085,4.054941267875128,32.55552631992403,21.9485017718809,13.755124443774905,0.8133491603011188,16.495598193191842,5.417216229211484,6.58138599589166,3.2890578883328323,0.012730550755663613,0.5795785277699208,0.1840109915992275,54.21084047449123,43.668672878785024,4
15.5,0.27051416885587376,3643.2060698623523,4432.5514588007745,9.221160582426451,31.731722913283498,47.187830618217895,2801.138331021228,66.18551601194311,122.9049257805615,0.22356547808179453,91.67424328932249,50.35439805724751,2705.9820608485334,25.125254794882853,50.78732662958076,3326.3439601226673,22.903722665760924,66.50787213313637,5.15288898889176,278.13468297872987,102.48921747625693,91.82117835169304,31.604407757862326,14.928257488566395,18.682833505123995,5.992158353466684,16.66077053756085,4.054941267875128,32.55552631992403,21.9485017718809,13.755124443774905,0.8133491603011188,16.495598193191842,5.417216229211484,6.58138599589166,3.2890578883328323,0.009460711763215914,0.5759704753859184,0.18731911879823387,53.79542851792017,43.192207893511934,4
15.55,0.2685857722700216,3674.424790364658,4400.158290518166,9.240191818357193,32.05119811663798,47.10181918370962,2800.2543516447126,65.73902711727752,122.89585639374134,0.22709565703552223,91.63340539734844,50.37395573650573,2705.451361370854,25.262483579298607,49.72747968735909,3325.7444377646,22.774614257766974,66.51112166390409,3.7053741722014912,277.92346990758017,102.48536728370298,91.6399757584124,31.79812406052519,14.925437689996716,19.092763275794773,5.879741416758925,16.99054940441654,4.061181262410758,32.79851332969376,21.931301307728578,12.647932978071408,0.9841047676664301,15.90373267752343,5.415136602083396,6.653203505975853,3.1560576809891914,0.009460711763215914,0.5759704753859184,0.18731911879823387,53.79542851792017,43.192207893511934,4
15.6,0.26954992593027427,3643.0106356020865,4420.848789996231,9.19106881087249,31.829762388026825,47.04364071053828,2800.9221399895655,65.41178350617044,122.89687065896734,0.22658771695234822,91.6537743112899,51.57929509173664,2707.001026424535,25.485523452843395,50.715156723116955,3326.4316209374424,22.977050673241493,66.45841925322657,5.264138552872443,277.9132947769503,102.48661432210413,92.03425998233863,31.79812406052519,14.925437689996716,19.092763275794773,5.879741416758925,16.99054940441654,4.061181262410758,32.79851332969376,21.931301307728578,12.647932978071408,0.9841047676664301,15.90373267752343,5.415136602083396,6.653203505975853,3.1560576809891914,0.009460711763215914,0.5759704753859184,0.18731911879823387,53.79542851792017,43.192207893511934,4
15.65,0.2710607154017003,3645.7804424463397,4444.6549235778675,9.20818066700829,31.933360523283387,47.4755095977276,2800.728566152138,65.142987063583,122.90483072835644,0.22683620231688836,91.65333746963564,49.82611818353353,2706.9091470739304,25.25060478541565,49.324969150992814,3326.6895081879925,22.950915258786434,66.469090530688,4.157272432913285,278.24313912783185,102.47855328219822,91.70559756299437,31.808463651705985,14.996110563717496,18.407869278052154,6.10256789302733,16.486503268533088,4.102199993301144,32.35927780135101,21.886846842192128,13.24190810319635,0.7723033002289854,16.512495246038863,5.414544511476899,6.6892091262279,3.3458472359983467,0.009460711763215914,0.5759704753859184,0.18731911879823387,53.79542851792017,43.192207893511934,4
15.700000000000001,0.2742667883292309,3671.438424757933,4487.060466673446,9.273543691610337,32.11722220375611,47.74945459654144,2800.420421099511,64.69605656924912,122.9133908947499,0.22790994730472974,91.7093945209541,50.04691929671899,2706.4982603549906,25.39979826403079,51.242547459755286,3326.732005496929,22.99099084101052,66.48939869103211,4.806099223411607,278.18388499474383,102.48068379822865,92.07296929627995,31.808463651705985,14.996110563717496,18.407869278052154,6.10256789302733,16.486503268533088,4.102199993301144,32.35927780135101,21.886846842192128,13.24190810319635,0.7723033002289854,16.512495246038863,5.414544511476899,6.6892091262279,3.3458472359983467,0.009460711763215914,0.5759704753859184,0.18731911879823387,53.79542851792017,43.192207893511934,4
15.75,0.2689279876755851,3646.9045181223732,4443.8892175871115,9.257073058493212,32.07298312336664,46.982851287106236,2800.3713919078414,64.7322327650461,122.89489086949969,0.23082550204295635,91.70340132959922,51.597944440501294,2706.7818685784573,25.26746546042178,51.83263991531828,3327.4961268720103,22.845132968401234,66.47522886849657,4.887230143416732,278.2110655203372,102.48949834904688,92.02045217980674,31.941536962206513,14.941858637728252,18.603373110753783,6.043773662190483,16.275748774644043,4.060788666244809,32.33258918989818,21.970480332383353,13.57306318517796,1.0265958703327642,16.885564968455988,5.379878219140335,6.57868342471373,3.1920898831595332,-0.0015217179197076144,0.5899422140090392,0.194046568178615,53.75704284188295,43.14837742382905,4
15.8,0.2647658725241051,3650.174624414045,4454.026525015992,9.237867671365198,32.23414325140726,47.20957329204968,2801.167576335731,65.28789470006936,122.8976445798755,0.23277472530399326,91.68623481287112,49.22373316778974,2706.4650450256195,25.384516422434668,50.7498617807879,3326.7284298980294,22.876791644687504,66.49528470087678,5.59852070542351,278.0670446110637,102.48314483467524,91.91312619674717,31.941536962206513,14.941858637728252,18.603373110753783,6.043773662190483,16.275748774644043,4.060788666244809,32.33258918989818,21.970480332383353,13.57306318517796,1.0265958703327642,16.885564968455988,5.379878219140335,6.57868342471373,3.1920898831595332,-0.0015217179197076144,0.5899422140090392,0.194046568178615,53.75704284188295,43.14837742382905,4
15.85,0.2658174976386072,3610.1270747335725,4438.077722543458,9.26370299287215,32.11949406218894,47.357607216776465,2799.821799197427,64.34606028078989,122.89313062377646,0.2345976577791491,91.5944633412873,47.81913481449776,2705.854878034349,25.18391455735592,50.58677734592613,3325.943983858172,22.978302917072952,66.47474161294123,4.88381260701334,278.42904352886717,102.47396518574911,91.89288564008726,32.045332195849895,14.909038437599492,18.484928602164736,6.036592361114161,16.616468236315786,4.051680039516781,32.45960163231002,21.69651607306491,13.13204652948326,0.9482714064495898,16.02137015692691,5.432339147075436,6.606917223059266,3.2401115800194837,-0.0015217179197076144,0.5899422140090392,0.194046568178615,53.75704284188295,43.14837742382905,4
15.9,0.2622533613110164,3642.975758819998,4432.7512154913165,9.257729293490602,32.168160719905956,47.470890687610115,2801.1293439984984,64.54152250708832,122.90203054526731,0.23221943292884573,91.66376092147816,50.40603076985177,2706.420268666326,25.27791148682911,48.417404780100554,3326.2171233120944,22.605719477197106,66.48017645294439,3.904333002421823,278.0421993197973,102.48323264129142,91.83956973925473,32.045332195849895,14.909038437599492,18.484928602164736,6.036592361114161,16.616468236315786,4.051680039516781,32.45960163231002,21.69651607306491,13.13204652948326,0.9482714064495898,16.02137015692691,5.432339147075436,6.606917223059266,3.2401115800194837,-0.0015217179197076144,0.5899422140090392,0.194046568178615,53.75704284188295,43.14837742382905,4
15.950000000000001,0.26279414001722223,3667.9114371504515,4434.387337543874,9.308729252150066,31.89834581053276,47.46458036793776,2799.3483909921056,65.29140324609989,122.90234037265242,0.2330925706783506,91.62152580215871,49.91734000222166,2705.614297893614,25.17534261716173,48.65108167707501,3325.30794496142,23.08264432412364,66.46252953232384,4.7522375040281934,278.0783196007035,102.4903332150037,91.97207159329733,32.19785382169701,14.823535767259932,18.563877028191044,5.863955720435864,17.283273776451182,4.0254118500608485,32.370170443464644,21.86847967790174,13.30572811945473,1.010733661002637,16.173693322230058,5.402351823697344,6.617842580972673,3.1783655077952484,-0.0015217179197076144,0.5899422140090392,0.194046568178615,53.75704284188295,43.14837742382905,4
16.0,0.25899333033814637,3656.2923865442945,4439.488588424423,9.358495893832078,32.307663767654915,47.45307849719424,2800.87282497139,64.46246316838102,122.89923958811339,0.23298241372421818,91.67647274921981,51.51654891418914,2706.124279404072,25.354380779950343,51.5976966118272,3326.3956291984205,22.894951868275314,66.47179683806034,5.070522887721599,278.4262143374458,102.45329145054404,92.10770381845704,32.19785382169701,14.823535767259932,18.563877028191044,5.863955720435864,17.283273776451182,4.0254118500608485,32.370170443464644,21.86847967790174,13.30572811945473,1.010733661002637,16.173693322230058,5.402351823697344,6.617842580972673,3.1783655077952484,0.004495550163600269,0.5950350928877052,0.19068674631035026,54.13098773547364,43.67906883727028,4
16.05,0.2597789030487242,3634.582058557041,4456.412757101383,9.156762341825587,32.29923132167938,47.26730768219243,2800.18573185694,64.2922827670407,122.8952233929083,0.23400165397737552,91.68559271910146,51.93329874010061,2706.1606739259846,25.31786800311588,49.62618618588845,3326.2702062364683,23.000678051562016,66.49556358842324,5.266843184734522,278.0567072083608,102.44564170557452,91.7894000439077,31.983186374836656,14.835999625672523,18.70744893141096,6.139704821035612,16.87648488022409,4.0426653722498,32.52183564901202,21.94429082480063,12.968564813144335,1.0573863825953838,16.09734304899175,5.419423276854026,6.517253597214696,3.1637378190698815,0.004495550163600269,0.5950350928877052,0.19068674631035026,54.13098773547364,43.67906883727028,4
16.1,0.2593887053294552,3616.0738779540457,4452.545549136974,9.31319675526746,32.1392258459757,47.16428116196226,2800.0559695846773,65.45217633025152,122.89594531331319,0.23113360912775527,91.66068771506208,49.45706925285977,2705.839381369791,25.225891968440447,51.90751140215882,3325.3461354339324,22.932363311415582,66.49806881006957,4.848567812900409,278.15413489442386,102.46508976674497,91.93044212750864,31.983186374836656,14.835999625672523,18.70744893141096,6.139704821035612,16.87648488022409,4.0426653722498,32.52183564901202,21.94429082480063,12.968564813144335,1.0573863825953838,16.09734304899175,5.419423276854026,6.517253597214696,3.1637378190698815,0.004495550163600269,0.5950350928877052,0.19068674631035026,54.13098773547364,43.67906883727028,4
16.15,0.259954365023648,3647.585769833828,4445.748975155042,9.291213850019924,31.81833121128041,47.42296442002825,2800.730739211269,64.41887329723394,122.89819374502429,0.2284148087788457,91.80366872459628,49.205119809929,2707.218858292446,25.113781656975434,50.47829476679762,3326.6690553758103,23.021127978027668,66.5193141267522,5.936337585814327,277.95224915230676,102.4461862189409,92.07714214922922,32.175606256376376,15.001672265971592,18.31496210876902,6.041047112237208,16.85457155891868,4.054523409098368,32.829526968281726,21.788536470561894,13.496582814852202,0.891843543471731,15.880417852940035,5.423402448627141,6.5876779906484995,3.2372939804339453,0.004495550163600269,0.5950350928877052,0.19068674631035026,54.13098773547364,43.67906883727028,4
16.2,0.2613720269073118,3674.4696185385824,4453.49569380911,9.264304478491391,32.15558370197136,47.30434686654247,2799.098616023925,65.14296105578444,122.8767942062756,0.2319664170328465,91.66238672678583,50.95288873401119,2705.2162746770678,25.123095375778533,49.97123727187458,3325.027351241422,22.62785331375636,66.53738951585531,5.714443714627706,277.8739744623299,102.46850449969492,91.6681776660999,32.175606256376376,15.001672265971592,18.31496210876902,6.041047112237208,16.85457155891868,4.054523409098368,32.829526968281726,21.788536470561894,13.496582814852202,0.891843543471731,15.880417852940035,5.423402448627141,6.5876779906484995,3.2372939804339453,0.004495550163600269,0.5950350928877052,0.19068674631035026,54.13098773547364,43.67906883727028,4
16.25,0.255897682948301,3641.4127147968525,4433.3529979216,9.263123851043463,32.20390183087064,47.413610170826864,2799.112408573957,64.73198553715612,122.90432300617303,0.23414595608298053,91.65905217757908,50.81106247038708,2704.9578245560915,25.407267910745777,51.11259279009247,3324.6458985910294,22.91347680521491,66.49748314016797,3.0171997583511274,278.2480905317203,102.48093385546895,92.13014115265905,32.16444029057512,14.94223033823655,18.801316566703967,5.9644735748360755,17.177450950023147,4.053341531423325,32.873439892625846,21.855936446351492,13.641727999075162,1.0336534581079149,16.19862750178074,5.423140296125096,6.614372596384858,3.1722197253133397,0.0021192976500278675,0.5878685458677854,0.1854525618513484,53.43789497348078,44.0015950419524,4
16.3,0.255125246426899,3660.6813653040404,4417.746251879628,9.333440455716946,32.008482348608005,47.393607058178226,2799.31273828585,65.42155185815047,122.88673133726141,0.2276925854757472,91.68244362334936,50.98875548601436,2705.0425542444846,25.170959798904192,50.2982722263081,3325.022970577426,22.974624868439705,66.48560983043225,4.090659812315146,278.02428163224226,102.49389800696703,91.99818366261879,32.16444029057512,14.94223033823655,18.801316566703967,5.9644735748360755,17.177450950023147,4.053341531423325,32.873439892625846,21.855936446351492,13.641727999075162,1.0336534581079149,16.19862750178074,5.423140296125096,6.614372596384858,3.1722197253133397,0.0021192976500278675,0.5878685458677854,0.1854525618513484,53.43789497348078,44.0015950419524,4
16.35,0.25701811321317286,3665.6732296984806,4433.8964058276315,9.24468999471491,31.906758519539796,47.24037762090587,2800.377281287023,64.26148136919592,122.91744023242534,0.2284673464898063,91.76497292877427,50.02438751212721,2705.7315319310146,25.085545253053834,49.77424237926384,3326.370631195004,22.869096904979088,66.50333889118215,5.088764680228714,278.2353214891551,102.4643193381639,92.04291299427342,32.293707143019844,14.940607717385028,19.064584473349647,5.90635306237211,16.92046361372453,4.015663495310025,32.42676633944567,21.83783305760413,13.385120597362125,0.9458946207456422,16.538862545992878,5.403840496942303,6.576003123628371,3.20479492890989,0.0021192976500278675,0.5878685458677854,0.1854525618513484,53.43789497348078,44.0015950419524,4
16.4,0.2576287961492644,3602.925776649838,4451.844282796887,9.236529843638072,32.19559197601074,46.953608934055964,2799.5207299128706,65.47875534565344,122.9092988301106,0.22841801878445278,91.71455758992873,48.48371498102106,2705.553617037923,25.20711531800401,49.97909799607321,3325.3740238034106,22.912235671729633,66.5343629264922,2.925317254226326,277.9611966358967,102.46737397831141,91.84790379654561,32.293707143019844,14.940607717385028,19.064584473349647,5.90635306237211,16.92046361372453,4.015663495310025,32.42676633944567,21.83783305760413,13.385120597362125,0.9458946207456422,16.538862545992878,5.403840496942303,6.576003123628371,3.20479492890989,0.0021192976500278675,0.5878685458677854,0.1854525618513484,53.43789497348078,44.0015950419524,4
16.45,0.25862372139502016,3635.454713240553,4435.062312338654,9.188890424210891,32.08442704849512,47.241022464618915,2799.789051080215,64.94170277850442,122.89611630739832,0.22726433620788503,91.76657180853607,48.781747231930105,2705.2927629883175,25.17181683873253,47.338072751112655,3325.727785188122,22.79061968696243,66.51619786933132,3.865802236404344,278.5301680895079,102.46533579681288,92.11608226460629,32.162443655809305,14.999902574260423,19.03964017091874,5.807609030857134,16.488490387111398,4.076539310461079,32.56756838509859,21.75772954284276,13.522120702145784,0.8133414691300859,15.948807685733087,5.347990162685307,6.663401766030221,3.1999715306031713,0.0021192976500278675,0.5878685458677854,0.1854525618513484,53.43789497348078,44.0015950419524,4
16.5,0.2618187751475953,3648.0472871736088,4454.072521642582,9.205547665247702,31.875994900622754,46.90323812483281,2797.688416433116,65.16423102469868,122.90465657862647,0.22468298228468886,91.64843026897843,48.20383232905573,2703.715527423465,25.143887916237862,50.97090175668545,3322.9270702798954,23.029945402627682,66.54693540955154,3.3652364862110002,277.976637242329,102.47653980434104,91.8553469085686,32.162443655809305,14.999902574260423,19.03964017091874,5.807609030857134,16.488490387111398,4.076539310461079,32.56756838509859,21.75772954284276,13.522120702145784,0.8133414691300859,15.948807685733087,5.347990162685307,6.663401766030221,3.1999715306031713,0.00731746448557474,0.5877085593628234,0.19396900710410486,53.55424208998275,44.214881393663646,4
16.55,0.2627885095075593,3670.3938463708273,4450.397396818362,9.207647116509555,32.241155716277355,47.46230664142857,2798.56089859945,64.9785711107631,122.91275242740598,0.22225424118445866,91.73950331340195,50.198662915879545,2704.3881342700447,25.195872460124047,51.25487957761594,3324.0248849980003,22.963231479149627,66.54048407406378,4.555042490888535,278.0265674903911,102.45280152072053,91.83316703377953,32.20219568558657,14.816947781876339,19.242269397154647,5.884168732941301,16.755451324829327,4.069090683826938,32.11602706849871,21.716944892066003,13.581785427818566,0.8999183788360847,16.0686851534232,5.4047638891055145,6.5565143742501615,3.247712783470608,0.00731746448557474,0.5877085593628234,0.19396900710410486,53.55424208998275,44.214881393663646,4
16.6,0.2658689876039084,3677.549252066899,4382.606414313964,9.281337475258523,32.027580724790944,47.478939038901466,2797.0643300627094,64.19259292628996,122.91993433285218,0.21821866830630107,91.63159842323267,48.25958844082285,2703.4725761367713,25.076570302191048,51.083631433686485,3322.7598777117287,22.86618009407808,66.55465086284116,5.01182901684387,277.50861039278334,102.47835552031411,91.71120767167989,32.20219568558657,14.816947781876339,19.242269397154647,5.884168732941301,16.755451324829327,4.069090683826938,32.11602706849871,21.716944892066003,13.581785427818566,0.8999183788360847,16.0686851534232,5.4047638891055145,6.5565143742501615,3.247712783470608,0.00731746448557474,0.5877085593628234,0.19396900710410486,53.55424208998275,44.214881393663646,4
16.65,0.2649000602834145,3649.792944482949,4451.662376067206,9.160554682520074,32.321476282057446,47.45630690791555,2797.5152248424224,64.90303593441787,122.88832827646145,0.21205814227645653,91.69703521191093,49.90588085593526,2703.66661605629,25.37412375330366,51.12782378769261,3323.2547250510497,22.75456459906971,66.5200323436853,3.9971601106846473,278.3410786795336,102.48706840295293,92.1526065949105,31.985888169697013,14.664303050717495,19.116233279278767,5.897529123826622,16.813996321942216,4.079311010305533,32.1811670285569,21.70599831558829,12.972483427811264,0.7892862851111763,16.288580631883946,5.399122708521204,6.711157910752437,3.248372812220644,0.00731746448557474,0.5877085593628234,0.19396900710410486,53.55424208998275,44.214881393663646,4
16.7,0.26812150044907457,3649.944924646559,4401.9201764884465,9.277275508287728,32.121922639262955,47.60582445574948,2797.4882298304583,65.07745318839248,122.90745549749725,0.21028673479061274,91.71613725537148,48.8045443312807,2703.8391271510677,25.41431656196152,50.68469927753246,3322.612337275154,22.934907978651168,66.53683631980546,4.686878373883706,277.59816675113785,102.47182141773598,91.90492259939464,31.985888169697013,14.664303050717495,19.116233279278767,5.897529123826622,16.813996321942216,4.079311010305533,32.1811670285569,21.70599831558829,12.972483427811264,0.7892862851111763,16.288580631883946,5.399122708521204,6.711157910752437,3.248372812220644,0.00731746448557474,0.5877085593628234,0.19396900710410486,53.55424208998275,44.214881393663646,4
16.75,0.2687583306328825,3659.383005694229,4454.051525126464,9.259998201129209,32.23080799813797,47.59774714944152,2797.449173545859,65.23726308814868,122.91001067394997,0.20436250291993432,91.67434649542393,48.74989051156365,2703.3037721130668,25.350193075134133,50.58012674488586,3322.621263976542,22.780839835975662,66.56368402003464,5.14656858498689,278.07618220875594,102.46851081173725,92.00483359134662,32.06353447542144,15.014222690773028,18.88588995877111,6.124378805527877,16.6590803950815,4.070567851387189,33.03586691997131,21.787937066162613,13.480622984561135,0.9050291082604648,16.38613037612203,5.39064480791572,6.5698451231871315,3.1387247480632183,0.0167637771620251,0.587044555010738,0.19490970794431958,53.2866043835072,44.22538413311319,4
16.8,0.2729967019316022,3673.2371137622968,4456.401470665217,9.169588934589877,31.910185550973416,47.37242524294015,2797.6595543270696,64.37954557513183,122.90422871050124,0.2003290710806354,91.6860867045927,48.777517333874236,2703.4088746693537,25.42491608093687,51.34589184356519,3322.860000764714,23.020475592518746,66.53674423848607,2.3739791063251485,277.96105122839367,102.47456476121542,91.79732655939783,32.06353447542144,15.014222690773028,18.88588995877111,6.124378805527877,16.6590803950815,4.070567851387189,33.03586691997131,21.787937066162613,13.480622984561135,0.9050291082604648,16.38613037612203,5.39064480791572,6.5698451231871315,3.1387247480632183,0.0167637771620251,0.587044555010738,0.19490970794431958,53.2866043835072,44.22538413311319,4
16.85,0.2695480696955131,3652.9218085484404,4461.209108307024,9.132748766917818,32.29499538013048,47.31843624115246,2797.3137465693185,64.06630199343893,122.91590568243683,0.1942449777874179,91.68430324069558,49.331394319997315,2703.419754520074,25.24876359591725,51.6252873434279,3323.302776958034,23.060806659795674,66.53674248410572,4.328709591387176,277.7220408938581,102.45110462872853,92.0058660817973,31.931940346590657,14.84043210995656,19.072514788438504,6.024955350610396,16.600430913485035,4.0354613433305175,32.37691773955171,21.6229179563543,13.368091880501176,0.8699517771094504,16.07999823123867,5.395855934264967,6.644750021791771,3.2789446955681916,0.0167637771620251,0.587044555010738,0.19490970794431958,53.2866043835072,44.22538413311319,4
16.9,0.2704573564947837,3676.134138188379,4445.008523982107,9.265694377320214,32.31501680888949,47.47419554312103,2798.1821436020405,65.13297565140422,122.8855641586828,0.19164389829739176,91.71968412333825,50.46862663845216,2704.1905088368226,25.460931354885613,50.26803109255716,3323.21717758559,22.803000797145774,66.51833297300296,3.963845853384397,278.55088886529427,102.43401877530299,91.93248678332057,31.931940346590657,14.84043210995656,19.072514788438504,6.024955350610396,16.600430913485035,4.0354613433305175,32.37691773955171,21.6229179563543,13.368091880501176,0.8699517771094504,16.07999823123867,5.395855934264967,6.644750021791771,3.2789446955681916,0.0167637771620251,0.587044555010738,0.19490970794431958,53.2866043835072,44.22538413311319,4
16.95,0.26889614716326576,3682.677558613842,4428.7609795147655,9.204198754997195,32.52849731465859,46.97815593543702,2798.0465382547113,64.76075264749738,122.89268355201631,0.19118241923058035,91.62844862338306,48.352525504647424,2703.321963197902,25.34557001923488,50.147459190242,3323.445095163492,22.81663309417757,66.53632545329103,6.920039712438138,278.00496221681664,102.45089832945554,91.83340784054772,31.908086858793418,14.922970521175072,19.042179985240992,6.097052854030243,16.92144231322019,4.034262091892243,32.30070298054334,21.586265649947745,13.442796530676764,0.7655724028236799,16.076766445408328,5.3739027438818905,6.673903890750165,3.244929899610706,0.0167637771620251,0.587044555010738,0.19490970794431958,53.2866043835072,44.22538413311319,4
17.0,0.271631666284834,3663.9356833658035,4450.865369895278,9.215502489137304,32.30584128032163,47.258089908225266,2798.9415577594355,65.36449603045915,122.8983245585574,0.1907954266073174,91.72272973423404,47.52680900528296,2705.0914226413274,25.267312251454207,48.82493302605325,3324.850991781375,23.057172329409607,66.51455072171522,5.61196005182562,278.3416978651057,102.43902385174836,91.87633172896606,31.908086858793418,14.922970521175072,19.042179985240992,6.097052854030243,16.92144231322019,4.034262091892243,32.30070298054334,21.586265649947745,13.442796530676764,0.7655724028236799,16.076766445408328,5.3739027438818905,6.673903890750165,3.244929899610706,0.012286133654329491,0.591295723427729,0.18142137167876862,54.486944917644834,43.97092548285544,4
17.05,0.27250971238523775,3630.392975363625,4453.420282985116,9.215193107034128,31.980380322872836,47.08537575980362,2798.3027593974907,65.43610623026115,122.90250520229894,0.1849529248238592,91.64735251010558,51.87189170682352,2703.9980501308014,25.186824705009773,49.37423145017731,3323.9430790507304,22.88283512598368,66.51788042261306,4.574799840633267,278.206850755857,102.44253418166142,91.85488110984933,31.87269977475283,14.83429979099745,18.281088357870694,6.0781997373393395,16.281029172699306,4.066398147978872,32.46677893726407,21.790668420645936,13.743778374751054,0.945115352867183,15.850799116790128,5.415332409311232,6.644217960486327,3.232378276151259,0.012286133654329491,0.591295723427729,0.18142137167876862,54.486944917644834,43.97092548285544,4
17.1,0.2747198481791393,3659.988990615922,4429.72425005812,9.299969548803091,31.932249434532704,47.23412612933649,2798.872453163584,65.77196277372676,122.91100968904746,0.18622098612298574,91.65342051419138,49.89603379900713,2704.729881811507,25.1449990495458,51.40032138985176,3325.0303619638958,22.91283070585299,66.50279075415303,3.7329737505062646,278.13453885618367,102.46036235731536,91.7733180855718,31.87269977475283,14.83429979099745,18.281088357870694,6.0781997373393395,16.281029172699306,4.066398147978872,32.46677893726407,21.790668420645936,13.743778374751054,0.945115352867183,15.850799116790128,5.415332409311232,6.644217960486327,3.232378276151259,0.012286133654329491,0.591295723427729,0.18142137167876862,54.486944917644834,43.97092548285544,4
17.150000000000002,0.2688093439208006,3644.921569933473,4466.399330616076,9.339625729236523,32.37691989457796,47.26235255440051,2799.9553869140836,64.90362689726432,122.89444641446455,0.1834115598015257,91.60617512706104,51.62807769072092,2705.716359924244,25.38379174184502,49.34840593995782,3325.764681141666,22.907987990068317,66.48242867485799,5.879702985350572,278.1107662097324,102.45832120718711,91.75514598938474,32.45114096595349,14.87772136474901,18.79871959370538,5.944342497296183,17.08371406148368,4.041693132792804,32.750087768511904,21.778412551045992,13.063316073566877,0.7199537801043939,16.1787332244104,5.396459888485285,6.627250150543173,3.1683433418970295,0.012286133654329491,0.591295723427729,0.18142137167876862,54.486944917644834,43.97092548285544,4
17.2,0.26538908879877554,3653.938555140237,4455.264398374049,9.347424968528214,32.172867174672696,47.03257774038877,2800.8700448386758,65.29596774455038,122.91943929459904,0.1874801198856185,91.63045485187858,52.14333520580492,2706.8953231452683,25.230241018861648,50.9008294810641,3327.3190853640085,22.915753157826334,66.46608715028822,4.175387847909242,277.86979594615065,102.45318880798138,92.04190296954735,32.45114096595349,14.87772136474901,18.79871959370538,5.944342497296183,17.08371406148368,4.041693132792804,32.750087768511904,21.778412551045992,13.063316073566877,0.7199537801043939,16.1787332244104,5.396459888485285,6.627250150543173,3.1683433418970295,0.012286133654329491,0.591295723427729,0.18142137167876862,54.486944917644834,43.97092548285544,4
17.25,0.26408788518468784,3648.690822823087,4446.763817137954,9.240069813450354,32.45733090224929,47.31633713170134,2801.9132721945107,64.24275528198194,122.90054702400718,0.1914980656855692,91.66029372301323,49.61314595444463,2707.419277667389,25.27611974885384,49.410733993962,3327.5860824992496,22.866482145029636,66.45934636659969,8.287981019483002,278.1337683291454,102.46174820718774,91.87232715061725,31.837443963969356,14.857544535685877,19.05382136768161,6.140533117748415,17.079553367358606,4.077396465133941,32.89078179130823,21.73699914198857,13.384935367465156,0.7316952105764895,16.087040795477797,5.391440706555967,6.622917468394951,3.1841174816237747,0.012842523669742386,0.5740116174722215,0.19610674024120367,53.945299788940474,43.30626988911683,4
17.3,0.26380507575691764,3635.3530325491893,4424.623563649618,9.190362449011818,31.907828210665194,47.237990199801324,2801.9165760268584,65.12181373618395,122.87665456273861,0.19411097652006185,91.68899257830329,49.21274039845735,2708.1703226198483,25.010418875841417,48.656711945345315,3328.237426132119,22.861844236604426,66.48430560872758,3.1848763371339297,278.7459525336337,102.45796616283506,92.0617458585527,31.837443963969356,14.857544535685877,19.05382136768161,6.140533117748415,17.079553367358606,4.077396465133941,32.89078179130823,21.73699914198857,13.384935367465156,0.7316952105764895,16.087040795477797,5.391440706555967,6.622917468394951,3.1841174816237747,0.012842523669742386,0.5740116174722215,0.19610674024120367,53.945299788940474,43.30626988911683,4
17.35,0.2688507667136568,3615.0355621182157,4444.989171443484,9.25561331815613,32.091349584823526,47.28449791719897,2801.4428856401987,64.77937245567246,122.88723072878719,0.20297884828460494,91.61089243087625,48.52957192684521,2707.218732478197,25.37269743762368,50.417683014508796,3327.6719538597586,22.705186267590733,66.48851829181658,3.22974570625901,278.38677613284614,102.4726196267246,91.67445734180112,31.798503514668212,14.929841567508342,19.098973668650345,6.081863244276309,16.8200529142457,4.022484596262133,32.8112023664397,21.683658140825344,13.684664901503993,1.0105441159097819,15.959899808020886,5.393668714823795,6.521722565331561,3.2448622516684797,0.012842523669742386,0.5740116174722215,0.19610674024120367,53.945299788940474,43.30626988911683,4
17.400000000000002,0.27119635626743205,3654.4613174553942,4430.143439130269,9.181448670916676,31.87888291735836,47.502947588255196,2801.337337024276,66.12905811581888,122.89579510508332,0.20474859083801825,91.65482012870254,49.58763285049326,2707.4312511184066,25.334900746828335,50.63561313281577,3327.7678935325675,22.73156493323639,66.49111359983331,5.501516075412255,278.357056382229,102.45144252594199,91.91273024472537,31.798503514668212,14.929841567508342,19.098973668650345,6.081863244276309,16.8200529142457,4.022484596262133,32.8112023664397,21.683658140825344,13.684664901503993,1.0105441159097819,15.959899808020886,5.393668714823795,6.521722565331561,3.2448622516684797,0.012842523669742386,0.5740116174722215,0.19610674024120367,53.945299788940474,43.30626988911683,4
17.45,0.2702705702275689,3636.1721639102266,4444.037771671611,9.242072154920537,31.758645439854845,46.76138450579525,2801.2032468762814,64.48507085646695,122.90020148562024,0.20711338766067153,91.55709692457917,49.55403860600727,2706.421587344656,25.2793973729185,51.0243042809597,3326.665826056218,22.804610365466747,66.47419553606079,2.1211656733698327,278.19684613372795,102.46921407569491,91.76206420384244,32.04540397011221,15.009923253434653,18.90985822409265,6.231788726800045,16.56321620933511,3.995215088374847,32.54834144563866,21.779631173980086,12.95257669371422,0.8387277002413179,15.73388201538122,5.370617752836852,6.529568513793368,3.1896618640198953,0.012842523669742386,0.5740116174722215,0.19610674024120367,53.945299788940474,43.30626988911683,4
17.5,0.27307380900765166,3651.5665570529127,4445.377101136812,9.21776929973984,31.889750462840333,47.38693796393761,2801.0067660155914,65.40765604466156,122.89971227733393,0.20975112352883013,91.61032594940684,50.02656639065305,2706.9562759723344,25.328351197710514,50.60122259990649,3327.223523525883,22.85606349599218,66.45192591414333,5.703076204840938,278.4899143523691,102.48170192954727,91.9939841826141,32.04540397011221,15.009923253434653,18.90985822409265,6.231788726800045,16.56321620933511,3.995215088374847,32.54834144563866,21.779631173980086,12.95257669371422,0.8387277002413179,15.73388201538122,5.370617752836852,6.529568513793368,3.1896618640198953,-0.007659866096222453,0.5665882690337468,0.19060155314508043,54.26884851800768,43.752734003574794,4
17.55,0.2757718953087686,3656.777355491507,4440.923753330388,9.2128819155873,32.277879485858925,47.46334616433413,2801.5565239684875,64.47390571358872,122.92092222558561,0.21113401952957359,91.68931520563078,49.78116137925337,2707.295328650327,25.139266156364364,49.23274565386045,3327.572411566888,22.95120939455656,66.48369509157536,2.963982250056403,278.70479224887276,102.46506383928639,91.89683832031874,32.17122686862541,14.752378563931627,18.90358823755585,6.016888597489295,17.109545278399153,4.068691637747894,32.61625585543201,21.847390346851075,13.263044272535213,1.0317700117447033,16.454405322017326,5.405600843252278,6.605622521336738,3.306853130145443,-0.007659866096222453,0.5665882690337468,0.19060155314508043,54.26884851800768,43.752734003574794,4
17.6,0.2736922774468885,3642.40053177169,4475.995253520265,9.287914768930534,32.50151459106313,47.50736332077293,2801.34519751129,65.23582994870411,122.89732778913672,0.21490123271342604,91.569240050398,50.74727500612961,2706.3907556786808,25.060623958693835,49.43258147471996,3326.4515532131372,22.966453127277397,66.4734157214945,4.735659200572247,277.9427819695797,102.48087884095895,91.8136950293968,32.17122686862541,14.752378563931627,18.90358823755585,6.016888597489295,17.109545278399153,4.068691637747894,32.61625585543201,21.847390346851075,13.263044272535213,1.0317700117447033,16.454405322017326,5.405600843252278,6.605622521336738,3.306853130145443,-0.007659866096222453,0.5665882690337468,0.19060155314508043,54.26884851800768,43.752734003574794,4
17.650000000000002,0.2709287671647193,3612.822000425095,4438.476413922183,9.191919975778342,31.76452303418781,47.219581257291686,2800.902571707943,65.14933673060847,122.896200360845,0.2185523107212867,91.55851898794506,51.23356079642708,2705.997661119202,25.067004394130056,49.108042175168826,3326.9596093160408,23.107578848238884,66.4628562169071,5.990055890033576,278.43591689974085,102.49122780378967,91.92608555282528,32.27611943277023,14.938643711842008,18.787450668941272,5.885191922774898,17.00254682643625,4.041366748558544,32.5171098765712,21.920909709136406,13.672483571928428,0.6455708452413267,16.199503748712853,5.414139736135468,6.481624038671915,3.378485645539053,-0.007659866096222453,0.5665882690337468,0.19060155314508043,54.26884851800768,43.752734003574794,4
17.7,0.27361508718583355,3635.833580359576,4513.75288200015,9.191128136916092,32.08486739048465,47.11599696974459,2800.510616255488,65.20893879038442,122.9029763215125,0.2166284127464096,91.61832507894738,50.867624825462954,2706.1670840579145,25.288369820468702,49.22560895061009,3326.329532307256,22.840704669660926,66.4856898920898,4.322067991296523,278.6869624706261,102.4837593025764,91.83983574976774,32.27611943277023,14.938643711842008,18.787450668941272,5.885191922774898,17.00254682643625,4.041366748558544,32.5171098765712,21.920909709136406,13.672483571928428,0.6455708452413267,16.199503748712853,5.414139736135468,6.481624038671915,3.378485645539053,-0.007659866096222453,0.5665882690337468,0.19060155314508043,54.26884851800768,43.752734003574794,4
17.75,0.27198241708397153,3631.927404479341,4457.449360657439,9.214248141473607,32.184300037395495,47.38213794961978,2801.918928151519,65.02342120571478,122.9215100139194,0.21821728375740063,91.65755269418432,49.99143242644147,2706.424428420864,25.25831474742124,50.30541871037296,3327.1263945540773,22.822751059235877,66.45508154996278,5.518901550029154,278.1892778711168,102.46913271582113,91.93794056614072,32.2390632393753,14.958295820102151,19.243825521840503,5.789360795226545,16.76534061736978,4.092210423643626,32.57375230755286,21.87315315420841,13.388193282468983,0.9912108245932577,15.938055406761166,5.370582516165511,6.52973143043255,3.233630958684851,0.018337055205641606,0.597724419799036,0.1921182233817594,53.89047428586216,43.611878998901425,4
17.8,0.2700483372787174,3672.6310847193504,4425.875738532611,9.204566730274852,31.895256508088558,47.467509707051114,2800.887420997584,65.38155539460776,122.90088865511714,0.21519186781187763,91.62931106100052,50.90974247503602,2706.74339518482,25.147673315765303,48.658287761081695,3327.1061022634135,22.760946266936898,66.47980050466765,5.80320687797748,278.74372914473486,102.46567487291233,91.97586751051955,32.2390632393753,14.958295820102151,19.243825521840503,5.789360795226545,16.76534061736978,4.092210423643626,32.57375230755286,21.87315315420841,13.388193282468983,0.9912108245932577,15.938055406761166,5.370582516165511,6.52973143043255,3.233630958684851,0.018337055205641606,0.597724419799036,0.1921182233817594,53.89047428586216,43.611878998901425,4
17.85,0.27288792717592375,3655.6442480033343,4470.322438118926,9.198914822255704,32.32171043035844,47.42547402372867,2800.7918001400935,65.19168279642466,122.89902026630516,0.22193385566308974,91.60424081683831,48.63816617869119,2705.9034689747364,25.378821001280695,49.92992507053969,3325.8176561642426,22.73730116462633,66.46816845869515,4.1531844713481245,278.3556485129109,102.48079090009406,91.78870053580964,32.05245214466805,14.896394525155813,18.742498163916615,5.916300209887295,16.707921498732258,4.039065771153829,32.61026134049821,21.710130624188853,12.920244596266178,0.8503391933014557,16.2071694242849,5.425248801249259,6.551754410499826,3.206872012038503,0.018337055205641606,0.597724419799036,0.1921182233817594,53.89047428586216,43.611878998901425,4
17.900000000000002,0.27445216945663703,3670.414986704338,4444.98828908764,9.177327193736545,32.230650548769795,47.059533076297086,2800.0657146304497,64.95462923699345,122.89144856369701,0.21575394503642215,91.6554792393504,49.23895960779923,2706.0871137233835,25.209880283952362,50.490911287517996,3325.606059077777,22.958861014255323,66.48371363302344,7.005153269517778,278.5267800159179,102.47412707133635,91.95468177248638,32.05245214466805,14.896394525155813,18.742498163916615,5.916300209887295,16.707921498732258,4.039065771153829,32.61026134049821,21.710130624188853,12.920244596266178,0.8503391933014557,16.2071694242849,5.425248801249259,6.551754410499826,3.206872012038503,0.018337055205641606,0.597724419799036,0.1921182233817594,53.89047428586216,43.611878998901425,4
17.95,0.2722450909769714,3652.4759813599335,4485.167903259505,9.21179908758736,32.159555820176585,47.18225041299917,2800.2212908480374,63.77724929413168,122.8899835854373,0.22161766067358496,91.65946896316366,50.335357031913404,2705.697922738878,25.112863216536923,50.295404566698906,3326.682188625601,22.868678897095958,66.49421441213259,5.652507231283307,278.5596086149495,102.46587254376344,91.86372588763993,31.528186256049338,14.85714176898409,18.741111469210882,6.153277445910337,16.777388970120942,4.055098808986934,32.52321639925928,21.777042071016304,13.775736141455452,0.9528533435460256,16.362513620804187,5.396930997931285,6.678689105034679,3.2999992197055863,0.018337055205641606,0.597724419799036,0.1921182233817594,53.89047428586216,43.611878998901425,4
18.0,0.2697168608506433,3637.077287870414,4441.855221767582,9.241681093999505,32.5771338692869,47.17035440170113,2799.644280304718,63.88827949158154,122.9039042238399,0.21536017621155715,91.58187376426116,50.87103005811972,2704.893118395504,25.33370140565225,50.220560977445786,3325.1590461225546,22.86505761711155,66.49103616469192,4.220687017690146,278.1007194366295,102.47895127510218,91.84455385395474,31.528186256049338,14.85714176898409,18.741111469210882,6.153277445910337,16.777388970120942,4.055098808986934,32.52321639925928,21.777042071016304,13.775736141455452,0.9528533435460256,16.362513620804187,5.396930997931285,6.678689105034679,3.2999992197055863,0.013264716322476468,0.5910481861657904,0.18352510398643684,53.40051599433298,43.43748659009459,4
18.05,0.27413458990771383,3630.5252319443293,4445.658323879943,9.336171801206044,32.08302008495994,47.225723506630004,2799.6045588583183,65.46233672702674,122.88087649514615,0.2172821613451665,91.62595236101555,51.43145185466872,2705.2518395018537,25.22522095857688,50.11300484860225,3325.582353590548,23.0552652394961,66.50016940433781,2.8792871940942417,278.5104564811266,102.46010862242142,91.79699919089515,32.02242466710216,15.00223740430418,18.992099881884307,5.923835497719343,16.73839554377867,4.0596093844889305,32.67395251747722,21.751935296909316,13.018971907987831,0.9328092048392871,16.591012019108543,5.364090052237467,6.600579854593228,3.2623630546998688,0.013264716322476468,0.5910481861657904,0.18352510398643684,53.40051599433298,43.43748659009459,4
18.1,0.274326020043595,3661.1067653602445,4431.224618399641,9.250531784540271,32.25841343969769,47.092337638609735,2799.4298688078566,65.68239167329085,122.90333155549898,0.2135534555726391,91.62898747869782,50.07642410477782,2705.604244453196,25.599947272069755,51.05817392574376,3325.791168613011,22.951000847502165,66.49123231791903,4.9799462429683805,278.4207892035714,102.4741929431481,91.847756570451,32.02242466710216,15.00223740430418,18.992099881884307,5.923835497719343,16.73839554377867,4.0596093844889305,32.67395251747722,21.751935296909316,13.018971907987831,0.9328092048392871,16.591012019108543,5.364090052237467,6.600579854593228,3.2623630546998688,0.013264716322476468,0.5910481861657904,0.18352510398643684,53.40051599433298,43.43748659009459,4
18.150000000000002,0.27543894425859866,3642.3487899242746,4441.492056264976,9.234124367222933,32.081382829435135,47.058787276459675,2799.7809789405424,65.6006300202924,122.90290300754907,0.21497588714416013,91.62419841089054,49.62130546377014,2705.456619756642,25.180064553626135,51.43148090383519,3325.1257452680875,22.699954088865653,66.46687707903799,3.84008346956612,278.3340407973083,102.45824326544343,91.95149422081079,31.89109513354029,14.909118203805704,19.41525810535854,6.0635769834837765,16.75295520024747,4.045816829895752,32.226306367432414,21.811321079348122,13.183174191904872,0.7046201589399856,15.926459608889381,5.36874411714202,6.67595704324954,3.211659927334081,0.013264716322476468,0.5910481861657904,0.18352510398643684,53.40051599433298,43.43748659009459,4
18.2,0.27463728911205126,3643.256902999227,4407.905864825989,9.268293126525926,31.838397987920498,47.26978038022841,2800.0406682966236,64.99752316297197,122.89173976337337,0.21409335533544135,91.65408111582076,49.84720929391953,2705.842926657933,25.378838909940725,48.83195189572234,3325.4268175597085,22.760989741814605,66.49837769613852,3.642377137287204,278.1761834299781,102.49165486363539,91.85500248161833,31.89109513354029,14.909118203805704,19.41525810535854,6.0635769834837765,16.75295520024747,4.045816829895752,32.226306367432414,21.811321079348122,13.183174191904872,0.7046201589399856,15.926459608889381,5.36874411714202,6.67595704324954,3.211659927334081,0.013264716322476468,0.5910481861657904,0.18352510398643684,53.40051599433298,43.43748659009459,4
18.25,0.28230674253057764,3651.398609002053,4444.112921026188,9.188726709470453,31.951104413344357,47.26861972910731,2798.6008534840935,66.29556942146769,122.8933338563369,0.21186570435639027,91.59543215349207,48.72273477627031,2704.379048206934,25.391974046220863,50.87440233291937,3324.4489275584374,22.9985431023937,66.48293983740032,5.600269542802157,278.3491958039601,102.48445505563821,92.04705801017444,32.449377001557224,14.859425747313928,18.89292264048912,5.995911875041101,17.342080047863135,4.076535285112399,32.65101038653074,21.7969886507076,13.129191327226703,0.8814709013273757,16.373721475910166,5.403630050821856,6.563648110841952,3.229834485275589,0.024419019157005513,0.5939389811937993,0.19123319033511216,53.73134940788942,44.9173387274188,4
18.3,0.28218907740988697,3684.4017137466067,4471.658240157909,9.194975383924099,32.04016167010647,47.296424955820314,2799.6971439507115,64.76299591204443,122.92011201694709,0.2120316023093615,91.73455865390675,51.01523027926168,2704.8500486827506,25.43392504474991,49.1484116747313,3325.6046504669807,22.880708424662153,66.52172066933841,3.766625385648373,278.68673796133,102.45185451978462,92.02593173799315,32.449377001557224,14.859425747313928,18.89292264048912,5.995911875041101,17.342080047863135,4.076535285112399,32.65101038653074,21.7969886507076,13.129191327226703,0.8814709013273757,16.373721475910166,5.403630050821856,6.563648110841952,3.229834485275589,0.024419019157005513,0.5939389811937993,0.19123319033511216,53.73134940788942,44.9173387274188,4
18.35,0.28373331333402635,3643.0292054430897,4450.996498776992,9.26928139358108,32.14186714165255,47.32958421916461,2799.082154082969,64.73957792930374,122.90727596574912,0.2100387262605088,91.70980608486352,52.287628772884396,2704.9576011596123,25.183931640667712,48.598677153479144,3325.2371071357124,23.136388856198842,66.53227935614284,5.659819235423074,278.2859207437423,102.43741024107649,91.98047994797292,32.15237872748196,14.911097620794298,18.282534558705418,6.02464787175213,17.130343308675513,4.062607676708054,32.64024621471743,21.542475018785083,13.210857008775724,0.8940830112942464,16.433502404668328,5.40990923856352,6.561218361136062,3.2910213730855156,0.024419019157005513,0.5939389811937993,0.19123319033511216,53.73134940788942,44.9173387274188,4
18.400000000000002,0.27719914795074985,3667.1583769198446,4383.194729599424,9.185408746703429,32.438901030084835,46.93178006949781,2799.277124288523,65.2648533900634,122.88535605089295,0.21112566025659688,91.7261905894405,50.758634813926314,2704.5777185621396,25.031983096233404,49.51213689580762,3324.4721095467207,22.877463756765884,66.56891649472622,4.813104363651549,278.42582097325936,102.43881688744621,92.04452069331647,32.15237872748196,14.911097620794298,18.282534558705418,6.02464787175213,17.130343308675513,4.062607676708054,32.64024621471743,21.542475018785083,13.210857008775724,0.8940830112942464,16.433502404668328,5.40990923856352,6.561218361136062,3.2910213730855156,0.024419019157005513,0.5939389811937993,0.19123319033511216,53.73134940788942,44.9173387274188,4
18.45,0.27219504786968224,3669.5367474403383,4448.183902387264,9.211927656311616,32.56009111068757,47.08763207540989,2799.1254450616943,64.74232107632123,122.91473529365994,0.2094223601824841,91.72219755264817,52.181556567134145,2705.6778080421846,25.248017596730453,50.185679599442174,3324.8696321041566,22.729171063489176,66.53028974855876,7.1800435383800725,278.72764717302044,102.4490144601218,91.90981161831948,32.41716857097529,14.941498181784576,18.44542836035351,5.874720332996002,16.86804389139423,4.0470666559001645,32.69369012085535,21.82432904987967,13.448140424997812,0.9041382984084579,16.173174245778426,5.388916965299955,6.650736480547474,3.3412904798214313,0.024419019157005513,0.5939389811937993,0.19123319033511216,53.73134940788942,44.9173387274188,4
18.5,0.26934122780352343,3659.823708228546,4454.514903447547,9.246679548312773,32.10052003358697,47.655820640138955,2798.8349462616084,65.38592477232207,122.89687068461254,0.2088886290697881,91.62309308637012,50.32815705426537,2704.5787811308946,25.327596291883037,48.62348975963274,3324.7216276029208,23.033706651277186,66.53709247803931,5.410740758039935,277.93434360557234,102.47142837864202,91.77484163846623,32.41716857097529,14.941498181784576,18.44542836035351,5.874720332996002,16.86804389139423,4.0470666559001645,32.69369012085535,21.82432904987967,13.448140424997812,0.9041382984084579,16.173174245778426,5.388916965299955,6.650736480547474,3.3412904798214313,0.006403724906825144,0.5841081607226459,0.18849748977492084,52.976136703381236,43.60759995240502,4
18.55,0.2657508233490656,3653.558318271053,4442.491442093077,9.263680698763759,32.378591248917495,47.39925115735984,2799.807611477237,65.53334483217067,122.90777820624082,0.20549218591454413,91.74411747794493,49.55341942403177,2705.3752832092123,25.129728489078307,51.63997744680065,3325.5420919347366,22.960594583707085,66.53402479431512,5.6371785661239455,278.3256046022633,102.44578771425519,91.9932359882546,32.368736373910465,14.88799062068777,18.795792364179462,6.181844932273629,16.837552377840183,4.039857573393539,32.72366947582054,21.753097521576503,13.603773619283105,0.6311254242531649,16.015665608422058,5.34543537716928,6.511241425308649,3.246163687945421,0.006403724906825144,0.5841081607226459,0.18849748977492084,52.976136703381236,43.60759995240502,4
18.6,0.2649396801398017,3601.7171813310883,4475.619935205263,9.265958732120929,32.50073377946106,47.095572443410724,2799.6118704561936,64.78174911819262,122.88958517476054,0.20740620022618272,91.64993822837123,49.95132742655504,2705.120298424255,25.083744564765738,50.61455875213679,3325.2703832014654,22.989573884192183,66.52459021012601,4.399278507049524,278.5129664694714,102.46369706288557,92.0319077455056,32.368736373910465,14.88799062068777,18.795792364179462,6.181844932273629,16.837552377840183,4.039857573393539,32.72366947582054,21.753097521576503,13.603773619283105,0.6311254242531649,16.015665608422058,5.34543537716928,6.511241425308649,3.246163687945421,0.006403724906825144,0.5841081607226459,0.18849748977492084,52.976136703381236,43.60759995240502,4
18.650000000000002,0.2646969562128486,3639.955374575907,4451.278681136392,9.245684553446454,32.11448205980442,47.48298930147713,2800.1556768098,65.58347575455356,122.90201381771814,0.20329884068867235,91.74585735203311,51.137524743263704,2706.068721815234,25.23411000534279,50.068530357607344,3325.8770422877897,22.89015383054966,66.52327583874904,5.069746408959034,278.1892083427204,102.41800545265622,91.8712738797627,32.24966428031146,14.77716613407648,18.787425845802872,5.900168328391214,16.626764165014038,4.002644502817908,33.18111082778776,21.78828782208496,12.48207530109435,0.935120750155559,16.52653742680566,5.422249197157557,6.5613649399147285,3.197678883143782,0.006403724906825144,0.5841081607226459,0.18849748977492084,52.976136703381236,43.60759995240502,4
18.7,0.26831468339157427,3655.134618970084,4412.144493925038,9.271144828037508,32.020237164172755,46.970179261635096,2798.610986834155,64.69897591091899,122.88075068953847,0.20559678139108975,91.57737883557483,51.89557962200383,2704.2187041342218,25.167684127409984,49.03490970494724,3324.474788971351,22.984939667596436,66.53774464046441,5.555250154421787,278.5782369940962,102.46698731453554,91.88591945734596,32.24966428031146,14.77716613407648,18.787425845802872,5.900168328391214,16.626764165014038,4.002644502817908,33.18111082778776,21.78828782208496,12.48207530109435,0.935120750155559,16.52653742680566,5.422249197157557,6.5613649399147285,3.197678883143782,0.006403724906825144,0.5841081607226459,0.18849748977492084,52.976136703381236,43.60759995240502,4
18.75,0.2667167322217051,3645.3514780178066,4440.8444018860855,9.216590435258567,31.680495895769695,47.25983622335925,2800.1780907766592,64.67609898941424,122.90906341527624,0.20259963991942634,91.79036109335716,51.28488635977787,2705.9771191304526,25.28012803616754,49.881105757648754,3325.7139894394536,22.79992918260468,66.53199306040463,5.256801349619622,278.76622481650645,102.4425888169151,91.9902937230118,31.946045109855874,14.934050840896335,18.51718732102008,6.068598238099982,16.82997504662252,4.078779253483845,32.44351239054947,21.71280038770235,13.598329589970982,0.8057182724332999,16.149695008141162,5.395725874000792,6.6805522094119745,3.2124829788730156,0.015316516019616887,0.5843962514911958,0.1812739111003818,53.53094538344859,44.03876919006292,4
18.8,0.26710550817534207,3659.3044725941722,4441.859184001684,9.281168084334087,32.351152450312306,47.38103664806724,2799.2608227977944,65.0240496401629,122.8897449997122,0.20439188859917098,91.6965581804105,48.962985328504644,2704.8632921511644,25.159364708296195,50.40236260688067,3324.7122765034624,22.92728400508165,66.5579370969486,3.713064929369482,278.35290042484036,102.4320632189545,91.85271547672063,31.946045109855874,14.934050840896335,18.51718732102008,6.068598238099982,16.82997504662252,4.078779253483845,32.44351239054947,21.71280038770235,13.598329589970982,0.8057182724332999,16.149695008141162,5.395725874000792,6.6805522094119745,3.2124829788730156,0.015316516019616887,0.5843962514911958,0.1812739111003818,53.53094538344859,44.03876919006292,4
18.85,0.26513218392800775,3635.5193351013872,4447.753282080371,9.27625311912387,32.34171979232745,47.57264636003366,2799.612214518145,65.47114687270836,122.89981544030353,0.2021932050638054,91.72311823012812,50.42012592252942,2704.8386543486927,25.157378354082294,49.80164528387848,3325.2611158351106,22.937883331631642,66.53824378211212,3.684062331075011,278.51339035987075,102.43873678044444,91.89516321958548,31.986008838452072,14.793890212098987,18.42143192267258,5.969567210178683,16.7371448941228,4.046417625047958,32.94602712107337,21.918240671547096,12.990162530592155,0.9569163458631063,16.295511297745225,5.37334336946918,6.603462391288587,3.3497637735186063,0.015316516019616887,0.5843962514911958,0.1812739111003818,53.53094538344859,44.03876919006292,4
18.900000000000002,0.2665564073863605,3655.1585964734995,4457.150565491006,9.188318901194597,32.28412749964112,46.86815227270185,2799.9322640191635,65.22249368696754,122.91904361811541,0.20176039758791633,91.66636805577252,50.96356579319088,2705.7347596072923,25.216864712181856,49.8007249892341,3325.814211246119,22.69902510978813,66.54057758773722,5.541749758918465,278.1896767756853,102.47163601552901,91.75733345666657,31.986008838452072,14.793890212098987,18.42143192267258,5.969567210178683,16.7371448941228,4.046417625047958,32.94602712107337,21.918240671547096,12.990162530592155,0.9569163458631063,16.295511297745225,5.37334336946918,6.603462391288587,3.3497637735186063,0.015316516019616887,0.5843962514911958,0.1812739111003818,53.53094538344859,44.03876919006292,4
18.95,0.265664297602654,3661.8479874904638,4459.761207269297,9.372153550200146,32.24628663081484,47.32052010005592,2799.682129835277,65.91372164591694,122.89161819395082,0.2019656253544487,91.65828123519591,52.17290741397874,2705.6380356011105,25.20214985219843,50.14928601905321,3326.1226040862534,22.930889769251873,66.50421368260649,2.7363006273069956,278.8854894413127,102.44112064980541,91.9797450823364,32.35423241413939,14.981193885390214,18.77758613627753,6.2516894511594385,16.539147432194426,4.092123567927845,32.48511760591531,21.928440443305607,13.171388215774932,0.9788681559764567,16.110687207635955,5.3881314010762855,6.579730418096489,3.1722668464376276,0.015316516019616887,0.5843962514911958,0.1812739111003818,53.53094538344859,44.03876919006292,4
19.0,0.2639485312686167,3684.261640401661,4409.054650278128,9.282161581881795,32.24774150871691,47.526885968808394,2800.804394815937,65.37639567690366,122.89603153847486,0.2046496297749061,91.72514917835707,49.54464440881435,2706.7822007092977,25.283201825291364,49.62830676813865,3327.203684379172,23.114539412574302,66.52045274840712,5.640572258689982,278.6433382063338,102.4408575942583,92.00732206710003,32.35423241413939,14.981193885390214,18.77758613627753,6.2516894511594385,16.539147432194426,4.092123567927845,32.48511760591531,21.928440443305607,13.171388215774932,0.9788681559764567,16.110687207635955,5.3881314010762855,6.579730418096489,3.1722668464376276,0.0037787983118804406,0.5828389404301015,0.19725175421288313,53.5838097563484,44.22795352065003,4
19.05,0.2646538591176893,3650.972354466002,4451.331103887919,9.18279843034834,32.15281653981398,47.45198973883848,2800.314008311107,65.38127294964369,122.89164474625638,0.20559221044649736,91.63844784345851,49.22090647052315,2706.1367916507907,25.49308309416093,49.34213941239382,3325.865873589114,23.009190281573837,66.5041027315684,4.789341217603266,278.58400275799426,102.42723554668699,92.01657290836678,32.18932073634767,14.780161209499921,18.802189809950896,6.080621967221207,16.76160570001148,4.063255476484841,32.24411853202669,21.979964810837462,13.615543525946842,0.8959879761425631,16.31857422022674,5.41984566032691,6.635235988999828,3.2316408351952606,0.0037787983118804406,0.5828389404301015,0.19725175421288313,53.5838097563484,44.22795352065003,4
19.1,0.2655698862623608,3654.495671976504,4446.453980635853,9.206518051916463,32.15504273440997,47.304486144636805,2800.818288784351,64.80807997416156,122.90549156462853,0.20656491693289047,91.69317079126212,48.167440582897946,2706.2817113332007,25.35640837193272,50.69747025203749,3326.99101379442,22.862842475664326,66.53110280428335,2.9837149345864145,278.94039575765976,102.43979013471413,91.78661018752877,32.18932073634767,14.780161209499921,18.802189809950896,6.080621967221207,16.76160570001148,4.063255476484841,32.24411853202669,21.979964810837462,13.615543525946842,0.8959879761425631,16.31857422022674,5.41984566032691,6.635235988999828,3.2316408351952606,0.0037787983118804406,0.5828389404301015,0.19725175421288313,53.5838097563484,44.22795352065003,4
19.150000000000002,0.26348450208804286,3677.0682387587103,4430.143879685368,9.354116147902252,32.08059736142167,46.90478853930574,2799.876194362505,65.98520999174647,122.89913202386494,0.2076237334057008,91.62399629483562,50.05116673947178,2705.489600199632,25.40742268145866,48.998887455045875,3325.5052718171723,23.053946171865608,66.54592487498255,5.2904723131926215,278.55316079892236,102.43207193005595,91.95137070226767,31.979197192582888,14.777101156686417,18.797271611236827,5.843984932068164,16.73888788993856,4.053199920649708,32.91552686184123,21.901549982693158,13.064341815330518,0.9308884866093474,16.235759015391096,5.428215903100214,6.59774525550567,3.1739419436933436,0.0037787983118804406,0.5828389404301015,0.19725175421288313,53.5838097563484,44.22795352065003,4
19.2,0.2665321710834889,3690.126519714788,4425.378173033207,9.205324475558907,32.568060388700786,47.565410087583665,2800.149212475924,64.43125695137947,122.8864995523989,0.20442386247062075,91.72428080120324,50.30571999251414,2705.9420277781633,25.096092735465078,50.48733463424757,3325.7475947078847,22.826403870547175,66.54988970540475,5.450927345132637,278.3240928345119,102.43902593648052,91.91728782351852,31.979197192582888,14.777101156686417,18.797271611236827,5.843984932068164,16.73888788993856,4.053199920649708,32.91552686184123,21.901549982693158,13.064341815330518,0.9308884866093474,16.235759015391096,5.428215903100214,6.59774525550567,3.1739419436933436,0.0037787983118804406,0.5828389404301015,0.19725175421288313,53.5838097563484,44.22795352065003,4
19.25,0.26938730103755776,3650.1389708936135,4395.898837521614,9.311096967150911,31.703283772783763,47.40555565383382,2800.3478659444627,65.8251774928339,122.90115342165477,0.20508884801823687,91.71711527620397,51.52071823122172,2706.6806715611747,24.90937564247459,49.8276264686795,3325.7712026464046,22.762850727633925,66.55941410582882,4.970733903784146,278.5709064581878,102.45550360264788,91.93821355225066,32.241582781607676,14.83761387080432,18.875335159282983,6.168245081445255,16.746249404963695,4.087539988952104,32.32687051902488,21.930891435092153,12.94934402869873,0.9783358340820116,16.011831991818777,5.437431685495853,6.642567767332357,3.1451782051497132,0.020430807464020737,0.5915206253938261,0.18889425070631108,53.31729484337257,44.40968644723948,4
19.3,0.26805564569330387,3641.473102357436,4416.621179085959,9.328928627062774,32.14960132691195,47.292858288458724,2799.586377986547,64.46805453243624,122.9008367729384,0.2057978274406996,91.64973847685411,49.993747374410916,2705.0937146402043,25.30924733466832,48.637215726383786,3325.2974319289833,22.83240794505433,66.51827312987086,5.598069923275714,278.85328523188724,102.47055842653542,92.08842140970924,32.241582781607676,14.83761387080432,18.875335159282983,6.168245081445255,16.746249404963695,4.087539988952104,32.32687051902488,21.930891435092153,12.94934402869873,0.9783358340820116,16.011831991818777,5.437431685495853,6.642567767332357,3.1451782051497132,0.020430807464020737,0.5915206253938261,0.18889425070631108,53.31729484337257,44.40968644723948,4
19.35,0.2674429680789593,3693.9282854655626,4426.010940162106,9.21251595302278,31.96429103484364,47.28319619352921,2800.7044408008683,65.3377081650795,122.90237067813044,0.2069287981752816,91.71799178751336,49.63875571839439,2706.2624852583754,25.478769623916303,51.24877685092314,3326.2299004750553,23.092038267675502,66.52897196145011,4.438420825334395,278.8995156819143,102.47232392984084,92.05870546092187,32.04344616211745,14.878334370935121,18.835668200930776,6.0770224796699495,17.134827372711758,4.0430833801055766,32.2048528366821,21.938087644695443,13.022898169724519,1.2105543462964958,15.67909491778624,5.410183614263515,6.624369118486369,3.337633252565236,0.020430807464020737,0.5915206253938261,0.18889425070631108,53.31729484337257,44.40968644723948,4
19.400000000000002,0.2688411666879588,3688.082793325659,4435.693499340855,9.233120189105477,32.32461627937043,47.251943208347996,2799.642120453674,64.97655470218676,122.91263410565497,0.20578789824779412,91.64296440209317,49.85966745829676,2705.592415713079,25.17286187376509,50.130190312685734,3325.100048603704,22.921078089416127,66.52130447486172,5.576209030870126,278.5993546930095,102.45639939409295,91.76493613352838,32.04344616211745,14.878334370935121,18.835668200930776,6.0770224796699495,17.134827372711758,4.0430833801055766,32.2048528366821,21.938087644695443,13.022898169724519,1.2105543462964958,15.67909491778624,5.410183614263515,6.624369118486369,3.337633252565236,0.020430807464020737,0.5915206253938261,0.18889425070631108,53.31729484337257,44.40968644723948,4
19.45,0.27035099727268547,3662.2272985751747,4418.104020988548,9.256890275954714,31.871995213017893,47.25984440500552,2800.4883324882358,65.18572668343778,122.89709537718447,0.20530403795725155,91.6759760908881,47.77568564661731,2705.356189298697,25.10513958989653,51.191201232044655,3326.1008091401527,22.86043156053594,66.52736873254649,2.9170862297636884,278.1764814434677,102.44433418011609,91.84927377657355,32.45955918750831,14.916543923292792,18.84308201873652,6.227114170094881,16.727693108329067,4.059209074788374,32.71029921306732,21.88306019331211,12.91905309164945,0.9776999703330556,16.291818390497284,5.411854800073183,6.678821745193753,3.206621784211766,0.020430807464020737,0.5915206253938261,0.18889425070631108,53.31729484337257,44.40968644723948,4
19.5,0.27164731984847224,3678.0988697479715,4414.976900362071,9.295098746314002,32.204011020168075,47.321731968270974,2800.2222475013623,65.24140311132261,122.90165715485821,0.20350283275241876,91.7429845947138,50.22704148206431,2706.35499648346,25.249955436736705,48.224919870715425,3326.5646396415436,22.78442077949422,66.53231784896685,3.976168492409579,278.4635742003672,102.43526761983429,91.98755355320415,32.45955918750831,14.916543923292792,18.84308201873652,6.227114170094881,16.727693108329067,4.059209074788374,32.71029921306732,21.88306019331211,12.91905309164945,0.9776999703330556,16.291818390497284,5.411854800073183,6.678821745193753,3.206621784211766,-0.005409669202376658,0.5745472370161216,0.16995152785594933,54.760265666357945,44.22912486378109,4
19.55,0.2695203502247993,3677.589291663324,4421.7332023635245,9.315962946308067,31.64889843577719,47.16044103721813,2800.2776126687,64.81760364212475,122.9078740535569,0.2101082617940014,91.68967099615759,50.12778533566137,2705.6264158916315,25.112278183257672,50.68884953147854,3325.8190067961045,22.846423568942797,66.54223840379082,6.227503456925032,278.4709041493966,102.45366824851365,91.93542041147127,31.876912173601106,14.728986301502689,18.998350443425338,5.835131014934531,16.729752841186794,4.080916159057809,32.535828093834304,21.718722163506758,13.34932344487597,0.7923108765896434,16.389107279236928,5.404482335605309,6.585857283015081,3.267190008512685,-0.005409669202376658,0.5745472370161216,0.16995152785594933,54.760265666357945,44.22912486378109,4
19.6,0.2700288615712014,3655.107206960009,4423.860431259261,9.188415496621474,32.016276243236376,47.22938077896942,2800.055062645135,66.09074843788838,122.90753268095956,0.20682037901776107,91.73129555981386,49.40701519429863,2706.2373369752395,25.21694555252715,50.767579954612614,3326.189982877517,22.969463178520428,66.55070035868111,4.418610338375916,278.8285108201822,102.46924486042771,92.15445662967961,31.876912173601106,14.728986301502689,18.998350443425338,5.835131014934531,16.729752841186794,4.080916159057809,32.535828093834304,21.718722163506758,13.34932344487597,0.7923108765896434,16.389107279236928,5.404482335605309,6.585857283015081,3.267190008512685,-0.005409669202376658,0.5745472370161216,0.16995152785594933,54.760265666357945,44.22912486378109,4
19.650000000000002,0.27280891752684694,3650.312086601798,4431.830438284034,9.253448175514562,32.04516911304207,47.60876512419386,2799.645158442298,65.80761063357053,122.8853562080026,0.20460633041461404,91.68663134038619,50.93107180544646,2705.099627131498,25.22821570636446,50.467644753239675,3326.200283576097,22.754632294011277,66.56346351095526,5.22061920881359,278.56553371700915,102.49576450737068,91.91954985366748,32.44888529835544,14.803602920900838,18.709522245316805,6.15416473445075,17.034523321994076,4.050355584780166,32.89533187468266,21.942630957457578,13.362949764816195,0.9946912971486656,16.181214020484678,5.376687400926936,6.610789644179337,3.2701726364921555,-0.005409669202376658,0.5745472370161216,0.16995152785594933,54.760265666357945,44.22912486378109,4
19.7,0.2753516909787264,3669.399319848241,4446.668720678555,9.18546206217798,32.34017333966167,47.50727910765666,2800.7141765900496,65.42944502017632,122.90864663421519,0.20822207643214405,91.73989434158197,49.20939160737727,2706.388328268081,25.47321368050628,50.94089616854527,3326.950944371564,22.83405691715677,66.55746479767822,5.698760585469118,278.6693470474235,102.48158902246236,92.12656896975814,32.44888529835544,14.803602920900838,18.709522245316805,6.15416473445075,17.034523321994076,4.050355584780166,32.89533187468266,21.942630957457578,13.362949764816195,0.9946912971486656,16.181214020484678,5.376687400926936,6.610789644179337,3.2701726364921555,-0.005409669202376658,0.5745472370161216,0.16995152785594933,54.760265666357945,44.22912486378109,4
19.75,0.2704513093796768,3629.249005301018,4438.720456170534,9.276155935578942,32.26610140298713,47.226201703056695,2800.5879415047284,64.65182914733313,122.87026050223118,0.2106310032397722,91.68468232400504,52.51922085145009,2706.0616261169835,25.18154138934747,49.51700552105855,3326.1538444373873,22.898434328602438,66.56184554114175,4.601688411045305,278.69779371017916,102.47299467259718,92.12601006826334,32.15960896404083,14.854448368631765,18.9180859316409,6.074913643260408,16.56277435151177,4.0704444766286,32.356089150698764,21.82268698258526,13.196804567270318,0.8078387806362798,16.16631630520633,5.416113600203484,6.556125766132425,3.2116969598661416,0.022946407197486054,0.5859806073618814,0.1852718101119407,54.12675528492388,44.56486704240398,4
19.8,0.2690770809934732,3651.059649543816,4419.3619669649715,9.269686405143158,32.13941006671208,46.97130178193298,2802.2385595033,65.13101977264355,122.88441070122043,0.21409639906565475,91.83635633223788,48.72677952583138,2707.8085302880168,25.435148479765203,50.96646828557686,3328.239083958565,22.89978416874369,66.58011448101016,3.9030409216581403,278.93874508799036,102.44741880134285,92.14241803991978,32.15960896404083,14.854448368631765,18.9180859316409,6.074913643260408,16.56277435151177,4.0704444766286,32.356089150698764,21.82268698258526,13.196804567270318,0.8078387806362798,16.16631630520633,5.416113600203484,6.556125766132425,3.2116969598661416,0.022946407197486054,0.5859806073618814,0.1852718101119407,54.12675528492388,44.56486704240398,4
19.85,0.2706845048124881,3643.0369920251865,4413.460967137596,9.24053098996031,31.948719387002388,47.354751650373316,2801.6278437106134,65.52815417641443,122.88858748944239,0.21701833916591962,91.70205593872117,50.44185046290716,2706.7311963391335,25.350635124876334,49.74874873418672,3327.0588184677367,22.772585649003023,66.59002701498684,5.373939474037519,279.0135702092291,102.45448346746055,91.92726712996297,31.993991044472715,15.200023987742782,18.401833549002856,5.942544351408719,16.603131921522838,4.053786268860144,32.738830570326925,21.850730354376022,13.350259218657786,0.9547906329964723,16.334033446920994,5.401916171332874,6.583761283511569,3.2406725000681793,0.022946407197486054,0.5859806073618814,0.1852718101119407,54.12675528492388,44.56486704240398,4
19.900000000000002,0.2717084247700407,3613.655752978144,4465.479994600728,9.214495097081148,31.646612481959927,47.17945163870106,2801.567717390078,65.57785057476136,122.88810504778,0.21781381481474327,91.69655927291836,48.93577399735634,2706.624284756458,25.441121579403276,48.54743665160294,3326.3118435981078,22.857673945977023,66.55791054006842,5.100935608534583,279.2472182111843,102.50352577222668,92.33019100584352,31.993991044472715,15.200023987742782,18.401833549002856,5.942544351408719,16.603131921522838,4.053786268860144,32.738830570326925,21.850730354376022,13.350259218657786,0.9547906329964723,16.334033446920994,5.401916171332874,6.583761283511569,3.2406725000681793,0.022946407197486054,0.5859806073618814,0.1852718101119407,54.12675528492388,44.56486704240398,4
19.95,0.26836810666224226,3639.4709122624995,4462.0598213092435,9.345075921742378,32.15870300761761,47.22042112945873,2801.9440750579856,66.04645641480795,122.90356616765122,0.22243686110017347,91.7892367242578,48.50940906845577,2707.150844625305,25.306519083929874,49.9895258721616,3327.8657456393767,22.919230733691666,66.57623116529984,4.48491901696076,278.21205036247994,102.47142821209202,91.91673787011423,32.20449264820028,14.938848640725942,18.895032663747276,5.968437346472601,16.933331378268544,4.06110392095619,32.45731221772118,21.86583254858202,13.216657283782478,0.8080386288271592,15.914281066952231,5.407462667412076,6.642285257262553,3.2279303896281943,0.022946407197486054,0.5859806073618814,0.1852718101119407,54.12675528492388,44.56486704240398,4
20.0,0.2670026068248048,3644.6649191595693,4459.119507347191,9.19477997139594,32.00414251322763,47.501105540605906,2802.111145064402,64.93642013480805,122.89786333845699,0.22515188065959685,91.77997864315398,49.661458477936726,2708.1739750046736,25.429714530974717,50.77960781105488,3328.2279010054704,22.906394309459955,66.57874871509433,5.438568535491827,278.7316158638068,102.4584152269338,92.07892126141662,32.20449264820028,14.938848640725942,18.895032663747276,5.968437346472601,16.933331378268544,4.06110392095619,32.45731221772118,21.86583254858202,13.216657283782478,0.8080386288271592,15.914281066952231,5.407462667412076,6.642285257262553,3.2279303896281943,-0.008321451374183952,0.5628036284180458,0.19090707657384218,54.443189189545265,44.060718213627744,4
