time,A Feed,D Feed,E Feed,A and C Feed,Recycle Flow,Reactor Feed Rate,Reactor Pressure,Reactor Level,Reactor Temperature,Purge Rate,Product Sep Temp,Product Sep Level,Product Sep Pressure,Product Sep Underflow,Stripper Level,Stripper Pressure,Stripper Underflow,Stripper Temp,Stripper Steam Flow,Compressor Work,Reactor Coolant Temp,Separator Coolant Temp,Component A to Reactor,Component B to Reactor,Component C to Reactor,Component D to Reactor,Component E to Reactor,Component F to Reactor,Component A in Purge,Component B in Purge,Component C in Purge,Component D in Purge,Component E in Purge,Component F in Purge,Component G in Purge,Component H in Purge,Component D in Product,Component E in Product,Component F in Product,Component G in Product,Component H in Product
0.05,0.2675850651676057,3656.6023035710646,4450.030296427365,9.188862747115708,31.160094675933003,47.03896745932945,2784.217481724422,65.39284733221267,123.42532725188572,0.2296755041618175,89.8575206254747,51.50153240206678,2686.185147560062,25.20413308217067,50.40181314788622,3308.406006600571,22.95580431942677,66.462454971461,14.819778845642126,275.1451576754224,103.28796111417779,86.14624724031846,32.199814660419335,14.907823554990681,18.800171335167253,6.026521643830598,16.6857983665812,4.05160258927819,32.71289246688633,21.799533727636934,13.178278794056878,0.8980032289879478,16.15517625971376,5.399005669839365,6.623627439158525,3.2334824137202705,0.010796565634358608,0.5795752179855835,0.18753892253562657,53.80002547633202,43.94117408105573
0.1,0.2669383088609872,3680.8543162670144,4452.582979760035,9.2636709297395,31.617966825483588,47.20814592742077,2743.5334048684317,63.67528395525639,123.93270591613017,0.21712125981940877,85.73414606304854,53.021653156370974,2641.1626144350043,25.146924910046142,50.16518150719404,3258.4722131395906,23.06109605751563,65.5845307890891,39.49695464223557,273.5084788153406,104.56976261324235,82.74183584194009,32.199814660419335,14.907823554990681,18.800171335167253,6.026521643830598,16.6857983665812,4.05160258927819,32.71289246688633,21.799533727636934,13.178278794056878,0.8980032289879478,16.15517625971376,5.399005669839365,6.623627439158525,3.2334824137202705,0.010796565634358608,0.5795752179855835,0.18753892253562657,53.80002547633202,43.94117408105573
0.15,0.26714907839466534,3654.857354465587,4436.0929973862985,9.26057238551677,31.64618577687069,46.8298415606715,2723.34639226562,62.420711198178665,123.97065775796425,0.16914936193400337,84.57552902397458,54.459236052822924,2620.2217112755457,25.335518098112072,48.824169293740574,3229.500768240016,22.7306937831972,64.47401633834538,48.78572291825976,276.39481554780116,104.95587279440144,85.62763182979643,32.31771444710027,14.953324147878083,19.043902129805648,5.846276606453718,17.0009892890501,4.047127551152078,33.05042166049628,21.817762334516644,13.00599217555593,0.791525329138533,16.594606269287457,5.4247678415101594,6.591244309412803,3.144264526646515,0.010796565634358608,0.5795752179855835,0.18753892253562657,53.80002547633202,43.94117408105573
0.2,0.26512494177876533,3670.449497245176,4470.421996324169,9.181448604286864,32.364041347138425,46.919712484745396,2727.8882730073474,60.75023995326606,124.10501813631477,0.13732940522179665,86.02788697862495,59.73472091970149,2624.9269428934667,25.827033632821156,51.00035496347348,3234.138585383214,22.754903683628267,64.10117643402974,50.78312278417052,277.0354845967635,104.91787348690384,86.83478735248346,32.31771444710027,14.953324147878083,19.043902129805648,5.846276606453718,17.0009892890501,4.047127551152078,33.05042166049628,21.817762334516644,13.00599217555593,0.791525329138533,16.594606269287457,5.4247678415101594,6.591244309412803,3.144264526646515,0.010796565634358608,0.5795752179855835,0.18753892253562657,53.80002547633202,43.94117408105573
0.25,0.26558228264359784,3667.206575028299,4428.442102531243,9.185082676604225,31.91853968101718,47.28401117157136,2728.106116177248,60.126372755723345,124.17551350688369,0.10267405781122409,86.59463964521723,62.21661140231709,2625.637566997533,26.279464458286046,51.42509574494018,3234.858719825588,22.847864335551627,64.25113585522392,55.59424469102231,277.51049965799984,104.84924576167693,86.9236349101383,32.47355707029646,14.717976163835807,18.865609137198888,6.152518671990546,17.05847623698122,4.053961172482723,33.07005425940139,22.371589650916718,13.619205629760241,0.8239482397758714,15.654509930382048,5.374639138291562,5.8055609180530166,2.809736841478679,0.01625957973038026,0.5586703650886548,0.2159316002897903,54.416139519031354,44.26329548516711
0.3,0.26786075356234185,3677.563459211356,4407.616703098278,9.187335403072726,31.998229662117403,47.56545564370709,2730.26776300593,58.139675536603505,124.24166506840409,0.08172858205411257,87.31579010852336,66.11617799747737,2629.4503952514015,26.62416499753462,52.61630643185023,3238.120996437632,22.62844273965906,64.56490465624155,53.91028877775749,277.4216217896884,104.71350692136497,87.82895533809895,32.47355707029646,14.717976163835807,18.865609137198888,6.152518671990546,17.05847623698122,4.053961172482723,33.07005425940139,22.371589650916718,13.619205629760241,0.8239482397758714,15.654509930382048,5.374639138291562,5.8055609180530166,2.809736841478679,0.01625957973038026,0.5586703650886548,0.2159316002897903,54.416139519031354,44.26329548516711
0.35000000000000003,0.2676520821690791,3659.6070996820204,4448.982495078817,9.22324196868473,32.43817142488425,46.91459181543496,2733.9224495307167,58.756302769779815,124.28689030204555,0.06661557645196228,88.15495254916137,65.6554939581925,2633.6453212114857,26.65029306883026,54.39449175445791,3242.0511687750395,22.88247674238625,65.01843617965719,51.26986294087048,277.5177243170521,104.53238979771659,88.64411090733947,32.727305955112705,14.988305216543692,18.611734807032217,5.938706617978867,16.17074507473971,4.040066702041592,32.88325779862617,22.10149093053974,13.739988636380364,0.9014022113973833,16.188785208772778,5.338028305820855,5.8322235354144745,2.683096262081216,0.01625957973038026,0.5586703650886548,0.2159316002897903,54.416139519031354,44.26329548516711
0.4,0.26711058972293,3634.6957202373765,4453.917638834016,9.16906793296175,32.175409683676804,47.52526459688136,2734.8885403551476,56.37267951795561,124.30397273925698,0.049854812905694705,88.78064927646375,69.30136296585327,2635.5466180374115,26.904933839216117,55.06091093359364,3244.6047732699626,23.00033902429176,65.57671714117457,50.205327856476345,277.40981787649935,104.38127776294219,88.85153272589447,32.727305955112705,14.988305216543692,18.611734807032217,5.938706617978867,16.17074507473971,4.040066702041592,32.88325779862617,22.10149093053974,13.739988636380364,0.9014022113973833,16.188785208772778,5.338028305820855,5.8322235354144745,2.683096262081216,0.01625957973038026,0.5586703650886548,0.2159316002897903,54.416139519031354,44.26329548516711
0.45,0.2626032703257676,3630.4142996047653,4427.621976825417,9.145200366611583,32.17029336212935,46.87332609374424,2736.8663620586835,56.0267167580946,124.31022160133216,0.041518964303251533,89.49143400943125,68.793970691762,2638.145641051372,26.909203700566465,57.74769066819773,3246.8915297307153,22.958681337967754,66.13526847183051,48.09195208455139,277.4079616143864,104.28227130576164,89.64403283817248,33.05550461027674,15.263551128165014,18.797123418094117,6.043349748073696,16.50952002125308,4.094501284316094,33.2045305479826,22.482993645055018,13.269623759094417,0.9067693298896249,15.326863243297677,5.380097744888858,6.084241495080979,2.9159566758945252,0.01625957973038026,0.5586703650886548,0.2159316002897903,54.416139519031354,44.26329548516711
0.5,0.2592288021945952,3644.7645473704943,4439.195380750064,9.183493929523301,31.801721781687974,46.995652408186274,2736.9718459327078,54.078101058961586,124.29261045001317,0.031551104073074196,90.05323489987329,68.49491497022359,2639.4346648244577,27.22355919260891,59.13625659599508,3248.866946995582,22.87878342985218,66.68667865627471,49.189798365166375,277.18076042558806,104.1655422242124,90.10519531016239,33.05550461027674,15.263551128165014,18.797123418094117,6.043349748073696,16.50952002125308,4.094501284316094,33.2045305479826,22.482993645055018,13.269623759094417,0.9067693298896249,15.326863243297677,5.380097744888858,6.084241495080979,2.9159566758945252,0.017892510284158662,0.6437109795039024,0.2023785101572054,53.4508408625733,42.62626926052286
0.55,0.25423628955261524,3616.8735219444625,4404.141870072217,9.065415804187356,32.253432946006825,47.42829542609211,2737.4575915757323,53.35654838220455,124.28304271000546,0.026823623083382847,90.58985534357143,70.9831824756289,2640.566154578822,27.033704492951127,62.688953041773985,3249.310629416815,22.837152795804226,67.20879820286314,49.29848191841976,277.10325975038984,104.02853460848314,90.37408330046654,32.19465704103697,15.178769392840934,18.8559751539784,5.928845437196263,16.86520775465099,4.105267973461834,33.27377323115463,22.464796215826976,12.951816854881974,0.6830934324028701,16.058851758902968,5.426351938025023,6.299409384670079,2.9734931103255104,0.017892510284158662,0.6437109795039024,0.2023785101572054,53.4508408625733,42.62626926052286
0.6,0.25374587017106315,3611.6551782176593,4390.785968329617,9.156681455937884,31.848958515751836,46.88031977133335,2737.2945591741413,52.8619149658317,124.30163328042653,0.020277070046203174,91.18370478186088,71.60203623301507,2641.243831832016,27.215570053583992,62.841883946410995,3250.5242916361008,22.811741244892836,67.69782147216017,47.10816516772455,277.0547637273232,103.94840245648075,90.98925483098891,32.19465704103697,15.178769392840934,18.8559751539784,5.928845437196263,16.86520775465099,4.105267973461834,33.27377323115463,22.464796215826976,12.951816854881974,0.6830934324028701,16.058851758902968,5.426351938025023,6.299409384670079,2.9734931103255104,0.017892510284158662,0.6437109795039024,0.2023785101572054,53.4508408625733,42.62626926052286
0.65,0.25780789612173133,3631.105707175277,4399.504054806123,9.025168531248626,31.904373220156543,46.96088051155028,2737.604855078542,53.520899811116664,124.28601602244363,0.0176642708896578,91.62363901274114,69.36254974635968,2642.004281450208,26.967971832242622,65.99898357770697,3251.135447761664,23.132880733849444,68.16827818626349,48.7730465343015,276.5434756756066,103.86830891295257,90.92580882943216,32.3807825884084,15.363471053282858,18.97639502502236,5.795143767915893,16.30065638152599,4.104157928320604,32.91844684473621,22.43510449227593,12.622258464736513,0.7798312495424649,15.553811677182216,5.491470247292348,6.410642730382358,3.2830139849193136,0.017892510284158662,0.6437109795039024,0.2023785101572054,53.4508408625733,42.62626926052286
0.7000000000000001,0.25932446322716185,3640.2398230545955,4370.969610597559,9.107268130678436,31.628158816532206,46.87577115133522,2736.4168190952105,52.05613583198904,124.27240965113691,0.01627981207223676,91.95016493140551,70.37318195095017,2641.3059195460164,27.442901896466328,68.05299915822572,3249.8725818555117,23.112106068422058,68.58694144301518,49.345861458039124,276.1634114576089,103.83933958040389,91.46288117006603,32.3807825884084,15.363471053282858,18.97639502502236,5.795143767915893,16.30065638152599,4.104157928320604,32.91844684473621,22.43510449227593,12.622258464736513,0.7798312495424649,15.553811677182216,5.491470247292348,6.410642730382358,3.2830139849193136,0.017892510284158662,0.6437109795039024,0.2023785101572054,53.4508408625733,42.62626926052286
0.75,0.2591163070015837,3598.4589486030195,4388.446193405783,8.994728422412976,31.37830087832672,46.69759519579336,2737.4432964064044,51.657586432412664,124.29872041501633,0.011822836502205393,92.47095280748705,69.60364454185938,2642.5947936480725,27.117182788367824,69.1308113835705,3251.1476965752986,22.782362772674023,68.94616264583198,46.84763686673756,276.00925819814495,103.79541785565698,91.7953958432209,32.272694251391655,15.454095892365915,18.83466704894235,5.893762201059604,16.26462021103782,4.174376093800617,32.89612659918778,22.517709091698787,12.876182678779795,0.7783437868342435,16.36333773325001,5.5270928114948035,6.629892957936908,3.3563551214960476,0.008622615031659783,0.6426790439555593,0.19879229357546999,52.62439884196905,43.916408518020546
0.8,0.2592267939494539,3609.0945282345283,4349.615364454853,9.066390248583701,31.5434102731419,46.58934733335915,2735.1924908516557,52.222827191676515,124.25512023376214,0.01126339680570687,92.67143522842265,68.88817798294437,2641.3515056756382,26.915949732228807,70.83762127791722,3249.4873654669536,22.92757116579669,69.29944821046097,47.09060110243718,275.87442090188495,103.81621599015583,91.78257926350149,32.272694251391655,15.454095892365915,18.83466704894235,5.893762201059604,16.26462021103782,4.174376093800617,32.89612659918778,22.517709091698787,12.876182678779795,0.7783437868342435,16.36333773325001,5.5270928114948035,6.629892957936908,3.3563551214960476,0.008622615031659783,0.6426790439555593,0.19879229357546999,52.62439884196905,43.916408518020546
0.85,0.25931036767742444,3597.3357770282655,4313.128123979495,9.065975957278129,31.624647205844905,46.644773157544165,2736.446789122112,51.17476521764011,124.25951510800867,0.010404503321198199,93.12205472450157,70.58514861351682,2642.1666296639837,27.01079234378119,70.68164411954892,3250.630689230404,22.685751528538983,69.61021857977713,44.290866176719085,276.0532605554094,103.77911198890786,92.4969842079206,31.998281632848247,15.41454577082835,18.643240771123295,5.9967002474121465,16.75481474380509,4.209727543404538,32.74109679264093,22.725311766090183,12.496231710842478,0.640294024654757,15.393724504895426,5.700163562953373,6.7562762016763624,3.4458822925608112,0.008622615031659783,0.6426790439555593,0.19879229357546999,52.62439884196905,43.916408518020546
0.9,0.2597447383539923,3567.0059856777125,4328.971519071345,8.997492953589845,31.417233845616483,46.43596748919937,2735.4817608508224,52.003819867679326,124.25009274754254,0.006958123593141011,93.37502148387642,66.82864190920797,2642.2658050442574,26.858418137361237,73.89071796273538,3250.399634509392,22.939256387756885,69.90925610974381,44.336358346528634,275.4188495817072,103.77650650488054,92.29784165293245,31.998281632848247,15.41454577082835,18.643240771123295,5.9967002474121465,16.75481474380509,4.209727543404538,32.74109679264093,22.725311766090183,12.496231710842478,0.640294024654757,15.393724504895426,5.700163562953373,6.7562762016763624,3.4458822925608112,0.008622615031659783,0.6426790439555593,0.19879229357546999,52.62439884196905,43.916408518020546
0.9500000000000001,0.26119314974920543,3614.524824422076,4325.978145465416,9.026013921176082,31.421132657795855,46.75035502409188,2735.4536860221788,51.145408406055786,124.24281108690124,0.00808411426028366,93.6360131554187,68.06184482393633,2641.985906895758,26.81194314335764,73.90652806640428,3250.266716851207,22.82308612291466,70.14385655724904,45.5920121945925,275.3550507912688,103.74761355289904,92.53095123577201,32.22338009585687,15.684099991672756,18.161075575611648,6.002126386717956,16.12611791029046,4.287934718772436,32.438271008080704,22.814459899273274,12.474705215437528,0.7526145572726586,15.573133239575137,5.721251411454781,6.932208574600188,3.378914425690981,0.008622615031659783,0.6426790439555593,0.19879229357546999,52.62439884196905,43.916408518020546
1.0,0.2613128337653725,3602.9183821518454,4328.335535671499,8.984761702541242,31.672823775913113,46.24801657745228,2735.616665901658,51.210758268227956,124.23881388979723,0.007147337938101554,93.89679983279176,68.14412061562797,2642.780725741512,26.678241151828807,78.167413925668,3250.683182554711,22.86345732677348,70.36730721529996,43.64083072018871,274.8646849692981,103.7344614668496,92.66467645059323,32.22338009585687,15.684099991672756,18.161075575611648,6.002126386717956,16.12611791029046,4.287934718772436,32.438271008080704,22.814459899273274,12.474705215437528,0.7526145572726586,15.573133239575137,5.721251411454781,6.932208574600188,3.378914425690981,0.006381047998012156,0.5986764725245493,0.19705080396242597,53.61707380794914,44.421923864367145
1.05,0.2551422273061121,3583.852431738718,4344.526365448796,9.058733253184288,31.529489422647483,46.663484006818905,2734.7444315169437,51.561786039988434,124.23569696071077,0.007293901955490229,94.02062774837891,66.63492175561132,2642.44352717768,27.067568648008518,80.30748612391766,3250.2472293999613,22.877494912416758,70.55803928900005,44.026188361038095,275.3681588766162,103.76914110138745,93.08520160374451,31.89364469206855,15.666995959548052,17.796750452090368,6.145076838260557,16.045312984342928,4.37774398395549,32.56897485387917,22.943248643877336,12.16185764852859,0.7397790110773329,15.439385279572136,5.836506608479357,6.985247248961468,3.6473780837456538,0.006381047998012156,0.5986764725245493,0.19705080396242597,53.61707380794914,44.421923864367145
1.1,0.25135938180505474,3563.8179054413654,4293.382429546567,9.022892120375573,31.603049725200968,46.505176639308466,2735.3990911289957,50.87334284668555,124.21956730215,0.005378501055491722,94.23017837491288,64.97118194246563,2642.9826671619053,26.591367164444673,81.23623025736313,3250.825408564449,23.011059425468236,70.71924841619584,42.77200176357317,274.73370110710505,103.79360441363482,92.81268428326878,31.89364469206855,15.666995959548052,17.796750452090368,6.145076838260557,16.045312984342928,4.37774398395549,32.56897485387917,22.943248643877336,12.16185764852859,0.7397790110773329,15.439385279572136,5.836506608479357,6.985247248961468,3.6473780837456538,0.006381047998012156,0.5986764725245493,0.19705080396242597,53.61707380794914,44.421923864367145
1.1500000000000001,0.24587741279429876,3588.5510566720272,4308.622179040641,9.0065279927278,31.16329483759255,46.34345841969702,2735.741759911766,50.54038755216652,124.20430314918839,0.0063600744644294605,94.31244360319813,64.57233195400579,2643.5931567112502,26.62184304353728,82.63084105676637,3250.9430087439982,22.97185361598433,70.81301544821794,43.45225954414386,275.148852241288,103.80127017629513,93.03052804010882,32.10473900517357,15.606299553044892,18.181276792943713,5.859682192095587,15.896207070659969,4.41560411605281,32.545175950958324,22.979718080119742,12.13660842542395,0.7532796096273656,15.12760904053693,5.9138897704356825,6.953153066782781,3.649260353563011,0.006381047998012156,0.5986764725245493,0.19705080396242597,53.61707380794914,44.421923864367145
1.2,0.23991393200299374,3575.86878824773,4331.548596201623,9.051786447066384,31.42061399021541,46.64101732244848,2736.99708061978,50.296547425200174,124.21576454168324,0.003936087328726016,94.50277041645035,61.73034686318613,2644.672385123506,26.581835359418328,85.75751715293272,3252.315673778204,22.844697612780696,70.93002959971129,41.3582731086445,275.0619377754943,103.83168787397938,93.04216083705704,32.10473900517357,15.606299553044892,18.181276792943713,5.859682192095587,15.896207070659969,4.41560411605281,32.545175950958324,22.979718080119742,12.13660842542395,0.7532796096273656,15.12760904053693,5.9138897704356825,6.953153066782781,3.649260353563011,0.006381047998012156,0.5986764725245493,0.19705080396242597,53.61707380794914,44.421923864367145
1.25,0.2420879090411198,3589.633334573777,4330.8650870742495,9.032772981759614,31.317035606713667,46.35464076677171,2737.7175021172957,51.08163245369896,124.22801963806045,0.0029548558999650852,94.6888871434261,62.60961751762533,2646.3727998384165,26.363934601431403,82.05021553265026,3253.300449450301,22.781080777132882,71.0360689724789,42.67552621402768,275.1703219625894,103.8470002032769,93.47625789338973,31.671082183016626,15.665740764685319,18.09836759058825,6.238871897179962,15.65023259031327,4.4365969084092685,32.206903628831746,23.119196942820643,11.910115508062365,0.711577520911795,15.204116966508408,5.990079034328913,7.0906812309023195,3.744400816842479,0.007425372311546807,0.5305853779880237,0.19207656593476408,53.12045818591575,44.59665408384449
1.3,0.241066858514774,3551.6880658851537,4303.403981698435,8.958224144650506,31.455693887213535,46.44508780998023,2739.288500767583,51.50517925444093,124.21358953968571,0.005843155160333127,94.8709635745005,61.51439581389672,2647.890826503937,26.210060451222493,85.08624071615915,3255.4371940164615,23.07608654835644,71.16261997756799,44.207794292636635,274.78087797559425,103.84728714044685,93.38138579032486,31.671082183016626,15.665740764685319,18.09836759058825,6.238871897179962,15.65023259031327,4.4365969084092685,32.206903628831746,23.119196942820643,11.910115508062365,0.711577520911795,15.204116966508408,5.990079034328913,7.0906812309023195,3.744400816842479,0.007425372311546807,0.5305853779880237,0.19207656593476408,53.12045818591575,44.59665408384449
1.35,0.23908175681471794,3538.8025264551547,4281.148208927111,8.97039316018568,31.419377997795053,46.201382089141575,2738.855263691937,51.3021275371094,124.2136918497849,0.004742301807039179,94.77661165343548,58.88450782413782,2646.8621042523782,26.379839928426705,84.93786204011387,3254.902353083454,22.801106948013434,71.22974200992535,44.06888857901645,274.5276361370644,103.89334197727214,93.13609742750336,31.90137474425979,15.889418194063001,17.42829296937242,5.906830515038642,16.197167175813895,4.522449953022953,32.191495843035824,23.251681085106334,11.717368641694465,0.8835430266392956,15.194479908622741,6.095117321966076,7.153164379877505,3.699959905429797,0.007425372311546807,0.5305853779880237,0.19207656593476408,53.12045818591575,44.59665408384449
1.4000000000000001,0.24139806032885155,3531.1955178964668,4280.766459211183,8.971347841848335,31.21288586652415,46.01011679075703,2740.024270481445,52.15427590164311,124.23014389010604,0.004358290447937656,94.88467811651742,58.41992519990407,2647.114492587807,26.300197693434423,85.6892069651574,3255.1128223897804,22.874339187247603,71.26803309011832,43.86505925877464,275.1460725161044,103.91735575286063,93.78745738743297,31.90137474425979,15.889418194063001,17.42829296937242,5.906830515038642,16.197167175813895,4.522449953022953,32.191495843035824,23.251681085106334,11.717368641694465,0.8835430266392956,15.194479908622741,6.095117321966076,7.153164379877505,3.699959905429797,0.007425372311546807,0.5305853779880237,0.19207656593476408,53.12045818591575,44.59665408384449
1.45,0.23253075654543987,3555.4115343870017,4287.94379192717,8.985533198837206,31.46694676318516,46.05198784422885,2742.3133959258994,51.20246541178932,124.19220466929306,0.005555660403814113,95.0778899756646,59.98043379094048,2650.1015558336035,25.860708300267643,88.0530135150666,3258.1434231670414,23.08391935731463,71.34112191026809,42.07017068404846,274.51066648350496,103.93833661365177,93.66388999055309,31.768913481880567,15.790567487715064,17.568460921016964,6.06051390740708,15.947970687575094,4.55784136292944,32.23446390738252,23.357994018952443,11.59458600543774,0.6186620198945969,15.25003125449862,6.11137349714188,7.303502849564898,3.772168670724501,0.007425372311546807,0.5305853779880237,0.19207656593476408,53.12045818591575,44.59665408384449
1.5,0.22956991445074443,3544.9944893862494,4285.683691603944,8.947443042841133,31.29445872819738,45.76720301990623,2743.2358814077556,52.37771269898564,124.19590422487693,0.0030292205165581123,95.08498630065937,58.50719747679326,2651.094987547674,25.606097191967574,86.63003244536627,3259.206544412209,22.850372633885325,71.36207877589054,42.21855100278509,274.713471301582,103.98671576296687,93.69407251967603,31.768913481880567,15.790567487715064,17.568460921016964,6.06051390740708,15.947970687575094,4.55784136292944,32.23446390738252,23.357994018952443,11.59458600543774,0.6186620198945969,15.25003125449862,6.11137349714188,7.303502849564898,3.772168670724501,0.009774909943304967,0.5314683488514937,0.1946043598549045,52.39810576403029,46.11170602407641
1.55,0.22625902635222345,3527.529749006232,4249.294577893973,8.90074565189176,31.350115320004114,45.87320266412023,2745.372104511839,51.03286174454734,124.20148666896344,0.007395575919082711,95.2225174441979,57.2490031920991,2653.3622268687136,25.756261644709408,86.074545534889,3261.2507458126233,22.805705990703572,71.38589637178394,41.82180518033052,274.78113885733956,103.97830397981151,93.83918683527182,31.45733132911305,15.97899351895027,17.443128789566707,6.0373664105038864,15.491052814040575,4.599409439177811,32.13628695052474,23.14056277796047,11.42731891722021,0.8665004805242094,15.324978416931385,6.157417094800263,7.312728537081753,3.7892131446139485,0.009774909943304967,0.5314683488514937,0.1946043598549045,52.39810576403029,46.11170602407641
1.6,0.2259365032484155,3535.5886676729383,4259.065444734596,8.814838140817166,31.393438529421246,45.99312479389338,2746.1242993199053,51.538549246149856,124.20465041921295,0.005079663663079038,95.21768879706896,56.430875102339954,2654.8096814299547,25.56413674116688,88.97467337015631,3262.4013464971476,22.86884219661984,71.43321290711586,41.27680712599162,275.0765170816841,104.01604496745776,93.92915375456981,31.45733132911305,15.97899351895027,17.443128789566707,6.0373664105038864,15.491052814040575,4.599409439177811,32.13628695052474,23.14056277796047,11.42731891722021,0.8665004805242094,15.324978416931385,6.157417094800263,7.312728537081753,3.7892131446139485,0.009774909943304967,0.5314683488514937,0.1946043598549045,52.39810576403029,46.11170602407641
1.6500000000000001,0.22294728750221993,3544.890358892126,4248.925651782483,8.944437096336882,31.680544855207643,45.945680310808235,2747.086298608059,52.70745785988125,124.21078706137068,0.006834665182641257,95.2126483587079,55.403445366316596,2654.3761827041853,25.602468588213057,88.97847632939036,3263.4413760264347,22.67474686630559,71.46456624637902,42.9460303079878,274.5609763413892,104.03639011992273,93.64677627666767,32.07421663674809,15.973208710588235,17.933173591047336,5.7177899752059895,15.781768188352563,4.6385928035408215,31.889094099687846,23.34978190718496,11.26389715923303,0.838637583075182,15.125621530874536,6.261967925955256,7.260013501135962,3.790766007571694,0.009774909943304967,0.5314683488514937,0.1946043598549045,52.39810576403029,46.11170602407641
1.7,0.21860130098504835,3521.934187871157,4220.936431702069,8.926163169366038,31.108597885327843,46.05600524526255,2748.4535072348217,51.4722101418856,124.2049965826031,0.002336609409034758,95.27180047139909,56.06725247317966,2656.465606556584,25.586006973461334,89.37406923962881,3265.3736596050485,23.032573579915237,71.45322884176765,43.108314914094926,274.6790719921649,104.06335610035009,93.97171478263152,32.07421663674809,15.973208710588235,17.933173591047336,5.7177899752059895,15.781768188352563,4.6385928035408215,31.889094099687846,23.34978190718496,11.26389715923303,0.838637583075182,15.125621530874536,6.261967925955256,7.260013501135962,3.790766007571694,0.009774909943304967,0.5314683488514937,0.1946043598549045,52.39810576403029,46.11170602407641
1.75,0.220598530150404,3546.931938690203,4248.295570911346,9.065467242088175,31.125858199689635,46.045210380227644,2750.2670270892677,52.136871225839144,124.2119987067289,0.006777470870564837,95.38564572522135,53.91143693092258,2658.0829515857913,25.451257303853506,89.69496570735745,3267.1034436650275,22.799912510258373,71.47329614191537,41.9514055480025,275.08020484621363,104.07379801997527,93.92506404883122,31.471474290979565,16.104283185116042,17.75436477449346,5.689174663602315,16.04432262232271,4.6778926461101555,32.131954848118426,23.244465924023473,11.44577143777433,0.7349182781700074,15.135859071189419,6.3141039137501975,7.328709282960928,3.751874916552588,-0.007386421437188203,0.49375071744962346,0.1825790800165269,52.47372881788665,44.80711897250823
1.8,0.21930015572147318,3541.0854738750004,4224.68202937973,8.898080165064812,31.471792679414058,46.11816709699505,2749.68449834534,51.59566186551299,124.20166574761313,0.004743686899025724,95.2302986284512,56.10344282305412,2656.969480418283,25.060648395614972,89.20122829321863,3266.1169913201607,22.850562027866964,71.48766838455083,42.31730804863332,274.85701694390815,104.12859502424078,93.86884750367552,31.471474290979565,16.104283185116042,17.75436477449346,5.689174663602315,16.04432262232271,4.6778926461101555,32.131954848118426,23.244465924023473,11.44577143777433,0.7349182781700074,15.135859071189419,6.3141039137501975,7.328709282960928,3.751874916552588,-0.007386421437188203,0.49375071744962346,0.1825790800165269,52.47372881788665,44.80711897250823
1.85,0.22125573923852826,3511.9130452755435,4211.078445565903,8.84103013184468,31.732137854554523,46.042313195258465,2750.760840144492,51.729221978742686,124.19769377052047,0.008332275326017057,95.34914829732277,53.04765557959222,2659.025752445824,25.18228021522902,89.75033084763199,3268.0945243363576,22.962895294907835,71.49426726496661,42.58025845260918,275.0589596995955,104.13829280753873,93.96147151079671,31.464781185208686,16.263976954713034,17.46144525662497,5.848681318082256,15.953845575237885,4.754564862263963,32.27134870892934,23.582762510878265,11.26840934648871,0.6997847278356615,15.097114007145079,6.358903648143679,7.342453021508143,3.737164309881118,-0.007386421437188203,0.49375071744962346,0.1825790800165269,52.47372881788665,44.80711897250823
1.9000000000000001,0.22004928723704317,3532.5433903121266,4249.506979631223,8.924959602652486,31.479161483381972,45.965627695658796,2753.450831596357,52.23666117517844,124.21669572965436,0.012091207737461572,95.4694587221755,52.578386039196886,2661.7881433243897,25.14951728609485,89.25691918401964,3270.473186922831,22.847238692006613,71.48685020248877,40.19252457872811,274.83654880962405,104.1547764876352,94.21815099560332,31.464781185208686,16.263976954713034,17.46144525662497,5.848681318082256,15.953845575237885,4.754564862263963,32.27134870892934,23.582762510878265,11.26840934648871,0.6997847278356615,15.097114007145079,6.358903648143679,7.342453021508143,3.737164309881118,-0.007386421437188203,0.49375071744962346,0.1825790800165269,52.47372881788665,44.80711897250823
1.95,0.21918808129814782,3489.4086711269256,4203.555307737546,8.916986634060978,31.818796644736494,45.683520498058414,2755.2281878741287,52.8713565581516,124.21663575532598,0.013113639229207937,95.5570929813852,52.51404697859518,2662.761024954371,25.026967951769915,88.43800523443443,3272.270792583857,22.741577335801757,71.50436863938417,40.7149852676053,275.2095960310231,104.19285535632059,94.13187257434322,31.775972974394016,16.23185487695011,17.600462432357336,5.9053750455955365,16.071183407436635,4.766791204521826,31.738125297899533,23.428013910570204,11.116309425453442,0.8718648619728112,14.939409510432142,6.415934954161267,7.3499022791545245,3.7657781601388467,-0.007386421437188203,0.49375071744962346,0.1825790800165269,52.47372881788665,44.80711897250823
2.0,0.21535846015643068,3523.768726802618,4215.223276556331,8.84602981469687,31.362438768817793,45.97433346629758,2756.0597033545955,52.996354821326435,124.21146330237424,0.02256596243456185,95.51317107108282,52.20921399599992,2663.942153558373,24.916195781226538,89.43555611754499,3273.756487468629,22.78547359917974,71.53747822212966,43.23730191338595,274.8884125821605,104.2192439767542,94.23141415395334,31.775972974394016,16.23185487695011,17.600462432357336,5.9053750455955365,16.071183407436635,4.766791204521826,31.738125297899533,23.428013910570204,11.116309425453442,0.8718648619728112,14.939409510432142,6.415934954161267,7.3499022791545245,3.7657781601388467,0.009890176935873431,0.4895363759360314,0.17930142404787028,52.80474110761199,45.40918745659862
2.05,0.21408871517008984,3514.4641536892186,4186.154269815183,8.88819723420723,30.89277208473838,45.676432246991006,2757.5599631819127,52.93044904835327,124.20351719564277,0.030117861860261646,95.52471112222783,51.77790771775069,2665.2167050138023,24.892937075282493,88.77166802474602,3274.985533495682,22.79066839623801,71.52145366824074,42.59639655363104,274.95447083400234,104.2472479394966,94.11939547470372,32.168790822463386,16.189512149377094,17.88320615173357,6.020065821129035,15.638465470508594,4.817637792238463,31.465475263141496,23.56220944210797,11.497744712445995,0.926235150700774,14.886731975377323,6.45987216964392,7.339057825790841,3.7109487471234512,0.009890176935873431,0.4895363759360314,0.17930142404787028,52.80474110761199,45.40918745659862
2.1,0.2137251425500346,3508.798948169655,4206.828230851153,8.973352965836357,31.778208001741692,45.96101966402711,2757.546645094108,53.149041788265734,124.19586269481532,0.03721810823554849,95.50846472383905,50.319301157736646,2666.0379697481003,24.881244800557965,90.27952288940897,3274.6036731118174,22.733759107588437,71.52792633871466,41.98356638144661,275.3569504168953,104.27228797704021,94.44991683097197,32.168790822463386,16.189512149377094,17.88320615173357,6.020065821129035,15.638465470508594,4.817637792238463,31.465475263141496,23.56220944210797,11.497744712445995,0.926235150700774,14.886731975377323,6.45987216964392,7.339057825790841,3.7109487471234512,0.009890176935873431,0.4895363759360314,0.17930142404787028,52.80474110761199,45.40918745659862
2.15,0.21046382337994435,3507.4282952662047,4191.153327217427,8.79549179991767,31.694523048444687,45.793471185735015,2759.172608919017,52.33160493172163,124.18891653350693,0.045747051850074584,95.58366666199352,51.07334718371928,2666.945049728051,24.890766673335396,87.5106960505221,3276.6214772258018,22.847625959650255,71.53243503591483,40.66771529169698,275.30036335899604,104.30004752931487,94.2065690054703,31.43011432166153,16.17484184964149,17.549685287430027,5.884288815871007,15.629165291169627,4.820986770871444,31.821289131040004,23.4833331323118,11.013062074844255,0.8530766767828011,14.496335714472966,6.471907069577789,7.423048013404326,3.8234100488337357,0.009890176935873431,0.4895363759360314,0.17930142404787028,52.80474110761199,45.40918745659862
2.2,0.21036580717291634,3519.301863523433,4196.564897735337,8.872419237806906,31.91871745694401,46.012844727868114,2759.5490955038395,52.583012758400685,124.22010438967418,0.051680337009537655,95.57865888601107,53.47859527325374,2667.611221492494,24.729959174364296,89.14229042763905,3277.1243066490774,22.46532752542223,71.53670727516146,42.51126613812508,275.2669039609871,104.34658922215066,94.33574490319437,31.43011432166153,16.17484184964149,17.549685287430027,5.884288815871007,15.629165291169627,4.820986770871444,31.821289131040004,23.4833331323118,11.013062074844255,0.8530766767828011,14.496335714472966,6.471907069577789,7.423048013404326,3.8234100488337357,0.009890176935873431,0.4895363759360314,0.17930142404787028,52.80474110761199,45.40918745659862
2.25,0.2087287888529347,3502.169600623795,4173.93126421037,8.861202021147738,31.66884034720856,45.76404758551538,2760.5803186757594,52.45561759618488,124.22235362595947,0.0622215466991906,95.61490981957812,51.2159867519308,2668.658550835358,24.487275753003985,85.05990196803566,3277.815557278999,22.63670716149665,71.5304862242421,42.549488187489146,275.55328980078565,104.39894370048792,94.43458220352944,31.22873018289755,16.33646366110865,17.435950910296633,5.833957478473551,15.731040115832803,4.873927119298201,31.59659755453461,23.78487417792855,11.510106909436864,0.8191688078273659,14.806696817534819,6.505876258417149,7.387023021833853,3.732920764411373,0.02458279893382275,0.455180294384956,0.1778587761320298,53.0327957841965,44.18333006215173
2.3000000000000003,0.2077954324779854,3467.064956264008,4183.006782961034,8.858162482472492,31.656259689092924,45.98485545977297,2761.7463927248123,52.39531224366614,124.20519262863763,0.07135944518220508,95.6638770004296,50.84806554116422,2669.57645546592,24.48720469798469,86.41998780484727,3279.4680119606837,22.65896886815666,71.5457520077749,44.651677668573505,275.4129803408399,104.39824470834344,94.45531273614415,31.22873018289755,16.33646366110865,17.435950910296633,5.833957478473551,15.731040115832803,4.873927119298201,31.59659755453461,23.78487417792855,11.510106909436864,0.8191688078273659,14.806696817534819,6.505876258417149,7.387023021833853,3.732920764411373,0.02458279893382275,0.455180294384956,0.1778587761320298,53.0327957841965,44.18333006215173
2.35,0.20832377256166448,3494.6245231902917,4199.886716014598,8.843548540404884,32.095773975110724,45.97357224762482,2764.1740646060775,53.038350779489036,124.20740288955203,0.08397584031766123,95.79876125845975,52.103559152888096,2671.116485663448,24.60189814077241,85.48344770720001,3281.618122821928,22.668501481188944,71.56384990520596,40.84553082309774,275.3774267447789,104.36948256008122,94.73113682709922,31.551267084062136,16.38975725110458,17.47740527534583,5.888483699310439,15.69551792113444,4.90604940741934,31.30270551669801,23.793006007646333,11.429528679823816,0.799192225364764,14.362045346789094,6.54791471825065,7.519907539762506,3.795463585937094,0.02458279893382275,0.455180294384956,0.1778587761320298,53.0327957841965,44.18333006215173
2.4,0.203917694576441,3481.1166192749097,4177.692476296264,8.84415981140993,31.167110052167704,46.1394228582398,2764.1154721641883,54.002264610596484,124.2208903375654,0.0996060919059837,95.65895084942335,49.53756163129579,2670.7712286948117,24.631270292978783,85.84567402524333,3281.9162119611838,22.635160350562906,71.59508754610819,43.083929449666314,275.0844516948074,104.43598237876562,94.09127974381457,31.551267084062136,16.38975725110458,17.47740527534583,5.888483699310439,15.69551792113444,4.90604940741934,31.30270551669801,23.793006007646333,11.429528679823816,0.799192225364764,14.362045346789094,6.54791471825065,7.519907539762506,3.795463585937094,0.02458279893382275,0.455180294384956,0.1778587761320298,53.0327957841965,44.18333006215173
2.45,0.20209944253389486,3478.1550472508698,4167.5708946423065,8.803812759979486,31.803198675835752,45.77509391295648,2763.9318029266387,52.753847669935055,124.20170775623606,0.10767936937035706,95.64371180636137,49.958801612624114,2671.862718394333,24.325721669894524,86.58010600651068,3281.2068934849553,22.657968034453372,71.54015084968628,40.88847262011635,275.31582427460353,104.48986949080458,94.98228646547521,31.112960137719895,16.424429418715913,18.107787898281565,5.8184828518390805,15.379139536481867,4.928851342548597,31.48532424114281,23.794836288151714,10.714374127745529,0.7140175048239078,14.96747445603447,6.575372697989037,7.486776195411041,3.7430144433548587,0.02458279893382275,0.455180294384956,0.1778587761320298,53.0327957841965,44.18333006215173
2.5,0.20302945058101884,3464.771387948092,4156.674499885508,8.830043402374617,31.436734610776092,45.806981197935215,2765.6941005100034,52.713466260411764,124.20172431059825,0.12539779847353053,95.85906090287172,50.224506984694706,2673.406594601978,24.473958608627896,84.09556834026034,3284.4148333145004,22.596693788530043,71.5620010317177,43.20685799845657,275.26950011700075,104.50433724892646,94.48722399352741,31.112960137719895,16.424429418715913,18.107787898281565,5.8184828518390805,15.379139536481867,4.928851342548597,31.48532424114281,23.794836288151714,10.714374127745529,0.7140175048239078,14.96747445603447,6.575372697989037,7.486776195411041,3.7430144433548587,0.01845598469933313,0.45974231537523175,0.17690876581246423,52.61487663374076,44.96630426539356
2.5500000000000003,0.20495232501589838,3462.241953495831,4144.155560538518,8.903264728277227,31.69941157489354,46.086673259399745,2764.4161079386768,52.948747277567605,124.21332290400788,0.13878823494693107,95.7002536603915,48.10353743238766,2672.0704288251954,24.479950748628795,84.03204317400593,3281.7471152316334,22.675293643271047,71.56559521124939,42.727011954035085,275.12698515375286,104.5412105588494,94.58883570784771,31.427682977530278,16.462131243975882,17.717416640961357,5.815050351994417,15.931193915028004,4.952823018977016,31.287979567672245,24.01082590268608,11.202533182193957,0.6765497280727348,14.907726105136803,6.597960186241559,7.442410636613334,3.8510947210050066,0.01845598469933313,0.45974231537523175,0.17690876581246423,52.61487663374076,44.96630426539356
2.6,0.21069630973173062,3467.000237902337,4196.154350096336,8.763882774317313,31.597240373438765,45.976442858516315,2764.682717655019,53.07877327745856,124.21525041387538,0.1514591782367663,95.88344764949491,50.83260877440075,2672.299575616581,24.206337129236644,83.16273650893638,3281.5052944025465,22.491905359201205,71.58735793577236,40.49971330418982,275.425110605671,104.55723616270139,94.86252427711408,31.427682977530278,16.462131243975882,17.717416640961357,5.815050351994417,15.931193915028004,4.952823018977016,31.287979567672245,24.01082590268608,11.202533182193957,0.6765497280727348,14.907726105136803,6.597960186241559,7.442410636613334,3.8510947210050066,0.01845598469933313,0.45974231537523175,0.17690876581246423,52.61487663374076,44.96630426539356
2.65,0.20849065282365795,3488.1904832446126,4128.102265920154,8.684138012484588,31.584220544183005,46.05297185924563,2765.249640332199,52.280994860090466,124.22969678360445,0.16448831136783637,95.90966828581877,48.78389680713939,2671.952254549851,24.306052268093076,83.97166598470149,3282.376783336515,22.55071076544914,71.62279559798702,42.395059001590646,275.4162133975014,104.57095402982762,94.66012356310829,31.476255405911946,16.559107800423433,18.04475415401904,5.918449241530722,15.168346390287095,4.980465681151077,31.73933140688423,23.860481810787714,11.24720920728824,0.8061014808350249,14.811777191513443,6.625963513201467,7.568017696478483,3.6991893961026507,0.01845598469933313,0.45974231537523175,0.17690876581246423,52.61487663374076,44.96630426539356
2.7,0.20635936647139524,3446.532943363904,4133.317462545802,8.792062912459725,31.388544763111735,46.247074519351685,2765.111665682807,52.97011083019724,124.20873574495498,0.17533718235460005,95.95246320501143,47.44241907065841,2672.482087735309,24.293815698652843,82.77049972020059,3282.1351431622875,22.351769966066854,71.65579101073705,41.12475801060792,275.14973151046667,104.57861999396427,94.82668258299334,31.476255405911946,16.559107800423433,18.04475415401904,5.918449241530722,15.168346390287095,4.980465681151077,31.73933140688423,23.860481810787714,11.24720920728824,0.8061014808350249,14.811777191513443,6.625963513201467,7.568017696478483,3.6991893961026507,0.01845598469933313,0.45974231537523175,0.17690876581246423,52.61487663374076,44.96630426539356
2.75,0.20756538676937006,3482.5640958807517,4166.77279523261,8.792521488943668,31.418030615195914,46.30921135475491,2764.477011077311,53.31998586134977,124.2158340277266,0.18555883271931947,96.05474680990619,48.7380538072836,2672.1803569058343,24.038811739394326,81.94817879736642,3282.1388040205193,22.431394166280523,71.67701252692174,39.90547892074329,274.86499015771057,104.62787280969476,94.92732436475839,30.750454797784137,16.38192222982715,17.249945833481195,5.695627206441589,15.513826801298233,4.978229754714555,31.669296401328808,24.06941319470481,11.180018180710372,0.7718420496855108,14.416709881699953,6.655128469185959,7.579015076419699,3.769241644794544,0.0056610471685564,0.44191164466778965,0.18972952085159897,53.431133139769095,44.22138395641282
2.8000000000000003,0.20673042528357266,3493.7745378036084,4112.402810150703,8.79890692859663,31.48829823475816,45.90386904382286,2764.9458583804503,52.74028736092169,124.21946575934994,0.20211163846596525,96.12932869549348,47.290206352687456,2672.2889211462584,24.351375595856943,81.06502899199127,3281.8804887850692,22.468225900921624,71.71250205314148,41.21985943416528,274.862154218271,104.60817644211842,95.03236854120865,30.750454797784137,16.38192222982715,17.249945833481195,5.695627206441589,15.513826801298233,4.978229754714555,31.669296401328808,24.06941319470481,11.180018180710372,0.7718420496855108,14.416709881699953,6.655128469185959,7.579015076419699,3.769241644794544,0.0056610471685564,0.44191164466778965,0.18972952085159897,53.431133139769095,44.22138395641282
2.85,0.2030126465870368,3446.4346345496133,4161.297524103191,8.905159359636777,31.32148427559351,45.75372074146678,2764.169985318661,53.19812077223826,124.21551427829586,0.20939144779791957,96.16846894665625,47.32275388276108,2671.6531303147885,24.337250640004083,82.28218129978512,3281.31674149977,22.49436059637,71.78570934477543,40.85033121849235,275.02997068743724,104.6516052877624,94.92383884347552,30.82254817581687,16.53411668801454,17.468078326193982,5.751229563979938,15.367661958429036,5.016128574917638,31.275542801737096,23.66199914796332,11.505686560253025,0.9274561448688283,14.171370367379575,6.702940014906309,7.544102794208666,3.7916899588773276,0.0056610471685564,0.44191164466778965,0.18972952085159897,53.431133139769095,44.22138395641282
2.9,0.2030241487826986,3455.59481937254,4144.751974925317,8.771158295056157,31.31612039260568,45.70239254479635,2763.6985638971523,53.11044179822791,124.19600331305674,0.21967454247190973,96.11118876270832,48.15717298343356,2671.372751108794,24.18086744751734,80.90970549703181,3280.526459750361,22.537017984881505,71.77127811178984,39.962255270274284,274.6424311816656,104.68796769559252,94.98927537332453,30.82254817581687,16.53411668801454,17.468078326193982,5.751229563979938,15.367661958429036,5.016128574917638,31.275542801737096,23.66199914796332,11.505686560253025,0.9274561448688283,14.171370367379575,6.702940014906309,7.544102794208666,3.7916899588773276,0.0056610471685564,0.44191164466778965,0.18972952085159897,53.431133139769095,44.22138395641282
2.95,0.20030320303821805,3433.2187349945625,4069.935970755677,8.909825123380546,31.422841489953964,45.723045223224084,2764.4681614516685,53.28728136639402,124.21238952684311,0.23060545300256557,96.27030446962789,47.37407550410025,2672.230954912392,24.167851631470107,79.08608225357497,3281.404078063896,22.326976998320294,71.77673303751908,41.426822070636646,275.0558662205612,104.67821862209965,95.23301040158194,31.405210270663584,16.596693934326968,17.710346195926153,5.994517739623964,15.213364664027697,5.019542238313625,31.003812260159066,23.98879702331165,11.387566016813743,0.7794946282700368,14.787215242428692,6.662047402837411,7.531937794182072,3.735798979656082,0.0056610471685564,0.44191164466778965,0.18972952085159897,53.431133139769095,44.22138395641282
3.0,0.19985770853372462,3456.263612321309,4086.4193687077395,8.809977481116023,31.57659284702826,46.26469600117204,2764.59329263418,52.73352549799202,124.2381976847933,0.23821118347501102,96.26631075173297,47.92985396972384,2671.957665976974,23.93496911680221,77.8976453587665,3281.973315180869,22.51314819247053,71.8413463127987,41.96300050781487,274.9154572472813,104.71997084577626,95.20525722263855,31.405210270663584,16.596693934326968,17.710346195926153,5.994517739623964,15.213364664027697,5.019542238313625,31.003812260159066,23.98879702331165,11.387566016813743,0.7794946282700368,14.787215242428692,6.662047402837411,7.531937794182072,3.735798979656082,0.014921548822000086,0.4182382379577477,0.19195919147552223,53.845277693310535,44.43285655762264
3.0500000000000003,0.19905025527999337,3414.93774800968,4137.0336720929645,8.731751208248271,31.540305963919923,45.46336524333227,2763.872571255565,52.97318182170758,124.23287774896535,0.25567219732632984,96.3147960362081,47.281056329307795,2671.4447639328305,23.97221440628541,77.47819421421079,3281.043281931134,22.009260568635657,71.84899101434051,42.700663395010466,275.1700502633299,104.73504891610726,95.15867659273755,31.343984571788308,16.37804726917354,17.797991205093457,5.696376115397297,15.55882127044314,5.009991567183181,30.93477908746875,24.031929769337435,11.581310944217552,0.6242151211634249,14.154895229469995,6.721453620113718,7.651803976360526,3.835930691486361,0.014921548822000086,0.4182382379577477,0.19195919147552223,53.845277693310535,44.43285655762264
3.1,0.19868506801199787,3437.3358659567225,4087.4569426769976,8.778880278877322,31.14272029978729,45.82399636120568,2763.7774102997487,52.86036526792702,124.20127795790808,0.2577779937548794,96.39260044164999,48.87750705933386,2670.8924453318978,23.75414710511637,78.70966344553565,3280.7058547545794,22.219313071705955,71.86199657721708,42.42652627894383,275.3649295758864,104.74021663815485,95.48884718590088,31.343984571788308,16.37804726917354,17.797991205093457,5.696376115397297,15.55882127044314,5.009991567183181,30.93477908746875,24.031929769337435,11.581310944217552,0.6242151211634249,14.154895229469995,6.721453620113718,7.651803976360526,3.835930691486361,0.014921548822000086,0.4182382379577477,0.19195919147552223,53.845277693310535,44.43285655762264
3.15,0.2000929254429564,3473.7783295630566,4100.048206903792,8.806160744164423,31.472225676437983,45.85154917996163,2762.8329221561926,53.4303824291794,124.21278164785376,0.26862422117673657,96.44970788921071,46.9862990646459,2670.2477060810843,23.825377217851234,77.48758132543986,3279.4881850319553,22.556614987734445,71.93086297695187,41.593103407099214,275.136772126865,104.76876407608623,95.07975616811315,31.50112044470245,16.404208749362574,17.901174540669228,5.791722211283147,15.067392369676835,5.056135713460307,30.9766050394169,23.961669418181568,11.83736287542966,0.6744177111611812,14.000474817347952,6.679562541569555,7.703747934558764,3.7227336079908406,0.014921548822000086,0.4182382379577477,0.19195919147552223,53.845277693310535,44.43285655762264
3.2,0.1957680401858,3453.3995591296202,4078.2252349017144,8.743270766221306,31.674985777761396,45.65016736837893,2761.4213777216487,54.01291248911534,124.21729078076824,0.27169318031226036,96.40776303744377,44.96724138129897,2668.762799201958,23.937819021749775,74.8050214348144,3277.479161918595,22.518231995857086,71.96546096861212,42.57087235604521,274.8308561168141,104.79479304610928,95.42882132197467,31.50112044470245,16.404208749362574,17.901174540669228,5.791722211283147,15.067392369676835,5.056135713460307,30.9766050394169,23.961669418181568,11.83736287542966,0.6744177111611812,14.000474817347952,6.679562541569555,7.703747934558764,3.7227336079908406,0.014921548822000086,0.4182382379577477,0.19195919147552223,53.845277693310535,44.43285655762264
3.25,0.19682058672825034,3407.5929783224065,4098.832757804006,8.77793528747446,31.016920743419544,45.76014492201149,2761.3047681120756,53.5545074085331,124.2057907450245,0.2794267717758395,96.54835683116809,46.88561059253452,2668.7862656796983,23.98598329028843,76.17577814184999,3277.363290410089,22.515630091153728,71.99155805476408,40.75881309770637,274.5030641091366,104.82685092907691,95.45374836061964,31.09788531524366,16.29252242486009,18.137739457692675,5.832715527191482,15.295904822624172,5.0077260586528425,31.730863334249285,23.758005010760254,11.769439044859148,0.7708162865610934,14.731198925729059,6.68903864185731,7.675229385180322,3.8299685960200263,0.015046628358941817,0.4111831504525432,0.18391808534735538,52.88357608493473,44.35317853740881
3.3000000000000003,0.19568279150947485,3370.17347960644,4106.899568163571,8.718570600676678,31.39926374475492,45.94640378721977,2759.8189213469477,53.708530912719155,124.21913952126201,0.28183709191022144,96.52558770292417,45.39016715638472,2667.7196506058726,23.954153699812665,75.77099276975521,3276.5193767523033,22.376113380434727,72.04643467499953,42.43459050128636,274.85515471114,104.8294952194684,95.34604455948036,31.09788531524366,16.29252242486009,18.137739457692675,5.832715527191482,15.295904822624172,5.0077260586528425,31.730863334249285,23.758005010760254,11.769439044859148,0.7708162865610934,14.731198925729059,6.68903864185731,7.675229385180322,3.8299685960200263,0.015046628358941817,0.4111831504525432,0.18391808534735538,52.88357608493473,44.35317853740881
3.35,0.20157289465194952,3432.554726800342,4100.100471080132,8.806095328739199,31.57546645000611,45.64889175049634,2759.7472435957616,53.47995096907342,124.21649485402838,0.2862662962665054,96.65933532565614,46.80654324870767,2667.52480013207,24.11083426832861,74.36569555809466,3276.200661503609,22.351908245722385,72.06918603925367,40.249957455628916,274.41821767260876,104.85497869629478,95.47799469360992,31.13600201348118,16.378879972405908,17.921776610858373,5.764825936412203,15.121962553261161,5.109717914677122,31.152809084844765,23.798813602469167,12.231591183833931,0.6827384771945578,14.627251844322128,6.6872898988964025,7.563759746560994,3.767567348793075,0.015046628358941817,0.4111831504525432,0.18391808534735538,52.88357608493473,44.35317853740881
3.4,0.201500299961731,3435.802435241518,4116.6869314525975,8.68157082432303,31.334384443317887,45.82366083592927,2758.431130345856,52.63084392898233,124.21435382063908,0.28577138339352026,96.51616179689691,45.57535397859015,2665.227766777315,24.026152887157387,75.30953771644884,3273.432532017525,22.240651523734556,72.10488286226446,41.040036915431,274.4572267174858,104.87796150001668,95.42966904021725,31.13600201348118,16.378879972405908,17.921776610858373,5.764825936412203,15.121962553261161,5.109717914677122,31.152809084844765,23.798813602469167,12.231591183833931,0.6827384771945578,14.627251844322128,6.6872898988964025,7.563759746560994,3.767567348793075,0.015046628358941817,0.4111831504525432,0.18391808534735538,52.88357608493473,44.35317853740881
3.45,0.1999680926343686,3425.681830404755,4116.979027324625,8.703530595064063,30.957001336612958,45.876259346126986,2758.682960227135,53.42752385794229,124.22846213198292,0.2843104792514747,96.78819682571182,45.21300793233674,2666.6077465248322,23.713137985161413,71.46088990504924,3274.6798548908055,22.366475780087523,72.09849957406429,40.297716753846274,274.74742084810947,104.86249688250932,95.88848472731442,31.107162297924237,16.484938750369498,17.940138544323545,5.746642926596987,15.200803080225443,5.057760514013911,31.18810491061386,23.42328110963454,12.125012513900122,0.7702949454052976,13.970874251071564,6.71782302341364,7.7901017796315,3.829834884552483,0.015046628358941817,0.4111831504525432,0.18391808534735538,52.88357608493473,44.35317853740881
3.5,0.20331423830021902,3410.7554663426417,4089.7125029462286,8.681110109697643,31.17858745643339,45.80095509556377,2757.890290471152,54.278076302189234,124.21236028273127,0.2848846236306901,96.73852086591467,44.7954253568161,2665.5248890145294,23.52994506373299,72.01578686721123,3274.3987937055713,22.104223138141883,72.1662462143811,42.68526861903272,274.303872314677,104.8846073183745,95.50057196786628,31.107162297924237,16.484938750369498,17.940138544323545,5.746642926596987,15.200803080225443,5.057760514013911,31.18810491061386,23.42328110963454,12.125012513900122,0.7702949454052976,13.970874251071564,6.71782302341364,7.7901017796315,3.829834884552483,0.003185370866172271,0.41878168075018485,0.18648764025478937,53.11615594854909,43.83726788760306
3.5500000000000003,0.20086992397747314,3408.7327362439755,4117.397788863949,8.749003781041482,31.221937290089112,45.8954609161818,2757.5883671683628,53.496134039486456,124.22867800592428,0.28221636786884635,96.82336548861723,45.23952214415877,2665.6107198260893,23.5473647560188,71.44117441857178,3273.4380974856426,22.173186967810608,72.19272716359919,39.93907350471526,274.7496806749934,104.88311139052804,95.77588032670843,31.047875839300186,16.375652389162532,17.688429279176745,5.594015301884832,15.406213913758789,5.070864370206477,31.090791228475023,23.55156450000011,12.149981667046482,0.6119847393012953,14.31799703791506,6.664990233940619,7.76345641297137,3.8308786979058644,0.003185370866172271,0.41878168075018485,0.18648764025478937,53.11615594854909,43.83726788760306
3.6,0.20035565329318944,3438.321853382424,4062.9365239393082,8.685712036194737,31.49164156014088,45.43451202109678,2757.510787252811,53.23114165349812,124.2337927721374,0.281323213832233,96.9183553559236,44.40583041516378,2665.096522635724,23.550440725125096,71.4554623056528,3273.0102589127973,22.07893500861086,72.25776667164929,40.802686577085744,274.22578800433985,104.87025411419185,95.60495544945931,31.047875839300186,16.375652389162532,17.688429279176745,5.594015301884832,15.406213913758789,5.070864370206477,31.090791228475023,23.55156450000011,12.149981667046482,0.6119847393012953,14.31799703791506,6.664990233940619,7.76345641297137,3.8308786979058644,0.003185370866172271,0.41878168075018485,0.18648764025478937,53.11615594854909,43.83726788760306
3.65,0.19836199271626725,3408.579432657657,4078.274197720857,8.77245373338247,31.470116698849417,45.7547082320699,2756.365923178157,53.284138253573076,124.21093444805669,0.27762951442600725,96.80614660865871,43.424336466746986,2663.9493901783553,23.569981959071747,68.97994869878264,3271.6392083360015,22.15972582771521,72.248070630659,40.967996602252015,274.0295964321314,104.91180545874866,95.68523803746692,30.864234633402443,16.35820035222483,17.767880743124493,5.757841038071182,15.110014486719647,5.0339750200422975,30.936361220136813,23.599977785238302,11.766325741271906,0.798435850586514,14.521373561815029,6.727541994612216,7.828603690819985,3.7330653305953336,0.003185370866172271,0.41878168075018485,0.18648764025478937,53.11615594854909,43.83726788760306
3.7,0.19939577204490647,3401.637489330021,4061.8423067161843,8.715988522025901,31.394617200442216,45.42761510270338,2757.4889632226586,53.85384551776237,124.22715219538053,0.2760524171597406,97.00724498570102,43.9205338952272,2665.1428559974456,23.40206206013329,68.72090057764251,3272.7647148903493,22.0285585701359,72.28963874323642,41.89618527446145,274.7134420859388,104.89489833697792,95.95434943678949,30.864234633402443,16.35820035222483,17.767880743124493,5.757841038071182,15.110014486719647,5.0339750200422975,30.936361220136813,23.599977785238302,11.766325741271906,0.798435850586514,14.521373561815029,6.727541994612216,7.828603690819985,3.7330653305953336,0.003185370866172271,0.41878168075018485,0.18648764025478937,53.11615594854909,43.83726788760306
3.75,0.19690211328883225,3419.345579264301,4079.611566488338,8.717491111736184,31.668596862201944,45.585387388200466,2756.902652324507,54.168430052223044,124.21084457676402,0.27578247655743876,96.89192956827463,46.029408179109716,2664.0582394901226,23.507390486563512,68.19717298300596,3271.9251591557045,22.282477485283327,72.32323237829823,41.26180327574991,274.565014043191,104.92688989204883,95.53067633129793,31.463488063467135,16.345809605185234,18.079763052266838,5.70113693172645,15.169531574654663,5.077614134088229,31.158808749786594,23.564692478275887,12.375110658958603,0.7249673830081064,14.657811432000294,6.73704578404481,7.766653501016407,3.8562579043741487,0.001507976803362768,0.39847585325982987,0.16450212704222533,53.64043250939364,44.50287629139826
3.8000000000000003,0.19807570480058445,3411.9097517014025,4101.484925618365,8.787436821820991,31.613934469687113,45.48229170994539,2756.120299570095,53.57818434668569,124.2207051807969,0.2753343618851578,96.91581242252596,44.08099604884199,2664.1597675849953,23.371709579009806,68.41214277332165,3271.2891885010526,22.07790571324122,72.29755393143522,41.30704835436175,274.8633551852873,104.95203122660898,96.0477412115256,31.463488063467135,16.345809605185234,18.079763052266838,5.70113693172645,15.169531574654663,5.077614134088229,31.158808749786594,23.564692478275887,12.375110658958603,0.7249673830081064,14.657811432000294,6.73704578404481,7.766653501016407,3.8562579043741487,0.001507976803362768,0.39847585325982987,0.16450212704222533,53.64043250939364,44.50287629139826
3.85,0.19874638583031592,3405.1183213737404,4067.526653464947,8.758432413924163,31.37525662900292,45.395847999284214,2757.933360432081,53.14315872818802,124.21530071493461,0.27079393053958584,97.08509983503453,43.563842443018345,2665.5045348845106,23.395994967280153,67.35404639175002,3273.273653508216,22.09477727336589,72.33229924706808,38.544977936840766,274.56296591601586,104.93932974281724,95.93805485015892,30.876994314777736,16.285934654601995,18.120760095951468,5.708932391888479,15.344734074125082,5.030870121399426,31.22600651510648,23.432359246303573,12.131579708047886,0.6929168071999824,14.26108537050187,6.675290026120592,7.887578303784527,3.817200260566537,0.001507976803362768,0.39847585325982987,0.16450212704222533,53.64043250939364,44.50287629139826
3.9,0.19495821157633828,3430.3480613729516,4093.0530991302608,8.598913543151816,31.669028086418855,45.82203935769311,2757.0297973952293,54.514231357961336,124.20924995182547,0.27560553005626354,97.13190290825256,45.013734118644514,2665.510882179241,23.213087575101138,65.5238604162842,3272.733383853556,22.00132062508408,72.39968718045807,41.155213674342676,274.6102558880543,104.93031742654603,95.87416689002062,30.876994314777736,16.285934654601995,18.120760095951468,5.708932391888479,15.344734074125082,5.030870121399426,31.22600651510648,23.432359246303573,12.131579708047886,0.6929168071999824,14.26108537050187,6.675290026120592,7.887578303784527,3.817200260566537,0.001507976803362768,0.39847585325982987,0.16450212704222533,53.64043250939364,44.50287629139826
3.95,0.19982585032308542,3399.934874708629,4077.8331461665607,8.641897472842372,31.42863525141222,45.527591236658594,2755.834366172759,54.17176533544734,124.22626372369791,0.2721371885171984,96.99507044254236,45.105034380326614,2663.235934254496,23.24558447105511,64.44595007259656,3270.8478800207995,21.921805056789776,72.42209282531077,41.58585440013759,274.7737468265857,104.9678830804311,95.8481101418002,30.699544421928763,16.323650355256618,18.81939075391068,5.591120788911328,15.075779584460355,5.053599812202161,30.940694835636897,23.358287720510216,12.309038200231974,0.6488433546619286,14.391371220828571,6.72981906478053,7.758054721448769,3.860037287016835,0.001507976803362768,0.39847585325982987,0.16450212704222533,53.64043250939364,44.50287629139826
4.0,0.20141473181738256,3389.956688038539,4067.975073575702,8.621430354137967,31.366791518492967,45.25609348156038,2756.2791031821307,52.557194951547636,124.2303830332778,0.26632643166377795,97.08321586891066,41.647084908053124,2663.7935247064615,23.356502230803905,64.43818728777809,3271.2425248949494,21.982029825445203,72.42188013570674,40.70940981232941,274.2680867742528,104.99646894056968,95.87113119395944,30.699544421928763,16.323650355256618,18.81939075391068,5.591120788911328,15.075779584460355,5.053599812202161,30.940694835636897,23.358287720510216,12.309038200231974,0.6488433546619286,14.391371220828571,6.72981906478053,7.758054721448769,3.860037287016835,0.022007349456683326,0.38811917244008987,0.16878741402407052,53.47945125341966,43.7997895264336
4.05,0.20690477293651152,3404.0430225204345,4060.478480950268,8.63954083502381,31.37715645141587,45.76755117915736,2756.4064511523757,54.45197713004472,124.22284634498264,0.266959579299292,97.08926368519046,43.28540561431688,2664.3599780730747,23.19660530230478,65.30203652384061,3271.255046485761,21.70464661696071,72.43398186953311,41.93383898811269,274.51090000328236,105.00627129247506,95.95049613985712,30.544345036528057,16.36447621092662,18.584607881863523,5.816374428306358,14.996438755055058,5.062183410103322,30.652248843358066,23.396174282899526,12.027387983709673,0.603568818837543,14.115641381707817,6.673389431795388,7.826800551939308,3.9377268586768546,0.022007349456683326,0.38811917244008987,0.16878741402407052,53.47945125341966,43.7997895264336
4.1,0.21131487898655268,3400.6380580003233,4074.7609348010396,8.602904168121606,31.298232182359524,45.41514840676952,2755.782707925484,53.308102502961084,124.23166214882134,0.265495026828149,97.11135242230993,44.8821208340651,2663.6559909299667,23.1598714589728,64.5707252114161,3270.484644313938,21.887529550663974,72.46655204485276,39.9073672884837,274.5141738319307,105.01117489236191,95.9027229640252,30.544345036528057,16.36447621092662,18.584607881863523,5.816374428306358,14.996438755055058,5.062183410103322,30.652248843358066,23.396174282899526,12.027387983709673,0.603568818837543,14.115641381707817,6.673389431795388,7.826800551939308,3.9377268586768546,0.022007349456683326,0.38811917244008987,0.16878741402407052,53.47945125341966,43.7997895264336
4.15,0.2146921591478074,3373.4263314574864,4027.7544929546098,8.683571298840489,31.452690430828927,45.278759599810016,2755.6448005293864,53.94769441082678,124.22134777910102,0.2627633824528278,97.15662340125327,43.93371986271242,2664.35430651256,23.203072779987227,62.719664616866545,3270.7002903519865,21.75734400413036,72.4878404356308,39.50452869281671,274.4636171889087,105.02182204052852,95.99622505092277,30.901822104363966,16.26980361244498,18.513799671549304,5.817488160614162,15.036663719652665,5.068718776349313,30.289974824195557,23.414528309530105,12.52577656844451,0.8350258891493996,14.21150057079561,6.6932643636409415,7.952377533801408,3.8505626417560803,0.022007349456683326,0.38811917244008987,0.16878741402407052,53.47945125341966,43.7997895264336
4.2,0.21650105069854614,3363.3310433700417,4069.707709990749,8.694609546680674,31.248240403825363,45.73160366641173,2756.1319621616735,54.65156534678454,124.21324165213179,0.2594256564699588,97.18012165801555,43.65410086506095,2663.985442098382,23.31273815530405,60.59054929404975,3270.8773828687163,22.112291863107487,72.50662566945566,42.271561198939196,274.643055848282,105.03295774453866,95.9872598409768,30.901822104363966,16.26980361244498,18.513799671549304,5.817488160614162,15.036663719652665,5.068718776349313,30.289974824195557,23.414528309530105,12.52577656844451,0.8350258891493996,14.21150057079561,6.6932643636409415,7.952377533801408,3.8505626417560803,0.022007349456683326,0.38811917244008987,0.16878741402407052,53.47945125341966,43.7997895264336
4.25,0.2172999800746629,3375.705882796636,4070.9048334434597,8.628499009791431,31.341747862601338,45.64608771850142,2755.7433463691177,54.49592788805939,124.22002919482188,0.25915762126792563,97.15556562394801,42.48532032767208,2663.566307637278,23.329771347634804,60.65224537723701,3270.0414967895745,21.93292613622571,72.51617057472437,39.92825011340495,274.67762922283663,105.02216701196305,95.8981887656195,30.410056835632922,16.168129042436675,17.896886446165386,5.812746961480425,14.362390678804541,5.042223353112553,30.290838561062703,23.29556661927562,12.808560900267889,0.7513710664521406,14.421147825916213,6.682638096415461,7.828202960933772,3.9432808981588505,0.005130460376131114,0.3980679992726662,0.18216439951941937,53.67087028676456,44.23715478663166
4.3,0.2182872693203436,3385.133136519542,4058.951403861043,8.661135430620098,31.205348695051768,45.51238605225201,2756.3747825083456,54.34360691193615,124.20815214258415,0.25813863572501045,97.25320185211395,44.50039729852783,2664.3402546844404,23.191269936810514,61.307941889303514,3271.6521641603927,21.85075379547291,72.54013351995425,42.3968821036713,274.32229764494383,105.04437655574279,96.09270899651793,30.410056835632922,16.168129042436675,17.896886446165386,5.812746961480425,14.362390678804541,5.042223353112553,30.290838561062703,23.29556661927562,12.808560900267889,0.7513710664521406,14.421147825916213,6.682638096415461,7.828202960933772,3.9432808981588505,0.005130460376131114,0.3980679992726662,0.18216439951941937,53.67087028676456,44.23715478663166
4.3500000000000005,0.21487793917889156,3385.315872868139,4051.7451206598635,8.59208116581245,31.221558913679008,45.659812402423334,2756.326022039538,53.911524587962816,124.23811064511634,0.25645059741852827,97.13569056088085,45.49331855160976,2663.846024777917,22.93932805823059,59.861878398296625,3270.7365480181584,21.786780950519542,72.5403783083003,39.569711180727076,274.58459140646613,105.0515717197122,95.91053225652408,30.406295867740795,16.12503857356901,18.506356588137116,5.737347003914607,14.708391107815403,5.024719021254863,30.928472620699935,23.290036951489487,13.180844628247126,0.8408743343010628,13.719650471477921,6.723659992434849,7.90499374304306,3.8207057521216106,0.005130460376131114,0.3980679992726662,0.18216439951941937,53.67087028676456,44.23715478663166
4.4,0.2151957821381049,3380.8473314828,4070.134779613317,8.70125635591134,31.64461459202187,45.399852952681066,2757.389720726175,53.53602617073428,124.21570107682355,0.2557444028804209,97.23258138963658,45.25203994158425,2665.285814333532,23.02608963335326,57.69502555103979,3272.312481052819,21.740596928378256,72.52750276921213,40.74847243249208,274.67831141409084,105.04046238442146,96.22177160926891,30.406295867740795,16.12503857356901,18.506356588137116,5.737347003914607,14.708391107815403,5.024719021254863,30.928472620699935,23.290036951489487,13.180844628247126,0.8408743343010628,13.719650471477921,6.723659992434849,7.90499374304306,3.8207057521216106,0.005130460376131114,0.3980679992726662,0.18216439951941937,53.67087028676456,44.23715478663166
4.45,0.2165173380800543,3347.395078352863,4043.1401537724782,8.572318101623644,31.47794358297119,45.27508358546656,2758.2810979849232,52.83843378520347,124.22269283264077,0.25373168436054244,97.23825474680011,43.674691551024154,2665.359777447369,23.036363591453775,59.6715759399664,3272.6512261434013,21.693186640744706,72.51964819124274,42.277289457415584,274.7186959315039,105.04711242532275,96.13158693425741,30.704684158407343,16.120825843363008,18.615377084057222,5.555665728597988,14.49458282338704,5.040305216767539,30.98308778202776,23.431329790589885,13.169728801648795,0.7559629319875792,13.977634790947919,6.738549822265987,8.04463629172212,3.905051615964706,0.005130460376131114,0.3980679992726662,0.18216439951941937,53.67087028676456,44.23715478663166
4.5,0.2191318099171508,3370.4074176634062,4064.307317847364,8.660657762179971,31.271986794525706,45.93314007105391,2758.473962615304,54.653061128957155,124.22136051674737,0.2616565804863385,97.31306129573731,42.8430800595656,2666.4682415061648,22.995066443701262,56.85724009562696,3273.8818323140663,21.706935592319287,72.55648221109811,40.03891680181797,274.7755499093625,105.04237899057688,96.27785390513162,30.704684158407343,16.120825843363008,18.615377084057222,5.555665728597988,14.49458282338704,5.040305216767539,30.98308778202776,23.431329790589885,13.169728801648795,0.7559629319875792,13.977634790947919,6.738549822265987,8.04463629172212,3.905051615964706,0.0184866892042557,0.3742121644650446,0.1650958431745605,54.179319992605436,44.929127722146845
4.55,0.22176001422484834,3406.369552011733,4028.2804714603617,8.578003041317645,31.243245659512976,45.59159706502101,2757.67909113492,55.22457302095969,124.21627203919641,0.2624600130834705,97.21829979516599,43.39894966292491,2665.8536866354198,23.039440518558145,55.695910948798385,3272.697906021548,21.80105072011483,72.57316426621011,40.534125380040734,274.9809945468356,105.05644500448406,96.41229446454646,30.746185444616366,16.062804886554954,18.931976074292468,5.677035603217952,14.578438428346956,5.028792556718472,30.577497844640533,23.22616018948837,13.11354225684056,0.6003336307132826,13.842345035861364,6.677266343169538,7.919643657730089,3.8783514072909515,0.0184866892042557,0.3742121644650446,0.1650958431745605,54.179319992605436,44.929127722146845
4.6000000000000005,0.22229066770057498,3378.4709687752556,4036.924479550276,8.579243831800872,31.113828626009564,45.57678078990764,2759.1966008073964,54.51529385642073,124.23591974329837,0.2622495546934315,97.3386030769633,43.735321390751864,2666.6186709542426,22.988697056046842,56.03752681680932,3272.911085949239,21.89279390330606,72.5983053479503,40.239440830182176,275.1736744401883,105.07893585190418,96.25720123362038,30.746185444616366,16.062804886554954,18.931976074292468,5.677035603217952,14.578438428346956,5.028792556718472,30.577497844640533,23.22616018948837,13.11354225684056,0.6003336307132826,13.842345035861364,6.677266343169538,7.919643657730089,3.8783514072909515,0.0184866892042557,0.3742121644650446,0.1650958431745605,54.179319992605436,44.929127722146845
4.65,0.22876016996220938,3350.354254846801,4079.5541637670835,8.556365331886099,31.452157150077547,45.47894714542441,2757.9022936789106,53.58294711585744,124.23788091563658,0.2642312993156942,97.27437186474792,44.4827436123748,2665.8667180010857,23.05323321290747,57.122319599376446,3272.2712437476584,21.805925043691957,72.6383762494287,42.758354785887505,274.8451274806442,105.08353706538924,96.06902593353676,30.815042646633014,16.30018177145516,18.03666172083744,5.656366752317006,14.754869407593139,5.011905391777662,30.44424422553619,23.24115111892663,13.240896125347904,0.6289952449747274,14.009058428379607,6.661578306371396,7.985081753830821,3.936992504133776,0.0184866892042557,0.3742121644650446,0.1650958431745605,54.179319992605436,44.929127722146845
4.7,0.22655311795371724,3315.8550395770485,4065.724058422872,8.703310356434901,31.612307008003196,45.61662700680976,2758.263130004697,54.6542641070179,124.21514719599057,0.26724430962354123,97.31455125837529,44.519458752485114,2666.227720482985,22.884194803622805,54.82887858142443,3272.1114498885186,21.48184152764771,72.63515697343537,39.919213692989935,275.41520331355724,105.13117759594905,96.53969641029869,30.815042646633014,16.30018177145516,18.03666172083744,5.656366752317006,14.754869407593139,5.011905391777662,30.44424422553619,23.24115111892663,13.240896125347904,0.6289952449747274,14.009058428379607,6.661578306371396,7.985081753830821,3.936992504133776,0.0184866892042557,0.3742121644650446,0.1650958431745605,54.179319992605436,44.929127722146845
4.75,0.22317253821944558,3356.007460985305,4061.623584413209,8.674562438822809,31.791475900849598,45.72441551877441,2757.8897819526514,54.72084745682143,124.23852553124111,0.267572929284132,97.32347448975534,44.15359075221856,2665.7039768294594,22.95357186218772,52.403745460548166,3272.5491398223417,21.653763588237965,72.67791953257469,40.10066253110039,275.2563061358195,105.12569544152565,96.27748762563836,30.66051603386378,16.04073140580797,18.322480227949043,5.6953006499534435,14.423461018429082,5.041139383933906,30.71176022771259,22.97378990112193,13.528105917887068,0.8587992675418468,13.98322408169308,6.692991990347194,7.900114412572971,3.856468058870042,-0.011897998359111397,0.3740231551678284,0.17622208247385995,54.073288506475464,44.142369979048176
4.8,0.2208718673004112,3350.476219027644,4047.8103398503695,8.587474861653316,31.362748929626843,45.995120040338236,2758.1433806780165,54.69532850281665,124.21929750043194,0.2711693857409442,97.33969482243211,44.70291264470932,2665.878309000314,22.8215143447911,54.487454957925735,3273.033992443121,21.505755569705034,72.66584110683998,39.73838425287438,275.402830194773,105.13461144964786,96.24830098235829,30.66051603386378,16.04073140580797,18.322480227949043,5.6953006499534435,14.423461018429082,5.041139383933906,30.71176022771259,22.97378990112193,13.528105917887068,0.8587992675418468,13.98322408169308,6.692991990347194,7.900114412572971,3.856468058870042,-0.011897998359111397,0.3740231551678284,0.17622208247385995,54.073288506475464,44.142369979048176
4.8500000000000005,0.22200812393220884,3379.062709614242,4043.63288575851,8.641621279358294,31.731680885187522,45.50403283974631,2757.999938702208,53.98481335223429,124.22552262484957,0.269509359851484,97.2611142956625,43.409176628409824,2665.6077370593066,22.732526311860823,51.3985411188405,3272.5977737175003,21.623108031111204,72.63377955147396,39.08867381173758,275.5610577686434,105.13878470688452,96.213200225783,30.548997010577306,16.099712273153937,18.777646176735306,5.687173284541657,14.766325326261976,5.01534996796019,30.28326191210284,23.250341419625567,13.33217775686005,0.8490446932412641,13.704634305623985,6.683354404051656,8.013158104049571,3.937197799715075,-0.011897998359111397,0.3740231551678284,0.17622208247385995,54.073288506475464,44.142369979048176
4.9,0.22065595823745418,3362.32149915092,4033.4812250325986,8.581728489740998,31.547130115371303,45.451428359779456,2759.724338139568,53.393057903384864,124.23299170117555,0.2762831522548597,97.41928773545754,42.61264863077908,2667.2848276269365,22.976137455714245,52.373087071601525,3273.659655209916,21.4065071123287,72.66162152171104,40.06653026828144,275.79893206404415,105.1460211324067,96.53131079404262,30.548997010577306,16.099712273153937,18.777646176735306,5.687173284541657,14.766325326261976,5.01534996796019,30.28326191210284,23.250341419625567,13.33217775686005,0.8490446932412641,13.704634305623985,6.683354404051656,8.013158104049571,3.937197799715075,-0.011897998359111397,0.3740231551678284,0.17622208247385995,54.073288506475464,44.142369979048176
4.95,0.22598935047448884,3343.6178637174203,4038.400382153944,8.442655801667907,31.72828544962761,45.582667819825204,2759.9510532167,53.95743475596029,124.22046351596924,0.27790265975852096,97.43859866501602,44.310447109698316,2667.433552021902,22.882608896202203,51.726269222704644,3274.949825022196,21.504622072638856,72.71943739370273,41.95079197170369,275.59488059275964,105.15998965473962,96.37491243102927,30.77879895967162,16.149696737423806,18.79234613364375,5.431633486839485,14.345813335614196,5.002334915156013,30.672539549189413,23.266623652545963,13.812579013941157,0.656249642464128,13.25279904876728,6.662503303391104,7.890558978335274,3.8402460615779788,-0.011897998359111397,0.3740231551678284,0.17622208247385995,54.073288506475464,44.142369979048176
5.0,0.2280027559295165,3328.046040635996,4070.595644131235,8.563716977923972,31.66151766842124,45.652710980666996,2759.1199936639287,53.806270326098485,124.23910229548814,0.28278273161869966,97.43483734082251,43.66748177467176,2666.8619173515854,22.85360235072178,48.55551576945732,3273.913927571077,21.576542692098833,72.74117394603346,40.79770810114657,275.98882531050197,105.16387443899767,96.43034451947594,30.77879895967162,16.149696737423806,18.79234613364375,5.431633486839485,14.345813335614196,5.002334915156013,30.672539549189413,23.266623652545963,13.812579013941157,0.656249642464128,13.25279904876728,6.662503303391104,7.890558978335274,3.8402460615779788,-0.0025513999693816394,0.36935705021975523,0.17606965527491825,53.614779191223704,44.80608019411013
5.05,0.23036697952061783,3324.1947885945706,4046.181150713996,8.550155942939861,31.44049869601202,45.25900670197743,2758.3706263246672,53.907594351434426,124.23182955003608,0.2832809158255296,97.46789591323393,44.584746411922715,2666.389629886585,22.9202473541022,48.61526690835172,3273.433774332147,21.38472175420878,72.7539778498818,42.31954127059927,275.49312961373727,105.17481833966073,96.41758112806721,30.95911566138745,16.16528736474989,18.742061862990912,5.773820969177674,14.407786673338276,5.041133977132835,30.300361849310057,22.92502777290205,13.452440367587034,0.7013237708121641,13.476586848378371,6.628842256440698,8.07014764978872,3.8834701198713693,-0.0025513999693816394,0.36935705021975523,0.17606965527491825,53.614779191223704,44.80608019411013
5.1000000000000005,0.23341662527749096,3356.562226525273,4050.142092312676,8.58228281630922,31.242348742754267,45.99666808919064,2758.0087289516578,54.22318127960957,124.22508295396213,0.28591976515366685,97.46300877584329,43.79843365563667,2665.8093116788677,22.989640481894458,49.48520075746664,3272.1155838698232,21.245031428258873,72.77455987779628,41.00055232646776,275.62813305216815,105.18081028962698,96.68020103781349,30.95911566138745,16.16528736474989,18.742061862990912,5.773820969177674,14.407786673338276,5.041133977132835,30.300361849310057,22.92502777290205,13.452440367587034,0.7013237708121641,13.476586848378371,6.628842256440698,8.07014764978872,3.8834701198713693,-0.0025513999693816394,0.36935705021975523,0.17606965527491825,53.614779191223704,44.80608019411013
5.15,0.232052454527004,3355.7824834517523,4008.9274134450525,8.494712073103127,31.641332409015387,45.286660111956344,2758.252587140409,54.18216833131014,124.23075679368263,0.28786228665216423,97.51400090576948,42.62652092642185,2666.4109912706253,22.926934721303,47.87230067754971,3272.62719457519,21.604426116736573,72.79725848351953,40.27301250166282,275.4653486915905,105.18987872501356,96.5100082527001,31.02257336088922,15.972482354733362,18.96651155380099,5.682920491145283,14.56042306038167,4.999707051055387,30.813940337723,22.921164104360294,13.415061850840198,0.793944644804431,13.872100064123051,6.5940006252899686,8.03039545448907,4.041649098790514,-0.0025513999693816394,0.36935705021975523,0.17606965527491825,53.614779191223704,44.80608019411013
5.2,0.23189667207416753,3336.044468140446,4036.3053800402313,8.560997278773497,31.297980564686817,45.485335372708434,2757.390849873184,54.17078267022814,124.24264477095596,0.290451772642203,97.50204156770886,43.58876380994845,2665.816325979479,22.727647584780826,48.46290140734911,3272.0640165298146,21.31854848795256,72.84666621067403,39.00194768673312,275.72993471413906,105.20843412962003,96.6861820512416,31.02257336088922,15.972482354733362,18.96651155380099,5.682920491145283,14.56042306038167,4.999707051055387,30.813940337723,22.921164104360294,13.415061850840198,0.793944644804431,13.872100064123051,6.5940006252899686,8.03039545448907,4.041649098790514,-0.0025513999693816394,0.36935705021975523,0.17606965527491825,53.614779191223704,44.80608019411013
5.25,0.2354609696599959,3356.015038571982,4029.1443461028407,8.533751468142151,31.81805810912645,45.52650118516356,2757.5129224677225,54.60421042001055,124.2240235782786,0.2887682459102082,97.60160762047695,45.86582466069982,2665.3944524799945,22.7601052863984,47.250704690672556,3271.705237117819,21.305561629316696,72.86492870550514,40.15487226818333,276.4353069781036,105.20647521310059,96.78430163786643,30.71844072122112,15.896281241329334,18.718151233503107,5.483599106489947,15.033347491821754,4.963501992568689,30.793110103472483,22.966833816273464,13.790703401290548,0.6967405491203149,12.93311123912235,6.568465088058709,7.96780637846079,3.9780035456199334,0.01891118597699388,0.35521153774745506,0.17872030592426588,53.61401028668362,44.246111865121364
5.3,0.23643418001111302,3358.358780884959,4033.007844145339,8.581105109371112,31.494120601638784,45.45307832711857,2757.7320769410862,54.71778037745647,124.22726630723638,0.2899248451855164,97.66633612509904,44.41200864990384,2665.21257590713,22.75375805657958,46.24926780625899,3271.9487341730746,21.273048294897116,72.92313328422242,41.25402549641319,276.1862602193757,105.19783614814656,96.6135372244271,30.71844072122112,15.896281241329334,18.718151233503107,5.483599106489947,15.033347491821754,4.963501992568689,30.793110103472483,22.966833816273464,13.790703401290548,0.6967405491203149,12.93311123912235,6.568465088058709,7.96780637846079,3.9780035456199334,0.01891118597699388,0.35521153774745506,0.17872030592426588,53.61401028668362,44.246111865121364
5.3500000000000005,0.2358700105778074,3364.8484886770116,3986.1664828120156,8.557535161655242,31.572863911803694,45.81001197626959,2755.5459586879538,54.7947061962456,124.1985896816271,0.2869893190070118,97.42710686992194,44.58607124741042,2663.286733161996,22.862249309490757,47.12063196136962,3268.8148019556666,21.51321239989138,72.91068618839414,39.68455936816284,275.8803382953585,105.24349849325623,96.41591798680825,31.03739030157276,16.037548786084034,19.18117446575383,5.648408205613496,14.632347285409956,4.969903642242571,30.992138751549497,22.851166145612485,13.555594532109126,0.6963963021989465,13.628648281265205,6.592610286804221,8.003641877272935,3.9785663119252863,0.01891118597699388,0.35521153774745506,0.17872030592426588,53.61401028668362,44.246111865121364
5.4,0.23757038831823715,3336.7456954750746,4003.2362123093303,8.55988288014993,31.54610186388925,45.608967604059146,2756.8688768799716,54.86890081437274,124.22941428098322,0.2809392715620813,97.66977593985314,45.56497337407097,2664.4282065621783,22.895413353308886,44.54601750491353,3270.3427851561796,21.290303907055268,72.93433301513654,41.79146989296391,276.2065989560469,105.24103499423849,97.04778930331419,31.03739030157276,16.037548786084034,19.18117446575383,5.648408205613496,14.632347285409956,4.969903642242571,30.992138751549497,22.851166145612485,13.555594532109126,0.6963963021989465,13.628648281265205,6.592610286804221,8.003641877272935,3.9785663119252863,0.01891118597699388,0.35521153774745506,0.17872030592426588,53.61401028668362,44.246111865121364
5.45,0.23922704031884742,3353.345489696933,4004.164678683377,8.531300088420762,31.701675309758407,45.14801571888547,2756.419452986008,54.91702137199238,124.21019229066495,0.28007410522754633,97.62644742895421,44.475663117151385,2663.8398971473107,22.824523234543612,44.379609737623746,3270.5555779499405,21.295475583478847,72.97487931516304,40.54869186994557,275.9565928324192,105.22870172758309,96.35221279931041,30.718906997564346,15.897586927289357,19.259079526053444,5.541568163544238,14.374074198175256,4.997164896793782,30.665140910145468,22.82418031207199,13.722699770683676,0.651693824434453,13.682541491275554,6.598862301161404,8.102079994708614,3.9607107534391317,0.01891118597699388,0.35521153774745506,0.17872030592426588,53.61401028668362,44.246111865121364
5.5,0.2405412993293256,3344.1944334910554,4031.8994529341653,8.471145434364866,31.874713804621777,45.283391504505815,2755.409948152941,55.0877289990219,124.22850526607047,0.28068522555651315,97.58921785214963,43.728673012527594,2663.3697052824477,22.99379460998552,44.40504305224,3268.9297593415718,21.162980958106523,72.97757612089428,41.35641406034577,276.76185124500705,105.26247769333314,96.87827139599018,30.718906997564346,15.897586927289357,19.259079526053444,5.541568163544238,14.374074198175256,4.997164896793782,30.665140910145468,22.82418031207199,13.722699770683676,0.651693824434453,13.682541491275554,6.598862301161404,8.102079994708614,3.9607107534391317,-0.01415546518124472,0.3599236665118545,0.16253516106238367,53.73453413738846,43.09443924047774
5.55,0.24802007886952784,3320.5973639178947,4008.313967518284,8.546031244049626,31.926160633218476,45.72345964553286,2755.5869728108028,54.52213165919898,124.21189715153074,0.27611408352333333,97.69085076526696,43.358330058783764,2664.2806882987966,22.69222602019333,45.73182759909549,3269.4854627691147,21.51730694841289,73.01672764551135,41.21233395578784,276.1056090852038,105.25035319062772,96.67617891652027,31.272883664844915,15.998285082879336,18.819762775674818,5.7462396349246685,14.380750985150732,4.953493924204008,30.71492541976404,22.751922698967707,13.939796760316364,0.7608993441418757,13.549407887861486,6.571094716573655,8.085652136536961,3.9246641078905284,-0.01415546518124472,0.3599236665118545,0.16253516106238367,53.73453413738846,43.09443924047774
5.6000000000000005,0.2505374703142633,3328.253314093215,3975.8572856488813,8.4554455407204,31.591876550510644,45.788215159625835,2756.681932384774,54.02267807617394,124.24262778041606,0.2735354224590777,97.79075253496438,44.04706887759974,2664.1729697840333,22.784768146242495,44.342952124856964,3270.50087106163,21.254261913020493,73.04822733807478,39.22318970280466,276.4006186207455,105.22938763722664,97.08589661945635,31.272883664844915,15.998285082879336,18.819762775674818,5.7462396349246685,14.380750985150732,4.953493924204008,30.71492541976404,22.751922698967707,13.939796760316364,0.7608993441418757,13.549407887861486,6.571094716573655,8.085652136536961,3.9246641078905284,-0.01415546518124472,0.3599236665118545,0.16253516106238367,53.73453413738846,43.09443924047774
5.65,0.2464587326133144,3347.4537173240265,3983.1529112173585,8.416850696037724,31.95652264815237,45.35937598259965,2756.058010956665,54.304179221072076,124.22695646727625,0.27343023472587946,97.76624750248621,43.84846951189015,2663.8193081217078,22.880230590374392,44.20716389385423,3269.8579824090984,21.271040486286033,73.0840637907528,41.15793425794803,276.7722479769779,105.25238748739328,96.84575405781436,30.837528714886123,15.886601842874324,18.72193954142234,5.78579743422852,14.576013565362913,4.954250028062967,30.405157757152537,22.760223509694697,14.028015746743872,0.47953732490218615,13.58039230867737,6.5431891455907225,8.078610330959739,3.932049197038281,-0.01415546518124472,0.3599236665118545,0.16253516106238367,53.73453413738846,43.09443924047774
5.7,0.24541025215761247,3337.098495282268,4038.2468635191967,8.518945648076649,32.01015926151233,45.793772539226296,2755.448115230899,55.12018360542361,124.2217858615306,0.27013417270574214,97.74293259376444,46.29704021806965,2663.68763689294,22.769371238048056,43.54517334518747,3269.257667174986,21.32491162348141,73.1262454547196,40.147158858348945,276.64412887649405,105.27840103825966,97.05007397610997,30.837528714886123,15.886601842874324,18.72193954142234,5.78579743422852,14.576013565362913,4.954250028062967,30.405157757152537,22.760223509694697,14.028015746743872,0.47953732490218615,13.58039230867737,6.5431891455907225,8.078610330959739,3.932049197038281,-0.01415546518124472,0.3599236665118545,0.16253516106238367,53.73453413738846,43.09443924047774
5.75,0.2433945421190242,3327.6028252014835,4023.610106112429,8.502796154556563,31.746923358291884,45.461068657120904,2755.8298431344247,53.69680082426663,124.22799999467583,0.26809090766284255,97.72910762460566,44.73839246354478,2664.1479049813215,22.593607463901975,42.168827248873356,3268.905511596233,21.26356283124491,73.11033230233095,39.39859510722364,277.20166312155806,105.28745898016986,97.12003123261582,30.86659893230477,15.90987245648724,19.412931880713213,5.577945001683864,13.940730057059584,4.939980036795372,30.675749948812904,22.792741006704468,14.014927341730083,0.6379366538061191,13.018793710811194,6.568965737195448,8.034301260209235,4.007158983522897,0.011560516951671315,0.34215676866898476,0.1585935393382127,53.22659280255202,44.0046620056195
5.8,0.24494444748238633,3334.5548547244116,3982.790909056464,8.591950590875976,31.725023740149673,45.543231886344344,2756.6629664215243,54.727721231333355,124.23666581743835,0.26740867725672884,97.8318176992087,43.41455833659759,2664.4226564521337,22.55480253556784,41.61023794145583,3270.138294585889,21.288059405278425,73.14123364364379,40.83043464943959,276.9348250971769,105.26756783594352,96.8983988144719,30.86659893230477,15.90987245648724,19.412931880713213,5.577945001683864,13.940730057059584,4.939980036795372,30.675749948812904,22.792741006704468,14.014927341730083,0.6379366538061191,13.018793710811194,6.568965737195448,8.034301260209235,4.007158983522897,0.011560516951671315,0.34215676866898476,0.1585935393382127,53.22659280255202,44.0046620056195
5.8500000000000005,0.25184710983585623,3356.140070135867,3985.474914000844,8.437252131653379,32.03269070002375,45.60245896857152,2755.7862925358845,54.6975638071264,124.24516321780989,0.2643498286546879,97.78058007765505,45.086196965861994,2663.6381822020817,22.4881186661531,41.552090527202594,3268.988850368342,20.91493795496506,73.15466366650888,38.2534052313713,276.86161355295997,105.2798686890713,97.17424438505728,31.075057202685517,16.05687578295371,19.00677358196962,5.533945683481585,14.312749507827762,4.889086940400921,31.02505632780791,22.577635864084446,13.824132888683605,0.6234264793092047,13.417670789756267,6.571336894641469,8.130023546929884,3.9956838997000697,0.011560516951671315,0.34215676866898476,0.1585935393382127,53.22659280255202,44.0046620056195
5.9,0.2536535508734139,3324.875336065685,3973.5170449100037,8.404595891698076,31.776775700921245,45.70901432601779,2756.980256586615,53.649296872705165,124.22872084172458,0.2638963757397419,97.8874889306388,44.23268957280321,2664.2978390453773,22.67789510150836,41.63229271493708,3270.445344267774,20.981797855981164,73.19169721361015,37.79042134690193,276.82895724569056,105.28590364076277,97.0691487959567,31.075057202685517,16.05687578295371,19.00677358196962,5.533945683481585,14.312749507827762,4.889086940400921,31.02505632780791,22.577635864084446,13.824132888683605,0.6234264793092047,13.417670789756267,6.571336894641469,8.130023546929884,3.9956838997000697,0.011560516951671315,0.34215676866898476,0.1585935393382127,53.22659280255202,44.0046620056195
5.95,0.2532672111629519,3333.483621822211,3940.37816152831,8.48317917004118,31.57690342471363,46.03904463060381,2756.2049859814806,53.899948770222835,124.23161810511333,0.26526946470102997,97.8274531089553,45.520619906768054,2663.8624509288125,22.711179825358343,42.49324430195712,3269.164671572532,21.067650810438906,73.22798287569408,40.66110647636428,276.8012613603432,105.27389413098804,97.29957566672616,30.736451177947544,15.847213909825546,18.856825109977173,5.4881325005088994,14.5039222381238,4.987746104372936,31.152965434550516,22.621108110109276,13.883875932646383,0.7585072700080099,13.513735111179418,6.526848473918042,8.075060829008896,3.972409623101167,0.011560516951671315,0.34215676866898476,0.1585935393382127,53.22659280255202,44.0046620056195
6.0,0.2518892824718089,3333.2729069175502,4015.137475443977,8.481713267236733,31.868069217712808,45.504296142655384,2756.687600929454,53.982448413267115,124.23244359039211,0.26420774306446826,98.02093608564782,44.659291131010114,2664.8162519213283,22.43927238439901,39.15403195980752,3270.0491167223577,21.236403043213368,73.28324280415056,37.871873999398524,277.0868721032714,105.27678238084755,97.19768828706388,30.736451177947544,15.847213909825546,18.856825109977173,5.4881325005088994,14.5039222381238,4.987746104372936,31.152965434550516,22.621108110109276,13.883875932646383,0.7585072700080099,13.513735111179418,6.526848473918042,8.075060829008896,3.972409623101167,-0.004066745074169314,0.34056534879722344,0.14790088700198065,54.92714210098572,44.04315587696322
6.05,0.25410044232892093,3321.6377997260133,3987.3019201676316,8.463867639931475,31.784115072654213,45.50112507010897,2755.5218290034686,53.60465004931,124.23710115545863,0.26345192252472444,97.91423313730431,45.859532494009024,2663.5507017368723,22.693920184865377,39.81902964959217,3269.251370717049,21.01399439811957,73.27318447030017,39.32504310511838,277.5402312309936,105.3063890742274,97.27998431636364,30.77933707591405,15.932089629565628,19.075885320271745,5.549627109295308,14.587589317199276,4.983169540196505,30.669103618692958,22.519463243242637,14.203802229037015,0.6018997750074936,12.996033072760941,6.5179421768432775,8.121357807347573,4.040716245842349,-0.004066745074169314,0.34056534879722344,0.14790088700198065,54.92714210098572,44.04315587696322
6.1000000000000005,0.25542235692703524,3322.636690829403,3991.815156985954,8.45011193932056,31.6388340042384,45.756594314858624,2755.8054456767354,53.8389188970675,124.22048179771559,0.25981572528435876,97.84140983401252,43.324394615127204,2663.6166912701933,22.571605663119737,40.30089462157949,3268.3775969992466,21.212395290111818,73.2912186966059,40.755088824138205,277.42584051942947,105.33823719091976,97.08826325943103,30.77933707591405,15.932089629565628,19.075885320271745,5.549627109295308,14.587589317199276,4.983169540196505,30.669103618692958,22.519463243242637,14.203802229037015,0.6018997750074936,12.996033072760941,6.5179421768432775,8.121357807347573,4.040716245842349,-0.004066745074169314,0.34056534879722344,0.14790088700198065,54.92714210098572,44.04315587696322
6.15,0.2573399567846186,3332.8542582800237,3994.336810654254,8.482771462246388,31.59853633683619,45.34630984699179,2757.6905718123217,53.75197645898286,124.2377916079597,0.2567266132716328,98.04904246858572,45.71899453075298,2665.6466242975785,22.45381418784976,39.47988386065197,3270.987741010584,21.226362601202553,73.32821998006466,40.37191822952009,278.0736086201126,105.31368620745346,97.3904442956086,31.199274594550698,15.85301654082578,19.733724596917764,5.635664332947105,14.649888633226897,4.939864143316143,31.0294836762932,22.4648259092281,14.456309918316354,0.7545513912067179,12.982882792249834,6.519619754276401,8.088766829015718,3.9359396490767535,-0.004066745074169314,0.34056534879722344,0.14790088700198065,54.92714210098572,44.04315587696322
6.2,0.2587230017022321,3339.049276484413,4006.009677992276,8.478669027823821,31.934166382712583,45.28864149119706,2756.297266371017,53.77733623626651,124.21707943539897,0.2642579725482286,97.93469575378778,44.38770011087838,2664.995665548588,22.349386202634946,41.123992566804006,3269.9013480631893,21.057498915825615,73.35986522603567,39.42317912273728,277.3708976686758,105.33536052910104,97.1392341286252,31.199274594550698,15.85301654082578,19.733724596917764,5.635664332947105,14.649888633226897,4.939864143316143,31.0294836762932,22.4648259092281,14.456309918316354,0.7545513912067179,12.982882792249834,6.519619754276401,8.088766829015718,3.9359396490767535,-0.004066745074169314,0.34056534879722344,0.14790088700198065,54.92714210098572,44.04315587696322
6.25,0.26497045357965565,3308.683434732376,3981.950835980601,8.351528630473819,31.56663508804429,45.9080536445672,2757.8224703460623,54.49589317137023,124.2342988834281,0.25747370642148254,98.04895388357423,45.31612108713708,2665.2015062421015,22.56290504774817,38.85758152025706,3270.871093648896,20.828540290055983,73.35970650764325,38.25406824483349,277.8072685630663,105.34742537750608,97.48869107030077,30.976976828630303,15.964508450254533,19.13988666831641,5.510776713791628,14.056124326819818,4.95015514010199,30.85178237776442,22.588010351924567,14.651286267368905,0.7578759487537419,12.849705308962298,6.515384315616811,8.188849627685315,3.955289359091568,0.015338985942048043,0.3543538359702366,0.1552581166358371,53.70840447726875,43.57068168061207
6.3,0.2623427280290969,3292.4726056151376,4004.5472032405264,8.386694967995963,31.678780897584577,45.55661999086681,2756.283077641897,54.218425765487936,124.21537781642517,0.2585588128238277,97.92846654970039,46.03458721447641,2664.2851421110167,22.427073042279822,37.77298214826786,3269.3153431988235,20.914661862538427,73.41592640935148,39.76125493551259,277.67706902637883,105.3895720421537,97.09122220512721,30.976976828630303,15.964508450254533,19.13988666831641,5.510776713791628,14.056124326819818,4.95015514010199,30.85178237776442,22.588010351924567,14.651286267368905,0.7578759487537419,12.849705308962298,6.515384315616811,8.188849627685315,3.955289359091568,0.015338985942048043,0.3543538359702366,0.1552581166358371,53.70840447726875,43.57068168061207
6.3500000000000005,0.26674530897290094,3286.199772568705,4002.615586123549,8.439023067484145,31.928002723641935,45.392323892597396,2755.7924221664116,54.95805100054928,124.2195189249578,0.25612400185871076,97.97657720341805,44.38926393695366,2664.0784787856087,22.51314819436685,39.922667947399155,3269.200709505071,20.982800145237587,73.4133401401261,39.8917671994325,278.3728570289896,105.39993440487878,97.55268461462914,30.97152956556988,15.798370590593992,19.422350072596647,5.498480131650862,14.078163159461896,4.952229295498087,31.557179910801914,22.173126620441707,13.736103810551105,0.9936796224806301,13.207449008169071,6.50784521174699,8.163628361432783,4.024904590940668,0.015338985942048043,0.3543538359702366,0.1552581166358371,53.70840447726875,43.57068168061207
6.4,0.26774773968197185,3290.5102005051353,4009.9577429600154,8.417827509175359,32.06031087971948,45.42549144713001,2757.5837102741716,54.50603565684451,124.22806369661868,0.25850740832641733,98.15535645991513,45.25836753037143,2664.985937501494,22.5607620860085,39.63491623599361,3270.8746711106583,20.87315164543762,73.45198325230704,39.06025864261761,278.0290233050559,105.35960206021909,97.3998626593956,30.97152956556988,15.798370590593992,19.422350072596647,5.498480131650862,14.078163159461896,4.952229295498087,31.557179910801914,22.173126620441707,13.736103810551105,0.9936796224806301,13.207449008169071,6.50784521174699,8.163628361432783,4.024904590940668,0.015338985942048043,0.3543538359702366,0.1552581166358371,53.70840447726875,43.57068168061207
6.45,0.2719600949743597,3332.723160815482,3955.27568361034,8.361886890054084,31.83006306711961,45.61309260163712,2756.5707050294823,54.305054313013216,124.22839117994205,0.2586886292024111,98.04406139081695,46.642469478611666,2664.0380333940607,22.541803618211908,39.293329512784396,3268.97327531462,20.79277044104351,73.45904925781959,39.28389570323224,278.46150467101234,105.37844316896415,97.47309595750028,30.818566948146398,15.78044971618566,18.805489579297554,5.657428833681342,14.152856473419812,4.864029887436954,31.267496365002323,22.334300706672224,14.828319060257261,0.8141188388644235,13.162549822083644,6.513493033930321,8.102695515289327,4.006753449654838,0.015338985942048043,0.3543538359702366,0.1552581166358371,53.70840447726875,43.57068168061207
6.5,0.27022830725928065,3317.2098161781587,3957.929429676678,8.38591536332524,31.920132693808828,45.47216941950781,2756.3638927426814,53.82711544166417,124.23581210927402,0.25580892625219037,98.17085303765006,45.76393884743264,2665.153772910833,22.537692653639997,37.68686212732359,3269.4348577094484,20.94575759060991,73.50775360064634,41.05962501662605,278.3825767769377,105.38215719583,97.57200085887118,30.818566948146398,15.78044971618566,18.805489579297554,5.657428833681342,14.152856473419812,4.864029887436954,31.267496365002323,22.334300706672224,14.828319060257261,0.8141188388644235,13.162549822083644,6.513493033930321,8.102695515289327,4.006753449654838,-0.022144372013234697,0.33810064698285053,0.16212043760159922,53.04304828331255,43.588123221023096
6.55,0.2694577205352156,3343.064630566365,3928.9757693023944,8.456502371978686,31.91899243716324,45.39692427806353,2757.5114641087384,54.27673899479594,124.2445284562383,0.2581312973949159,98.15169252380936,45.57691660132698,2664.5688023525636,22.470395801888664,38.95589616017398,3270.6578530080033,20.854602866896112,73.50721752213693,39.42172616348603,278.44390338349336,105.35445742055208,97.26855165618291,31.01799773289041,15.980264105129626,19.20338565451419,5.496577079128458,14.16002752991023,4.900903832539428,30.774632794161366,22.216484317583753,14.22550056541022,0.7368943117816033,13.128453612436246,6.498071229223826,8.26575323434658,4.1117044506095235,-0.022144372013234697,0.33810064698285053,0.16212043760159922,53.04304828331255,43.588123221023096
6.6000000000000005,0.2683184307901194,3321.512454173163,3943.5025565377346,8.466384602952795,31.811931854964545,45.74249415322324,2757.7014081143775,53.51432866517833,124.23344744667224,0.2548690372016073,98.18243186217583,46.4006963197709,2665.59719560295,22.538009212026278,35.59640712931271,3270.614065437931,21.02407172906283,73.52348463125246,38.06061833136777,278.3849667667433,105.37238623218333,97.43518416176603,31.01799773289041,15.980264105129626,19.20338565451419,5.496577079128458,14.16002752991023,4.900903832539428,30.774632794161366,22.216484317583753,14.22550056541022,0.7368943117816033,13.128453612436246,6.498071229223826,8.26575323434658,4.1117044506095235,-0.022144372013234697,0.33810064698285053,0.16212043760159922,53.04304828331255,43.588123221023096
6.65,0.2695726283495917,3327.026101116668,3957.4791756106724,8.476404657250814,32.11622792082441,45.53373036062647,2757.2180709950508,54.459150938626074,124.23386473093252,0.25862602341240737,98.19518086070431,46.12812002008385,2664.977377894644,22.54300376699759,37.068344594445016,3270.52383390687,20.66920479269738,73.53450785019379,38.28351237634816,278.51877408283946,105.37106407233387,97.73125994880036,30.902284561025166,15.689513159067731,18.978765896427205,5.515180733957259,14.321984059311344,4.888824294242822,31.440816869397953,22.332067552308022,14.456307926999488,0.6797278241243137,12.803697689278643,6.479014356966195,8.191853836072115,3.9938644365110973,-0.022144372013234697,0.33810064698285053,0.16212043760159922,53.04304828331255,43.588123221023096
6.7,0.2706223323228426,3284.3444689644025,3968.955238066034,8.449022630208189,31.843649756206112,45.70063090228292,2756.581034942265,53.23394244929494,124.24646432509716,0.2574483096944628,98.12580992211635,46.75264384483218,2664.6805101171667,22.588244082860925,37.960436407149174,3269.34968796397,20.794871020332785,73.52823868140678,40.73659122585463,278.94414903234616,105.40459445968143,97.64314248322923,30.902284561025166,15.689513159067731,18.978765896427205,5.515180733957259,14.321984059311344,4.888824294242822,31.440816869397953,22.332067552308022,14.456307926999488,0.6797278241243137,12.803697689278643,6.479014356966195,8.191853836072115,3.9938644365110973,-0.022144372013234697,0.33810064698285053,0.16212043760159922,53.04304828331255,43.588123221023096
6.75,0.2734506428107031,3290.370169944432,3923.1798369855983,8.38830693068572,31.533973221796202,45.696031197352674,2757.6369583272294,53.8684911386905,124.2184526544389,0.256738648005719,98.24416572176555,45.11824223700727,2665.131250109169,22.36457371868659,35.73292057393659,3270.5436808911286,20.902403405549048,73.60955634825406,40.12329048813568,279.1435187714293,105.39642659982191,97.72311167962471,31.479620683777895,15.776155079433936,19.036866498600965,5.463658851372451,13.658971499455246,4.905487978587929,31.349651046815005,22.22645700349475,14.188124112081749,0.5582449769066877,12.75855105009632,6.438716975112612,8.300997327235235,4.043053903693565,-0.0019283528103263992,0.338689234153261,0.1695931925512814,54.81292207963096,44.47184208452962
6.8,0.27186105286119283,3312.1409682863446,3951.0748055513895,8.370487990190616,32.21834241892076,45.69939753918445,2756.1424853280528,54.13440398500423,124.23373849852246,0.25691154230787056,98.16869589150873,47.42248327558643,2664.6751171811197,22.375692904846403,35.96924263619866,3269.976053135492,20.97745405087348,73.60868981642442,40.04176254664053,279.2139847564077,105.40574872212908,97.41809643682805,31.479620683777895,15.776155079433936,19.036866498600965,5.463658851372451,13.658971499455246,4.905487978587929,31.349651046815005,22.22645700349475,14.188124112081749,0.5582449769066877,12.75855105009632,6.438716975112612,8.300997327235235,4.043053903693565,-0.0019283528103263992,0.338689234153261,0.1695931925512814,54.81292207963096,44.47184208452962
6.8500000000000005,0.2696072659508969,3282.5700991585763,3956.6335853316546,8.365515432842656,32.164899176189415,46.038617017472035,2756.690244647237,54.15082009700847,124.22948912524923,0.25427698476677496,98.23420543114865,47.98141410370332,2664.7873540968,22.27213522876928,36.6248387305993,3269.3142408479926,20.681406662411366,73.6069693995328,38.5865852603141,279.5291705117955,105.42403186424063,97.86412539049712,31.11393757642948,15.760036647419112,19.479111692399155,5.697975397969927,13.88854163960954,4.934872934206709,31.248051392147694,22.19618641070566,13.921313167431942,0.4839977912400477,12.669194460236774,6.449750013499658,8.226896137759699,4.040567701516375,-0.0019283528103263992,0.338689234153261,0.1695931925512814,54.81292207963096,44.47184208452962
6.9,0.27034488232967,3283.5777814974495,3976.122930294653,8.369116845277546,32.57501600309759,45.79636616346375,2757.0728135060635,54.4961036178298,124.21704276396426,0.2564664803656329,98.2968971730941,44.99839289365284,2665.3485178913443,22.357553587806297,35.711144906487604,3269.7734567734615,20.747393865608394,73.64746512313168,38.563104107985346,279.4975469648679,105.4172551310439,97.9922702779569,31.11393757642948,15.760036647419112,19.479111692399155,5.697975397969927,13.88854163960954,4.934872934206709,31.248051392147694,22.19618641070566,13.921313167431942,0.4839977912400477,12.669194460236774,6.449750013499658,8.226896137759699,4.040567701516375,-0.0019283528103263992,0.338689234153261,0.1695931925512814,54.81292207963096,44.47184208452962
6.95,0.27402284290861034,3282.2340088689134,3982.503771693542,8.333746272089817,31.634674274357486,45.6963718578447,2757.4325968400367,54.44266792387505,124.18880602476565,0.25538215943552145,98.34343625624058,47.35677847043549,2664.501924381892,22.15552924820258,36.44685168117458,3269.980358146532,20.91821494646172,73.69841758307253,40.067578793713714,279.640405797771,105.43663826459593,97.62801189153961,31.247785071718592,15.67041208342018,19.0314057236968,5.494534637092266,14.095172428718584,4.88993994710573,30.92634348934763,22.245312734979585,14.707424934859429,0.5774549279676391,12.453475729677438,6.45117291450927,8.187020043828012,4.07428465372371,-0.0019283528103263992,0.338689234153261,0.1695931925512814,54.81292207963096,44.47184208452962
7.0,0.27495374810619533,3275.0896237727247,3962.4468807779203,8.383432668825817,31.95363450789531,45.58476646311776,2757.436213132865,54.88406477173288,124.21776337205571,0.25600412865434485,98.35900920756853,47.036874743984804,2665.22863532672,22.404442177544396,36.35073602515462,3270.0829840740685,20.624872169731685,73.74196114903063,38.06124362162635,279.8593604446343,105.44838923606284,97.87419818612356,31.247785071718592,15.67041208342018,19.0314057236968,5.494534637092266,14.095172428718584,4.88993994710573,30.92634348934763,22.245312734979585,14.707424934859429,0.5774549279676391,12.453475729677438,6.45117291450927,8.187020043828012,4.07428465372371,-0.008412794098991448,0.3299178821468512,0.14018518187822404,53.083563404204504,43.43351404540827
7.05,0.2747235647436004,3286.9919259819067,3920.520872059259,8.391321007956423,32.07022610468922,45.388140402554875,2757.7502875822333,53.743687112177234,124.23575656287618,0.2557487486541475,98.40862871919188,46.472007321201474,2665.4255513891617,22.534813847088635,36.258148447767,3269.8988964884215,20.699109283120887,73.78260408252628,39.22000528265538,280.3194565885921,105.45306873556255,98.06985221998237,31.635845973798094,15.739776396305242,19.38328844916838,5.396007422591008,14.111454148485546,4.927374601565215,31.51469069330392,22.315551836594032,13.978157972719968,0.5901437038096505,12.570088647607976,6.470656621301823,8.177533696322364,4.0294975233977945,-0.008412794098991448,0.3299178821468512,0.14018518187822404,53.083563404204504,43.43351404540827
7.1000000000000005,0.27664322640445665,3276.4303494246224,3967.876526948115,8.366509623666907,31.79603692253687,45.43138599867724,2758.0741708143155,54.64965230174615,124.22718421974092,0.25501549155725217,98.45229585353155,46.497037132666826,2666.204845475648,22.478634035464143,36.079640510167934,3270.7786462743466,20.726698538854,73.81389904607015,39.64878083537223,280.02518454375144,105.4583037124076,97.85225220969197,31.635845973798094,15.739776396305242,19.38328844916838,5.396007422591008,14.111454148485546,4.927374601565215,31.51469069330392,22.315551836594032,13.978157972719968,0.5901437038096505,12.570088647607976,6.470656621301823,8.177533696322364,4.0294975233977945,-0.008412794098991448,0.3299178821468512,0.14018518187822404,53.083563404204504,43.43351404540827
7.15,0.27630331130370844,3303.5439765128417,3915.8016707654747,8.315700719080393,31.972394412197552,46.131158427668375,2756.8133658285365,54.86282745431754,124.22385298258048,0.25643749980150304,98.41678009996521,46.36025163094576,2665.284105496026,22.251006931176242,36.46031457294036,3269.5275949555153,20.9139143311235,73.82445915603103,38.20027499009502,280.22273512885204,105.45583455832977,98.06825497948745,31.27390050555702,15.710221123882794,19.335618793097836,5.64020828204432,13.685468730826749,4.9262721111753836,31.436406959393295,22.27749332830919,14.232105571482712,0.6288177611650071,12.850358455778535,6.439901944632493,8.304354778611323,4.08839230360959,-0.008412794098991448,0.3299178821468512,0.14018518187822404,53.083563404204504,43.43351404540827
7.2,0.27596790201511695,3307.1921614595612,3916.3183675973064,8.378630664607238,32.09300606826285,45.676319880768474,2757.2524693528094,53.317546167033704,124.22972683751387,0.2541839685251098,98.56086252794435,47.37269398844622,2665.8108110827884,22.322599462123815,33.38903207003552,3269.9468830568176,20.821105015843536,73.85974552617066,38.94267581223443,280.0622039712995,105.44065944637231,98.20966124210615,31.27390050555702,15.710221123882794,19.335618793097836,5.64020828204432,13.685468730826749,4.9262721111753836,31.436406959393295,22.27749332830919,14.232105571482712,0.6288177611650071,12.850358455778535,6.439901944632493,8.304354778611323,4.08839230360959,-0.008412794098991448,0.3299178821468512,0.14018518187822404,53.083563404204504,43.43351404540827
7.25,0.27997875377059545,3279.9038814841297,3947.5331122101356,8.436577233076854,32.20843580359025,45.294110222348024,2756.4159588644325,53.91431264323313,124.23210215207112,0.25628844115609584,98.53248957175961,45.49345999492682,2664.521404733637,22.610755083169302,34.58241179441369,3269.334037660064,20.58421944151374,73.90786570707695,37.11483175788695,280.17021980378485,105.4521596110033,97.9048529267124,31.85580448155833,15.52885142026222,19.376493130921457,5.487559680837226,13.469701126273865,4.857154361806974,31.6221021950585,22.20612285413072,13.8272198884231,0.5817110776647989,12.507470716742171,6.405891322535713,8.28578814665259,4.088551576522032,0.004804812122895092,0.32878975069679095,0.14541227731401093,53.81293588656011,44.91808686474235
7.3,0.2815147504104962,3299.402675485744,3931.6598003736594,8.327049016856229,32.36954568229488,45.84425718403664,2756.6515700115056,54.79768960635398,124.22264156126388,0.2559580153985685,98.60906395872776,45.73131302271129,2664.828639056486,22.15694861426121,35.07599588777396,3269.0677467253845,20.76302960370568,73.9419845951143,38.09970844271755,280.6482752378355,105.44141419509756,98.32954069666579,31.85580448155833,15.52885142026222,19.376493130921457,5.487559680837226,13.469701126273865,4.857154361806974,31.6221021950585,22.20612285413072,13.8272198884231,0.5817110776647989,12.507470716742171,6.405891322535713,8.28578814665259,4.088551576522032,0.004804812122895092,0.32878975069679095,0.14541227731401093,53.81293588656011,44.91808686474235
7.3500000000000005,0.281937068566373,3286.4128424631767,3920.880021556252,8.329341242749118,32.3184913364119,46.04230166446334,2756.2268432837627,54.182148033181406,124.22440196737269,0.2519608151072183,98.60240861839877,46.33564210718985,2664.1630325445035,22.36577870114775,35.314494118826694,3268.014948299173,20.576591856209223,73.98364810233168,38.24913047353901,280.59726964005444,105.45509210671028,98.1842077118861,31.455502939174696,15.708028198451812,19.57345010973381,5.590365389120645,14.355516043466535,4.888668789591509,31.651494119606742,22.1061420350721,14.234434717003216,0.779528559950609,12.54419672476761,6.4347933715727255,8.300911013335083,3.9413746655349375,0.004804812122895092,0.32878975069679095,0.14541227731401093,53.81293588656011,44.91808686474235
7.4,0.27918154135442874,3279.911253471344,3947.0579316951653,8.36533276686376,31.90208192344994,45.50424020082087,2754.4186325192627,54.24720713659712,124.21586545223295,0.254961766129361,98.464579083171,46.93552155648101,2662.746183480298,22.045987025568667,34.64231674268221,3266.9378499221566,20.46071526170264,73.98372710917792,38.18116723520901,280.6896573111528,105.49495337685435,98.02425458324342,31.455502939174696,15.708028198451812,19.57345010973381,5.590365389120645,14.355516043466535,4.888668789591509,31.651494119606742,22.1061420350721,14.234434717003216,0.779528559950609,12.54419672476761,6.4347933715727255,8.300911013335083,3.9413746655349375,0.004804812122895092,0.32878975069679095,0.14541227731401093,53.81293588656011,44.91808686474235
7.45,0.2833624434019648,3246.0385834553745,3914.298180204939,8.224237827860712,32.40305002654011,45.933527913971,2754.873920250941,53.565267875918295,124.21687694466968,0.24409353940118653,98.58619395331905,46.989735628578764,2662.7055185216946,22.328659290009966,35.693469222036484,3267.310473571204,20.532317450963077,73.99670680133646,36.6379464768114,280.86682180760175,105.49831220351783,98.31919578813213,31.530887738234952,15.705990209895525,19.70632144270988,5.608883229402945,13.66266657158968,4.929848017178302,31.552647755160347,22.046243930235036,14.39041967626385,0.5237730671766176,11.976378094293015,6.432122118122937,8.28722125535021,4.094750355296393,0.004804812122895092,0.32878975069679095,0.14541227731401093,53.81293588656011,44.91808686474235
7.5,0.28403629327775,3245.4457259927176,3928.89277392652,8.262433211859134,32.31139885020626,45.75708451541466,2754.347437932348,54.855022519283246,124.2410878365974,0.242581768873465,98.55904416515637,46.53702772874538,2662.3494649771314,22.273859837669555,34.459964939258256,3266.6812682524046,20.563002428933682,74.02771222873187,38.186331917140244,281.0658622323704,105.51202261008352,98.15639178088574,31.530887738234952,15.705990209895525,19.70632144270988,5.608883229402945,13.66266657158968,4.929848017178302,31.552647755160347,22.046243930235036,14.39041967626385,0.5237730671766176,11.976378094293015,6.432122118122937,8.28722125535021,4.094750355296393,0.011002271498192426,0.2997247084792347,0.16616006634073882,54.38295542718317,45.0871280270781
7.55,0.288919495201357,3297.554656508415,3930.6327562623233,8.280536070393381,32.05351539908221,46.00241582551234,2754.8574699087035,54.28419252147042,124.23554368356861,0.23895950114610096,98.59283688631564,45.56533566736427,2662.3970389211945,22.184798007197475,33.751532542428805,3266.4809981243234,20.68000131047627,74.02057020973712,39.695589430864146,281.10304831720583,105.5196180736684,98.29042468257418,31.67192684496229,15.597357235751977,19.744424668561056,5.386794067888566,13.94636427069048,4.868752395409325,31.891679525813426,22.022783600611515,14.185486536384207,0.674697186725515,12.091375001853958,6.439329483015093,8.250193498878064,4.0952333355306,0.011002271498192426,0.2997247084792347,0.16616006634073882,54.38295542718317,45.0871280270781
7.6000000000000005,0.2894290663447681,3251.7494255058746,3940.301255259858,8.265721843038303,31.686548521464022,45.90961199111946,2754.7665031985994,54.24668502811001,124.20297780385758,0.23631546598826064,98.66289881611033,46.6649233593875,2662.7838531145835,22.371881997946442,34.306307636848295,3266.7861559015514,20.27005054167262,74.08017552811398,38.592869875076296,281.38013204115634,105.53260287189309,98.38938279484323,31.67192684496229,15.597357235751977,19.744424668561056,5.386794067888566,13.94636427069048,4.868752395409325,31.891679525813426,22.022783600611515,14.185486536384207,0.674697186725515,12.091375001853958,6.439329483015093,8.250193498878064,4.0952333355306,0.011002271498192426,0.2997247084792347,0.16616006634073882,54.38295542718317,45.0871280270781
7.65,0.2884010683008577,3258.9196768949932,3951.467704531826,8.258479026685425,32.013270765205625,46.05582000028091,2754.5175218982695,54.47207114624446,124.21760887095695,0.22726252447206552,98.66560110224898,46.36448167651274,2662.9054149660196,22.293592721458726,36.157260373883304,3266.139718464797,20.5580944186901,74.10233032372307,38.536709938832246,281.7298430444733,105.53312134472151,98.31077150744473,31.85216582560137,15.60622914724671,19.25061471161453,5.4794602811139,13.625463353053595,4.92523138543283,31.518091649061564,22.044821886551127,14.161265717462145,0.597894175306578,12.381382778551966,6.407233800325939,8.367477631065038,4.05691801034642,0.011002271498192426,0.2997247084792347,0.16616006634073882,54.38295542718317,45.0871280270781
7.7,0.2929348359201242,3278.5270472538014,3938.665689998332,8.211289970007268,32.110409848635626,46.16108997613127,2755.2811472431654,54.797041515243016,124.20731443699817,0.22669285008209036,98.76221977457719,46.360343223308526,2663.257043780725,22.24234967253597,36.54922337513376,3266.9087212896047,20.50018914400879,74.14258874175559,36.89097296038819,281.49941869798374,105.53106574656482,98.66795865739898,31.85216582560137,15.60622914724671,19.25061471161453,5.4794602811139,13.625463353053595,4.92523138543283,31.518091649061564,22.044821886551127,14.161265717462145,0.597894175306578,12.381382778551966,6.407233800325939,8.367477631065038,4.05691801034642,0.011002271498192426,0.2997247084792347,0.16616006634073882,54.38295542718317,45.0871280270781
7.75,0.2897585725881088,3265.064701377297,3916.486852109091,8.330785328866554,32.21869581139189,45.86969188010626,2755.7794292622293,53.66860195651944,124.23414565606238,0.22470530992132462,98.81885626861663,45.29206867168275,2664.195773122285,22.113147999124994,34.552201887390545,3268.002238480083,20.67836499220387,74.20942674309795,39.648106782931336,281.4549184734203,105.51236869173073,98.3941846309741,31.643850497909536,15.687183542672695,19.31188788922618,5.377507911762259,13.574529948967683,4.861727095781352,31.482843095022947,22.020186289102917,14.531420126933346,0.5789371228419127,12.766926474076465,6.423680374523606,8.340482837469715,4.066416518641302,0.0014324637345945832,0.3143639007746052,0.17113078147116703,54.33485710433701,44.86093310009203
7.8,0.2899312863267305,3290.9335546084862,3957.077696000997,8.191102652465114,32.567232598041585,45.630627327517956,2755.985756445383,53.63596638690229,124.22606746028836,0.22087435611854303,98.78624657967681,49.1810234156471,2663.6465878519116,22.32030428034915,35.359263648743934,3267.941048398111,20.183642367762882,74.21887869939937,40.270353414631714,281.74857564433745,105.5666222058161,98.51952332036245,31.643850497909536,15.687183542672695,19.31188788922618,5.377507911762259,13.574529948967683,4.861727095781352,31.482843095022947,22.020186289102917,14.531420126933346,0.5789371228419127,12.766926474076465,6.423680374523606,8.340482837469715,4.066416518641302,0.0014324637345945832,0.3143639007746052,0.17113078147116703,54.33485710433701,44.86093310009203
7.8500000000000005,0.29054233946901037,3281.1802017514437,3900.7055801167635,8.362277088769286,32.337833540363235,45.75807491038556,2755.257891596624,53.423000978565796,124.2449113555647,0.21963532164655694,98.72540472088772,47.87924008720379,2663.640447114995,22.117502970861246,33.77115698544553,3267.3858899832744,20.56920509321118,74.19367205138525,39.54487202526454,282.1254308724353,105.56334791889427,98.55318801868573,32.165821782766514,15.512151060997091,18.730712938708837,5.393076054660961,13.504088516801614,4.894294584499165,32.11249806624262,22.156266796633123,13.839038136414803,0.5040636564459358,12.205785855727845,6.395838429637038,8.339218895466166,4.140401726533885,0.0014324637345945832,0.3143639007746052,0.17113078147116703,54.33485710433701,44.86093310009203
7.9,0.289906465984712,3234.572745885266,3923.949519540559,8.315585441642074,32.55537699084452,45.90297200678104,2757.6151875629957,54.25650277583378,124.23119603698301,0.2204127942016624,98.97063106479301,47.77257158162053,2665.4148093038057,22.052495648790526,36.15733833942871,3269.7889025414374,20.459338948680948,74.26402260971706,38.746908383601244,281.9343456097939,105.55589409330057,98.63238516035447,32.165821782766514,15.512151060997091,18.730712938708837,5.393076054660961,13.504088516801614,4.894294584499165,32.11249806624262,22.156266796633123,13.839038136414803,0.5040636564459358,12.205785855727845,6.395838429637038,8.339218895466166,4.140401726533885,0.0014324637345945832,0.3143639007746052,0.17113078147116703,54.33485710433701,44.86093310009203
7.95,0.2856069973082533,3270.771719266147,3942.6576741419826,8.248277392969095,32.1679509888705,45.73856314495559,2756.3648041835804,54.3025120122518,124.21118347591549,0.2205085629025705,98.79507221511787,46.564546378584105,2664.1772317249083,22.282659825566274,33.81505173597258,3268.6192870679797,20.48370875717673,74.27845665034724,38.20857424022978,282.29017003101524,105.5692631238655,98.58698534284852,31.658138882959307,15.558044815544877,18.887729521700354,5.5477437863729495,13.64480049453628,4.92768036691818,31.728641813520404,21.931941844508874,14.377866559814182,0.6200009188759631,11.801240430006823,6.4302926546501915,8.390771022640472,4.165995456829415,0.0014324637345945832,0.3143639007746052,0.17113078147116703,54.33485710433701,44.86093310009203
8.0,0.2842569284960002,3231.224614201248,3941.427570808416,8.229702677827637,32.080430621722805,46.102925867073736,2756.096746268123,53.38678524749875,124.23338772763813,0.21719598493429396,98.79785044898193,46.54342127351872,2664.5216313910896,22.300917883000455,32.084211582987315,3268.734099394279,20.496630288622313,74.24671100724565,39.97793437341262,282.3737944455708,105.6105769829961,98.7433844561373,31.658138882959307,15.558044815544877,18.887729521700354,5.5477437863729495,13.64480049453628,4.92768036691818,31.728641813520404,21.931941844508874,14.377866559814182,0.6200009188759631,11.801240430006823,6.4302926546501915,8.390771022640472,4.165995456829415,0.004246025385809234,0.2999543045674904,0.15003145585881275,54.62203221880564,43.81908408249698
8.05,0.28080526078238716,3233.5826946751004,3942.1623140336283,8.247296738478918,32.555344037964154,45.5976250732152,2756.6346722679823,54.22059738708259,124.20449512059653,0.22222442281884164,98.84684309092832,46.93596070390414,2664.5795894784546,22.110104662377946,34.45238325075661,3269.2029938012706,20.4018131477184,74.25116063584142,39.37425674400938,282.6546653978462,105.6032772198882,98.61023972939009,31.43859550353637,15.649051788723002,19.543192592984717,5.520893735708331,13.083686709638243,4.849419623982422,31.813377859470894,22.021660570898963,14.216031568760346,0.58712465239466,12.289728692915375,6.403439073683116,8.403682259647885,4.254933451272936,0.004246025385809234,0.2999543045674904,0.15003145585881275,54.62203221880564,43.81908408249698
8.1,0.2802288949010042,3288.1990002521097,3916.8765850874156,8.235490588849073,32.23578030266197,45.94291158460023,2757.785758298022,54.02886038424356,124.24564818914182,0.21904555078389695,98.904078897244,48.100329396875125,2666.5290874911702,22.2725763600402,34.229754156834254,3269.684123855077,20.353102184103097,74.27098985286726,38.2886148252468,282.688286062433,105.6025216906038,98.73535170908006,31.43859550353637,15.649051788723002,19.543192592984717,5.520893735708331,13.083686709638243,4.849419623982422,31.813377859470894,22.021660570898963,14.216031568760346,0.58712465239466,12.289728692915375,6.403439073683116,8.403682259647885,4.254933451272936,0.004246025385809234,0.2999543045674904,0.15003145585881275,54.62203221880564,43.81908408249698
8.15,0.2865477560371257,3227.5985908507187,3911.4699015415636,8.243853542869852,32.296696163467054,46.038662242434015,2758.2164280831294,54.1788100198978,124.2075637698939,0.22368184194073568,98.93275524149256,47.91355276387941,2666.0156899742256,22.091182036489375,34.3350749679724,3270.2748910639884,20.17700153886633,74.30756229099119,40.62276881484601,283.03873581904367,105.60724739433805,98.78897942663092,31.801794992636218,15.503296967349357,19.240967747690966,5.407101811305062,13.15955585115695,4.905514427873969,32.36559577071533,21.8179411596172,14.509910469167805,0.40649416909499747,12.07022405175655,6.407525204124611,8.387400985414695,4.100601539127492,0.004246025385809234,0.2999543045674904,0.15003145585881275,54.62203221880564,43.81908408249698
8.2,0.2905947047383732,3226.272248965549,3952.366337757979,8.227289923980397,32.72802100921369,46.03930049331384,2757.5582573469733,54.05362424487163,124.20407428294574,0.22456932081248618,98.85042353771149,48.05875139763206,2665.5504563024624,22.067688884508488,34.77669448061215,3269.5312733698543,20.427716847105927,74.34465674230762,37.331619739334116,282.98216301084994,105.62347049302286,98.58148382824771,31.801794992636218,15.503296967349357,19.240967747690966,5.407101811305062,13.15955585115695,4.905514427873969,32.36559577071533,21.8179411596172,14.509910469167805,0.40649416909499747,12.07022405175655,6.407525204124611,8.387400985414695,4.100601539127492,0.004246025385809234,0.2999543045674904,0.15003145585881275,54.62203221880564,43.81908408249698
8.25,0.2892967143847842,3250.651095895011,3941.3753262756654,8.166391390686945,32.65492100215617,45.87837185893168,2757.803521757304,54.028635362800415,124.227013248797,0.2275887345185949,98.96337778418089,47.030370583613035,2666.483736795754,22.189262851802734,35.9656439901325,3269.6549999629506,20.499993703170716,74.33576147235028,38.32036265024867,283.10905277179546,105.6463116561825,98.96880698086095,31.810696634201022,15.657438076705535,19.395913259475826,5.462199011699176,13.615493332974117,4.797631210939851,32.08279813754356,21.921997821114058,14.256004742766567,0.6725868362903761,11.769067867704683,6.3881202162148245,8.351678419994055,4.137318570791625,-0.0016885830831402234,0.3107945951048539,0.16623313258733793,53.288009721808834,44.456969916157504
8.3,0.2886861858341896,3219.271460835429,3916.104811550302,8.201281583078808,32.577885543386934,46.19038597317539,2758.525320315711,53.9634541912382,124.2216291483492,0.228458624376429,99.03586469146309,48.452573360783234,2666.0228952571624,21.836426062940227,34.1486843429975,3270.8054229461673,20.492631192967348,74.37938643540531,37.86450550700553,283.87150015544586,105.66525763983732,99.03431861575426,31.810696634201022,15.657438076705535,19.395913259475826,5.462199011699176,13.615493332974117,4.797631210939851,32.08279813754356,21.921997821114058,14.256004742766567,0.6725868362903761,11.769067867704683,6.3881202162148245,8.351678419994055,4.137318570791625,-0.0016885830831402234,0.3107945951048539,0.16623313258733793,53.288009721808834,44.456969916157504
8.35,0.293282430738515,3238.7554394308636,3873.674539243311,8.161966623333585,32.36703137337242,45.73699414533813,2758.534310042558,54.1335315536274,124.24258233817933,0.22986474820869965,99.05373438831327,46.18939546286538,2666.2800665424525,21.991207344443325,35.508244580595246,3270.4803206796096,20.3595896659246,74.43408085577343,38.019043394930954,283.49371878178096,105.64496095475654,98.9371475797595,32.128541232078206,15.583535045636017,19.51790101676245,5.370643122294577,13.430106704623576,4.880730650332633,31.80622007816774,21.82176291065688,14.492948284803543,0.7584990600575218,12.264454308134853,6.396481534607838,8.366363111209273,4.118686359764757,-0.0016885830831402234,0.3107945951048539,0.16623313258733793,53.288009721808834,44.456969916157504
8.4,0.29440772586879854,3233.5137521814477,3881.17830746296,8.179538678573536,32.53281417014667,46.149921834800224,2758.2399566154127,54.70437150223194,124.24070131919892,0.23135987686731282,99.13508839536192,47.30751556733261,2666.1142835285,21.93939631783958,35.36300745327279,3270.658895171062,20.52932153708069,74.46960788460721,36.22310420589008,283.13243067715257,105.64289870923017,98.95843261820369,32.128541232078206,15.583535045636017,19.51790101676245,5.370643122294577,13.430106704623576,4.880730650332633,31.80622007816774,21.82176291065688,14.492948284803543,0.7584990600575218,12.264454308134853,6.396481534607838,8.366363111209273,4.118686359764757,-0.0016885830831402234,0.3107945951048539,0.16623313258733793,53.288009721808834,44.456969916157504
8.45,0.2927395734477614,3227.3717912688358,3923.580228048407,8.16120673991337,32.56330939427959,45.80166707866248,2755.9834694127085,54.176597680055856,124.22645937117662,0.23278176113366686,98.98008117995853,50.04967218313055,2664.5327962623437,22.069746817879906,36.74810511336386,3267.607228156075,20.32672622238529,74.48330142772693,36.63164510578841,283.986394446122,105.64067789686634,99.06837899668069,31.629427843510655,15.655127165103154,19.292724123937756,5.222626896808723,13.278648463438369,4.8754142235345785,32.382822355539666,21.861231637947352,14.406574868347082,0.5222507928773555,12.191625141337669,6.42319948072491,8.412640695181818,4.14985608680445,-0.0016885830831402234,0.3107945951048539,0.16623313258733793,53.288009721808834,44.456969916157504
8.5,0.2931706404550064,3230.566332831259,3866.831655170987,8.174427773535728,32.41382243716696,45.862617949826756,2757.409145730582,54.21890233547905,124.23060992680894,0.23065137468902944,99.22290060969748,48.16942459738284,2665.0650557398553,21.929527009834743,33.770832420860586,3268.8768598869465,20.11861784989558,74.51950577070751,37.199529257414724,284.0401683312807,105.65057763420339,99.35075819514485,31.629427843510655,15.655127165103154,19.292724123937756,5.222626896808723,13.278648463438369,4.8754142235345785,32.382822355539666,21.861231637947352,14.406574868347082,0.5222507928773555,12.191625141337669,6.42319948072491,8.412640695181818,4.14985608680445,0.005454803869513597,0.3074091981782225,0.16161325732995152,54.0351517243586,44.381569934427226
8.55,0.29567324636947895,3222.380554627429,3908.8916124128978,8.157324944330798,32.61631592716152,45.999717222759195,2755.724938587935,53.799173743127,124.21170294667021,0.23083201976731313,99.15699919986784,46.344632038451834,2664.1317748743295,22.05103130511126,35.82346289866522,3267.5239833761952,20.226917496723413,74.5800238303161,35.57834592693224,283.5386144534689,105.66192177813815,98.94445114736757,31.67088552556379,15.633071983421464,19.148756011238422,5.150871249000666,13.05031007415348,4.910156470478122,32.42221567384074,21.90121153251195,14.385888678362171,0.3775173138321092,12.142268812654503,6.407592146212486,8.475758341555139,4.2160689020935,0.005454803869513597,0.3074091981782225,0.16161325732995152,54.0351517243586,44.381569934427226
8.6,0.2956379147140837,3255.0247838277974,3930.9725872568133,8.068729902217685,32.27539032568345,46.20834437182938,2756.710000755137,54.83032926772434,124.21154380492851,0.22759841983642495,99.23236212646827,47.94756926575247,2664.9219498394573,22.230432893411532,34.884388671898705,3268.303131562507,20.253031061889047,74.6012471689954,35.574251015805686,283.85417171760804,105.66914007062944,99.05871081867842,31.67088552556379,15.633071983421464,19.148756011238422,5.150871249000666,13.05031007415348,4.910156470478122,32.42221567384074,21.90121153251195,14.385888678362171,0.3775173138321092,12.142268812654503,6.407592146212486,8.475758341555139,4.2160689020935,0.005454803869513597,0.3074091981782225,0.16161325732995152,54.0351517243586,44.381569934427226
8.65,0.29779919774403424,3226.182021921961,3854.800557133176,8.118771590349326,32.71657919347158,45.77286075190752,2757.4184305282856,54.987429257675,124.21886766727204,0.2254519353257482,99.35262616670727,46.99533888483102,2666.0025509750008,22.050939893503593,37.04663094089335,3268.8658751351063,20.347482712574116,74.64609893473597,37.051766062483075,284.2581157827168,105.66640395120808,99.36452355920848,32.09255380127704,15.621725051983953,18.90562047294073,5.492175340549757,12.762741352890616,4.914304742582541,32.23939772452196,21.687363590574183,14.025241318274425,0.5966981484724584,12.126114905613976,6.401053986594955,8.483583267294089,4.1004571597249635,0.005454803869513597,0.3074091981782225,0.16161325732995152,54.0351517243586,44.381569934427226
8.700000000000001,0.29621373892208125,3227.484257058718,3880.6116270430516,8.108939444109081,32.99145225133642,45.99938699346254,2755.828630645711,54.60669052184402,124.2301061364397,0.22737532451104156,99.15971428248324,45.94793057485855,2664.2187043444605,21.986869315300844,35.55029938607228,3266.9731891470033,20.359011630274097,74.66974533774595,39.68801622853564,284.4759982533939,105.68142408757942,98.97162060090531,32.09255380127704,15.621725051983953,18.90562047294073,5.492175340549757,12.762741352890616,4.914304742582541,32.23939772452196,21.687363590574183,14.025241318274425,0.5966981484724584,12.126114905613976,6.401053986594955,8.483583267294089,4.1004571597249635,0.005454803869513597,0.3074091981782225,0.16161325732995152,54.0351517243586,44.381569934427226
8.75,0.2921165039359487,3238.7272510073008,3890.7689975652115,8.09191306976856,32.44856887168201,45.59572918663781,2756.658749913083,54.43105524226078,124.2239823608903,0.22342437657012343,99.29799811421528,47.337277360300355,2664.881046267963,21.942004360942633,35.249881948977894,3268.064474043697,20.14235499022827,74.65786942321401,38.992484278240624,284.3406294403363,105.7191917381758,99.3900846675668,32.80001845671593,15.648425613544186,18.745870276234843,5.447933235359546,13.449387460556416,4.892776049213699,32.22563210122923,21.734132621226156,13.879165078010102,0.5841861274308994,11.949701782934838,6.422191121041715,8.547297872752676,4.21530728247749,0.006265636910179251,0.2701192625537694,0.17525807786949885,54.55158515865233,44.95778773099673
8.8,0.2899734407946645,3192.6606745191866,3907.92012985167,8.214346672363877,32.673629272360024,45.87834055066594,2757.470010723744,54.03265396247381,124.2084847837842,0.22195091247212112,99.38288104537708,48.975666411567545,2665.5570829040767,21.85064910793927,36.84547251665386,3269.1817158055605,20.25188014512892,74.69689655917854,38.84234217222144,284.8672785768283,105.71637182696797,99.34116417431774,32.80001845671593,15.648425613544186,18.745870276234843,5.447933235359546,13.449387460556416,4.892776049213699,32.22563210122923,21.734132621226156,13.879165078010102,0.5841861274308994,11.949701782934838,6.422191121041715,8.547297872752676,4.21530728247749,0.006265636910179251,0.2701192625537694,0.17525807786949885,54.55158515865233,44.95778773099673
8.85,0.2866572998988167,3204.088639161348,3915.109399639635,8.225664917998223,32.420090758919216,45.99588491218388,2757.0956099127698,53.51493444622353,124.23827116286222,0.2267779184244178,99.36083737147148,47.01875499503019,2665.2488748761866,22.09587113571931,35.21314089557492,3268.761828667802,20.356695408297846,74.72618101010222,38.003078531982275,284.8505663534711,105.71933913442545,99.45054495288706,32.147231466478445,15.444274532152974,18.654588864571572,5.4539861888023,13.128481601687046,4.850014077825136,32.075792149841284,21.83278088412037,14.355974278008,0.5197980978662531,11.607569087884633,6.4296832128876344,8.41659520979471,4.225365813432936,0.006265636910179251,0.2701192625537694,0.17525807786949885,54.55158515865233,44.95778773099673
8.9,0.2812723128419948,3248.2901671828176,3875.653934799422,8.187682700378625,32.486561442905526,45.96988900400988,2757.1278003295242,54.16098137618176,124.22687809650331,0.22617031238764893,99.38887679666934,47.428273809943434,2665.6749916476006,21.954518344894595,35.025961671671986,3268.6497816072556,20.0959555661464,74.72786372440879,36.72143203871489,284.6654676554422,105.73094496060767,99.41327379778329,32.147231466478445,15.444274532152974,18.654588864571572,5.4539861888023,13.128481601687046,4.850014077825136,32.075792149841284,21.83278088412037,14.355974278008,0.5197980978662531,11.607569087884633,6.4296832128876344,8.41659520979471,4.225365813432936,0.006265636910179251,0.2701192625537694,0.17525807786949885,54.55158515865233,44.95778773099673
8.950000000000001,0.2820787152555109,3216.532060338787,3865.550720139646,8.257875047398034,32.29798539548861,46.22620561792841,2757.240081754703,54.11169716848477,124.20882439699457,0.22341115486668656,99.3429512098711,45.95723262546306,2665.015982627177,21.805494839127388,36.710026162095645,3268.154600380469,20.336532900091523,74.74121961904865,38.5746117177879,285.1744379670612,105.7753114913451,99.43934237386796,32.05799757722422,15.41178319023261,19.213429988976685,5.449750517904671,13.32576472060048,4.95853124622423,32.83058379705002,21.662134077553116,13.879641056951744,0.6441792815991517,11.526809867120035,6.389151507843083,8.506100896047126,4.208291277034368,0.006265636910179251,0.2701192625537694,0.17525807786949885,54.55158515865233,44.95778773099673
9.0,0.2791772915629373,3184.0348783245317,3903.442879284085,8.22778010311087,32.60960011366611,46.07579614690818,2759.113893972192,54.296196492644505,124.25134844934504,0.2310018998670432,99.5519062755636,49.16534175229212,2667.041785880102,21.607538152715527,35.186051722028076,3270.6412243032187,20.236415188914897,74.79435852318545,38.83171379085255,285.1879425635797,105.72009875966398,99.48744340541236,32.05799757722422,15.41178319023261,19.213429988976685,5.449750517904671,13.32576472060048,4.95853124622423,32.83058379705002,21.662134077553116,13.879641056951744,0.6441792815991517,11.526809867120035,6.389151507843083,8.506100896047126,4.208291277034368,0.006547100640846078,0.27936600876025985,0.13424558472120307,53.18532488797914,43.9639807695548
9.05,0.282723067806088,3209.903668133781,3881.4105604989227,8.246317746166396,32.85959296296593,45.90958205659582,2757.672519344136,53.838770394451714,124.217853544898,0.22727168411618354,99.3572307598529,47.423022371356325,2665.4544147055485,21.902243247601344,37.65464667634869,3268.6619936575457,20.192740669586648,74.78346439060354,37.98655046291936,285.56851414443,105.77891157258898,99.50443288909595,32.22195714867707,15.401454084096072,18.763460207480946,5.285348147850033,13.63152964062465,4.8783908198958335,32.646200239451815,21.621405625347847,14.303434373714717,0.7147060263294226,11.646868014199864,6.390617532395897,8.43871969809855,4.243340924334691,0.006547100640846078,0.27936600876025985,0.13424558472120307,53.18532488797914,43.9639807695548
9.1,0.2854227614189679,3219.72741036533,3847.595117586817,8.134876694153775,32.791255599525876,45.9503844103905,2757.4600300644456,53.985630044529884,124.2122193856447,0.23086865620585673,99.53291004142139,47.54254035476992,2666.0757114037947,21.987905912945138,34.973323518775494,3269.334876741271,20.40962437344218,74.85169186816299,37.399915465673836,285.4174128358435,105.75390640864177,99.423526444462,32.22195714867707,15.401454084096072,18.763460207480946,5.285348147850033,13.63152964062465,4.8783908198958335,32.646200239451815,21.621405625347847,14.303434373714717,0.7147060263294226,11.646868014199864,6.390617532395897,8.43871969809855,4.243340924334691,0.006547100640846078,0.27936600876025985,0.13424558472120307,53.18532488797914,43.9639807695548
9.15,0.28400169071617554,3228.451256773743,3889.1458372029915,8.198750134511496,32.82788088589512,46.364149588991005,2756.43010965742,54.47674899355965,124.21498744129333,0.22889717647666813,99.41879055775105,50.16327554026347,2664.896427821662,21.946215523400088,36.711145076404435,3268.283522389989,20.145679417491277,74.8424848207968,36.88425554597853,285.54747107046643,105.76927865726637,99.72572539823096,32.524732745251015,15.66175691259278,19.077463061627878,5.108604631912834,12.88807103814916,4.868090966374035,32.79023125933094,21.499204839556427,13.773909355482813,0.6025536974118615,11.540534396663169,6.360262914733376,8.549296538383722,4.251241437468002,0.006547100640846078,0.27936600876025985,0.13424558472120307,53.18532488797914,43.9639807695548
9.200000000000001,0.28432950531467244,3250.892991767288,3839.968276906319,8.128074734074305,33.03383766080591,46.11646754784965,2758.89596952845,54.71393114537543,124.25656671210707,0.22900433413662996,99.59374542707482,48.77372905377834,2666.6832359464597,21.656336387632905,36.97328205557081,3270.709976361155,20.284097272332637,74.86935205980849,37.39709674237994,285.5641970120929,105.75505874502882,99.660358682756,32.524732745251015,15.66175691259278,19.077463061627878,5.108604631912834,12.88807103814916,4.868090966374035,32.79023125933094,21.499204839556427,13.773909355482813,0.6025536974118615,11.540534396663169,6.360262914733376,8.549296538383722,4.251241437468002,0.006547100640846078,0.27936600876025985,0.13424558472120307,53.18532488797914,43.9639807695548
9.25,0.2802657000962714,3243.214633783729,3845.2981140201696,8.06536594850606,33.02208151385072,46.00072793740799,2758.3495364506084,54.24394483082806,124.24213786258993,0.23547831047553844,99.58711009066465,48.29672011074445,2666.8028724222754,21.94850994621542,36.63810311967966,3270.802845543164,20.114399742094065,74.91710214917477,38.05594408852307,285.82010145077305,105.74751848258029,99.63725684012779,32.726646453445504,15.348713510610423,18.980056781471927,5.2038968726939,13.349710817908068,4.904902595555601,32.65314193229249,21.648691551988797,14.374971683067267,0.6644223853145454,11.614858964864366,6.4265831860776315,8.466183117877087,4.245688949110135,0.017605308976544547,0.30826931456871015,0.1533776776292551,53.95732661767126,43.81133290021847
9.3,0.2831981139342767,3174.1424879779124,3846.1668444969546,8.179268505172452,32.771152845058985,46.36999405585046,2757.4632407183526,54.326905369241764,124.22871540019386,0.2357541336388763,99.51074848335958,47.82997259129622,2665.53910823101,21.810707512513527,36.88591781559308,3268.4103258330397,20.06722602156353,74.9147233121938,37.2660877713956,285.5145091751292,105.75491392929574,99.61691908704682,32.726646453445504,15.348713510610423,18.980056781471927,5.2038968726939,13.349710817908068,4.904902595555601,32.65314193229249,21.648691551988797,14.374971683067267,0.6644223853145454,11.614858964864366,6.4265831860776315,8.466183117877087,4.245688949110135,0.017605308976544547,0.30826931456871015,0.1533776776292551,53.95732661767126,43.81133290021847
9.35,0.28243669070566163,3192.571098344596,3870.2866174843166,8.171194999964873,32.92034250186578,45.94455951847422,2758.251342646261,54.611400245053346,124.2505606039459,0.2390388941782132,99.68726472823812,47.27455571646266,2666.5722235075377,21.636087483287675,38.23292478233358,3269.310447869079,20.17140355223557,74.96454392101765,37.99292560244169,285.96922902552643,105.75600749215224,99.71566971274974,32.19415965840133,15.426857014899443,19.068873604089912,5.46431556936296,12.956037307307943,4.895261295566471,32.983884008319215,21.439033671624323,13.727339940625473,0.8753886495021661,12.101391841423684,6.409142683989554,8.538245713799155,4.361978231899343,0.017605308976544547,0.30826931456871015,0.1533776776292551,53.95732661767126,43.81133290021847
9.4,0.2779825164879538,3202.62909070959,3893.0027111874333,8.154028777529497,32.6459526318444,46.17844152178933,2756.7363045132242,54.37380970420872,124.22868336930507,0.23760591500505757,99.53479984961938,47.523724975086004,2665.565897425365,21.93755409150268,38.909232907269356,3268.7976483619127,20.20215485597054,74.98897954120481,37.44886883171118,285.73708624148696,105.75327550975193,99.37328335441504,32.19415965840133,15.426857014899443,19.068873604089912,5.46431556936296,12.956037307307943,4.895261295566471,32.983884008319215,21.439033671624323,13.727339940625473,0.8753886495021661,12.101391841423684,6.409142683989554,8.538245713799155,4.361978231899343,0.017605308976544547,0.30826931456871015,0.1533776776292551,53.95732661767126,43.81133290021847
9.450000000000001,0.28254959955722203,3205.4329033822873,3864.844972184172,8.137205929546907,32.765526142553924,45.969653822933175,2757.9509078587807,54.70024591757432,124.22772257683853,0.23564122669300885,99.64226749318354,47.89849998626154,2665.9907337790482,22.182382399269027,37.606907968776774,3268.3149446712755,20.079425396801874,74.95115746858872,35.480870255135166,286.2034480007287,105.75715808952943,99.98907322620366,32.365839214849416,15.590865719707987,18.847213592304588,5.106687010671617,12.459014961292693,4.855947053682079,33.140380828601536,21.54423559028858,13.829897554309731,0.5659755448656895,11.162189488752524,6.384677949314887,8.526869312504328,4.301354979541808,0.017605308976544547,0.30826931456871015,0.1533776776292551,53.95732661767126,43.81133290021847
9.5,0.2849544937620288,3195.596695085063,3889.7981787115727,8.123589627682659,32.563811442593014,46.29459266959533,2759.002594679298,54.93208527183185,124.26321927352785,0.23819039689554183,99.73829276111765,47.728949893990894,2667.0774075939676,21.63936081514114,37.20924227126033,3270.0755170627663,20.023604526067434,75.00508444149025,36.01667871320342,285.80976111638154,105.74766956125562,99.67820635020196,32.365839214849416,15.590865719707987,18.847213592304588,5.106687010671617,12.459014961292693,4.855947053682079,33.140380828601536,21.54423559028858,13.829897554309731,0.5659755448656895,11.162189488752524,6.384677949314887,8.526869312504328,4.301354979541808,0.007003349444569344,0.2821451142949268,0.16267575436716486,53.64133953996241,45.14560418747637
9.55,0.28317024206897723,3209.764448489995,3885.980948089421,8.261647398906083,32.848268728976535,46.49621033484388,2758.1924121774546,53.92462569584528,124.22641052226096,0.24367149178510117,99.67185291510263,47.21393995074988,2666.4185683944597,22.067133719411423,38.45795339520954,3269.8319002034254,20.089877487983934,75.02046480106014,39.44389379596799,286.3858747675402,105.76661414677034,99.99016769472904,32.759438500863666,15.241455139221955,18.90198509319568,5.274222572129327,13.185311299440663,4.9000132671713414,33.64312497651482,21.508422992506777,14.19608740861903,0.4465333751356517,11.368331013538642,6.438009814972082,8.510911705835102,4.317769247603685,0.007003349444569344,0.2821451142949268,0.16267575436716486,53.64133953996241,45.14560418747637
9.6,0.28153820439737853,3208.516106114043,3855.8393722986893,8.106812849681086,32.513786969829276,45.93039395111835,2758.61863027825,54.04631077899095,124.23265489561727,0.24454368711375402,99.73226086133069,46.43618944908932,2667.4114837595666,21.776742532247944,38.53250950282074,3271.0465810083115,19.959672859106398,75.03274943939383,38.87509891087463,285.9768323928984,105.75956969763891,99.74755830899737,32.759438500863666,15.241455139221955,18.90198509319568,5.274222572129327,13.185311299440663,4.9000132671713414,33.64312497651482,21.508422992506777,14.19608740861903,0.4465333751356517,11.368331013538642,6.438009814972082,8.510911705835102,4.317769247603685,0.007003349444569344,0.2821451142949268,0.16267575436716486,53.64133953996241,45.14560418747637
9.65,0.2812103338291339,3187.6457467225423,3862.407366488946,8.161543882308212,32.82681582026112,46.20327267633773,2758.7907618444224,54.3025636727207,124.2242629566377,0.24643344444179638,99.78695826061075,46.140253293820095,2667.760532956411,21.849574278554403,38.42553004040666,3270.8986783308806,20.20497862625104,75.03526003105912,36.161712627948745,286.45815227161387,105.74135731617015,99.9267802719326,32.91391369665625,15.37562517921643,19.080550273379846,5.245875994299673,12.729681778295356,4.874655560729157,33.23061916370615,21.4863367923756,13.807378063714692,0.6413448536212002,11.488694101817943,6.3729605280807045,8.664947735604278,4.305477203615429,0.007003349444569344,0.2821451142949268,0.16267575436716486,53.64133953996241,45.14560418747637
9.700000000000001,0.2802642449910629,3213.2042955799134,3846.2563307685537,8.14017324196599,32.93095962014565,46.69502080383986,2758.0118558035397,54.645620820685465,124.21716418793905,0.25211473531724504,99.62751836759867,46.83652934657302,2665.8169538773436,21.955752871857392,37.8012026445371,3269.6140029898006,19.984102040730523,75.06039174513565,36.51820151535218,286.44333025947316,105.78089964864922,99.75818775374,32.91391369665625,15.37562517921643,19.080550273379846,5.245875994299673,12.729681778295356,4.874655560729157,33.23061916370615,21.4863367923756,13.807378063714692,0.6413448536212002,11.488694101817943,6.3729605280807045,8.664947735604278,4.305477203615429,0.007003349444569344,0.2821451142949268,0.16267575436716486,53.64133953996241,45.14560418747637
9.75,0.27870719983928804,3196.010030229132,3826.8079930777185,8.147023563944005,32.84208460208293,46.518330122934465,2758.4808467804355,53.9963932233038,124.22795831725524,0.24903583126060008,99.69739059828511,45.95885384759303,2667.0356734315274,22.02594150847066,37.86452077105714,3269.39203310101,20.04289564833201,75.04602690631174,37.95141330007396,286.60424173665393,105.75821389277728,99.95049634276819,33.02705425222272,15.206043640147623,18.825229782681348,5.205546188285561,13.355889444614064,4.899926330610518,32.95964781030864,21.439153470224486,14.355235681647915,0.6301454730788092,11.691821513469202,6.330809567437942,8.552668332590716,4.329722123239195,-0.0065669269032079,0.282153887893558,0.14664341200026815,53.50568378946893,43.88297377957161
9.8,0.278481951262668,3227.7039246079353,3858.414445211251,8.198166039364253,32.446579177270635,46.22017351775704,2759.571521046906,54.52768222137722,124.22226671549289,0.25095057303869855,99.83190941073217,46.45905039366739,2667.4118577803324,21.745665074710146,37.56343248164555,3270.3724383008757,20.143227576442836,75.08636609748746,37.986826420223466,286.74620640382346,105.72724235243872,99.93519969820603,33.02705425222272,15.206043640147623,18.825229782681348,5.205546188285561,13.355889444614064,4.899926330610518,32.95964781030864,21.439153470224486,14.355235681647915,0.6301454730788092,11.691821513469202,6.330809567437942,8.552668332590716,4.329722123239195,-0.0065669269032079,0.282153887893558,0.14664341200026815,53.50568378946893,43.88297377957161
9.85,0.2763694885679627,3254.0480099663214,3892.8880198302554,8.143012104081615,33.144509075505695,45.97293563866005,2756.820687708419,54.20959509947292,124.21153313624026,0.25737737753042395,99.66613634365794,47.597552901804065,2665.5569541611885,21.730076279602674,38.759360152060594,3269.152949298839,20.34055935678902,75.0865487035107,37.87845533403169,286.9105515779956,105.75915594805103,99.59950129766463,32.252874990755885,15.381372212758341,18.741130054128142,5.176398211873039,13.061776111105646,4.845786973882897,32.791221148848194,21.396466566159056,14.318401324582734,0.5015855350264389,11.542812326161487,6.391143405255844,8.554259632050208,4.327311134504604,-0.0065669269032079,0.282153887893558,0.14664341200026815,53.50568378946893,43.88297377957161
9.9,0.2752607826086049,3228.4707899319023,3864.7173683425117,8.097593118122568,32.705722859112925,46.10889045452894,2757.052994355715,54.663647626411645,124.22991859269484,0.2520583215446748,99.73082118767009,46.92906534507393,2665.23943293736,21.944374102319138,39.10281572618656,3269.198017613584,20.027279107526518,75.08195342668776,35.83334124184872,286.9506816742251,105.77535167480204,100.09572271056852,32.252874990755885,15.381372212758341,18.741130054128142,5.176398211873039,13.061776111105646,4.845786973882897,32.791221148848194,21.396466566159056,14.318401324582734,0.5015855350264389,11.542812326161487,6.391143405255844,8.554259632050208,4.327311134504604,-0.0065669269032079,0.282153887893558,0.14664341200026815,53.50568378946893,43.88297377957161
9.950000000000001,0.2761484779347536,3249.706371145688,3886.49132546508,8.17663156514724,32.71207272713984,46.13441011027892,2757.6248495953605,54.69705660362604,124.23555067559548,0.2548211508954421,99.71719659267362,48.713222556773545,2665.0847973609525,21.86045260229894,39.68023224984026,3268.449323815669,20.083551148745073,75.07240835197621,39.047260570511625,286.67478270756783,105.76239516196455,99.74785645326736,32.76258430473921,15.272997218283146,18.859060129082245,5.267676962283168,12.65897717970108,4.920132821071781,33.070685774488986,21.31282405545929,13.67175980118802,0.804887146603543,11.57728662779023,6.354250938593705,8.57749228866296,4.336396594266562,-0.0065669269032079,0.282153887893558,0.14664341200026815,53.50568378946893,43.88297377957161
10.0,0.27651498343756187,3220.948838700605,3885.1534343442504,8.165027112833457,33.16333472504803,46.23153538996163,2757.8415516425835,53.989499331400104,124.23995970665534,0.24954538587630748,99.80266953508394,48.26554506580546,2666.253875706378,21.773948512361944,40.35710908886225,3269.1298025276074,20.130982047817678,75.07018672307625,38.04139704182964,286.8603867820417,105.74127253109049,100.28039499666238,32.76258430473921,15.272997218283146,18.859060129082245,5.267676962283168,12.65897717970108,4.920132821071781,33.070685774488986,21.31282405545929,13.67175980118802,0.804887146603543,11.57728662779023,6.354250938593705,8.57749228866296,4.336396594266562,0.01628472404472849,0.2676270032563321,0.14846780094128417,53.44160177421204,44.15744421217443
10.05,0.2760885157344161,3240.391344164199,3874.29999543333,8.18434657698734,33.253438484338645,46.09073432965066,2758.3461971616903,53.84031331350949,124.23560642809868,0.25481264520439045,99.79149092641117,47.13981471193036,2666.2576269809065,21.848990109509337,39.59394811927115,3269.6725824184737,20.14197200765172,75.09764531177294,37.39025078714911,286.7811834957473,105.7358772968359,99.90813995968637,32.72146048589212,15.27418945742001,18.995778851106582,5.174684697032682,12.795039030081949,4.903381187256926,33.37221310442762,21.339221247960584,14.159117845875029,0.6757348944406919,11.384344434027167,6.349784538017721,8.602096525861382,4.280644926480255,0.01628472404472849,0.2676270032563321,0.14846780094128417,53.44160177421204,44.15744421217443
10.1,0.27490203797645296,3226.79993133486,3862.4334401554293,8.111619300603422,33.10502183087146,46.203966564158584,2758.1005470970604,53.735917826990864,124.24021066005776,0.2598828668590264,99.80054165333348,48.24827899064433,2666.462408243391,21.67475953625866,38.75833199514566,3269.2319687878744,20.195159431347253,75.08928336642538,36.24982980641453,287.00777248746385,105.76047314411701,99.91859695577632,32.72146048589212,15.27418945742001,18.995778851106582,5.174684697032682,12.795039030081949,4.903381187256926,33.37221310442762,21.339221247960584,14.159117845875029,0.6757348944406919,11.384344434027167,6.349784538017721,8.602096525861382,4.280644926480255,0.01628472404472849,0.2676270032563321,0.14846780094128417,53.44160177421204,44.15744421217443
10.15,0.2753677556171601,3217.4283470303526,3859.8654071749543,8.120017789013296,32.947793956415076,46.357266082578384,2757.9258722977697,54.86174628678724,124.2273785014271,0.25899186575290395,99.8604445771607,46.85477715408647,2666.875835514996,21.967020053341543,38.37270780705471,3269.1879937162666,20.132002158222587,75.11129845374218,36.390583081423514,287.5125508980204,105.76249705058626,100.21016911203003,32.644097126382576,15.388535563773223,18.62350263170743,5.33737373224812,12.924953599005473,4.918126110289444,33.54036644007907,21.306042727859893,13.749107113446266,0.6140934845501893,11.839267779286667,6.404944634011695,8.780171320042248,4.274219609874506,0.01628472404472849,0.2676270032563321,0.14846780094128417,53.44160177421204,44.15744421217443
10.200000000000001,0.2771906799040452,3217.292644331782,3823.937875072459,8.170922352525974,32.907713539022915,46.07330323221383,2756.4141231070666,53.7140726870805,124.2214711133166,0.258538150097048,99.67229008368619,47.8698034350865,2664.673801079091,21.801182706700818,37.148315386685205,3267.920691646983,20.206984061065846,75.11629303278819,39.82683093202099,287.1542266828677,105.76786875671195,99.8858961815618,32.644097126382576,15.388535563773223,18.62350263170743,5.33737373224812,12.924953599005473,4.918126110289444,33.54036644007907,21.306042727859893,13.749107113446266,0.6140934845501893,11.839267779286667,6.404944634011695,8.780171320042248,4.274219609874506,0.01628472404472849,0.2676270032563321,0.14846780094128417,53.44160177421204,44.15744421217443
10.25,0.27584022761203936,3221.61042714166,3857.0916001438277,8.108096020156962,32.8653352893977,46.58987864927302,2756.8460276582528,54.02863835038228,124.24188120131825,0.25679151430286623,99.83711365995687,47.83539750353016,2665.6024136649376,21.838834771226256,39.375314478805095,3268.8828522200174,20.20062836301881,75.10182074667553,35.20880606171668,287.3300737156813,105.7394073958885,100.070492774675,32.610960384561146,15.336179775120401,18.806517208746186,5.288061697612329,12.93091784759847,4.882069934905007,33.327033687646704,21.537968297939027,13.97269429139581,0.6269111118717033,11.591983955309631,6.342742672890663,8.596842934254978,4.283442081208584,-0.010711433274251904,0.28117479929944983,0.14489018730170256,53.77084951014606,43.84626252903456
10.3,0.27409133968967747,3209.896869689271,3926.5347926974327,8.140812345404738,32.84254549367772,46.26708791900207,2756.5059532053738,53.91956984239628,124.23736620246666,0.25437793555863414,99.70802448667267,46.8255631008405,2664.558732210612,21.66990967926903,39.40236021689563,3268.018830062261,20.150159038697783,75.09752995410419,37.000879670330555,287.5162223012521,105.75804706245854,99.99934191583085,32.610960384561146,15.336179775120401,18.806517208746186,5.288061697612329,12.93091784759847,4.882069934905007,33.327033687646704,21.537968297939027,13.97269429139581,0.6269111118717033,11.591983955309631,6.342742672890663,8.596842934254978,4.283442081208584,-0.010711433274251904,0.28117479929944983,0.14489018730170256,53.77084951014606,43.84626252903456
10.35,0.2701579256741772,3195.820245483701,3894.8605933256617,8.16188271776606,32.84965742666918,46.56671593941436,2758.0989668911466,54.8081931569249,124.25080818340136,0.25426404600269115,99.8890003220091,48.278331491006966,2666.621663215692,21.740574274651564,40.6055046107978,3269.748958882758,20.041643794438745,75.090642310933,37.8842845625028,287.9224521001497,105.74853664564037,100.23245883865242,32.29143885784693,15.286170098697527,18.83202333602141,5.239397630580446,12.821223037094416,4.868913112983853,33.72107117148029,21.473929213552935,14.289650062511926,0.40389788864854614,11.878265464825162,6.349629329423857,8.613109265436952,4.240883092716884,-0.010711433274251904,0.28117479929944983,0.14489018730170256,53.77084951014606,43.84626252903456
10.4,0.27180049060649464,3217.7471536096054,3851.370004720624,8.129157759219854,32.794840158735234,46.22446281924861,2757.219903466224,54.64135041341873,124.22414415009776,0.2608554814624416,99.73356217229906,46.50279794826314,2665.2419119431825,21.584059116356393,39.95987897657975,3269.123474096978,20.212047908036446,75.13377508556576,36.53489846087149,287.3935111483709,105.74222518659036,99.73592873797263,32.29143885784693,15.286170098697527,18.83202333602141,5.239397630580446,12.821223037094416,4.868913112983853,33.72107117148029,21.473929213552935,14.289650062511926,0.40389788864854614,11.878265464825162,6.349629329423857,8.613109265436952,4.240883092716884,-0.010711433274251904,0.28117479929944983,0.14489018730170256,53.77084951014606,43.84626252903456
10.450000000000001,0.2737729174718744,3249.9184694039777,3909.5252070631154,8.094264121251411,32.66245570055108,46.30086190963101,2757.924640899251,54.692170649057154,124.23826838397552,0.2605541303090126,99.82047977183487,46.95202207009544,2666.010140745088,22.033992698488174,40.758696900328005,3269.2930408782686,20.266653808699008,75.091826964779,39.217835395738746,287.52291701494914,105.74399041976437,100.29836034492719,33.141416243335165,15.206798203967418,18.647892573429953,5.533569878097817,13.149954304748348,4.875246021231671,33.406085666877765,21.186482095256466,14.100024090607803,0.6290056199717934,11.44853417492515,6.3321837814854485,8.639603482899341,4.31087895421639,-0.010711433274251904,0.28117479929944983,0.14489018730170256,53.77084951014606,43.84626252903456
10.5,0.2740394527129722,3253.9430232158866,3890.5241877662293,8.21590976963166,32.92847564140719,46.25401189591298,2757.2250718342975,53.925664345540135,124.20113730165616,0.2589941705324405,99.76373755352832,46.93038091930256,2666.202243098408,21.82140768107089,39.20037136134386,3268.666513008975,20.252791207121653,75.10760803728999,38.34141544921245,287.7334174222029,105.74916215435434,99.92753402326002,33.141416243335165,15.206798203967418,18.647892573429953,5.533569878097817,13.149954304748348,4.875246021231671,33.406085666877765,21.186482095256466,14.100024090607803,0.6290056199717934,11.44853417492515,6.3321837814854485,8.639603482899341,4.31087895421639,-0.0022415969119624207,0.26779944110647,0.1438420424417735,53.85290843278484,44.3781899765688
10.55,0.2705285790590542,3205.911190963696,3876.0759753991833,8.26419094081919,32.97947920627518,46.48618761662875,2758.0685831976543,54.03760718786041,124.22793778171486,0.26390290357515883,99.8330692520899,48.01927597340837,2666.1316219599994,21.976371192513653,39.54696047092476,3268.592324033764,20.048657859569726,75.10145052674699,37.50632130344311,287.4555833307698,105.75678724171128,100.18497530957103,32.96718688014752,15.290763431660872,18.96300784535655,5.157264329828288,12.89222813697458,4.888652810600295,33.52440635403239,21.309952601438578,13.488173499007745,0.6927609162271848,11.1920072065468,6.344666856478804,8.64084386888858,4.218489100632181,-0.0022415969119624207,0.26779944110647,0.1438420424417735,53.85290843278484,44.3781899765688
10.6,0.26807939819443244,3238.9788948622117,3873.552178240171,8.196697171823361,33.17824999584908,46.82496564265027,2758.2564437297347,55.09166754884789,124.23202121171002,0.2620299272556877,99.86186958676643,47.277447798477624,2666.4312215890077,21.604356691614605,41.78336606743454,3270.0304105952664,20.20266265581455,75.15065612833298,39.2550981527531,287.7096427583022,105.7345361376638,100.10032517903724,32.96718688014752,15.290763431660872,18.96300784535655,5.157264329828288,12.89222813697458,4.888652810600295,33.52440635403239,21.309952601438578,13.488173499007745,0.6927609162271848,11.1920072065468,6.344666856478804,8.64084386888858,4.218489100632181,-0.0022415969119624207,0.26779944110647,0.1438420424417735,53.85290843278484,44.3781899765688
10.65,0.26906565816593236,3226.0291273156386,3904.5296452146977,8.181858265645703,32.82393247692068,46.42903382080192,2756.158274318245,54.42960324861292,124.23427334256095,0.2639787879767603,99.79698693703786,46.73384328849029,2665.4509124080346,21.878998163630964,40.483852136539674,3269.015434192167,20.116298628261443,75.1297943050917,35.725889384371825,287.8236021211974,105.71872848891262,99.97691456392486,32.98189890643399,15.347094758032611,19.215999978582083,5.342089958087378,12.73193523282338,4.8571899753688506,33.912935968724035,21.302279335897126,14.424751788596842,0.503501800733327,11.347126920859074,6.336112730464126,8.653387831125176,4.301772528801851,-0.0022415969119624207,0.26779944110647,0.1438420424417735,53.85290843278484,44.3781899765688
10.700000000000001,0.2704973960281742,3204.1226241037107,3878.9546098213727,8.15838045498198,32.866640713602095,46.14728854846813,2757.9222362233836,55.21118727177395,124.22017005963208,0.2636947389519738,99.9147531063959,46.50174018975924,2666.302640811717,21.78678961506709,39.16869423719671,3269.466954211887,20.076257976773803,75.14102343716783,38.399422029650886,287.86831071347433,105.73022552236556,100.33837503687643,32.98189890643399,15.347094758032611,19.215999978582083,5.342089958087378,12.73193523282338,4.8571899753688506,33.912935968724035,21.302279335897126,14.424751788596842,0.503501800733327,11.347126920859074,6.336112730464126,8.653387831125176,4.301772528801851,-0.0022415969119624207,0.26779944110647,0.1438420424417735,53.85290843278484,44.3781899765688
10.75,0.268098218840092,3222.075234521016,3871.6417401617305,8.06112791634423,32.93716876420181,46.518509606797195,2757.1242336073506,53.881110173449365,124.23360862410522,0.26262999385917385,99.84958417217018,46.10736153310801,2664.9918765703596,21.946220178962427,40.2252181150564,3268.2089523837476,20.350141138355056,75.16743303325201,36.91892654946851,287.8344220403651,105.73211960193889,100.13317074780011,33.21972615747207,15.134935204939836,18.375909988981068,5.170366150542714,12.580660183344396,4.860979240490837,33.85250918478204,21.07944154410902,13.93275600326516,0.5487355291287898,11.09214283838207,6.3904738296449795,8.698359090938707,4.284744989050067,0.0031223314528264707,0.280775001304623,0.15574473519722795,54.265506296089775,44.38645822705289
10.8,0.2727905113102905,3220.865305194301,3904.3066761961145,8.166459436194284,32.91343842600608,46.24544465780497,2757.494541077754,54.62244717678213,124.22362370149273,0.2613676756940035,99.95394935557373,48.12635696720388,2665.045097019423,21.98466198749304,39.16526490443553,3268.020658944504,20.31442475432045,75.16663625796686,37.09864245313927,288.0715930370137,105.74140450688077,100.47260851035658,33.21972615747207,15.134935204939836,18.375909988981068,5.170366150542714,12.580660183344396,4.860979240490837,33.85250918478204,21.07944154410902,13.93275600326516,0.5487355291287898,11.09214283838207,6.3904738296449795,8.698359090938707,4.284744989050067,0.0031223314528264707,0.280775001304623,0.15574473519722795,54.265506296089775,44.38645822705289
10.85,0.26438444788390936,3217.4377525998407,3859.7140181871955,8.139836329799337,32.971576474353604,46.44488411281319,2754.775936550511,55.00191764717722,124.20694590857212,0.2602981347259248,99.73940578016497,47.3744365104768,2663.4993588877505,21.64665578543118,42.90907632972614,3266.6937882324905,20.113590752139185,75.17635186609134,37.480710384580966,287.53190493428747,105.75303133434069,99.57443381532715,32.875087300694865,15.251132638065181,18.731199565839237,5.2197874199571155,13.16875606645002,4.850662182924344,33.82144403110594,21.25997788755963,13.34610184249801,0.6317600894271856,11.566105340091097,6.323173906557683,8.675151705823353,4.224173583559187,0.0031223314528264707,0.280775001304623,0.15574473519722795,54.265506296089775,44.38645822705289
10.9,0.2619471482972621,3222.0575893783985,3894.970014779632,8.258129860576643,33.38399995962767,46.378231496556715,2755.909711286903,54.632176085621275,124.21447733617748,0.25947357944835847,99.83141738904152,47.05229759599862,2664.541820698563,21.722820386125147,40.85857930860202,3267.5911908527796,20.01169731499277,75.13413653463796,36.777728179380766,288.2438381087939,105.73837863784323,100.40471775746124,32.875087300694865,15.251132638065181,18.731199565839237,5.2197874199571155,13.16875606645002,4.850662182924344,33.82144403110594,21.25997788755963,13.34610184249801,0.6317600894271856,11.566105340091097,6.323173906557683,8.675151705823353,4.224173583559187,0.0031223314528264707,0.280775001304623,0.15574473519722795,54.265506296089775,44.38645822705289
10.950000000000001,0.2603280733485678,3209.6893623958463,3864.6175093753886,8.159201605569063,33.48359826354533,46.067727325657984,2756.7108594560073,54.426749093929175,124.23656989397361,0.2560326610517043,99.80188961143621,47.609166755673414,2664.754805053936,21.712986737867794,42.01503003815381,3267.5793475341934,20.20914291227694,75.1448996015009,35.628879602213985,287.8217538984279,105.7549590802435,100.06170822563512,32.90017958301132,15.07965085830208,19.005929598115074,5.2030721426903135,12.629851012641275,4.878529705382647,33.71978822381584,21.120808146763725,13.665533777505805,0.5509371866842745,11.476967775269852,6.305491492417205,8.679640361589843,4.274704498671084,0.0031223314528264707,0.280775001304623,0.15574473519722795,54.265506296089775,44.38645822705289
11.0,0.26285128419466,3206.0376198550157,3865.341061091219,8.157503930890408,33.02147254512856,46.54497471081519,2757.093374175384,54.357055818083396,124.21965561453507,0.25822691573204415,99.8743200447301,48.07753797536235,2665.70228411086,21.911571682005448,40.52878025501699,3268.6691525897045,20.011894835885215,75.13296249340421,34.810452328182926,288.04304605689987,105.76063730552984,100.05742865492586,32.90017958301132,15.07965085830208,19.005929598115074,5.2030721426903135,12.629851012641275,4.878529705382647,33.71978822381584,21.120808146763725,13.665533777505805,0.5509371866842745,11.476967775269852,6.305491492417205,8.679640361589843,4.274704498671084,0.014173740294255534,0.2940065548890368,0.13858709078008288,53.06684698559789,43.00270958564703
11.05,0.26371948876129503,3209.4066241321934,3865.2133335164467,8.125094225442753,33.155169525898565,46.85826647996812,2756.538256153673,54.59837924786341,124.23727349106353,0.25458848878382545,99.83474872927754,46.56807240761847,2664.115127948972,21.651388737285963,41.76566213738119,3267.922511051747,20.333356860492174,75.14969763003097,37.67086414148733,288.2515613648274,105.74586082390002,99.96462966315762,33.10395067047917,15.130359074229801,18.43909211156383,5.153519065980295,12.808482984216916,4.864870127567669,34.21088394933611,21.108501311871198,14.204635495306961,0.5851717766252786,10.802362612007098,6.350029542795781,8.666192284961989,4.309107794285227,0.014173740294255534,0.2940065548890368,0.13858709078008288,53.06684698559789,43.00270958564703
11.1,0.2648150664348423,3243.7809922757356,3883.641249222941,8.222049110607491,32.8103207953367,46.32717516699417,2755.958969660392,54.60308783335303,124.23164365584698,0.2575851211028234,99.83584522480045,47.627813986133944,2664.4642062070625,21.729807859216805,41.242416835476895,3267.079564224267,20.254883381706083,75.13818275235232,36.83299477483359,288.4935887464557,105.73394605407293,100.34999728574094,33.10395067047917,15.130359074229801,18.43909211156383,5.153519065980295,12.808482984216916,4.864870127567669,34.21088394933611,21.108501311871198,14.204635495306961,0.5851717766252786,10.802362612007098,6.350029542795781,8.666192284961989,4.309107794285227,0.014173740294255534,0.2940065548890368,0.13858709078008288,53.06684698559789,43.00270958564703
11.15,0.2610239844590169,3217.975966128972,3879.137576689453,8.183260373316521,33.331059509981934,46.37842090843679,2756.8192448543064,54.06235040879026,124.24617249643386,0.25528321667312676,99.87535442738732,46.794139903739705,2664.9821016736087,21.72958210756666,41.27450986422031,3267.637492523066,20.24413879850522,75.15302624391039,38.61198462680547,287.79651675114707,105.71507255635949,99.92812506355098,33.132153141280696,15.06357949245646,19.06802381655037,5.329135414138768,12.821039527517465,4.892387448299463,33.9933760032756,21.206200160482677,13.863554424831673,0.48654964153559943,11.310480762911798,6.2636089440994915,8.656006895447454,4.301333055149777,0.014173740294255534,0.2940065548890368,0.13858709078008288,53.06684698559789,43.00270958564703
11.200000000000001,0.258166989052156,3236.8706240776874,3875.7322137715937,8.227095176361157,33.13510257960598,46.20310195781836,2756.3367712019085,54.51781939438601,124.22329546134716,0.2521715834563234,99.84729305244018,45.810778235442875,2664.8376874125265,21.904947980332604,40.573459533902785,3267.848985774819,20.216792356521378,75.13844730238067,36.75960183493545,288.3324917292831,105.73572890895963,100.19755336817182,33.132153141280696,15.06357949245646,19.06802381655037,5.329135414138768,12.821039527517465,4.892387448299463,33.9933760032756,21.206200160482677,13.863554424831673,0.48654964153559943,11.310480762911798,6.2636089440994915,8.656006895447454,4.301333055149777,0.014173740294255534,0.2940065548890368,0.13858709078008288,53.06684698559789,43.00270958564703
11.25,0.25987882490180875,3258.7409993291985,3909.8765798806985,8.085529687953432,33.23407996179977,46.15720051027904,2756.312074188838,54.11647191141553,124.2083789982673,0.25055510158525196,99.86375555203826,47.5286671668004,2665.025425263107,21.846254683214422,41.382744078514605,3267.6695725411514,20.27769006106851,75.12871577302043,38.91375782542868,288.505982978152,105.70148877062033,100.07375782730934,33.00282598958907,15.126597081587764,19.408471610181156,5.119182500187413,13.515483188736075,4.8480768781788965,33.86993769281108,21.218257893677567,14.022946739538222,0.5834348013050525,11.581041800114242,6.315916462504223,8.620911705734244,4.163766461216009,-0.005421073953901243,0.26215428976980504,0.14661239107340074,53.75221577327743,44.106982497339686
11.3,0.2608981683697001,3214.206285985989,3880.9452465520735,8.137262279455856,32.958220613323135,46.43502608213278,2756.684140620372,55.30774254065862,124.24070814232041,0.2501230244534058,99.96981015865077,47.387287756348925,2664.901038722503,21.750791190089032,40.97498193651986,3267.913379585572,20.21571353958017,75.16507552549737,36.43411395218534,288.73884783125146,105.68757176700818,100.4047869491592,33.00282598958907,15.126597081587764,19.408471610181156,5.119182500187413,13.515483188736075,4.8480768781788965,33.86993769281108,21.218257893677567,14.022946739538222,0.5834348013050525,11.581041800114242,6.315916462504223,8.620911705734244,4.163766461216009,-0.005421073953901243,0.26215428976980504,0.14661239107340074,53.75221577327743,44.106982497339686
11.35,0.2646376981178751,3218.2550013424957,3864.245714764144,8.125514510569564,33.087323590650996,46.45677503926854,2755.0838671882643,54.194856753485006,124.22851010089781,0.25094260041183847,99.88159788811976,47.02805853718232,2663.341395367446,21.594566993117333,43.44947911712626,3266.34429734234,20.11362658703934,75.19899373486953,36.223269180203,288.2928885084305,105.70771815192218,99.96456020150832,33.215818607692604,15.024721171581463,18.641509716417016,5.392686643387165,12.7308605764586,4.8234605292334045,33.6395256502179,21.351823138159485,13.96812461431208,0.5384372015204528,11.042628116030697,6.326451573885674,8.708434837484939,4.3530999708998195,-0.005421073953901243,0.26215428976980504,0.14661239107340074,53.75221577327743,44.106982497339686
11.4,0.2652296914646819,3238.690464067584,3869.200749725476,8.1901078752305,32.855036819593366,46.47073738019485,2753.804466099071,55.18431153912437,124.21879575625512,0.2419353061363353,99.75242570520983,46.94510907674336,2661.2194704269727,21.89903410688148,41.82843510283904,3264.359884313846,20.172023675531214,75.1702304367148,37.316306230590556,288.2216006922639,105.75479345419404,100.16509444586306,33.215818607692604,15.024721171581463,18.641509716417016,5.392686643387165,12.7308605764586,4.8234605292334045,33.6395256502179,21.351823138159485,13.96812461431208,0.5384372015204528,11.042628116030697,6.326451573885674,8.708434837484939,4.3530999708998195,-0.005421073953901243,0.26215428976980504,0.14661239107340074,53.75221577327743,44.106982497339686
11.450000000000001,0.2629467661858012,3226.871340996335,3867.578493587694,8.233020444529274,32.86255500362638,46.21070218468639,2754.396344538133,53.79728460962567,124.22048135952528,0.2368306600597147,99.85502476689803,46.551986416974245,2662.296528194309,21.92275826200613,40.827785692899326,3265.085893834656,20.414380605409054,75.16008825936474,38.55297661253829,288.5087974401192,105.73217846988786,100.17088441473737,33.051003226718684,15.064654398231509,19.267354739396954,5.375002399495068,13.034301203155769,4.857674858507838,33.70415807078621,21.13517986120214,13.76405286240762,0.7151890607757454,11.249425006090208,6.298116275488186,8.693726606729907,4.249571257041291,-0.005421073953901243,0.26215428976980504,0.14661239107340074,53.75221577327743,44.106982497339686
11.5,0.25967122010592586,3221.777012283751,3855.9948458368413,8.199485432145114,32.835112755773245,46.025554816960266,2754.332791384233,54.32618482381453,124.22693641935044,0.23122833134810658,99.86597709506744,46.972205817167435,2662.5600167441826,21.836507033370207,42.201615583052806,3265.1317734766244,20.171853241692478,75.17873940169423,37.163125663117775,288.41951146677707,105.73915903737795,100.20123970085731,33.051003226718684,15.064654398231509,19.267354739396954,5.375002399495068,13.034301203155769,4.857674858507838,33.70415807078621,21.13517986120214,13.76405286240762,0.7151890607757454,11.249425006090208,6.298116275488186,8.693726606729907,4.249571257041291,0.004039402299650702,0.25910549432156404,0.15140827735638918,53.92916412386642,44.1431279433392
11.55,0.2608025419151837,3278.876612135111,3858.175560309713,8.241871649605669,33.159676262435276,46.265736177249096,2754.422449424873,53.712102350870914,124.24632887117338,0.23041341923957592,99.81210262704656,47.89123670729718,2662.415159745593,21.81575682352697,39.74423389224761,3265.264506170249,20.130644518065274,75.17365216080101,36.95621883814034,288.4082601098667,105.7010992872738,99.79998203992912,32.90774340455847,15.100948772179223,18.846914790318873,5.216633122900849,12.755392565510391,4.798647093290483,34.04856392048957,21.007422013186357,13.949448856807297,0.4286508984275129,11.58100383268598,6.340235064304231,8.702693913927389,4.315171671070703,0.004039402299650702,0.25910549432156404,0.15140827735638918,53.92916412386642,44.1431279433392
11.6,0.2628628906490413,3230.876230481058,3886.5591898596704,8.158278812319745,32.9675555175711,46.385596208332835,2753.9869016668954,55.40209180931799,124.22432794290405,0.22164771347591394,99.7754600450825,47.44823168468732,2662.3075511604497,21.58507581009208,41.91516039572805,3264.192554407405,20.107795462196876,75.15319177244722,35.65073245727381,288.8441123107049,105.74333892962194,100.17708420838856,32.90774340455847,15.100948772179223,18.846914790318873,5.216633122900849,12.755392565510391,4.798647093290483,34.04856392048957,21.007422013186357,13.949448856807297,0.4286508984275129,11.58100383268598,6.340235064304231,8.702693913927389,4.315171671070703,0.004039402299650702,0.25910549432156404,0.15140827735638918,53.92916412386642,44.1431279433392
11.65,0.26335672686354694,3198.81333405301,3877.20210295226,8.198921465283904,32.8223102791828,46.31406205103205,2755.850633246578,54.341159831001534,124.22980311104304,0.21641406351143117,99.94709547643062,48.81794531679379,2664.21276359007,21.87002329292722,40.97686984494277,3267.3162236662833,20.10178236931924,75.15495299229735,37.325783252241536,288.7171330336089,105.70029872210355,100.34033527189658,33.61338855370626,14.934926621083243,18.808989146269802,5.077775937574938,12.919091942548146,4.864438246319984,33.471820342032146,21.008441576248206,13.771978701995463,0.6028725868179434,11.400217665207094,6.306901047915706,8.668734834356277,4.254765759465845,0.004039402299650702,0.25910549432156404,0.15140827735638918,53.92916412386642,44.1431279433392
11.700000000000001,0.2621405422882582,3218.0087028235293,3895.121347051706,8.182622989581164,33.28260108152102,46.14702801444173,2755.06471548169,55.38636272949954,124.23909567666223,0.21766788364949133,99.75454720080468,46.79041592646069,2663.312737343989,21.806651861691915,42.03188134428668,3266.6428959369373,20.205947758865815,75.16677859079692,37.59797801393289,288.7379818627127,105.71159280502496,99.98814632589364,33.61338855370626,14.934926621083243,18.808989146269802,5.077775937574938,12.919091942548146,4.864438246319984,33.471820342032146,21.008441576248206,13.771978701995463,0.6028725868179434,11.400217665207094,6.306901047915706,8.668734834356277,4.254765759465845,0.004039402299650702,0.25910549432156404,0.15140827735638918,53.92916412386642,44.1431279433392
11.75,0.2583209570370367,3244.4756108894003,3884.762156556083,8.110750893410419,32.936187683067956,46.87268461060748,2755.4370384382073,55.37269932967438,124.22774267370842,0.2145237202215802,99.78227354003953,47.65659414837585,2664.019087971957,21.682240768209954,42.05752847885697,3267.0585339254053,20.040143706824225,75.12130348314278,37.230766106925955,289.0675671657542,105.7069936770098,100.2293738852443,32.90660702126821,14.902170747277601,18.482380887065396,5.359600004187562,12.64392948167142,4.823363223921381,33.95042933476136,20.910951245179486,13.909455671361014,0.4751516474143539,11.48352609250761,6.29829215222992,8.720931077704211,4.342980529048625,-0.0042450720161963775,0.2633520407466661,0.15679723266499268,54.300101641495395,45.202298747010985
11.8,0.2575388956198483,3199.5503341446442,3902.111774277489,8.179412638423242,33.14391960977107,46.396912968669945,2755.726658445477,53.63786833512772,124.21053840700775,0.2153927249978154,99.73572562879365,45.897417927228226,2663.5296809035344,22.132131628997143,42.01091654795932,3266.632899476512,20.379508056225564,75.13132654888912,36.68168554145896,288.4238625400063,105.7072902770425,99.93339028251712,32.90660702126821,14.902170747277601,18.482380887065396,5.359600004187562,12.64392948167142,4.823363223921381,33.95042933476136,20.910951245179486,13.909455671361014,0.4751516474143539,11.48352609250761,6.29829215222992,8.720931077704211,4.342980529048625,-0.0042450720161963775,0.2633520407466661,0.15679723266499268,54.300101641495395,45.202298747010985
11.85,0.2546347414223281,3234.921227061982,3858.204763757229,8.204361707870971,33.432028594917966,46.54524873632031,2756.731563053405,54.885901150665816,124.23560803234083,0.21099857547848397,99.84548882602395,46.6714331761184,2665.330776041534,21.745365599568725,41.29886349056072,3267.713484194491,20.210485084637064,75.11379187417121,38.496396733618944,289.2418749231147,105.72044879408872,100.532486087097,33.03385798195182,15.036321315116595,18.776395154615518,5.3040273290174635,12.90526205059551,4.8453106847805145,33.84676572489223,20.970373917689106,13.789054949326482,0.6966466291077588,11.5258773152869,6.317011806872784,8.667079817921802,4.311010799797167,-0.0042450720161963775,0.2633520407466661,0.15679723266499268,54.300101641495395,45.202298747010985
11.9,0.2525460928671145,3251.367378494467,3925.7725407549397,8.11636463895562,32.96963624979407,46.7552167762044,2756.7946340404214,55.3051744755065,124.23813621539769,0.21151182442163946,99.79960550312144,47.83110312620612,2664.4654430797896,21.990953656135947,42.05630772050799,3267.8430504288176,20.18578455797427,75.09633821067538,35.820259499295474,288.7766342634179,105.69776639356095,100.03706128402717,33.03385798195182,15.036321315116595,18.776395154615518,5.3040273290174635,12.90526205059551,4.8453106847805145,33.84676572489223,20.970373917689106,13.789054949326482,0.6966466291077588,11.5258773152869,6.317011806872784,8.667079817921802,4.311010799797167,-0.0042450720161963775,0.2633520407466661,0.15679723266499268,54.300101641495395,45.202298747010985
11.950000000000001,0.2545517021209303,3208.1755474780207,3905.860263048282,8.12782450608206,33.27024105335412,46.48606301757011,2757.193364588406,54.4023886409815,124.20994370277248,0.21534592275707032,99.76548419005097,47.08373363188661,2665.809175675035,21.65026366525741,42.204610456494684,3268.9535938553927,20.177114155306832,75.09227767370297,36.059599573754454,289.1064861955724,105.69371916719491,100.06457453535336,33.310648482831425,15.077738317246247,19.150018187817626,5.306456990469671,12.565649437988517,4.86511137263577,33.77865491254755,21.07110078662386,13.806037623224512,0.39501481988062104,11.30284059239402,6.281710417034745,8.685927977020427,4.215023282146362,-0.0042450720161963775,0.2633520407466661,0.15679723266499268,54.300101641495395,45.202298747010985
12.0,0.25283157550615065,3227.9529328212443,3911.8411897616234,8.159603565725844,33.145644107143816,46.347548565719315,2757.8644791595902,55.81255684462893,124.25776317722145,0.21236804877938456,99.82899059596164,48.88170181917705,2666.1250826002024,21.860249095476842,42.39091792413263,3269.7030822555616,20.03966278146765,75.11632673715566,36.219199711613086,289.2843162248912,105.7253122634476,100.38960189596207,33.310648482831425,15.077738317246247,19.150018187817626,5.306456990469671,12.565649437988517,4.86511137263577,33.77865491254755,21.07110078662386,13.806037623224512,0.39501481988062104,11.30284059239402,6.281710417034745,8.685927977020427,4.215023282146362,-0.0004808506335772936,0.2785264708202272,0.1440294464667339,54.709822855149504,43.94448347381384
12.05,0.2548646415312821,3179.2477867013395,3876.8567240091293,8.154978571762912,33.125795864926026,46.78010589575563,2756.980888769709,54.6530190513511,124.2172003999139,0.21521561325468708,99.71497289008036,48.80155157291631,2665.0190170538863,21.98720558753942,40.617063764835244,3268.9592207098863,20.331406434203494,75.12489513061392,38.878730741284265,288.61590386486847,105.70687849434928,100.06935681148444,33.21956622510943,14.958395492964874,18.775838187773942,5.323405861655324,12.657536015394358,4.864256988327046,33.7792506202565,21.086889681266157,13.950580611046169,0.4873805808274181,11.39966883897617,6.314940897803428,8.610354128656574,4.262388080537373,-0.0004808506335772936,0.2785264708202272,0.1440294464667339,54.709822855149504,43.94448347381384
12.1,0.25493601541759,3241.7087172001357,3931.69712016749,8.141144724080341,33.10154873139364,46.74692187094458,2757.282802334545,54.53719874341965,124.23992620831557,0.21678140578375416,99.75775915191694,47.400368816515495,2665.2673424945606,21.84832049651295,42.43660752316056,3268.9670832903817,20.2935858542889,75.1194727285726,38.11811347176529,289.2120180033476,105.72640024494498,99.97596213357585,33.21956622510943,14.958395492964874,18.775838187773942,5.323405861655324,12.657536015394358,4.864256988327046,33.7792506202565,21.086889681266157,13.950580611046169,0.4873805808274181,11.39966883897617,6.314940897803428,8.610354128656574,4.262388080537373,-0.0004808506335772936,0.2785264708202272,0.1440294464667339,54.709822855149504,43.94448347381384
12.15,0.2519305551738545,3220.507683408641,3913.8619955610193,8.10770741113939,32.949902553190725,46.481000209393,2757.7835384427613,54.26714484186013,124.21493969009701,0.21677022896747858,99.78242865684457,48.863077937794166,2665.5067084931757,21.907079299766536,42.241853798993816,3269.3208831789725,20.181033411093622,75.09112237982123,37.31586069326897,288.9629047259455,105.71867941625729,100.24838768958992,33.511743250538366,15.173228544845601,18.890099312840324,5.170311877333202,12.326496629730634,4.828529994209193,34.37383762569936,21.00853898753671,13.671177161408384,0.48465268844773957,11.32000720432006,6.2694059606565595,8.58614162473584,4.325866400928247,-0.0004808506335772936,0.2785264708202272,0.1440294464667339,54.709822855149504,43.94448347381384
12.200000000000001,0.2542388335312061,3208.6786393167763,3905.9188646714006,8.15875271097232,32.804870805883006,46.54319060843517,2757.3123005128214,55.22124999261856,124.24270290558697,0.2223965518904779,99.67998761328286,48.29804835576103,2665.521095365101,21.661180473755692,41.70604503129745,3268.1631382794726,20.20224584916202,75.11419224551616,35.96397456236188,289.4826924454487,105.72443956288306,100.19386852574932,33.511743250538366,15.173228544845601,18.890099312840324,5.170311877333202,12.326496629730634,4.828529994209193,34.37383762569936,21.00853898753671,13.671177161408384,0.48465268844773957,11.32000720432006,6.2694059606565595,8.58614162473584,4.325866400928247,-0.0004808506335772936,0.2785264708202272,0.1440294464667339,54.709822855149504,43.94448347381384
12.25,0.24953325723168293,3208.2626367417847,3879.1922365376754,8.15541920136066,33.644087029387954,46.36475821197388,2759.0566204654488,55.805423240590386,124.23660493930512,0.2227190405226326,99.90902192701306,47.182397549890325,2666.95001197186,21.95795862720835,43.82712795364795,3270.3537979747557,19.88009038628198,75.13770838806137,38.50644997985781,289.2257420170378,105.70795655857012,100.15409394125736,33.47422596198495,14.942181126372121,19.03447019492205,5.103957018704823,12.705439637402185,4.828635371134997,33.970088380129994,21.038273905297306,14.34462270674909,0.4051420245400631,11.4206932367879,6.275026390202627,8.632642109658066,4.236202598182795,0.0008182170828966266,0.2689279634005715,0.14715537399364834,54.22235952712339,43.88946954356752
12.3,0.25021390607696087,3200.138231443774,3922.1613494613584,8.190337433234129,33.12125179186763,45.98894195074151,2756.8545131280157,55.244234132865984,124.20721276025695,0.22159350615949855,99.62226871389095,46.24742986257827,2664.626428772094,21.748534580351123,44.386853078523885,3267.9739330357834,20.157497949117328,75.11653248294353,37.31172616982965,288.9971943777125,105.74027271164549,99.86633731896364,33.47422596198495,14.942181126372121,19.03447019492205,5.103957018704823,12.705439637402185,4.828635371134997,33.970088380129994,21.038273905297306,14.34462270674909,0.4051420245400631,11.4206932367879,6.275026390202627,8.632642109658066,4.236202598182795,0.0008182170828966266,0.2689279634005715,0.14715537399364834,54.22235952712339,43.88946954356752
12.35,0.2467259001093913,3230.2661260348086,3934.948695928889,8.179103639403966,33.255065136020285,46.5046783828319,2756.896227428749,54.01882027644533,124.22995739876033,0.22144018995665687,99.75813684431157,48.185314052442536,2665.0356624746873,21.71783225803956,43.22652237689263,3267.80416251497,20.061474881893496,75.1045823621599,36.839409963263336,289.1280068494867,105.74629883837375,100.20634027178156,33.35875345501309,15.08729845981246,18.70111777125647,5.2004864325792095,12.44368989824049,4.858929565070126,33.58612457588899,20.915245354130928,14.161912671813964,0.48008458847316926,10.957782072560686,6.278889602285984,8.604641175936017,4.249114362358971,0.0008182170828966266,0.2689279634005715,0.14715537399364834,54.22235952712339,43.88946954356752
12.4,0.24882570251034206,3236.1337003672143,3886.955483490686,8.300336004252374,33.14115927510381,46.717073564322675,2757.5839790166556,55.347499945739465,124.2367126687349,0.2196329303849384,99.79271333039883,48.61381710637507,2665.700851899905,21.877658039059497,42.96297698510746,3268.6983996354716,20.050597372812803,75.1107333799931,36.326016260187146,289.2122179615535,105.71309726001451,100.09492336905456,33.35875345501309,15.08729845981246,18.70111777125647,5.2004864325792095,12.44368989824049,4.858929565070126,33.58612457588899,20.915245354130928,14.161912671813964,0.48008458847316926,10.957782072560686,6.278889602285984,8.604641175936017,4.249114362358971,0.0008182170828966266,0.2689279634005715,0.14715537399364834,54.22235952712339,43.88946954356752
12.450000000000001,0.24462490103302528,3261.54077832046,3909.858805145785,8.120024373796413,33.29415919811215,46.18062823544037,2755.5848358470294,53.85541339147806,124.2306017172725,0.22154079386469763,99.62935043819252,50.074512524015226,2664.2680518524385,21.546512610767774,44.23811295175589,3266.9188661698763,20.033522681690602,75.08620267854818,37.051385374546605,289.10763777863576,105.73463784766057,99.97441746215428,33.08755082538588,15.016018544919378,18.952511863212194,5.2115337791820915,12.485973669319401,4.861297140642594,34.109326648143956,20.973081331894484,14.106910560000802,0.5542166426749607,10.970112305807486,6.322804437751978,8.598039001125905,4.18144326610726,0.0008182170828966266,0.2689279634005715,0.14715537399364834,54.22235952712339,43.88946954356752
12.5,0.24486601234775862,3226.289553306684,3920.489838406139,8.197794774160156,33.07106294803121,46.477458570493845,2756.9511934314382,54.61295921351275,124.24011892540493,0.21965080389740957,99.76353807469731,49.35362231242205,2665.7894177216813,21.973599370871266,43.47892069285672,3268.796197906195,20.213749434238704,75.10611214497943,33.647971983306434,289.1863515147499,105.71418728686776,100.33722647663966,33.08755082538588,15.016018544919378,18.952511863212194,5.2115337791820915,12.485973669319401,4.861297140642594,34.109326648143956,20.973081331894484,14.106910560000802,0.5542166426749607,10.970112305807486,6.322804437751978,8.598039001125905,4.18144326610726,0.006440747661774236,0.28615006139715604,0.13953073141834804,53.90296405576316,43.67515973189241
12.55,0.24784626040375202,3208.434419180311,3919.3365918207455,8.213570905929886,32.92491418685136,46.44233093251608,2757.1446139727955,55.033852156635874,124.22221441698092,0.22192611315549535,99.75742967885283,47.50643423126934,2665.1627896945342,21.881142346146035,44.234383721208694,3268.717539211835,20.22912533176814,75.11431393640835,39.50343709480773,288.9064144379965,105.69169560186324,99.85075793089185,33.247762335796466,14.994519343277927,18.452835893554226,5.210298846232323,12.964629344561192,4.83503649690294,34.09092755670503,20.816801648171403,13.537520364140292,0.46572876155689485,11.580211035296367,6.244935156552449,8.72395260651233,4.308909019079906,0.006440747661774236,0.28615006139715604,0.13953073141834804,53.90296405576316,43.67515973189241
12.6,0.24735916879878592,3194.407173641909,3921.1091292042065,8.146416808215438,33.31204233904696,46.335850939737036,2757.2940792520717,53.86304573562284,124.23423627071105,0.22069808830280083,99.76160177499241,48.052468239437495,2665.4940052228503,22.027894341550514,42.9299957246201,3267.98639143272,20.20424333494653,75.0918315999546,36.25597871526926,289.07124347150574,105.69804207438241,100.30851231954497,33.247762335796466,14.994519343277927,18.452835893554226,5.210298846232323,12.964629344561192,4.83503649690294,34.09092755670503,20.816801648171403,13.537520364140292,0.46572876155689485,11.580211035296367,6.244935156552449,8.72395260651233,4.308909019079906,0.006440747661774236,0.28615006139715604,0.13953073141834804,53.90296405576316,43.67515973189241
12.65,0.2426708766881117,3268.0969232422176,3935.993722785369,8.224069909361715,33.53198005764709,46.5945819570569,2757.824285831556,55.303059527222764,124.25423040367615,0.22048685294582962,99.85117935454736,46.26410543416821,2666.593722816187,22.149720445397964,45.096951176699775,3269.5526608397327,20.15782851245749,75.13563175326335,38.099706578100864,289.1798504254889,105.67055062724987,100.14136300670421,33.719115757756185,15.186550542893702,18.765844076641628,5.175718675621207,12.823594887542678,4.8416541739996495,33.820373332898065,20.960258516733486,14.410431235351954,0.42069886670835405,11.232847908618487,6.320293180582391,8.62588657405127,4.256037659989461,0.006440747661774236,0.28615006139715604,0.13953073141834804,53.90296405576316,43.67515973189241
12.700000000000001,0.24185828657696776,3226.860120450024,3914.401252283995,8.238679041747206,33.06067704828651,46.63020659618892,2756.356952543044,54.422962466139595,124.25154005561562,0.22138656110647043,99.6639650929803,49.373372728589786,2664.24886448227,21.712640143373598,44.03577550620335,3267.915632229954,20.394456936891416,75.09642110842698,36.45409448239052,288.80344307064837,105.71579896064438,99.99726618426841,33.719115757756185,15.186550542893702,18.765844076641628,5.175718675621207,12.823594887542678,4.8416541739996495,33.820373332898065,20.960258516733486,14.410431235351954,0.42069886670835405,11.232847908618487,6.320293180582391,8.62588657405127,4.256037659989461,0.006440747661774236,0.28615006139715604,0.13953073141834804,53.90296405576316,43.67515973189241
12.75,0.2367357988887877,3222.5799457810845,3899.468410906796,8.197237769025012,33.08598801655744,46.49031844989444,2756.7937088239737,54.193709790258126,124.20499179040199,0.22129700912796543,99.71231745323506,51.70875897017201,2664.2435249041428,21.890193509955633,43.01954398088519,3267.5965019641685,20.22429145170022,75.09244580537796,39.12420695531078,288.96498239199065,105.70899770980358,100.09423520796769,33.168098152266296,15.101087986834177,18.748065775651458,5.300388537654955,12.55606350617602,4.838076041435071,33.63226116493019,20.77637118871878,13.814828586117029,0.6160746257292097,11.340712235031019,6.274278424948386,8.699414273366877,4.27408285773028,0.008353588719511237,0.27625659909971545,0.14760408338091782,53.947293003745116,45.141008752795386
12.8,0.23718929033518157,3237.653126334081,3912.5434667667128,8.208749859752341,33.30334361643165,46.58529099439404,2756.7484025281406,55.22038877495064,124.24568539415286,0.21891244002868115,99.77895966323588,49.14117187836767,2665.069464651568,21.949429771681928,44.52123178493451,3268.2365469771435,20.208273498332858,75.09834945572477,35.203652572435686,289.1049126500478,105.68506444502708,99.98487798137529,33.168098152266296,15.101087986834177,18.748065775651458,5.300388537654955,12.55606350617602,4.838076041435071,33.63226116493019,20.77637118871878,13.814828586117029,0.6160746257292097,11.340712235031019,6.274278424948386,8.699414273366877,4.27408285773028,0.008353588719511237,0.27625659909971545,0.14760408338091782,53.947293003745116,45.141008752795386
12.85,0.23752249346352394,3235.4091478585688,3909.4429864232256,8.321350447203068,33.31346515823678,45.93476362168581,2755.9055148802577,54.453934781026575,124.23211789107069,0.21800816528363703,99.6715547866983,49.34537343040607,2664.956208126849,21.707636832347877,43.32877928739234,3266.8880916764133,20.20868819177868,75.08662921987181,39.10411490963663,289.3847036455072,105.70389096877736,100.32669130640879,33.2012566248267,14.883311875739848,18.372042772410865,5.338870570832721,12.760000045083743,4.856718478716329,34.143648189384535,20.924108361415943,13.76331751818889,0.5168892172543964,10.920275416673935,6.278806822894106,8.63956401271095,4.263296346115666,0.008353588719511237,0.27625659909971545,0.14760408338091782,53.947293003745116,45.141008752795386
12.9,0.24034408430666251,3220.05796381438,3913.7833077734567,8.11934154333776,32.917252851803056,46.396068779057146,2756.904558816017,53.99642547663444,124.2508765014684,0.2156856065286604,99.87396195863553,48.29322997859993,2665.706306093412,21.823347517691737,44.86065680061056,3268.4025316836814,20.13398508017559,75.10293311225823,35.31863778231675,289.28726724980527,105.65414299985696,100.21948585491958,33.2012566248267,14.883311875739848,18.372042772410865,5.338870570832721,12.760000045083743,4.856718478716329,34.143648189384535,20.924108361415943,13.76331751818889,0.5168892172543964,10.920275416673935,6.278806822894106,8.63956401271095,4.263296346115666,0.008353588719511237,0.27625659909971545,0.14760408338091782,53.947293003745116,45.141008752795386
12.950000000000001,0.23440487047165878,3242.036374168488,3920.4869547739186,8.277350160110213,33.21575246722675,46.20005405061271,2755.5652045556353,55.01757921391353,124.23029737027521,0.2181915937608972,99.65394033416125,49.551773128842804,2663.974507455255,21.789128706372768,43.51315661097832,3267.063321162893,20.389168000805007,75.1013480006944,36.463569970969004,288.72814752904446,105.71026899392942,99.90960537127371,33.47491090062173,14.984116524225158,18.6604222300845,5.264730846189517,12.926718280650318,4.850640464347785,34.14806268043142,20.857485342219118,14.077067678773165,0.45097000700727363,11.787943810580785,6.3344687165806715,8.596647579776333,4.318150364775184,0.008353588719511237,0.27625659909971545,0.14760408338091782,53.947293003745116,45.141008752795386
13.0,0.23151414453671795,3233.342401000845,3871.6432576488473,8.211443232732075,33.492726313938526,46.45781845172203,2756.5040112394026,53.99800209197568,124.21891359990113,0.21256354015648657,99.76512596216114,48.97971582383451,2665.1468920386874,21.796958562703423,44.347549055153,3268.080331167482,20.040053399749727,75.0804264624999,35.20211394377627,288.9830528019956,105.69064348698384,100.1338186406875,33.47491090062173,14.984116524225158,18.6604222300845,5.264730846189517,12.926718280650318,4.850640464347785,34.14806268043142,20.857485342219118,14.077067678773165,0.45097000700727363,11.787943810580785,6.3344687165806715,8.596647579776333,4.318150364775184,0.008644548169080765,0.2650085691079616,0.15345657217617537,53.6799538708784,43.88621205316383
13.05,0.2320302358136579,3248.330634056779,3917.0580127783796,8.222471898068697,32.8241781163242,46.10641123553155,2757.121182826224,55.58974237172887,124.24376464551757,0.21677904048451474,99.77759311829162,49.27013181530871,2664.9415515743112,21.983169408866065,43.139039210640554,3268.319890884834,19.960183803226784,75.10832389650652,36.46359017764577,288.9876720111992,105.67651391853742,99.957062131478,33.43952684758918,15.097684518588569,18.821638215324363,5.30179970340645,12.903478301429164,4.863429947755164,34.40844939412912,20.74848357108022,14.049961513463966,0.5348814853149733,11.559699417040232,6.332856388297728,8.706299845595714,4.246410997287969,0.008644548169080765,0.2650085691079616,0.15345657217617537,53.6799538708784,43.88621205316383
13.1,0.23040910016335392,3233.962603197142,3902.7982615798046,8.196854595044673,33.30223213906025,46.2415619056034,2755.8824290325742,54.67025732060253,124.22658045832543,0.21022171343293802,99.65818848593157,49.34965256903516,2664.4910038740095,21.925608467759954,43.92509491227815,3267.238238186892,20.26373204868747,75.06890951101707,37.68341111033297,289.6339346617495,105.71526057238196,100.23416598376035,33.43952684758918,15.097684518588569,18.821638215324363,5.30179970340645,12.903478301429164,4.863429947755164,34.40844939412912,20.74848357108022,14.049961513463966,0.5348814853149733,11.559699417040232,6.332856388297728,8.706299845595714,4.246410997287969,0.008644548169080765,0.2650085691079616,0.15345657217617537,53.6799538708784,43.88621205316383
13.15,0.2307891512940098,3218.077928956624,3872.857088145676,8.147556558609056,33.27890312805385,46.55822790351064,2755.8802773708985,54.62922363303051,124.24386849477956,0.20674647975526197,99.75609364143244,49.32404471734931,2664.460404604445,21.901885160087375,44.12335240846989,3267.858771338687,20.46517105299374,75.08353466289279,37.097559526618724,289.2442588269197,105.67424988228967,100.19538403709396,33.401476784018456,15.108140274912849,18.705719295614962,5.339029650641952,12.39542216642044,4.808829727728129,34.13214407148044,20.89869493857243,14.2111459404032,0.5711284342198364,11.204438102043838,6.293382979405984,8.651756113455741,4.2609700030950775,0.008644548169080765,0.2650085691079616,0.15345657217617537,53.6799538708784,43.88621205316383
13.200000000000001,0.23108183514215958,3223.0567393003857,3929.1722911138677,8.116522319141314,33.6961448814487,46.49166800179894,2755.2960377839604,54.727293635375446,124.23615069049184,0.2073425967091356,99.67605119716804,48.68132866952488,2663.8572965447092,21.759905615273944,45.568385774226456,3266.0285453629854,20.313080719715387,75.07486804451426,37.475606780938314,288.8572523250252,105.67746650979824,100.02534176614088,33.401476784018456,15.108140274912849,18.705719295614962,5.339029650641952,12.39542216642044,4.808829727728129,34.13214407148044,20.89869493857243,14.2111459404032,0.5711284342198364,11.204438102043838,6.293382979405984,8.651756113455741,4.2609700030950775,0.008644548169080765,0.2650085691079616,0.15345657217617537,53.6799538708784,43.88621205316383
13.25,0.2308478655127559,3252.2880449915424,3883.0524736551774,8.21915616931394,32.71011422428479,46.28793173882446,2755.049586573828,55.20146519854925,124.23558823611394,0.20420774704880895,99.67257246292543,49.276696302657086,2663.2011377579684,22.06628695901429,44.91317671637078,3266.277953905373,20.235930213577333,75.07202995852771,35.70572481823528,289.119684765458,105.70338866571481,99.94158626473771,33.004446282449024,15.061293771547234,18.808668046110746,5.346000078524724,12.932566171486336,4.845994718898475,34.12281160717587,21.08908085018415,13.704912290842877,0.6310916427120643,10.970275827070802,6.3086109603988625,8.667189023320075,4.3019214856776475,0.016019048364349767,0.28237788692245697,0.1450200659166478,53.59503561694073,44.03503959535606
13.3,0.22850629978471762,3235.2475173641405,3891.4398646983177,8.125304891164511,32.910079889482034,46.59290948081956,2755.6870201095667,55.323018420677904,124.2209588503847,0.20246664827314514,99.76130943695189,48.61544546660043,2664.185235923356,21.86726284512674,43.791486087885495,3266.9724388146033,20.233894685278795,75.08935528919804,40.778125052993964,288.64096753163597,105.671588208082,99.91905437485212,33.004446282449024,15.061293771547234,18.808668046110746,5.346000078524724,12.932566171486336,4.845994718898475,34.12281160717587,21.08908085018415,13.704912290842877,0.6310916427120643,10.970275827070802,6.3086109603988625,8.667189023320075,4.3019214856776475,0.016019048364349767,0.28237788692245697,0.1450200659166478,53.59503561694073,44.03503959535606
13.35,0.22966274497511613,3202.239466217919,3891.0077020718227,8.193222841983367,33.271440241062166,46.350494194676436,2755.8614656371296,54.30107890164234,124.2404182620109,0.19855290510986384,99.7283030412254,47.644792796427325,2664.3063667902898,21.832690170174537,44.739164118705844,3267.187877541719,20.143500052331262,75.08311321915575,35.56485205278581,288.4652828974275,105.69140519077688,100.07594173070433,33.36811293487679,15.01269152721913,19.283573613676655,5.305546138799755,12.883852909812807,4.845680942347448,34.347319954109466,20.64732666751226,14.418330027141797,0.48533814905505446,11.116163090568273,6.292421773234002,8.629061094770165,4.308794059083144,0.016019048364349767,0.28237788692245697,0.1450200659166478,53.59503561694073,44.03503959535606
13.4,0.22948437676615968,3203.2977001032186,3898.9462413494643,8.137983568978152,33.34083254338874,46.348707956491296,2755.1985450585803,55.30016127157178,124.23807687345192,0.2005260006814971,99.61291952230114,49.70636538601053,2663.3549558356794,21.672796129560027,45.18627157958219,3266.5541863177823,20.075357935333784,75.10527925908582,38.17663204762281,288.64846564018154,105.6781237251591,99.61361288529493,33.36811293487679,15.01269152721913,19.283573613676655,5.305546138799755,12.883852909812807,4.845680942347448,34.347319954109466,20.64732666751226,14.418330027141797,0.48533814905505446,11.116163090568273,6.292421773234002,8.629061094770165,4.308794059083144,0.016019048364349767,0.28237788692245697,0.1450200659166478,53.59503561694073,44.03503959535606
13.450000000000001,0.2332719293309699,3195.363850424052,3873.9622692392572,8.18251320638181,32.96408812940023,46.1214942315564,2755.2859605569115,55.172285078171676,124.2290037574213,0.19879078752160673,99.72663614496588,48.91953596225954,2664.5216267572905,21.89375916054636,45.82577868233279,3267.5937097946585,20.282722138770495,75.0713195881353,35.34554917652721,289.07073315690633,105.70187002477051,100.36296565330272,33.233132888699515,14.846207975251943,18.368611682232544,5.284499696796116,12.750274712200227,4.865762514667673,34.118113183328404,20.858096934351643,13.986213121728994,0.6517110345691826,11.589998285053607,6.32326181113946,8.586824511497596,4.22071915609912,0.016019048364349767,0.28237788692245697,0.1450200659166478,53.59503561694073,44.03503959535606
13.5,0.23619184009400535,3200.5586892146466,3881.255690190431,8.13991276811321,33.12492674391201,46.00769145595363,2755.1399667038395,54.58589599727597,124.21269697189942,0.19366216847742312,99.6755079429726,49.74454448095078,2662.7890279034136,22.024707746777818,44.355815431028496,3265.748206494061,20.42842652098518,75.09528898112559,36.776661325335894,288.63110564942184,105.71744192392413,99.71050079396528,33.233132888699515,14.846207975251943,18.368611682232544,5.284499696796116,12.750274712200227,4.865762514667673,34.118113183328404,20.858096934351643,13.986213121728994,0.6517110345691826,11.589998285053607,6.32326181113946,8.586824511497596,4.22071915609912,-0.012647144474191982,0.2691076212706638,0.13385925414338803,53.9817956890423,45.217523800994734
13.55,0.2304369890194416,3261.7167045834653,3937.032060686513,8.152023393074717,33.32228509131432,46.10997867103916,2754.2003739652755,55.026974507756044,124.24801953144654,0.18946542386176363,99.58624207157314,50.051888091517036,2662.3517627866986,21.929725135953422,46.631474213854375,3265.0464927912335,20.101610287082668,75.07318615397173,36.001177523577404,288.7945635154605,105.70957044393687,100.02126092634415,32.93585223092595,14.969841442268544,18.871717466962615,5.2286693990924205,12.341502920455035,4.856088131934291,33.743265722263665,20.77363703830401,13.625400726914659,0.444855059234198,11.414122596583454,6.300345723495178,8.637468316886569,4.242854354683262,-0.012647144474191982,0.2691076212706638,0.13385925414338803,53.9817956890423,45.217523800994734
13.6,0.22648165787156102,3251.9783259013616,3920.5508114590616,8.310330474701411,33.07655734150734,46.22218978138513,2756.0968092285143,55.668257690959884,124.24026872632584,0.1853343370654571,99.71548493515412,50.14270885182379,2664.5354738430433,22.176903512784513,47.06753690539367,3267.1772149686267,20.209495589655916,75.05950886791364,35.90099682568511,288.8797745656892,105.6884649513707,99.71284540246253,32.93585223092595,14.969841442268544,18.871717466962615,5.2286693990924205,12.341502920455035,4.856088131934291,33.743265722263665,20.77363703830401,13.625400726914659,0.444855059234198,11.414122596583454,6.300345723495178,8.637468316886569,4.242854354683262,-0.012647144474191982,0.2691076212706638,0.13385925414338803,53.9817956890423,45.217523800994734
13.65,0.2261670915222105,3198.1679622574857,3898.6638226407035,8.19465259886837,33.05236354837625,46.54467752474652,2756.4430030564813,54.251908546038365,124.23844305197466,0.18494823996645038,99.70697740237394,48.58269476371564,2664.584940746242,21.916315086617473,47.46804150720709,3267.643962001238,20.078645812652216,75.06375733370069,36.59729472091196,288.7358955841358,105.705699608582,99.97481478759137,33.7128809865315,15.094978574016896,18.94090948979746,5.4285614812522125,13.1129422667189,4.833786998582784,34.06540425075804,21.03049027163736,14.183137831283462,0.6842446533961475,11.565453761134325,6.248929920206135,8.619879970053079,4.213500834127709,-0.012647144474191982,0.2691076212706638,0.13385925414338803,53.9817956890423,45.217523800994734
13.700000000000001,0.2309465234136975,3251.1310245125596,3875.5761647871673,8.100213242559,33.244782856665054,46.030435889822684,2755.5798529036138,54.52416280353236,124.21897915165361,0.1844986995840417,99.58507165912597,49.3061168374771,2663.8777740626983,21.716697609399226,45.56243453369701,3267.3733342610662,19.932900891997384,75.01725329644074,37.38992555460575,289.21675488744603,105.69016630209747,100.08801794732986,33.7128809865315,15.094978574016896,18.94090948979746,5.4285614812522125,13.1129422667189,4.833786998582784,34.06540425075804,21.03049027163736,14.183137831283462,0.6842446533961475,11.565453761134325,6.248929920206135,8.619879970053079,4.213500834127709,-0.012647144474191982,0.2691076212706638,0.13385925414338803,53.9817956890423,45.217523800994734
13.75,0.22706280113746002,3254.9353266008848,3866.1772585950425,8.237533855471774,33.006589095503195,46.48038722189738,2757.1339397323673,56.124325721702,124.23056907272462,0.1890449539117243,99.64177578961467,49.40584050530494,2665.27434130254,21.992536676330005,46.52994860702821,3267.615160121549,20.075786954883316,75.05220614720601,38.147530142449554,288.6530197925928,105.69897552599795,99.85738242734548,33.69669832294254,14.941073130453693,19.750428431883396,5.295427584196174,13.034753260756268,4.877093803284014,33.83218813923228,20.887491518844985,14.02562661119151,0.5599355517681296,11.334291528705744,6.337564435939897,8.571721787925771,4.245207343983359,0.008354026351520213,0.2609379737120235,0.1360218660882022,54.22763080644137,44.65682572145755
13.8,0.22675875223870437,3221.5333572409368,3918.0992503717503,8.243004264632319,32.88774509019306,46.36845983784051,2755.97283616175,54.40434852398045,124.20814654918794,0.18302570346430488,99.60573131521333,47.8139634738036,2664.5217603161927,21.987707175907154,48.718884342522976,3267.8900001099505,20.31839114859331,75.05197300189575,35.07629803896379,288.8573783975937,105.69367590325037,99.86303831156388,33.69669832294254,14.941073130453693,19.750428431883396,5.295427584196174,13.034753260756268,4.877093803284014,33.83218813923228,20.887491518844985,14.02562661119151,0.5599355517681296,11.334291528705744,6.337564435939897,8.571721787925771,4.245207343983359,0.008354026351520213,0.2609379737120235,0.1360218660882022,54.22763080644137,44.65682572145755
13.85,0.22929088618734153,3242.612684318652,3887.0274022019994,8.161581904673515,33.10562078248401,46.48501140644603,2756.3435472139554,54.78381950670929,124.22180458972768,0.18304943869020787,99.62509358597268,48.81805185365829,2664.1951461283843,21.91048145252575,47.22277342935325,3267.2589310223316,20.335450843382706,75.0544027242777,37.82528044269142,288.9590749305669,105.70270567660576,100.12396360386182,33.2774684307906,14.995997050036026,18.94241753218918,5.426947221356628,12.332105691446255,4.843193142920974,34.22768037563633,20.91908859076616,14.03566429854399,0.6124346673104613,11.243798581761835,6.312627685694686,8.602720683050844,4.328137520009191,0.008354026351520213,0.2609379737120235,0.1360218660882022,54.22763080644137,44.65682572145755
13.9,0.23187156327261219,3274.0060848508924,3913.86521918396,8.195543181043941,33.25412682999303,45.95186521886769,2755.3515502237005,55.11099494988151,124.23815220773352,0.18678619342723435,99.68004785249977,48.63196448129995,2664.3401391179755,21.970357284763693,46.242484785677846,3267.086535644582,20.176525617008505,75.07089169882055,36.03518685846067,288.8509498917447,105.6920920305911,99.99767483778813,33.2774684307906,14.995997050036026,18.94241753218918,5.426947221356628,12.332105691446255,4.843193142920974,34.22768037563633,20.91908859076616,14.03566429854399,0.6124346673104613,11.243798581761835,6.312627685694686,8.602720683050844,4.328137520009191,0.008354026351520213,0.2609379737120235,0.1360218660882022,54.22763080644137,44.65682572145755
13.950000000000001,0.23130331088545988,3201.7072678969434,3925.315598097683,8.169654792761664,33.17489239336086,46.13820347803796,2754.366760645712,55.17103618296315,124.20824093969797,0.1761913614376795,99.52782414351267,51.20009749349929,2663.115529638155,21.792193077800565,45.79989537788615,3265.6495476461073,20.23891667933278,75.07316530664284,37.95555095614208,288.4639646485543,105.7073021848318,99.62889565943514,32.73493954690652,15.071410005920269,19.062841991159992,5.338012406643283,12.50083553155937,4.8663600608568585,34.037683421244246,21.002414944116648,14.041037672892653,0.8207927995884025,11.644273643547798,6.3320342413323045,8.689737623014121,4.297046716533657,0.008354026351520213,0.2609379737120235,0.1360218660882022,54.22763080644137,44.65682572145755
14.0,0.23002802980025702,3253.8812323226744,3909.536994130499,8.165136852681021,32.9569905050779,46.41817245580128,2755.482836063301,54.89644634871485,124.2238685626544,0.17477393681220224,99.56061799692176,49.96030256044376,2663.4124442090615,22.03332047893072,46.35584335721967,3266.1676464607576,20.31718750798548,75.05471597565052,37.42342851553835,288.41781705311115,105.68842999587372,99.8215161792781,32.73493954690652,15.071410005920269,19.062841991159992,5.338012406643283,12.50083553155937,4.8663600608568585,34.037683421244246,21.002414944116648,14.041037672892653,0.8207927995884025,11.644273643547798,6.3320342413323045,8.689737623014121,4.297046716533657,0.013978585435289202,0.24612341940386717,0.13788651922781975,54.17326510141325,44.43128219533703
14.05,0.2312681529922607,3232.379247370056,3957.158652526927,8.216780612515755,32.810019144128724,46.658504394428704,2755.4217302463016,55.03490897841705,124.23588266061755,0.17423097331867585,99.55858114648306,49.988180146301204,2664.456149633816,22.02878384994832,47.21934807931651,3266.7365689241597,20.30154221594058,75.04134679132842,39.05497851750461,288.8489645862196,105.71577380042554,99.815449796174,32.73793261230996,14.877936160969627,19.111929682518824,5.268625360811702,12.750273168634946,4.868777571623373,33.70898274456024,20.80097360685139,14.008090220385538,0.5423207071423445,11.518680625325356,6.300577698622316,8.5946170464749,4.247100933879014,0.013978585435289202,0.24612341940386717,0.13788651922781975,54.17326510141325,44.43128219533703
14.1,0.23264857995341823,3220.4409929985536,3872.3615075127836,8.222628697641651,33.42877977870298,46.38517063917246,2756.7530630957976,55.67645565915333,124.2313851042373,0.17101974561842798,99.62655930043387,49.62585770716731,2665.310631469218,21.732966834963747,46.96110810745305,3267.7418191825186,20.524170753105224,75.02881329963554,36.24728814750532,288.8030998314867,105.67935443826883,100.00838883848918,32.73793261230996,14.877936160969627,19.111929682518824,5.268625360811702,12.750273168634946,4.868777571623373,33.70898274456024,20.80097360685139,14.008090220385538,0.5423207071423445,11.518680625325356,6.300577698622316,8.5946170464749,4.247100933879014,0.013978585435289202,0.24612341940386717,0.13788651922781975,54.17326510141325,44.43128219533703
14.15,0.23273479549570655,3224.1638833403777,3872.1617239457996,8.184835155079886,33.05299535799036,46.48314250659151,2756.7186692446858,55.1346571642737,124.21951933067699,0.17022015358666567,99.56506075021065,50.844733401603435,2664.7946769035584,21.976054418977995,47.71119712527846,3267.188362289214,20.172440421657242,75.00947011993374,37.060471233931565,288.3179262071454,105.69461670174016,99.76067549996756,33.47799332187553,15.060614798488393,18.537960035441884,5.265385188841324,12.823600022722916,4.846347235207687,33.92944498257603,20.79722869661907,13.8824095340511,0.44315607212808694,11.132124744030754,6.324416706567345,8.633456727935496,4.299400416074708,0.013978585435289202,0.24612341940386717,0.13788651922781975,54.17326510141325,44.43128219533703
14.200000000000001,0.23602968541451375,3234.762296351537,3936.036922584461,8.131354716105404,32.89928319418247,46.317224846740814,2757.4030472956383,54.12094149985132,124.24166872667023,0.17227252545485536,99.62869049778679,51.009824553680396,2665.1742608183363,21.965924585996923,46.397675850575546,3268.2686655956604,20.48865910259892,75.00570138351144,35.91510494730169,288.8977015043256,105.69783140159494,100.04825416388749,33.47799332187553,15.060614798488393,18.537960035441884,5.265385188841324,12.823600022722916,4.846347235207687,33.92944498257603,20.79722869661907,13.8824095340511,0.44315607212808694,11.132124744030754,6.324416706567345,8.633456727935496,4.299400416074708,0.013978585435289202,0.24612341940386717,0.13788651922781975,54.17326510141325,44.43128219533703
14.25,0.22884618613107024,3235.1888681854757,3888.381448242313,8.234337292350578,32.951352740692535,46.415617206520736,2757.480685062714,55.25060663665285,124.23982031808599,0.1718435782711694,99.54559762629019,49.07799411130995,2665.045238386948,21.871005246711487,47.925082521396796,3268.7302405973887,20.071259199396348,75.03036876150001,36.22881701111755,288.37949427608453,105.67965302512368,99.55030183478505,32.862145006497734,14.89270707108,18.975398261954044,5.24536446310312,12.831476881083141,4.874771423762693,33.9144092188281,20.755331045319185,14.268070272685126,0.4636276431678229,11.451556450931943,6.3204115695454,8.627364709446395,4.275586103435707,-0.004698155445840957,0.28064713667267727,0.14421488499641127,53.5071721004506,43.70718118017558
14.3,0.22367244593917918,3223.278537229213,3917.0615416870064,8.137552917771878,33.41554269088714,46.30246627273448,2756.6113880823127,55.26827140434698,124.23172243271515,0.17338676847963774,99.49027191709877,51.49012856258098,2665.4018380168795,21.815643077371767,47.0184026430887,3268.233960553243,20.256304317467222,75.00279832471762,36.64145386458592,288.7167030769148,105.70855644048937,100.19025598630098,32.862145006497734,14.89270707108,18.975398261954044,5.24536446310312,12.831476881083141,4.874771423762693,33.9144092188281,20.755331045319185,14.268070272685126,0.4636276431678229,11.451556450931943,6.3204115695454,8.627364709446395,4.275586103435707,-0.004698155445840957,0.28064713667267727,0.14421488499641127,53.5071721004506,43.70718118017558
14.35,0.22660302907805,3268.471786001576,3886.27202828611,8.225840749770912,33.34203584351968,46.60246324824429,2758.2509884570163,54.71900984718499,124.23380460898863,0.17706163203905037,99.5737611456189,49.30104712897159,2666.1589567478923,22.051926752495635,48.038657947305445,3269.2179263367407,20.140596132121022,74.99739503605362,38.11694175859518,288.7990319362193,105.69994431898161,99.71632093006303,33.34316959832021,14.911023515378304,19.252661092400913,5.234020820808377,13.08718701424064,4.883400327437471,34.19209851286165,20.70307150899913,13.492433772718638,0.6434495990263784,11.527937800842583,6.357258985393691,8.7287930939551,4.247584406877025,-0.004698155445840957,0.28064713667267727,0.14421488499641127,53.5071721004506,43.70718118017558
14.4,0.22809158335940002,3244.6964933393037,3899.74069561186,8.208330689311902,33.2203482490428,46.3241559670368,2758.221605813145,54.34959548970171,124.23422900839874,0.17993824030521732,99.59171494664908,50.56529725808629,2666.4058032393145,22.118664806467578,48.15557334589281,3269.271214198136,20.520418351664016,74.98496270979251,37.196212512480834,288.12152847004904,105.66125367719707,99.67776944144202,33.34316959832021,14.911023515378304,19.252661092400913,5.234020820808377,13.08718701424064,4.883400327437471,34.19209851286165,20.70307150899913,13.492433772718638,0.6434495990263784,11.527937800842583,6.357258985393691,8.7287930939551,4.247584406877025,-0.004698155445840957,0.28064713667267727,0.14421488499641127,53.5071721004506,43.70718118017558
14.450000000000001,0.2292550505258957,3255.308339287467,3873.435110438723,8.176194811134012,33.37634783782879,46.24977159583753,2757.635767420405,54.877439515298114,124.22273560911884,0.17922351554675248,99.60290522951686,51.05317508460062,2666.4064068191233,21.952993968480634,45.52010512626581,3269.4650347252027,20.25736471921893,75.00131375669625,36.670871031828405,288.62568287294016,105.6554614647349,99.87736811293627,33.25128888705883,14.957948643190443,18.916234102016876,5.31222237118889,12.920518223717023,4.852602005995194,33.93833513624252,20.980314986276543,13.697484861014894,0.5991243836723538,11.031059421603054,6.339889625684734,8.64112030514856,4.18246369205723,-0.004698155445840957,0.28064713667267727,0.14421488499641127,53.5071721004506,43.70718118017558
14.5,0.22724359302765562,3239.977539958684,3939.0012043216507,8.220235191162548,33.17684754106204,46.41147890017543,2755.771453399033,54.03640158426221,124.22921059725589,0.17948078007505747,99.41450263999452,50.308024023261744,2664.181722724967,21.778551723599595,47.702489632982,3267.5124140214075,20.35978715464728,75.0080798320996,36.761800499237225,288.1421711170801,105.73410217282661,99.53148124629072,33.25128888705883,14.957948643190443,18.916234102016876,5.31222237118889,12.920518223717023,4.852602005995194,33.93833513624252,20.980314986276543,13.697484861014894,0.5991243836723538,11.031059421603054,6.339889625684734,8.64112030514856,4.18246369205723,0.0020966701215679416,0.28421329105412596,0.14044324864693755,54.301693811122355,43.39992260481002
14.55,0.2271197800103495,3243.814765232455,3924.1662437472696,8.16442808012243,33.4584113006763,46.54540164789556,2756.441544952847,55.158921617260525,124.25836766077187,0.1761885237416495,99.49265137341844,49.466346986737065,2664.781422886094,22.012360863412827,47.65544614983816,3268.065493331037,20.276950951430372,74.96467619143651,36.23963741175199,288.38935160389167,105.70975973710591,100.11754680633865,33.1983055993745,15.112468640277047,19.177540485197206,5.281961828325084,12.90075576652776,4.939550635943065,33.90146000817424,20.949658250115178,14.032856927820996,0.5880291750382621,11.021867173695108,6.339048760905657,8.585168826252058,4.2819719314086715,0.0020966701215679416,0.28421329105412596,0.14044324864693755,54.301693811122355,43.39992260481002
14.6,0.22362879232865882,3216.5399417977515,3929.3628490636274,8.149845443241475,33.16709982523334,46.48865408594629,2757.4515801912044,54.99699664941926,124.2307696628332,0.17677815023739404,99.62186779856042,48.996540391748944,2666.1953824325806,22.019325921966338,47.38037033258981,3269.0577253626243,20.201379435136484,74.98470631072047,36.24419866545965,288.14031434758067,105.68807690769009,99.57413747571664,33.1983055993745,15.112468640277047,19.177540485197206,5.281961828325084,12.90075576652776,4.939550635943065,33.90146000817424,20.949658250115178,14.032856927820996,0.5880291750382621,11.021867173695108,6.339048760905657,8.585168826252058,4.2819719314086715,0.0020966701215679416,0.28421329105412596,0.14044324864693755,54.301693811122355,43.39992260481002
14.65,0.22665653874401964,3239.8271481628044,3921.106146792423,8.196606552907458,32.69324637112364,46.65480659542211,2756.360701266301,55.26458588209467,124.22621320629042,0.17541937134242114,99.45069632259458,50.253978072677064,2664.6267216676724,22.05308128774787,50.15839170249165,3267.172860647873,20.20254071771463,75.00253218230283,37.259781228314765,287.8450443631049,105.71082738919351,99.49239028523631,32.99732140336643,15.043250605449845,19.42053505178461,5.356608619958946,13.060528185565746,4.894949498371127,33.70922258075171,20.72000383336348,14.342468589600411,0.4665356636530722,11.435494368868538,6.350012193333369,8.649363743376767,4.1903128917993495,0.0020966701215679416,0.28421329105412596,0.14044324864693755,54.301693811122355,43.39992260481002
14.700000000000001,0.22652106195342328,3232.0555731936543,3884.3988303156225,8.105290205032658,33.058618344775375,45.93554250410747,2756.0074700013797,55.05451041430298,124.2317088634037,0.1753535832176248,99.5021547496771,50.142761297242416,2664.0543481060677,21.82465308786934,48.83010674357022,3267.7167521104648,20.08517412556172,74.98408209735581,37.374066934954435,288.20075477058987,105.72776943398405,99.73600316651242,32.99732140336643,15.043250605449845,19.42053505178461,5.356608619958946,13.060528185565746,4.894949498371127,33.70922258075171,20.72000383336348,14.342468589600411,0.4665356636530722,11.435494368868538,6.350012193333369,8.649363743376767,4.1903128917993495,0.0020966701215679416,0.28421329105412596,0.14044324864693755,54.301693811122355,43.39992260481002
14.75,0.23021481248840037,3209.4639726967393,3914.846814725931,8.163533282660497,33.18665692939117,46.38308041403602,2756.956154171842,55.48369779590494,124.25061279285433,0.17361403435048758,99.61002998347604,50.101218716988626,2665.6092125181676,21.97920764099557,48.71841881202963,3267.860042228338,20.441509217823537,74.99943432820712,36.438817430832366,288.12584709381406,105.72021771040174,99.89552281879185,33.315559619716026,15.063020309407147,18.531277736450768,5.154073607721871,12.673950631476425,4.921167984149626,33.73740249249894,20.859602518662925,14.529172631622021,0.49867847081521166,11.442275981891745,6.31293414781323,8.568800531229495,4.193095962683987,0.005994903989201413,0.28391541327730196,0.1301114030966516,53.12963081182214,43.844618481662664
14.8,0.2328047141905569,3239.7677774556264,3929.5902256011964,8.170024670098654,33.07369142884494,46.14585142913736,2756.562444147326,53.857882534585954,124.22830154345435,0.17031497131396384,99.55599611338128,51.11374122303579,2664.718930209641,21.861730196077367,49.01801841844936,3267.5678379032374,20.297363263237106,74.99279675493696,34.49164199055247,288.02584498201327,105.69769953259214,99.79379391190503,33.315559619716026,15.063020309407147,18.531277736450768,5.154073607721871,12.673950631476425,4.921167984149626,33.73740249249894,20.859602518662925,14.529172631622021,0.49867847081521166,11.442275981891745,6.31293414781323,8.568800531229495,4.193095962683987,0.005994903989201413,0.28391541327730196,0.1301114030966516,53.12963081182214,43.844618481662664
14.85,0.22786588081854187,3261.0738707924043,3951.8478367577536,8.217658443257942,33.07107763632963,46.43600307853943,2756.7675808716426,55.433062395574936,124.22393343411548,0.17116244743646383,99.53746565325719,48.97610936834683,2665.0096730491086,22.015888833500586,48.800650092241405,3268.4389110247716,20.25308298556796,74.99086602505415,38.1793349327756,287.7478057502987,105.71198299878318,99.38768121660824,33.101201907363446,14.98089304652963,18.996585757806685,5.362414302080475,12.84678994740429,4.894805903734757,33.61231996432933,20.771909787433636,14.37594525276651,0.5408984255135136,11.63420569025029,6.333328704035707,8.533069057832602,4.205847370148793,0.005994903989201413,0.28391541327730196,0.1301114030966516,53.12963081182214,43.844618481662664
14.9,0.22245938116172148,3229.4017325335967,3892.7644080280947,8.164138850307188,32.812277153911985,46.459680727772955,2756.74647913709,55.37391296816512,124.23741446986645,0.1713433735131126,99.53219748841514,50.188632758382084,2664.554668321903,21.853469593170555,50.011394727719036,3267.4187778978408,20.216626397096842,74.96989409054983,35.09872167389125,288.26959328806424,105.71400343556228,100.04842312421562,33.101201907363446,14.98089304652963,18.996585757806685,5.362414302080475,12.84678994740429,4.894805903734757,33.61231996432933,20.771909787433636,14.37594525276651,0.5408984255135136,11.63420569025029,6.333328704035707,8.533069057832602,4.205847370148793,0.005994903989201413,0.28391541327730196,0.1301114030966516,53.12963081182214,43.844618481662664
14.950000000000001,0.22127221493463511,3216.4253564487904,3873.8334708272473,8.236120088032461,32.93937706849415,46.571201410903775,2756.8558438496284,56.03320064429054,124.23419228442226,0.1670286113914658,99.58838414184852,49.5675101076327,2665.2825343460763,22.156951999906042,49.24160695820038,3268.624324308314,20.309192975932696,74.98922142045535,39.68234234404697,287.8356195847892,105.68664290017622,99.84536474060052,33.86173051111797,15.139002942296493,18.821799692837605,5.359595304761318,13.208009824414297,4.944880157545088,33.815108907705316,20.97018354231724,14.164171060219461,0.7162320336405279,11.379879819800994,6.425186013771284,8.556012647276676,4.26712631047607,0.005994903989201413,0.28391541327730196,0.1301114030966516,53.12963081182214,43.844618481662664
15.0,0.22418155678323415,3223.98257008905,3882.395952922313,8.298147422388054,33.052932316912646,46.311700389102725,2755.9642166943836,55.61907224759994,124.21976500591919,0.16784311944747063,99.47729860164125,50.97459024614763,2664.651673915754,22.29782280744642,49.37710582865551,3267.5482861039773,20.114906341799973,75.00475315601088,36.35124094612058,288.2085959892987,105.71196529994157,99.7295782880342,33.86173051111797,15.139002942296493,18.821799692837605,5.359595304761318,13.208009824414297,4.944880157545088,33.815108907705316,20.97018354231724,14.164171060219461,0.7162320336405279,11.379879819800994,6.425186013771284,8.556012647276676,4.26712631047607,-0.0017882538413249932,0.2695308602854324,0.1547353430503894,53.34571444063251,43.92965603537701
15.05,0.21990387024193153,3264.690648283987,3907.9209985071648,8.163433181621853,33.370418955990665,46.17827986975962,2755.2867516975352,55.30073158654038,124.24636289824862,0.165933399349441,99.4691267762472,50.69454919667851,2663.525367073621,21.989147018870764,49.862425307672,3266.700697529171,20.438588241290095,74.99448015081032,38.33374388661915,288.10831927812507,105.71455454056927,99.55625647878954,32.886415651516394,14.981214262585668,18.55508756994735,5.404248776099495,12.64100409958489,4.893009107406231,33.80675368830654,20.853069463107424,14.413950790443089,0.5484563411608289,11.545988651326104,6.419263925307579,8.6223992790416,4.189882083586023,-0.0017882538413249932,0.2695308602854324,0.1547353430503894,53.34571444063251,43.92965603537701
15.1,0.21483006222471315,3214.8657855473352,3880.2810353327636,8.25906746417448,32.815739117372615,46.50260104140177,2755.476673738096,54.361451744374804,124.23648420288394,0.16523133787590957,99.47397336646318,50.41883037095462,2664.264510367719,21.95657675783655,49.482808492165105,3266.575018813487,20.36410027561183,74.95545470863816,36.23066228940437,288.00105058375084,105.71535621581654,99.61709133600246,32.886415651516394,14.981214262585668,18.55508756994735,5.404248776099495,12.64100409958489,4.893009107406231,33.80675368830654,20.853069463107424,14.413950790443089,0.5484563411608289,11.545988651326104,6.419263925307579,8.6223992790416,4.189882083586023,-0.0017882538413249932,0.2695308602854324,0.1547353430503894,53.34571444063251,43.92965603537701
15.15,0.2124166024084838,3244.4653613689443,3907.818350699879,8.17908432599923,32.73826185490028,46.016273028985054,2755.9361821357493,54.66442842439594,124.24205978135822,0.15969280780272402,99.46153816798675,49.74163176170679,2663.810501049607,22.03700031218399,50.08362339563342,3266.4449143030356,20.3888713764922,74.95905964901443,37.77779077677446,287.7223425689036,105.70629314011147,99.70085251521554,33.48191147122841,15.064232134771341,19.030169628872248,5.2852127469673675,13.084258352553011,4.89093008601796,33.98935863793357,20.928910966432177,13.954369839736177,0.5336005871920333,11.432267539551173,6.436903564506297,8.521686846280895,4.27556270928624,-0.0017882538413249932,0.2695308602854324,0.1547353430503894,53.34571444063251,43.92965603537701
15.200000000000001,0.21226776016862703,3233.0346747799845,3874.5336529586853,8.298750043732785,33.35686396712617,46.57329397100811,2756.344218843097,55.736442607178205,124.22376641283317,0.1579079475704765,99.45277190502848,50.07489633940741,2663.9312194223035,21.790133781701467,51.639195870002695,3267.500579235331,20.47438530098022,74.94515820042588,39.292846975576026,288.0648300057605,105.7110533472378,99.63907949076761,33.48191147122841,15.064232134771341,19.030169628872248,5.2852127469673675,13.084258352553011,4.89093008601796,33.98935863793357,20.928910966432177,13.954369839736177,0.5336005871920333,11.432267539551173,6.436903564506297,8.521686846280895,4.27556270928624,-0.0017882538413249932,0.2695308602854324,0.1547353430503894,53.34571444063251,43.92965603537701
15.25,0.21702175949203323,3239.9455734157955,3877.7508109840637,8.149525067859573,32.9316176718779,46.48403172699787,2755.8813740164464,55.43193415803325,124.21794186278693,0.16026044764542544,99.46233283258296,51.58687143305085,2664.6173193854493,22.118941566566985,50.01875551452289,3267.2922173778684,20.280836170840477,74.95646855988079,38.11316590111162,287.7872582463287,105.72368037681048,99.55404252201797,33.075746200995916,15.056566244011927,19.15024551913817,5.233594189065362,13.09627179643827,4.8879659832941496,33.20223900881757,21.031664832752966,14.869759438641529,0.680363555074027,11.434244925022783,6.440941011082651,8.584232612833832,4.284728938990728,0.01863545151546706,0.2751991196471936,0.12498896078517356,54.48181026041072,44.047241444046925
15.3,0.21281967552253928,3228.298829625235,3932.9612055010834,8.084141502650963,33.210518093866824,46.33754013173677,2755.995734124128,53.85828230635995,124.226375515572,0.15465792295345998,99.47539412642128,49.250186755534266,2663.7349196607,22.139925271399427,50.79136383921884,3266.8424294121055,20.278772759195135,74.94321447979391,37.4098441401444,287.36191601406466,105.7060779853769,99.66358755057041,33.075746200995916,15.056566244011927,19.15024551913817,5.233594189065362,13.09627179643827,4.8879659832941496,33.20223900881757,21.031664832752966,14.869759438641529,0.680363555074027,11.434244925022783,6.440941011082651,8.584232612833832,4.284728938990728,0.01863545151546706,0.2751991196471936,0.12498896078517356,54.48181026041072,44.047241444046925
15.35,0.21523341507879554,3236.877042849262,3951.365854490563,8.239321503373334,32.66489429987598,46.050667260889796,2756.994136349869,54.16422793703287,124.24098146099182,0.1532370452789754,99.57013477402604,51.6040194711769,2665.0189366752957,22.115643725443835,50.31489503073339,3268.0068229262174,20.473224955275246,74.97872913305811,36.1177869506485,287.9112269411933,105.69080851960724,99.70947816526461,33.34457495971386,14.936177356120591,19.13972170408144,5.357979162384807,12.62601709659878,4.907252102657697,33.66459850179162,21.031759404322543,14.01015669438433,0.3804466331063689,11.076355969953166,6.414568087903923,8.555830950954634,4.332480962545794,0.01863545151546706,0.2751991196471936,0.12498896078517356,54.48181026041072,44.047241444046925
15.4,0.2199827646924226,3237.664353693979,3897.8882657021786,8.194802299602062,32.81188144353601,46.06220184797782,2755.9383171849177,55.21869778342769,124.24024091561341,0.15256646547498312,99.43314526716821,50.58007656601813,2663.937213317426,22.010108804377584,50.494527843503704,3266.938979110342,20.39791851330108,74.95706706507914,36.6602601729652,287.48268886534606,105.71305211958366,99.85450202912135,33.34457495971386,14.936177356120591,19.13972170408144,5.357979162384807,12.62601709659878,4.907252102657697,33.66459850179162,21.031759404322543,14.01015669438433,0.3804466331063689,11.076355969953166,6.414568087903923,8.555830950954634,4.332480962545794,0.01863545151546706,0.2751991196471936,0.12498896078517356,54.48181026041072,44.047241444046925
15.450000000000001,0.21860882193507458,3231.0022575065714,3934.402538140567,8.177140530385742,32.96074822447609,46.2839383356916,2755.6498215935217,55.29602881812408,124.22974841658684,0.1541374745364759,99.42743017146724,49.98869394129628,2664.0046032607193,22.114174379021968,50.7082429841856,3267.21743028055,20.28435099287685,74.96227526560216,37.645771603076625,287.5795879533113,105.72562650888435,99.48276142026128,32.77832410205555,15.00779106800966,18.881809394063247,5.157056975407457,12.66342751828843,4.902016355175426,33.07638950118739,21.06581254818455,14.149777510663949,0.5932631292145122,11.552830968215384,6.429663092929471,8.57584309287623,4.168225190784829,0.01863545151546706,0.2751991196471936,0.12498896078517356,54.48181026041072,44.047241444046925
15.5,0.2185408732357334,3211.061103891572,3904.0047136351573,8.12073314825322,33.28592968111813,46.27231490479676,2755.011432677736,55.648581091882406,124.23897075828572,0.1542262134715973,99.37286053340222,51.342064129927735,2663.836035464502,22.00843064709946,48.92294743097708,3267.0086302312416,20.312481942401003,74.95803223102601,36.876674122890336,287.4933937767997,105.75715669414122,99.54468685626897,32.77832410205555,15.00779106800966,18.881809394063247,5.157056975407457,12.66342751828843,4.902016355175426,33.07638950118739,21.06581254818455,14.149777510663949,0.5932631292145122,11.552830968215384,6.429663092929471,8.57584309287623,4.168225190784829,0.003347635801013926,0.2868599362962181,0.16202376472016952,54.732508397874355,44.60749142412703
15.55,0.21769330317478233,3228.9043591428785,3949.5421048229123,8.256142259558192,33.126112022824465,46.56301929598405,2757.019477931255,54.94819346438029,124.24165533761352,0.14949644490879113,99.47940483754651,52.41667886313798,2664.5036787236727,22.00662219230379,51.31171486677274,3267.8019445083874,20.04731984534021,74.92776904968184,37.67001205292077,287.4232775810012,105.72974512623665,99.79559425394665,32.702051387307385,14.992469187197463,19.005271861478864,5.246061475964047,13.12759578663328,4.930415634363255,33.41131352618345,21.219817354498247,13.950045812918297,0.6739320318253451,11.662892631207582,6.4531880760987415,8.618896627681323,4.237482238537811,0.003347635801013926,0.2868599362962181,0.16202376472016952,54.732508397874355,44.60749142412703
15.6,0.21798916147219424,3201.559847947902,3956.9449749525147,8.192666820797117,32.8026097065354,46.22487733434798,2757.2362548571678,54.21656015630156,124.22194400112762,0.14833659766218418,99.48489959417127,50.98391357411399,2665.4457930629314,21.99728700445798,49.45087700989525,3269.1615947041805,20.19758190957692,74.93627804407153,35.365743836462144,287.27756671997554,105.72525152609033,99.56250064992226,32.702051387307385,14.992469187197463,19.005271861478864,5.246061475964047,13.12759578663328,4.930415634363255,33.41131352618345,21.219817354498247,13.950045812918297,0.6739320318253451,11.662892631207582,6.4531880760987415,8.618896627681323,4.237482238537811,0.003347635801013926,0.2868599362962181,0.16202376472016952,54.732508397874355,44.60749142412703
15.65,0.21965626606745847,3246.071382330958,3933.164479758587,8.189468465571156,33.10509681841555,45.854852125584195,2757.450122268156,55.1524592137279,124.2301089513799,0.14959414931273143,99.46441891240474,50.93629539351952,2665.8432408465223,21.87566366720621,50.94509596945661,3269.1279925801323,20.438951469462122,74.93540207591941,37.54966286161264,286.71731709710537,105.72941676687987,99.53805328988427,32.889922622825544,15.112952131824294,18.93122789100321,5.256250701194467,13.225349195327272,4.973651218777563,33.51738487844808,21.013950078424333,14.184509209080279,0.4002945376923398,11.560255541236485,6.478394589119213,8.6382214763704,4.195681037838861,0.003347635801013926,0.2868599362962181,0.16202376472016952,54.732508397874355,44.60749142412703
15.700000000000001,0.21898583758342524,3267.773276575684,3862.7773216343967,8.235347219401554,32.919362164306065,45.90062071788388,2757.448545992994,54.91359355392529,124.2268744625726,0.1532440177866062,99.35503194710274,49.77088561378774,2665.1183110975862,21.717244868930482,52.71151425453316,3268.896207399728,20.510848067508018,74.92124505726011,38.34232125444178,287.2544274992985,105.74757675735815,99.58182392501212,32.889922622825544,15.112952131824294,18.93122789100321,5.256250701194467,13.225349195327272,4.973651218777563,33.51738487844808,21.013950078424333,14.184509209080279,0.4002945376923398,11.560255541236485,6.478394589119213,8.6382214763704,4.195681037838861,0.003347635801013926,0.2868599362962181,0.16202376472016952,54.732508397874355,44.60749142412703
15.75,0.22004058454480707,3218.9432937452348,3907.5181958170506,8.17799365195176,33.16716340714068,46.05758384023925,2759.1485488921444,55.36797994573121,124.23703623823612,0.1573891346448943,99.4968821608928,51.600270748338396,2666.953091895786,22.000225331973628,51.620402688308495,3270.2454347606736,20.20565532206218,74.89220193417258,37.04882761542108,287.4990775116648,105.71572119437744,99.61480361706188,33.15572916832726,15.227754172688913,18.727171491192305,5.279098061886945,13.037716768059115,4.948838614847128,33.197795687245865,21.18329510464713,14.093836286777078,0.624949565126618,11.890655348413832,6.43268143683926,8.443202815175948,4.236481072364236,0.006125735290905028,0.26524086502052563,0.1591556815089312,54.46022904559062,44.33270409029931
15.8,0.2184823340458312,3240.258492132719,3898.4450134352032,8.190322558468862,33.25780349823389,46.04549430723621,2757.760242656587,55.704326304700785,124.2167534081925,0.15984042316875197,99.30716646634745,49.64636703697519,2665.4768660293885,22.17895082564695,49.33527319359814,3269.43173445196,20.381448252756783,74.89582619661265,36.687642286017144,286.73219493131023,105.76448409923451,99.42309045117206,33.15572916832726,15.227754172688913,18.727171491192305,5.279098061886945,13.037716768059115,4.948838614847128,33.197795687245865,21.18329510464713,14.093836286777078,0.624949565126618,11.890655348413832,6.43268143683926,8.443202815175948,4.236481072364236,0.006125735290905028,0.26524086502052563,0.1591556815089312,54.46022904559062,44.33270409029931
15.85,0.21604122342020451,3202.493592846367,3905.368778423446,8.140579722312294,33.15461054808225,45.93030388414529,2759.0680720940923,55.63901454888043,124.22082306033975,0.15744217998527824,99.43241934364968,51.94120273778778,2666.815926554274,21.9216422441952,50.83035818209176,3269.994162010402,20.3313065217621,74.86345509319358,36.190918009383324,287.1898446879748,105.73524988534957,99.59839013379587,32.57616773268384,15.15044772103424,18.758442817638763,5.45642279039865,12.701408165856229,4.985027887227828,33.235201143815736,21.10550920080975,14.174320743970044,0.6373359249472458,11.741651131587233,6.45720494111483,8.573668700891998,4.13017303447898,0.006125735290905028,0.26524086502052563,0.1591556815089312,54.46022904559062,44.33270409029931
15.9,0.21468833226257913,3218.1619690431125,3911.3423363343013,8.15347188761009,32.8634175553765,46.02652172856148,2758.9521953007406,55.38155993390474,124.22867434753049,0.16296554882102235,99.36095401258991,50.50052128255591,2666.4336254358564,22.075793922225603,51.66127311997458,3269.8520012322806,20.406548709482827,74.88348018409681,37.39272659778254,287.4389069046287,105.73257240634132,99.58819768571148,32.57616773268384,15.15044772103424,18.758442817638763,5.45642279039865,12.701408165856229,4.985027887227828,33.235201143815736,21.10550920080975,14.174320743970044,0.6373359249472458,11.741651131587233,6.45720494111483,8.573668700891998,4.13017303447898,0.006125735290905028,0.26524086502052563,0.1591556815089312,54.46022904559062,44.33270409029931
15.950000000000001,0.21362651489751153,3227.0535126873124,3975.7430245640517,8.180669288001235,32.860149787110174,45.99972947724747,2758.2723377826314,54.93705350590325,124.23575649671818,0.1666235063269504,99.41457018020569,49.14055135462888,2666.5317487456514,21.78101373313158,51.87501430571365,3270.5198024598994,20.394611231947444,74.85951761077781,35.11081305312207,286.5683881529042,105.73261551622453,99.4894170722023,32.9007456716469,15.2136818453869,18.858371415653583,5.441894329510918,12.890113680328163,4.970176945434248,33.55549630627069,21.02281211163115,14.315609436800663,0.64098930217951,11.579459868700216,6.434009218253234,8.545465615068482,4.218723253582528,0.006125735290905028,0.26524086502052563,0.1591556815089312,54.46022904559062,44.33270409029931
16.0,0.21294566371952037,3245.322333689067,3881.125701184691,8.194125207786364,32.68328312378092,46.07704214536637,2758.6425368146947,54.79822968724012,124.23489737623242,0.16575134283940338,99.41937922300797,51.497889633072994,2667.3544087411387,21.968448487524718,51.500336410007186,3270.4647642614455,20.412027811503105,74.84019368855897,36.33210357986619,287.0970493942331,105.72492211669973,99.64053566406179,32.9007456716469,15.2136818453869,18.858371415653583,5.441894329510918,12.890113680328163,4.970176945434248,33.55549630627069,21.02281211163115,14.315609436800663,0.64098930217951,11.579459868700216,6.434009218253234,8.545465615068482,4.218723253582528,0.0010443993582127946,0.28160992984963296,0.1415871596474397,55.004611047741406,44.83047839323543
16.05,0.2145242904743306,3241.482997799319,3934.2257700073064,8.177545129075074,32.987273589123504,46.241879523944,2758.243498387167,54.81324899358964,124.2438127198727,0.1722648025797314,99.34580769023687,48.63376179831271,2666.7545861010963,22.111648815507632,50.914006325467625,3269.7183864279395,20.303328513112067,74.84283007172789,39.517873244505125,286.9485454627512,105.74551328586116,99.57814246388598,32.96639536099784,15.133258085422387,18.97147007812812,5.415403579163769,12.980203178411106,5.028653596314281,33.63928057704364,20.935165381045174,14.382944541241095,0.4679050320585552,11.758720855682318,6.520413925345447,8.521928567112722,4.26528848951309,0.0010443993582127946,0.28160992984963296,0.1415871596474397,55.004611047741406,44.83047839323543
16.1,0.21371650542408666,3207.7737430203297,3934.1336666916122,8.206663856484221,33.2234970433726,45.858328554732026,2758.023546171373,54.60189294431977,124.23116596196499,0.17240380662915814,99.34235306673287,49.8516088967324,2666.296999525303,22.085933115961303,52.782968944654385,3269.3281551080886,20.395136145963786,74.8713768532439,36.95173267832154,287.07757199635904,105.75967533739713,99.46296771448687,32.96639536099784,15.133258085422387,18.97147007812812,5.415403579163769,12.980203178411106,5.028653596314281,33.63928057704364,20.935165381045174,14.382944541241095,0.4679050320585552,11.758720855682318,6.520413925345447,8.521928567112722,4.26528848951309,0.0010443993582127946,0.28160992984963296,0.1415871596474397,55.004611047741406,44.83047839323543
16.15,0.21284887187940768,3219.680321777705,3940.6488595304277,8.185716598884737,32.63645398429329,46.3639368069437,2757.928669657336,54.7629703390771,124.23148479273188,0.17474529689242202,99.35975416359317,52.00980995335581,2665.870140924351,22.013806818004387,53.26557951563709,3269.9382369067566,20.366183799674886,74.86178599305352,37.17522137857481,286.5494911155695,105.75773624742018,99.36094827436061,33.11257548763644,15.082789164789835,19.3587364979991,5.351290124638155,12.698919853261177,4.968289938312463,33.56215142132959,21.117098693955832,14.103699103818077,0.6386015597104762,11.552575468022622,6.442165758243996,8.470889021827706,4.145097254914474,0.0010443993582127946,0.28160992984963296,0.1415871596474397,55.004611047741406,44.83047839323543
16.2,0.21608901129188207,3207.9131117938555,3934.630822160695,8.147982587401556,32.77379962084017,46.27036819109916,2758.1770324998483,54.9603882750659,124.22255641119051,0.17730287761976118,99.35419124538585,48.853860435870764,2665.764798881628,22.347254373760382,50.808428342751164,3269.485532438185,20.440382174384997,74.82986073485738,35.93940507653481,286.4975078681593,105.76944109680052,99.5320425177965,33.11257548763644,15.082789164789835,19.3587364979991,5.351290124638155,12.698919853261177,4.968289938312463,33.56215142132959,21.117098693955832,14.103699103818077,0.6386015597104762,11.552575468022622,6.442165758243996,8.470889021827706,4.145097254914474,0.0010443993582127946,0.28160992984963296,0.1415871596474397,55.004611047741406,44.83047839323543
16.25,0.21502667357652688,3229.291102861976,3974.685329813485,8.17675718367142,32.82304506314421,46.04575216472638,2757.7645625899686,55.11583541002381,124.21047907108566,0.17701935423088164,99.34096212123967,49.501023124586325,2666.1278746540493,21.990018761787358,52.88132251774562,3269.2192788669795,20.414910386814398,74.84688516238165,40.06028367835806,286.9603455304583,105.78776434088827,99.42152282929638,31.92517797495571,15.207914001026387,19.005205547930203,5.232438581909675,12.77462633507207,5.004011164214789,33.32436535919253,21.192804441322913,13.382928979084387,0.46450395052899174,11.264569112804768,6.460276455748788,8.506798828167472,4.214546660763664,0.008309734118165255,0.28343453794436696,0.1351727186888044,55.055785492861936,44.98728427283215
16.3,0.21607114532832203,3209.4096935920616,3922.2319368842027,8.15727269681546,32.863478673064144,45.961891253623634,2757.5478818247802,54.88010346110584,124.22027914110613,0.17349995484155312,99.37158916895505,51.22811181203705,2665.7738883639267,22.053356445498306,52.3899261925449,3268.656940475373,20.176720765153593,74.85554101334351,37.789995108093805,286.65183625643715,105.79666047157498,99.59882188864847,31.92517797495571,15.207914001026387,19.005205547930203,5.232438581909675,12.77462633507207,5.004011164214789,33.32436535919253,21.192804441322913,13.382928979084387,0.46450395052899174,11.264569112804768,6.460276455748788,8.506798828167472,4.214546660763664,0.008309734118165255,0.28343453794436696,0.1351727186888044,55.055785492861936,44.98728427283215
16.35,0.22146525611613416,3213.094405114035,3943.5040610203296,8.262609625379454,32.71279181559483,46.411556826754264,2757.0452445970504,54.35009592009086,124.22961051316527,0.17810236332819446,99.3926108184717,50.96208789343014,2665.899172944608,22.076836807772786,51.485243281542196,3269.6220876663483,20.10557484532956,74.87696947913629,35.58957739933013,286.06455659738316,105.76745626415337,99.43574752417989,32.94093382805784,15.16639815606146,18.789636595990093,5.525070380791646,13.260644296749632,4.992544733535667,33.8268717102046,21.229892843811292,14.017659113782345,0.38526861939650686,11.820485908811833,6.496516004022708,8.557056054828369,4.119874840405473,0.008309734118165255,0.28343453794436696,0.1351727186888044,55.055785492861936,44.98728427283215
16.4,0.2243378573523862,3231.657266855169,3930.186402697286,8.174218052861828,33.07067473932898,46.20469050952097,2756.809757631653,54.393023044727336,124.23083044405843,0.17682914010532996,99.33315330799614,49.720810318453516,2665.295982719847,21.92813183846805,54.36487395190661,3268.4467803267767,20.16500161909187,74.85599645926176,36.15782840460491,286.1862737046432,105.78151906959103,99.4089989145908,32.94093382805784,15.16639815606146,18.789636595990093,5.525070380791646,13.260644296749632,4.992544733535667,33.8268717102046,21.229892843811292,14.017659113782345,0.38526861939650686,11.820485908811833,6.496516004022708,8.557056054828369,4.119874840405473,0.008309734118165255,0.28343453794436696,0.1351727186888044,55.055785492861936,44.98728427283215
16.45,0.2208075272958667,3214.010424528054,3973.569752806985,8.185027304212246,32.65675243170644,46.22747285670021,2757.2981092152777,55.63134742307195,124.22805729056358,0.17820008083047653,99.38633877141109,51.14145032161243,2665.651688992445,22.053127953354355,52.870617067573036,3269.539724094876,20.365935451952254,74.85397519812767,37.02920932066068,286.0335214291244,105.77859547382987,99.53556133544247,32.24200320289624,15.149018651931714,18.958248568647292,5.4232559194714485,13.149514216389582,4.984891899138774,32.897032418905106,21.28684624147916,14.177224030903647,0.43904850479995133,11.577769821998153,6.479116720622554,8.520639210478928,4.189498117656118,0.008309734118165255,0.28343453794436696,0.1351727186888044,55.055785492861936,44.98728427283215
16.5,0.2145960206787347,3179.625078597786,3900.2587194872153,8.094059273080727,32.550569734171994,46.098381315789574,2757.3361113925366,55.14826289106434,124.22699009812578,0.17707809949543415,99.34255262169677,50.59451958999609,2665.2241742521737,22.050067673753116,52.488383633722115,3268.6956275287375,20.510636804066863,74.8158129301017,36.75653690697912,285.80764085835045,105.79243100586888,99.19447443645399,32.24200320289624,15.149018651931714,18.958248568647292,5.4232559194714485,13.149514216389582,4.984891899138774,32.897032418905106,21.28684624147916,14.177224030903647,0.43904850479995133,11.577769821998153,6.479116720622554,8.520639210478928,4.189498117656118,-0.01577841022064723,0.28892976868297554,0.13973153731360882,54.330956302921955,43.916600895719114
16.55,0.21771574202921018,3213.964768322392,3969.965465208351,8.087504544922005,33.022080172421475,45.926878824718656,2755.9260530680426,56.019891960345454,124.21749166517145,0.1784843336357111,99.23375441064942,50.43271106831056,2664.6090519878244,22.026372053144033,53.41643486704351,3267.6778342303446,20.36822656710762,74.81724506383142,38.536075555739565,285.9027607142227,105.81424563973565,99.27345530341788,33.016744351641954,15.169163741282626,19.176521451102612,5.355478409934414,13.100582755648212,5.025843210454467,32.98353113856079,21.148443360596485,14.43603057462857,0.5709419355437306,11.769960625547652,6.522712265052437,8.546443890037633,4.200332179080861,-0.01577841022064723,0.28892976868297554,0.13973153731360882,54.330956302921955,43.916600895719114
16.6,0.220533292374044,3208.458304943036,3942.5466162805906,8.233664310167368,32.92808657108632,46.215725706434746,2756.8022018016786,54.74977519875468,124.22839280087479,0.1724186598779673,99.26485266329661,51.610743610458336,2664.4836805824907,21.793226367492462,52.89705951356848,3268.1947508819508,20.273170359304817,74.78146477009844,37.50076073236407,285.7637557389715,105.79458444627332,99.40905966396637,33.016744351641954,15.169163741282626,19.176521451102612,5.355478409934414,13.100582755648212,5.025843210454467,32.98353113856079,21.148443360596485,14.43603057462857,0.5709419355437306,11.769960625547652,6.522712265052437,8.546443890037633,4.200332179080861,-0.01577841022064723,0.28892976868297554,0.13973153731360882,54.330956302921955,43.916600895719114
16.65,0.21993149563555797,3252.0226436679236,3937.515875832862,8.120781164059844,32.94671861935693,45.919002329583925,2757.3015156823326,54.684426368084495,124.23191598088492,0.1760779103208225,99.40774648434443,52.16147145570675,2665.6497043575946,22.1470701526277,52.5986911689615,3268.416317554488,20.25612289385812,74.79281543095117,38.82970389546006,286.1548834523602,105.78490313640596,99.53979196629754,32.5590531565083,15.140665491281936,18.876968457863043,5.3289886487585445,13.26114889855153,5.032789222914615,33.71326412982967,21.160973778827405,13.844626941276642,0.482659296670255,11.731066772393373,6.520929720069284,8.487288393158614,4.164289293161398,-0.01577841022064723,0.28892976868297554,0.13973153731360882,54.330956302921955,43.916600895719114
16.7,0.2208687288183688,3218.122604849197,3914.975803053515,8.069044970160713,33.073646880304686,45.75104464005891,2756.661560517558,54.50996118133649,124.22192562991759,0.17174069436951558,99.32260652082542,50.59475356223622,2664.888688654954,22.21091770002493,53.962109288954665,3267.597932179939,20.512637455881897,74.81891933271352,37.939112304419695,285.926258391416,105.79381470374386,99.30125856136927,32.5590531565083,15.140665491281936,18.876968457863043,5.3289886487585445,13.26114889855153,5.032789222914615,33.71326412982967,21.160973778827405,13.844626941276642,0.482659296670255,11.731066772393373,6.520929720069284,8.487288393158614,4.164289293161398,-0.01577841022064723,0.28892976868297554,0.13973153731360882,54.330956302921955,43.916600895719114
16.75,0.21724305330959812,3212.4264448223958,3894.813890916494,8.165607586291536,32.7117594867718,46.084025026993814,2756.915047370856,54.36070023403225,124.2355602912171,0.1748339751123748,99.42788990515692,50.98848203930518,2665.1091019704054,22.115770034135426,53.29109485582297,3268.4016811514784,20.41891948888275,74.83037931006619,39.07759519983245,285.6489387908566,105.766730650747,99.5300281862716,32.586318538247895,15.00913236019906,19.08087969804848,5.3131034254915965,13.06847207318793,5.011360492623265,33.58947763271923,21.382104244198278,14.55078440011344,0.4496441281666698,11.745681092306235,6.518595066260504,8.512567678975158,4.283629758554244,0.006673274186594686,0.26811374056728704,0.13352505682054397,53.0448121595565,44.22731754631528
16.8,0.21760800186891846,3186.1961535664236,3931.40396882019,8.171463986058521,32.4125124775344,46.12963476955419,2755.9415980538906,54.71081707429382,124.23826255036556,0.17213015384944994,99.32883194201169,51.97357797497571,2664.7138318200073,21.992352260676956,53.939138185844634,3267.803402763424,20.4654181841898,74.83311577601299,39.11115343643532,285.64414713408524,105.7865256253438,99.1971756618803,32.586318538247895,15.00913236019906,19.08087969804848,5.3131034254915965,13.06847207318793,5.011360492623265,33.58947763271923,21.382104244198278,14.55078440011344,0.4496441281666698,11.745681092306235,6.518595066260504,8.512567678975158,4.283629758554244,0.006673274186594686,0.26811374056728704,0.13352505682054397,53.0448121595565,44.22731754631528
16.85,0.21605538864268292,3199.5374606392224,3869.0450297019092,8.153735460886699,32.362109491848116,46.23539937173307,2754.654401875285,54.547569859372125,124.23209823908233,0.16913777950662187,99.22542725340008,51.81913978181403,2663.0300859663716,22.331178171514033,54.0828983442906,3266.1813727978442,20.484236786577867,74.83068239388625,37.72403241021779,285.73054686308916,105.80186541628849,99.33051354156596,32.80528585301223,15.270739779743968,19.05687524130561,5.186040529134914,13.174938346593002,5.0554876787762115,33.34271487062891,21.27162673344428,14.282344173332438,0.5551569773801757,11.778217426177463,6.53839867162981,8.458101586062455,4.148549925677261,0.006673274186594686,0.26811374056728704,0.13352505682054397,53.0448121595565,44.22731754631528
16.9,0.21892923547426224,3224.4857861828714,3909.257648170763,8.116992439140411,32.659542187516195,46.34098289027585,2755.7671183214734,54.46864716299207,124.22717276727707,0.1639335623687472,99.34878739025575,49.70756086781831,2663.3856897914216,22.145113412066596,54.28399144687918,3266.0733552003344,20.613824562996566,74.81302240393619,36.5378239457951,285.6790548772843,105.78940677386922,99.57758493458574,32.80528585301223,15.270739779743968,19.05687524130561,5.186040529134914,13.174938346593002,5.0554876787762115,33.34271487062891,21.27162673344428,14.282344173332438,0.5551569773801757,11.778217426177463,6.53839867162981,8.458101586062455,4.148549925677261,0.006673274186594686,0.26811374056728704,0.13352505682054397,53.0448121595565,44.22731754631528
16.95,0.21764709120188686,3192.93213601105,3919.3448317643583,8.193959037775846,32.70900558920493,46.06298855980522,2755.2263598663817,54.623151192007946,124.2239520786428,0.16352613427109014,99.31435742751493,52.93045053000511,2663.490322478294,22.119300254502505,53.05440800827264,3266.410766133424,20.425773734601123,74.80642028564887,37.5822533389259,285.54259212775924,105.78684083790294,99.10764329239498,32.813198495865095,15.297657373711537,18.68576863225108,5.405459528034452,12.99101402281481,4.974353771825339,33.237339117386405,21.093083678322685,14.230035431371974,0.4405559285732863,12.032303319019107,6.561408983647952,8.453760518589029,4.263485510434893,0.006673274186594686,0.26811374056728704,0.13352505682054397,53.0448121595565,44.22731754631528
17.0,0.2191876015310873,3230.151865414211,3900.3532069784064,8.113334376914787,32.80957880681204,46.15133958605801,2754.976465174566,54.63764458702058,124.23570523743825,0.15875141401779042,99.32723828543315,50.7809831508563,2662.6424775085566,22.078891302665408,53.217573357965925,3265.65505724049,20.396116726699862,74.8088885434262,38.08736501790785,285.36170851683175,105.76027457434292,99.38717383922982,32.813198495865095,15.297657373711537,18.68576863225108,5.405459528034452,12.99101402281481,4.974353771825339,33.237339117386405,21.093083678322685,14.230035431371974,0.4405559285732863,12.032303319019107,6.561408983647952,8.453760518589029,4.263485510434893,0.0049569015268504275,0.28270070805910075,0.17100004245633782,53.61342167257937,44.61192142417707
17.05,0.21644997792020448,3239.693032384343,3855.5929425803406,8.142512906658622,32.888027150279456,46.15308833397439,2755.148889240407,54.8707657758474,124.22648215302597,0.15427890174071074,99.33262486761062,53.11669719755316,2663.128312856845,21.99711598513749,54.38356729427318,3266.1354980941073,20.400593940463256,74.81974661065337,39.37932775003292,285.47320767024473,105.74007991007902,99.25263891330097,32.77119415774173,15.095984020801634,18.873652259241908,5.162604707545175,13.025619232432858,5.035664448627823,32.65036412152202,21.207837758570832,14.047532384183668,0.6483856540622067,11.760278214505338,6.566287677716237,8.48640116518951,4.204509569603719,0.0049569015268504275,0.28270070805910075,0.17100004245633782,53.61342167257937,44.61192142417707
17.1,0.21363617300046886,3225.6646495989044,3919.073626145261,8.183139607343113,32.80037130915257,45.87360060227047,2754.303181615872,54.626142380041045,124.20678752019529,0.15141406403514876,99.29682266698312,49.41622142446979,2662.711390721088,22.0118666796423,52.41200561617636,3265.734019588295,20.378267427080104,74.79552819225928,36.679288713325136,285.3876247081607,105.75074579002691,99.21389108487696,32.77119415774173,15.095984020801634,18.873652259241908,5.162604707545175,13.025619232432858,5.035664448627823,32.65036412152202,21.207837758570832,14.047532384183668,0.6483856540622067,11.760278214505338,6.566287677716237,8.48640116518951,4.204509569603719,0.0049569015268504275,0.28270070805910075,0.17100004245633782,53.61342167257937,44.61192142417707
17.150000000000002,0.21393770627445402,3210.550321271313,3905.087824656422,8.129792522164887,32.83743346498632,45.823935908181795,2754.0672624268145,54.331810523594505,124.21969976922918,0.14751096059585217,99.27328562107574,49.388698746809766,2663.0987671152293,22.045045501694972,52.91538244220757,3265.1714310124394,20.28582367322614,74.79624787273774,36.29616584876778,285.1879383242901,105.7820653450486,99.28069731876921,32.3990546187036,15.1909816647686,18.95542953285249,5.395355315552099,13.229883480275975,5.067526984869441,33.31120245543277,21.0915745734283,13.860103788496948,0.7477348831236938,12.03062056769646,6.5640111796517955,8.548237169783507,4.259600014917332,0.0049569015268504275,0.28270070805910075,0.17100004245633782,53.61342167257937,44.61192142417707
17.2,0.2131513997364529,3213.745202343794,3881.114810073454,8.095527995867576,32.690834184943434,45.85894133791674,2754.868506514092,54.62301254592777,124.22672333612944,0.1451205311703929,99.31535444272014,50.81966065539318,2663.0132176602424,21.977330316448064,54.292220977237946,3266.2411636127663,20.321224270807228,74.79496484673581,37.994919296589636,285.2942470091846,105.75981880849082,99.22023848817284,32.3990546187036,15.1909816647686,18.95542953285249,5.395355315552099,13.229883480275975,5.067526984869441,33.31120245543277,21.0915745734283,13.860103788496948,0.7477348831236938,12.03062056769646,6.5640111796517955,8.548237169783507,4.259600014917332,0.0049569015268504275,0.28270070805910075,0.17100004245633782,53.61342167257937,44.61192142417707
17.25,0.21514688511631794,3212.3870355286067,3853.5783043380065,8.115583533962475,33.01135263762679,45.92903094387739,2754.9371468672903,54.634211250584706,124.22235603566922,0.1392787240436338,99.28642688757819,50.06444351275431,2663.001637885324,21.837634402184197,53.51903902119533,3266.5054381431296,20.33173108687986,74.79786715199869,37.19700438112458,285.18535596570615,105.78681573238877,99.3417350380838,33.10653911407872,15.235948045965433,19.302655830997395,5.193448221639735,13.27434183895639,5.044219441412763,33.223297031442485,21.173592415482883,13.877904050774891,0.7056339317437328,11.935692539449969,6.5833711550540785,8.50482400645979,4.168723656614411,-0.006999975607835287,0.29212646646690704,0.1536299555740244,54.03397723548987,44.02723482467251
17.3,0.21677913188420936,3204.091644548141,3943.6483133585807,8.117571602854694,32.869776466189805,46.080970719062115,2755.1698556084475,55.517320650035884,124.23881552454644,0.1391784961294905,99.26532240627219,49.374482472785445,2663.542110481678,22.093001240566004,54.610416840664435,3266.2789538432185,20.192682447826343,74.7880511255514,39.850927136718,285.1191627507973,105.77793644250116,99.21341381906076,33.10653911407872,15.235948045965433,19.302655830997395,5.193448221639735,13.27434183895639,5.044219441412763,33.223297031442485,21.173592415482883,13.877904050774891,0.7056339317437328,11.935692539449969,6.5833711550540785,8.50482400645979,4.168723656614411,-0.006999975607835287,0.29212646646690704,0.1536299555740244,54.03397723548987,44.02723482467251
17.35,0.21460330153966467,3209.1884486827034,3920.261196824787,8.076992139654,32.98875612133809,45.8142276603198,2754.3601941672246,55.65035553649057,124.22116323198297,0.1344073517829365,99.15965449035272,51.15744130336228,2663.005536261586,21.986613156363486,55.84652769209896,3265.2587291433333,20.328821518074818,74.7649330287429,37.57379909735913,285.35792076689603,105.80031808803169,99.30947289510048,32.712844005950465,15.13019288883061,19.105755441689496,5.438405334771044,13.452081511580156,5.037445670816903,33.24296511858256,21.233069966088287,14.125057040040462,0.7078195283749055,11.889101719053528,6.599734794673915,8.519387768970741,4.233807463063806,-0.006999975607835287,0.29212646646690704,0.1536299555740244,54.03397723548987,44.02723482467251
17.400000000000002,0.2146433672641657,3258.0784170377306,3875.2129764001374,8.058429697988533,32.70868678430124,45.3792159973191,2755.580071630216,55.42301329803769,124.22027074033993,0.13090052592095183,99.27337961088396,51.67214907661026,2663.6516113409502,22.02565673111252,54.233532755848174,3266.5118217708327,20.396312962850942,74.77232238981605,37.50266966683326,285.1846636498338,105.80862139955771,99.43558235403387,32.712844005950465,15.13019288883061,19.105755441689496,5.438405334771044,13.452081511580156,5.037445670816903,33.24296511858256,21.233069966088287,14.125057040040462,0.7078195283749055,11.889101719053528,6.599734794673915,8.519387768970741,4.233807463063806,-0.006999975607835287,0.29212646646690704,0.1536299555740244,54.03397723548987,44.02723482467251
17.45,0.2155154100461762,3221.3665426663015,3898.0752384986276,8.15737759062448,32.70275826802144,46.16139896410235,2754.9916826501644,54.58296915462801,124.2250025340547,0.13039955638838446,99.22533753549293,50.73742880021426,2663.3781355507135,21.875553839149728,53.948741622377135,3266.1524057978418,20.336481183012364,74.76954455491932,38.64705029321589,285.0024623115093,105.81263747145576,99.06991946066644,32.35842300986413,15.019627657428675,18.62979878736345,5.290402568995908,13.113824701318215,5.048400821851556,32.6310968533994,21.346846974226196,14.196411832858137,0.5582401293178986,11.385163318552662,6.565001084105887,8.48706630218859,4.260850717008386,-0.006999975607835287,0.29212646646690704,0.1536299555740244,54.03397723548987,44.02723482467251
17.5,0.2163242009729239,3181.7466525408727,3919.8067043857145,8.21440451263757,32.88810252396126,46.102781384229054,2755.4551040237907,54.90775990179075,124.21323035158213,0.12942963808222518,99.18470978951441,51.792737514614615,2662.9810077279244,21.93780353538938,53.14075121565236,3266.599015609324,20.2567280187749,74.74307879677299,35.434656119198806,284.9895338282177,105.80217302617424,99.3196708151783,32.35842300986413,15.019627657428675,18.62979878736345,5.290402568995908,13.113824701318215,5.048400821851556,32.6310968533994,21.346846974226196,14.196411832858137,0.5582401293178986,11.385163318552662,6.565001084105887,8.48706630218859,4.260850717008386,-0.007962322196403693,0.2758254964192486,0.1644060627314776,53.604138278752615,44.76945517590164
17.55,0.21436927770438888,3216.6151544355193,3916.8308662770983,8.021073328765965,32.52445693714919,46.177399521446446,2755.9186527019656,55.070892182902774,124.2433474489326,0.12875563865920886,99.22927687142715,50.238156283358705,2664.315785863359,22.063623550214142,53.4706130401061,3267.001496685368,20.425004401316244,74.73208098207488,38.805506155471505,285.3821709648642,105.79835382728623,99.16550849066527,32.41487117763728,15.382594321187277,18.835645734173706,5.291809558407014,13.434518104520615,5.116358936077548,32.8052522616062,21.390081218255176,14.214773250278387,0.5052267163427722,11.896200483549366,6.607473792101166,8.450196410940821,4.258060217951332,-0.007962322196403693,0.2758254964192486,0.1644060627314776,53.604138278752615,44.76945517590164
17.6,0.214069392784308,3250.444108340154,3899.203209428781,8.053934079029153,32.997895691494264,46.31512722883967,2756.4071515691535,54.41821436211306,124.23607905150027,0.12598037233616122,99.16450466499309,51.33044356271089,2664.901009081269,21.894227936458563,54.1502482968173,3267.7056922554148,20.25633544567462,74.71875287908188,40.303685178485814,285.048668970015,105.79713577605857,99.07993357159944,32.41487117763728,15.382594321187277,18.835645734173706,5.291809558407014,13.434518104520615,5.116358936077548,32.8052522616062,21.390081218255176,14.214773250278387,0.5052267163427722,11.896200483549366,6.607473792101166,8.450196410940821,4.258060217951332,-0.007962322196403693,0.2758254964192486,0.1644060627314776,53.604138278752615,44.76945517590164
17.650000000000002,0.215492281453531,3240.0535905375423,3902.2715433941535,8.123930483105053,32.93299101839862,45.54798807561999,2758.0164252578747,54.774706430441526,124.22083707954224,0.1305416637399388,99.24233571333238,50.275095547131905,2665.9474718458423,22.008080570156793,53.904936203275504,3269.3806697843856,20.287950595608557,74.7403192635985,35.99423637109381,285.0143821382553,105.77456035930662,99.01567017415775,33.02782160235701,15.423484991489705,19.23922368557273,5.296458625120349,13.045971136218098,5.085937395580243,32.693236093596084,21.4382173436196,14.151634827710883,0.42717796213569814,12.077039023948352,6.599739960365118,8.40790168737649,4.161912505468953,-0.007962322196403693,0.2758254964192486,0.1644060627314776,53.604138278752615,44.76945517590164
17.7,0.21508120457771812,3232.74483502816,3912.9735277703207,8.184806205158159,32.94032589344259,46.22803216173843,2757.527860830331,54.43306714771748,124.23179912149945,0.12812758206994893,99.17614671574772,51.20218542332107,2665.263138806806,22.042293061208976,55.10450652194778,3268.618921676369,20.468524949162045,74.70819771287289,37.30632575670646,285.00923573634765,105.78883789498828,99.11258380383168,33.02782160235701,15.423484991489705,19.23922368557273,5.296458625120349,13.045971136218098,5.085937395580243,32.693236093596084,21.4382173436196,14.151634827710883,0.42717796213569814,12.077039023948352,6.599739960365118,8.40790168737649,4.161912505468953,-0.007962322196403693,0.2758254964192486,0.1644060627314776,53.604138278752615,44.76945517590164
17.75,0.2135049466528401,3211.6202894748603,3879.954533086533,8.102266330392416,32.70588598602411,46.35866542677158,2758.8960893613657,55.19136210952683,124.21757849974816,0.13484342320943765,99.27610545634646,50.55287947523267,2666.7990792525334,22.087048144893615,54.83035948660427,3270.0111006810425,20.355848002525267,74.71941559391321,36.78177227299103,285.05430335039165,105.76860532134,99.09185224075645,32.455485500268495,15.387015925949544,18.863311779580712,5.300967423478994,13.287052821818806,5.087958403509625,32.836109621082535,21.422224584825763,14.10973477103772,0.8056666888757655,11.59300002121307,6.639654678073984,8.4641157573043,4.163946882557996,0.006573293179000534,0.29286379983958816,0.16595249111794821,53.644194547179346,45.35871607949619
17.8,0.21370241336153295,3249.2748602378347,3906.92035564788,8.129881918160208,32.29110955405985,45.97455785047152,2756.6519583528575,54.769910395347985,124.23426545814073,0.13684658395306704,99.15060385167949,51.24029008144214,2664.86950423274,22.078150861657537,55.62081523746087,3268.083191247484,20.331821142317356,74.72156433486145,37.60091201769457,285.03534534651135,105.79753014609808,99.00898535373672,32.455485500268495,15.387015925949544,18.863311779580712,5.300967423478994,13.287052821818806,5.087958403509625,32.836109621082535,21.422224584825763,14.10973477103772,0.8056666888757655,11.59300002121307,6.639654678073984,8.4641157573043,4.163946882557996,0.006573293179000534,0.29286379983958816,0.16595249111794821,53.644194547179346,45.35871607949619
17.85,0.21481212122844007,3236.938339647666,3901.943232464115,8.09052960837492,32.5422562317095,45.956881280667154,2756.3779825952447,54.66877179652961,124.23135010919657,0.13580153399692632,99.16078484972068,52.27092968715981,2665.1162096588837,22.13036893760011,56.01730282019809,3268.5102574561092,20.33496763524337,74.72364386108273,37.39977149420753,284.54869583970253,105.81545964495606,98.96121349218573,32.57586733773274,15.487629269566899,18.80267394181658,5.291115603326747,13.208312526542965,5.07959413414624,33.14831218650115,21.388197801424898,13.87620896410287,0.4568286260027131,12.166513717525175,6.629810324706,8.396159422022341,4.2300081736521085,0.006573293179000534,0.29286379983958816,0.16595249111794821,53.644194547179346,45.35871607949619
17.900000000000002,0.2147472383385949,3232.887464225186,3853.491682389375,8.127861067930784,32.795015077610465,46.02530604394928,2757.9143382575926,54.655545391620514,124.25125134498785,0.13665895265003275,99.26594281632683,52.022202453043825,2665.9130855418434,22.090839978233166,54.837336610707844,3269.6483096312504,20.29771440971866,74.71372426928569,37.61248949058878,284.85397758412915,105.77514405419801,99.28645546785707,32.57586733773274,15.487629269566899,18.80267394181658,5.291115603326747,13.208312526542965,5.07959413414624,33.14831218650115,21.388197801424898,13.87620896410287,0.4568286260027131,12.166513717525175,6.629810324706,8.396159422022341,4.2300081736521085,0.006573293179000534,0.29286379983958816,0.16595249111794821,53.644194547179346,45.35871607949619
17.95,0.21384645470964098,3231.2813522597785,3886.3859102399474,8.115597053184405,32.69991673707735,45.792633357699124,2757.6684907377576,55.163675928876394,124.23718071862095,0.13374602109903228,99.15569909771295,50.166728989451656,2666.024531333826,21.911987045644526,56.255381312855384,3269.565120320967,20.28807735566699,74.72435685690277,38.02084482879337,284.39743571821225,105.7983196863506,99.10285899537787,32.129497438909596,15.312558900560873,18.841368072502952,5.59860646103619,13.17097826886649,5.040985861816922,32.73286961348997,21.40762210315944,14.242859958354265,0.705125470315561,12.242789175492824,6.704509652604425,8.545068518377331,4.227155822814416,0.006573293179000534,0.29286379983958816,0.16595249111794821,53.644194547179346,45.35871607949619
18.0,0.2136673735074438,3222.427201293099,3858.721443063534,8.1647361370599,32.86339341672734,45.65616021815288,2758.9893783823286,54.94894820370674,124.24794109463235,0.14119128577197096,99.23722760773705,51.10713874553527,2666.2784900423985,22.099741983906092,53.540494931002506,3270.863463262216,20.246747339134014,74.72075570521517,38.862778942929204,284.28663532900623,105.7690905781283,99.08749052261572,32.129497438909596,15.312558900560873,18.841368072502952,5.59860646103619,13.17097826886649,5.040985861816922,32.73286961348997,21.40762210315944,14.242859958354265,0.705125470315561,12.242789175492824,6.704509652604425,8.545068518377331,4.227155822814416,-0.007771426753827015,0.28335976949969177,0.17946115172706753,54.563483141356144,44.40451184092732
18.05,0.2145645189529014,3199.8371432280505,3915.241814393095,8.195792648170569,32.77816969857058,45.980951276490536,2757.341373156455,54.97256277029675,124.2159855258679,0.13999683027413667,99.12336616033006,51.43360031349988,2666.211803656849,22.031591358891653,54.27082036737797,3269.5969414095243,20.346079521276792,74.69222731370128,38.40386467800617,284.56168457739227,105.81460768275848,99.0474164097425,32.38623586419676,15.211189669582264,19.102395999481526,5.1682522286608155,13.259078362495938,5.1146203499609655,32.78985285925093,21.449917746250442,14.04322730600166,0.37209459876886297,12.486897795787785,6.66692481434476,8.447958450092912,4.169460244734564,-0.007771426753827015,0.28335976949969177,0.17946115172706753,54.563483141356144,44.40451184092732
18.1,0.21601531084930398,3227.680130669622,3888.0202843620973,8.138840390461576,32.86853202483056,46.227608515398025,2758.2068993410558,55.577715381282424,124.2311651742116,0.1438997340093386,99.16989484912158,53.287355078228885,2666.5376060528583,22.11460685819467,51.63488092090186,3269.9138615726365,20.349804611948816,74.65647923814632,35.623297012474616,284.33602753556374,105.80827490642974,99.25536902869517,32.38623586419676,15.211189669582264,19.102395999481526,5.1682522286608155,13.259078362495938,5.1146203499609655,32.78985285925093,21.449917746250442,14.04322730600166,0.37209459876886297,12.486897795787785,6.66692481434476,8.447958450092912,4.169460244734564,-0.007771426753827015,0.28335976949969177,0.17946115172706753,54.563483141356144,44.40451184092732
18.150000000000002,0.21435922664909163,3205.180073112104,3894.1091751042472,8.16490128469586,32.67302566492803,45.97504580031828,2759.0035352619448,55.34671249992058,124.24131659420485,0.14488494304470326,99.16235710760901,50.00954818300763,2666.487669611649,21.83443268506332,55.3038789138346,3270.3789056775618,20.130459720431777,74.6492613717,36.0248404592623,284.3915356650869,105.81970748390798,99.08616192085827,32.79575776413374,15.217671460447361,18.664532655408316,5.207015081323442,13.140282701360904,5.141815431985602,32.71882725735098,21.601906531052002,13.819382187271861,0.5175894094640684,12.174992949561974,6.638333356791907,8.416760429714817,4.257903821805218,-0.007771426753827015,0.28335976949969177,0.17946115172706753,54.563483141356144,44.40451184092732
18.2,0.21800199399233613,3206.6885920773384,3933.4693264613784,8.114552916075315,32.69014579391318,45.66917590748723,2758.327859550081,54.90944371191959,124.22626046963381,0.14937268074241675,99.14896143611647,51.72943902465723,2666.9674865174716,22.076780182989868,54.79491180377178,3270.71601938673,20.666030752239827,74.67656970210649,37.370833964732064,283.8951215005099,105.83109298939134,98.7287782658386,32.79575776413374,15.217671460447361,18.664532655408316,5.207015081323442,13.140282701360904,5.141815431985602,32.71882725735098,21.601906531052002,13.819382187271861,0.5175894094640684,12.174992949561974,6.638333356791907,8.416760429714817,4.257903821805218,-0.007771426753827015,0.28335976949969177,0.17946115172706753,54.563483141356144,44.40451184092732
18.25,0.21542027375262146,3202.2505557900245,3919.055614538555,8.20465069013678,32.5065633105882,45.846861404699325,2758.7862781228337,55.00233018427167,124.22500857448011,0.15234122338411238,99.11330330632867,52.955244911620916,2666.2793513755696,22.052091555027467,56.00049883162313,3269.799454838327,20.229852314513565,74.65256300162171,38.439928255022856,284.37483145297944,105.82831099009526,99.272046697772,32.134030013425644,15.257053940651542,18.900310755454395,5.258904869033338,13.100656627062959,5.135172932277397,32.68102894133479,21.292278208705998,13.775208640120225,0.5582661526109836,12.00728140230313,6.628250453176359,8.538060494436737,4.218104102431082,-0.01082097799593543,0.29937297616315545,0.1467730952313982,54.131250813055985,44.935181041919265
18.3,0.21153688163244663,3166.049675591645,3926.8125096719236,8.165607143879638,32.7071291549301,45.67425999417901,2758.4679779506123,55.526277190211644,124.21472357249615,0.15122348500601773,99.0848575154067,51.944366938854664,2666.284031388056,22.152731915360974,56.740019548764124,3269.8614320526644,20.491467951980063,74.63618268907155,37.61449390465059,284.2258680787829,105.82913446882837,98.95479979099025,32.134030013425644,15.257053940651542,18.900310755454395,5.258904869033338,13.100656627062959,5.135172932277397,32.68102894133479,21.292278208705998,13.775208640120225,0.5582661526109836,12.00728140230313,6.628250453176359,8.538060494436737,4.218104102431082,-0.01082097799593543,0.29937297616315545,0.1467730952313982,54.131250813055985,44.935181041919265
18.35,0.215070890263458,3251.43468449635,3914.4836899299444,8.145091619528257,32.7609273288122,45.910872656099066,2759.0286389258276,54.554434891193544,124.2149639944551,0.1545681821323938,99.17782839020671,52.43808222640772,2667.9407722074498,21.867360452863913,54.46746900364989,3270.892460787139,20.337507103470916,74.64065567212232,37.641776351970485,284.4680889446608,105.8469318040085,99.33524098923276,32.250516866828946,15.280009691506272,18.602867775262595,5.246356945044681,13.759199425967898,5.123241507222671,32.63443321320767,21.45065277385914,14.126978563045533,0.5578202418882428,11.941024372617205,6.68106642441917,8.47000490333987,4.2636348663483625,-0.01082097799593543,0.29937297616315545,0.1467730952313982,54.131250813055985,44.935181041919265
18.400000000000002,0.21459961905511915,3202.6279912668324,3889.6059014181496,8.176099138081476,32.719774101365076,45.68933936995958,2759.8358370486526,54.97783627440997,124.23455878029876,0.16226746335100142,99.19290081694565,53.04082416718455,2667.7296935133986,22.107140223484386,54.088677209715485,3271.6364963713427,20.46875232196043,74.64539612283681,39.56676570015327,284.11598718509396,105.8195488551936,98.97447808948664,32.250516866828946,15.280009691506272,18.602867775262595,5.246356945044681,13.759199425967898,5.123241507222671,32.63443321320767,21.45065277385914,14.126978563045533,0.5578202418882428,11.941024372617205,6.68106642441917,8.47000490333987,4.2636348663483625,-0.01082097799593543,0.29937297616315545,0.1467730952313982,54.131250813055985,44.935181041919265
18.45,0.21471211551458635,3237.519676931553,3928.3235918266196,8.195091233737863,32.66384148701973,46.02811562876486,2758.584503315168,55.294767586460374,124.21703334793689,0.1628781299920354,99.07197647480871,51.31396513508044,2667.2861053493716,22.063725915952695,53.90993316772555,3270.7190652484487,20.336233105508356,74.63209042189682,37.87909894892637,283.8012320462355,105.83400020329556,99.06042073122018,32.312303422161904,15.29239652205103,18.54832766572364,5.491580853549483,13.248965722114486,5.144633078087834,32.89151980301566,21.451864740458003,13.86279171677698,0.61628043364386,11.897145837239593,6.671732119914134,8.505970614294805,4.2775908798964295,-0.01082097799593543,0.29937297616315545,0.1467730952313982,54.131250813055985,44.935181041919265
18.5,0.21191931638844175,3208.3375874093194,3912.7274386489707,8.12672164092074,32.80655944203572,45.80408015049262,2759.3130207903987,55.612214661634,124.2121666590561,0.16704462150407792,99.16288139643186,51.221463859283205,2667.2538686849857,22.252740481519066,55.64800120949083,3271.0684554048084,20.52486852278832,74.64118818442367,39.236234094355375,284.10191553150025,105.83142082546206,99.03153814976746,32.312303422161904,15.29239652205103,18.54832766572364,5.491580853549483,13.248965722114486,5.144633078087834,32.89151980301566,21.451864740458003,13.86279171677698,0.61628043364386,11.897145837239593,6.671732119914134,8.505970614294805,4.2775908798964295,0.0018417719139187782,0.29242500056927634,0.16102155734675733,53.69812510662423,44.196537979814146
18.55,0.2104520309047266,3200.033825067136,3898.3276092621395,8.240620782250184,32.63477408658232,45.79734931378694,2759.4471190499767,54.5874427441108,124.24059423990396,0.16783539390949737,99.19714187522258,51.70851881321723,2667.3722563991364,22.110701297597686,55.00110532335472,3271.5029648849077,20.305146545171322,74.61573010953371,38.95136095908449,283.9674627673529,105.83268120756132,99.17146373826199,32.07396994618025,15.361639066467536,19.277320173374257,5.173622634491503,13.242954281494963,5.11210075396923,32.57074034957727,21.464931525595464,13.451010274443568,0.6208860155680391,11.801004760545416,6.694672548731285,8.447757888934287,4.110957793107033,0.0018417719139187782,0.29242500056927634,0.16102155734675733,53.69812510662423,44.196537979814146
18.6,0.21240846194872579,3238.1234896254214,3932.6495948333627,8.061073493937918,32.72871227380994,45.50271014706403,2759.740030265078,55.27781058426405,124.24554868928011,0.17358440729966693,99.2290356499886,52.39443645224891,2668.0429337247256,21.949087903642184,55.6498902486326,3271.550447197894,20.358961763553094,74.64250367813607,35.88243464798184,284.08585767763407,105.84439633081507,99.09955637142345,32.07396994618025,15.361639066467536,19.277320173374257,5.173622634491503,13.242954281494963,5.11210075396923,32.57074034957727,21.464931525595464,13.451010274443568,0.6208860155680391,11.801004760545416,6.694672548731285,8.447757888934287,4.110957793107033,0.0018417719139187782,0.29242500056927634,0.16102155734675733,53.69812510662423,44.196537979814146
18.650000000000002,0.21272669946202338,3223.2832922561583,3906.0779998872026,8.181833450879239,32.33242682228353,45.91769365321318,2758.760490317122,55.47701857973906,124.22054956912557,0.17599144206177966,99.15799143034053,50.11227933142225,2667.2509409350546,22.042531945835126,56.24100013627132,3270.591163046816,20.330721063742253,74.65071135437859,38.238931413588084,283.69634727765066,105.83319276155406,98.93908317339184,32.01417584183327,15.151666774696679,18.86646123528704,5.214685193167653,13.122529316965528,5.189935618674895,32.38966632401483,21.441024711623246,14.362641147021371,0.6599193947400763,12.382778161134238,6.741036457779718,8.380372388289178,4.250674293377197,0.0018417719139187782,0.29242500056927634,0.16102155734675733,53.69812510662423,44.196537979814146
18.7,0.21883958868478856,3219.407319890734,3913.5767464138585,8.095314314678703,32.57264030108188,45.57474981886002,2757.969076853507,54.599180668211325,124.228973556606,0.17781831930867403,99.12771654125704,52.09705929532467,2665.7666322345676,22.058765499800394,55.4601076246669,3269.0426226826717,20.372675362798365,74.65206162372066,35.158576537263414,284.1061262500513,105.84577857562105,98.90958304884249,32.01417584183327,15.151666774696679,18.86646123528704,5.214685193167653,13.122529316965528,5.189935618674895,32.38966632401483,21.441024711623246,14.362641147021371,0.6599193947400763,12.382778161134238,6.741036457779718,8.380372388289178,4.250674293377197,0.0018417719139187782,0.29242500056927634,0.16102155734675733,53.69812510662423,44.196537979814146
18.75,0.21793346739515831,3215.883813580705,3909.2312565272273,8.088232002780822,32.88522307807075,46.012004150245225,2757.8869776552033,54.34726113101672,124.21888191286652,0.17755706732757778,99.18341563357946,49.13504164905122,2666.2998912999824,22.080158077265583,56.90318237292429,3269.6033155399673,20.477180529523327,74.6706816924883,37.14299868669468,283.5301692360718,105.83655887790528,99.13428339755116,31.914097859948882,15.3711338536958,19.32003781267254,5.282577337568305,13.205297919030128,5.154227419326685,32.584622747696585,21.467521456619004,14.065808101817982,0.7093023726466743,11.770148485193582,6.728133565234546,8.451443003840742,4.189653402403764,-0.001732219881565195,0.300910031566129,0.1498411146875297,54.24848081018843,44.30580576562005
18.8,0.219013502972795,3218.4378718380663,3868.0820008024875,8.184916784107152,32.733838636803064,45.96648807434032,2757.318498679711,54.87758448820008,124.22144258149024,0.1782786727068643,99.1480420123937,51.829372093351814,2665.0497532834806,22.223849414017693,56.25670860289197,3269.1665501623197,20.320341945071494,74.65814985714472,37.8056075544976,283.399302540144,105.83396814672443,98.70183163897265,31.914097859948882,15.3711338536958,19.32003781267254,5.282577337568305,13.205297919030128,5.154227419326685,32.584622747696585,21.467521456619004,14.065808101817982,0.7093023726466743,11.770148485193582,6.728133565234546,8.451443003840742,4.189653402403764,-0.001732219881565195,0.300910031566129,0.1498411146875297,54.24848081018843,44.30580576562005
18.85,0.22337923429175335,3194.7240776469953,3930.337016156045,8.1566598427319,32.620576430417564,45.7881869515825,2755.697090474435,54.8710192925282,124.24654645062213,0.17253469238504263,99.11787709146553,52.04489259804333,2665.2250062451735,22.043313364241634,54.848063997971124,3267.6335509503406,20.336821246312372,74.65141063726013,36.45482738709184,283.3996712587009,105.84426877945353,99.07970305308427,31.959348504358672,15.278114026432851,18.727963257473956,5.475545329923007,13.329249863299582,5.123899553916005,32.80883601981782,21.842742299633038,14.38955606441019,0.5488563068104355,12.041090593163865,6.7381784446077635,8.42863039307275,4.116578512985239,-0.001732219881565195,0.300910031566129,0.1498411146875297,54.24848081018843,44.30580576562005
18.900000000000002,0.22602730052635306,3219.8040836056734,3895.9488916052806,8.11054159912007,32.71922365765384,45.9708486984615,2757.787815029275,54.20862528533497,124.23268186729369,0.1732233606490452,99.23783890546751,51.737731148559604,2666.3364089010943,21.92194521802255,53.91019188140094,3269.309208853218,20.24604782495168,74.66853169009322,35.95426583564512,283.2313206910133,105.82689704102678,98.92484700274804,31.959348504358672,15.278114026432851,18.727963257473956,5.475545329923007,13.329249863299582,5.123899553916005,32.80883601981782,21.842742299633038,14.38955606441019,0.5488563068104355,12.041090593163865,6.7381784446077635,8.42863039307275,4.116578512985239,-0.001732219881565195,0.300910031566129,0.1498411146875297,54.24848081018843,44.30580576562005
18.95,0.22440021234286137,3220.4107190791847,3935.4642361856368,8.191122128201485,32.29382584572534,46.246580224804575,2756.9602619752877,53.62833247737361,124.23435133543917,0.17464229417395888,99.18425545832613,53.09049624559034,2664.932278494247,22.053635175236554,54.694607031600704,3268.4077578653437,20.077345213752437,74.66269714459565,37.257593783426415,283.30319405820063,105.83780557510372,99.04807731007091,32.077997275725835,15.523112713510173,18.915588315036565,5.313381732189284,12.954460610965299,5.143005102076906,32.92393395468972,21.627670326369188,14.03497776754306,0.6550787477563459,11.65625398822479,6.726047800147023,8.506254338333584,4.134952101776286,-0.001732219881565195,0.300910031566129,0.1498411146875297,54.24848081018843,44.30580576562005
19.0,0.22176487287910956,3228.5144373254234,3914.5500079852704,8.133139930283601,32.423813282957916,45.9050854677488,2757.7615449499954,54.66551451015633,124.23056760429448,0.17865345272273145,99.17497765420933,53.17616892181915,2665.3841825289946,22.020631515861087,54.727370375779174,3269.1135427969025,20.313934046979895,74.6588681999661,38.86130250698759,283.35409095677886,105.85491005630968,98.86601281254732,32.077997275725835,15.523112713510173,18.915588315036565,5.313381732189284,12.954460610965299,5.143005102076906,32.92393395468972,21.627670326369188,14.03497776754306,0.6550787477563459,11.65625398822479,6.726047800147023,8.506254338333584,4.134952101776286,0.020393491877004417,0.29123215125553376,0.14565529237906427,53.51403564879332,43.00546381331442
19.05,0.2214839517236369,3213.245185549131,3899.765453959045,8.076269879004403,32.6243969860154,45.54315977416786,2756.9875462363975,54.15808927185029,124.2233395872875,0.17501076356199888,99.08682763045222,51.88347051585548,2664.837587450708,21.989951789604874,55.26521004303187,3267.7787603542924,20.13765077325131,74.64499933779764,36.42845585216303,283.63582477558487,105.85520104728195,98.8898019932902,31.890376721180452,15.40314664599545,19.236459468225284,5.3466463746800414,13.417725034361094,5.158548267744611,32.638361501592875,21.50743444353503,14.394310635492536,0.5160450820692568,12.13813589547191,6.76305047795788,8.384161349420083,4.204019793938723,0.020393491877004417,0.29123215125553376,0.14565529237906427,53.51403564879332,43.00546381331442
19.1,0.22314768091344864,3185.6692993842316,3904.015711491195,8.187707343614981,32.38104801032392,45.618370213538974,2757.460816576183,54.85141549693584,124.24056331611025,0.1741223113215654,99.1856072743854,52.694121038670126,2665.5648062602563,22.19754826531211,54.75586239796583,3268.598815388753,20.357600858894873,74.63951901986674,37.37051267087693,283.36735421414716,105.84292294131535,98.95111709072708,31.890376721180452,15.40314664599545,19.236459468225284,5.3466463746800414,13.417725034361094,5.158548267744611,32.638361501592875,21.50743444353503,14.394310635492536,0.5160450820692568,12.13813589547191,6.76305047795788,8.384161349420083,4.204019793938723,0.020393491877004417,0.29123215125553376,0.14565529237906427,53.51403564879332,43.00546381331442
19.150000000000002,0.2257105436600264,3179.0851459815217,3937.33353171046,8.1477793717806,32.38615756151389,45.98385287005633,2756.5106478799103,54.97810351371709,124.24374859464551,0.17103005766957072,99.08808474688712,52.86438664537358,2664.450849814166,21.971152207771443,54.58497275894164,3266.7445214209156,20.19779818279106,74.63717763251236,39.02568176932841,283.4849298441118,105.88299277328827,99.1028045890454,32.0583951139,15.606645003588223,18.892277457897485,5.3227435688773195,13.717936254065945,5.156740402331115,32.13567815905432,21.69401130787608,13.887135438366588,0.646863144238229,12.060031802263698,6.775191941525154,8.303001384605086,4.200961548500422,0.020393491877004417,0.29123215125553376,0.14565529237906427,53.51403564879332,43.00546381331442
19.2,0.22686862956777837,3203.7029888615116,3893.7480926899525,8.10379913037633,32.44855597777076,45.502053662071035,2757.79962849574,54.13425279430616,124.2369787061767,0.17414299988148801,99.26134686831216,49.83665892506966,2665.800234785305,22.181557984453004,56.789654230636195,3268.2184787208403,20.412497501687387,74.65301038934011,36.08334850217406,283.4782820268351,105.85250119641032,99.17506425313941,32.0583951139,15.606645003588223,18.892277457897485,5.3227435688773195,13.717936254065945,5.156740402331115,32.13567815905432,21.69401130787608,13.887135438366588,0.646863144238229,12.060031802263698,6.775191941525154,8.303001384605086,4.200961548500422,0.020393491877004417,0.29123215125553376,0.14565529237906427,53.51403564879332,43.00546381331442
19.25,0.2264223582878816,3192.2721225037626,3935.3618361540816,8.14091941675728,32.293139116163076,45.64552913344527,2756.4767202489643,54.43365441800685,124.22331848735723,0.17215622238103456,99.19124625606355,50.9133372124011,2664.9632036354283,21.977026229768548,55.80520627260982,3267.8088263022764,20.296914055883015,74.65608488508273,38.702947614632556,283.27432875289526,105.85871147504187,98.82321032032482,31.89361514789858,15.455761429221303,18.700941099964425,5.304452470140581,13.167384492581048,5.177878099198615,32.521885175423904,21.581370804184036,13.891579873208606,0.7266529980881946,12.448156369076996,6.714571844256606,8.465236489410513,4.149069115800578,-0.002715985574379933,0.29971545171137776,0.17153447680092637,54.19930959569994,44.129718955063495
19.3,0.22715381380583916,3201.086067345243,3874.286174272712,8.104079579119192,32.55918078794686,45.71598711509636,2754.8758267608955,54.54947596871835,124.22737631939107,0.16985134963554985,99.07601738271015,51.67765265745226,2664.2135199558375,21.90957606448313,55.81867724375441,3266.65783646066,20.692361744625227,74.63767690318448,36.796783706233114,283.2548477941451,105.86415410254241,98.97427294729769,31.89361514789858,15.455761429221303,18.700941099964425,5.304452470140581,13.167384492581048,5.177878099198615,32.521885175423904,21.581370804184036,13.891579873208606,0.7266529980881946,12.448156369076996,6.714571844256606,8.465236489410513,4.149069115800578,-0.002715985574379933,0.29971545171137776,0.17153447680092637,54.19930959569994,44.129718955063495
19.35,0.22211966987429252,3227.0612360141995,3871.2487557556933,8.11765437475418,32.62556833132401,45.92435963677529,2756.4839226527433,54.28198522813298,124.24829933138811,0.16551088519040574,99.22252844698457,53.846347282727756,2665.322631646998,22.227657032869573,54.753305780036236,3268.8725360029525,20.248969855744082,74.65314768361941,37.00621345619379,283.1127508513739,105.86793202575521,98.80144505789949,32.0481330714129,15.599459157120362,19.30979051004232,5.282064004215778,13.007592933928182,5.13685339462916,32.222938360278114,21.765221792288447,13.676362126970194,0.5558315923992213,12.01874158708953,6.707096211106889,8.553368052876445,4.114131607319741,-0.002715985574379933,0.29971545171137776,0.17153447680092637,54.19930959569994,44.129718955063495
19.400000000000002,0.22451329560688368,3181.6359766707865,3878.2154015156725,8.210631871713264,32.66603103207783,45.73441363923133,2757.174959425119,54.10596853570912,124.22611905295184,0.1685629607705703,99.19066993196,50.122106888620955,2665.5570055418507,21.93984840300285,55.9828833416736,3268.0356417896573,20.54278267251299,74.62898854490288,37.90505651162243,283.39571740897657,105.86045572128994,99.1177944158102,32.0481330714129,15.599459157120362,19.30979051004232,5.282064004215778,13.007592933928182,5.13685339462916,32.222938360278114,21.765221792288447,13.676362126970194,0.5558315923992213,12.01874158708953,6.707096211106889,8.553368052876445,4.114131607319741,-0.002715985574379933,0.29971545171137776,0.17153447680092637,54.19930959569994,44.129718955063495
19.45,0.22576283794870858,3183.525328199352,3902.514391524317,8.219778301063574,32.251251461262484,45.496708530323836,2756.7628681999504,54.40004851510063,124.22758959132172,0.16592352678915387,99.16499065792192,50.820920870331754,2665.386545454783,22.009565259875398,55.034969458163104,3268.243172569833,20.57906240499623,74.63683121091809,36.89999157001482,282.9240642234153,105.84782998901939,98.79538413466803,32.02435896340393,15.233945332239744,18.556504976721666,5.34846130914665,13.13973870097665,5.237623462408313,32.13637307664876,21.459407828534605,14.313013207125254,0.6293906094316566,11.877279420484886,6.755770936133124,8.384670470552274,4.1507331452714755,-0.002715985574379933,0.29971545171137776,0.17153447680092637,54.19930959569994,44.129718955063495
19.5,0.22871483313756324,3198.5186424467356,3896.002919962393,8.09135435329051,32.55978168879292,45.962058887910075,2756.372650309029,54.868013519587365,124.2217982053072,0.16774471700726998,99.15989754794695,50.76223775943707,2664.6048595365924,22.17149046427869,53.735181130236725,3267.2474057506392,20.5760891080825,74.63810555074797,37.182871974167796,283.03149389850796,105.87756058917402,99.04548314668679,32.02435896340393,15.233945332239744,18.556504976721666,5.34846130914665,13.13973870097665,5.237623462408313,32.13637307664876,21.459407828534605,14.313013207125254,0.6293906094316566,11.877279420484886,6.755770936133124,8.384670470552274,4.1507331452714755,-0.0010141363949849377,0.291875744290657,0.17778548359761068,53.50579724275206,43.79401704579329
19.55,0.22611838569360987,3189.374621052916,3901.3516221674104,8.04999225415299,32.37122915614574,45.618303159379835,2756.6997582762497,54.901287296188386,124.21064896536996,0.16824510076331725,99.22710207051857,50.94899616758672,2665.012734683396,22.168772274329775,55.12420941074881,3268.720508684838,20.47303231916951,74.64954378091669,38.745369176546916,282.39190408459996,105.84586649954332,98.73823596221742,31.811742470044585,15.439392883297854,19.23423809740217,5.425712562215234,12.84051751551834,5.180106172684717,32.44439220623073,21.612999421442126,13.605281548957713,0.6236664544710625,12.074407924705902,6.751821920549385,8.464384909464059,4.211099872182865,-0.0010141363949849377,0.291875744290657,0.17778548359761068,53.50579724275206,43.79401704579329
19.6,0.22373727266251905,3201.3066093299813,3908.653981306201,8.164572928925638,32.09728923279328,45.74384428737329,2757.440598387911,54.1487137167898,124.22586879913004,0.168194178833184,99.19059835932288,52.21310724200043,2665.3449095645556,21.8992812656198,55.52682332160993,3268.463901797884,20.345137547669363,74.63153842809601,38.30715877384921,282.67142199990934,105.85024568883229,98.98730267803187,31.811742470044585,15.439392883297854,19.23423809740217,5.425712562215234,12.84051751551834,5.180106172684717,32.44439220623073,21.612999421442126,13.605281548957713,0.6236664544710625,12.074407924705902,6.751821920549385,8.464384909464059,4.211099872182865,-0.0010141363949849377,0.291875744290657,0.17778548359761068,53.50579724275206,43.79401704579329
19.650000000000002,0.2268230206554288,3201.7829233591624,3888.0159002195655,8.106704312108993,32.60585733414536,45.63856173687542,2756.737426008515,55.34383678881492,124.2271959041852,0.16932544092482604,99.1191292062202,51.20589021437025,2664.8151744074967,21.909617670643225,55.94284224862855,3268.255335484028,20.44737798486423,74.65932270679171,39.28375652133006,282.90028608352793,105.87091998077688,98.73095494913281,31.75529295236865,15.410034840216802,19.300333728111635,5.25924195765488,13.292415748826022,5.157572124912669,31.83348644037457,21.75664441831365,14.083150641679476,0.6804925558993391,12.36805753884543,6.726351329537961,8.422446825949995,4.191338618063967,-0.0010141363949849377,0.291875744290657,0.17778548359761068,53.50579724275206,43.79401704579329
19.7,0.22963580741426778,3166.4064824060592,3893.962018412383,8.055129235944243,32.149518729070294,45.79111698913369,2756.323514205647,55.09723047242395,124.2460333685912,0.16379364490007065,99.17438541253703,54.09887111502046,2664.8984637921385,22.316275168563518,55.92508433218092,3268.510135288102,20.341512337186384,74.61536829154473,37.03645907712638,282.9367060026413,105.87484466794461,99.07916310197021,31.75529295236865,15.410034840216802,19.300333728111635,5.25924195765488,13.292415748826022,5.157572124912669,31.83348644037457,21.75664441831365,14.083150641679476,0.6804925558993391,12.36805753884543,6.726351329537961,8.422446825949995,4.191338618063967,-0.0010141363949849377,0.291875744290657,0.17778548359761068,53.50579724275206,43.79401704579329
19.75,0.23347605534646415,3225.644893741146,3877.2755970663516,8.137694516910521,32.36788931047583,46.023511470028915,2756.8618682107967,55.04687714280376,124.23728473324913,0.16757118498527743,99.21358999602657,51.769459515663385,2665.0305671785113,22.132834895149383,56.936562601974146,3268.415376633796,20.300401582013382,74.64181717668116,36.097106186079166,282.75890005781395,105.83532925363278,98.72863341613285,31.977508257004338,15.377778077455117,19.206527333875144,5.341951663889542,13.25944527565896,5.192935326638373,32.81926093244967,21.678750735642165,13.825848469730541,0.5869534753066663,11.918211317756894,6.788023101585941,8.542672052660478,4.242857512143014,-0.0024549689242310537,0.2857167548214677,0.15909372041137199,53.166012412519116,44.97468588953122
19.8,0.23379688562729986,3217.097286605428,3878.864362374244,8.072681757925848,32.51000614766331,45.48549645187485,2756.615538222405,54.955947531229896,124.23282402409536,0.1633177322678411,99.17084946988832,50.53070513857297,2663.581647997651,21.926868851649694,54.31358981336686,3266.8811643717468,20.396855068498514,74.63491087510559,38.2394414213243,283.04121803649224,105.86529545187722,98.90662574898026,31.977508257004338,15.377778077455117,19.206527333875144,5.341951663889542,13.25944527565896,5.192935326638373,32.81926093244967,21.678750735642165,13.825848469730541,0.5869534753066663,11.918211317756894,6.788023101585941,8.542672052660478,4.242857512143014,-0.0024549689242310537,0.2857167548214677,0.15909372041137199,53.166012412519116,44.97468588953122
19.85,0.23507737731231623,3248.7509226787874,3931.5043134922544,8.13046048732118,32.3162643458957,45.672937694567054,2755.1488946379955,55.05384611489445,124.22978937997657,0.16106010535010806,99.07489317938854,52.844040618037944,2663.9173366087457,22.074095059988803,55.290688193330666,3266.121258264794,20.360528507762307,74.62601909179219,37.86721044495501,282.6085110323841,105.85044005306437,98.7428278397932,31.953344745608824,15.442073772420276,19.00745928310052,5.2989171917959785,13.837240756989091,5.228490796568315,32.49786960040889,21.87171124826728,14.22104234891621,0.5865626694854895,12.151033591669384,6.804881496670648,8.44284305737366,4.151142150148099,-0.0024549689242310537,0.2857167548214677,0.15909372041137199,53.166012412519116,44.97468588953122
19.900000000000002,0.23587066610145974,3206.4592164771625,3868.0649964074128,8.101534127889552,32.45603510011977,46.2325879092915,2755.730951628179,54.60099233340103,124.22042902020087,0.15768149902428724,99.18303264707865,52.55718357843452,2663.4821549832573,21.885493170428614,54.653426607543224,3267.2068458801723,20.307214797152128,74.62081188248278,37.584930782259235,282.45998018404094,105.84348140582443,98.7088604252367,31.953344745608824,15.442073772420276,19.00745928310052,5.2989171917959785,13.837240756989091,5.228490796568315,32.49786960040889,21.87171124826728,14.22104234891621,0.5865626694854895,12.151033591669384,6.804881496670648,8.44284305737366,4.151142150148099,-0.0024549689242310537,0.2857167548214677,0.15909372041137199,53.166012412519116,44.97468588953122
19.95,0.23436092494156266,3184.897583939391,3917.2495573959445,8.095095548996715,32.783487460766,45.43439951903274,2755.313507677993,54.21127202594139,124.21738389832151,0.1560303193060329,99.0572474017069,49.704941221121715,2663.598130025772,21.984989253089452,54.37700765695405,3266.481393266542,20.453703485918304,74.61654573099871,37.757037763548304,282.3326038444971,105.8542635466662,98.81055546764038,31.607554912441035,15.418464719337676,18.847905142195273,5.350340909915977,13.315301625588544,5.202143989900738,32.0876767759432,21.83500679571065,14.173141071799465,0.6327613275621465,12.062623560260992,6.754969593587541,8.515978872325194,4.0898483074474115,-0.0024549689242310537,0.2857167548214677,0.15909372041137199,53.166012412519116,44.97468588953122
20.0,0.23663475401320597,3188.6816551981865,3885.619081621426,8.155594696840042,32.19847468325262,46.14776854117373,2756.7684460800647,55.022635467843784,124.2354504652566,0.15582135463816915,99.21314866761483,49.227768857692894,2665.026780481163,21.93534929395919,55.05403699307728,3267.971100855231,20.302168767216138,74.62976230646943,36.66438217619594,282.6857945440134,105.83548570818338,99.0400371510617,31.607554912441035,15.418464719337676,18.847905142195273,5.350340909915977,13.315301625588544,5.202143989900738,32.0876767759432,21.83500679571065,14.173141071799465,0.6327613275621465,12.062623560260992,6.754969593587541,8.515978872325194,4.0898483074474115,0.009122034995613867,0.30275847919974325,0.13391343218356933,54.19958324194982,45.0492394869069
20.05,0.2332323850357025,3232.2000785001424,3898.116271040772,8.145312628726181,32.534043155973166,45.93372616267899,2755.1425258816475,55.48377594330239,124.21344607034267,0.15260287921248517,99.05136799126419,50.07355189466681,2663.2488467996554,21.954035686877454,57.250322775063715,3266.7673665341645,20.244837133969305,74.60714711697419,36.80705564933883,282.5586530117241,105.87921865751264,98.54128772776617,31.868065022265263,15.46127789802306,18.539304551569558,5.446087982793702,13.599160077774942,5.217440033987572,31.877478646291884,21.7572894184067,14.05217169378986,0.7061697378116976,11.835953441608256,6.84110694763871,8.398485080306761,4.263439495244431,0.009122034995613867,0.30275847919974325,0.13391343218356933,54.19958324194982,45.0492394869069
20.1,0.2345091890206522,3246.1555705615237,3899.8989357348946,8.10723855198796,32.710842759360155,45.64194086565898,2756.9087538157837,54.53211953238864,124.2489624495876,0.14893813761692484,99.16895490721089,51.27196704664877,2665.1125088794543,22.147757049379887,55.87831857172191,3267.486041813044,20.581619979716535,74.6095989844496,35.89695030679816,282.7467393009623,105.86139812618707,99.13192968187057,31.868065022265263,15.46127789802306,18.539304551569558,5.446087982793702,13.599160077774942,5.217440033987572,31.877478646291884,21.7572894184067,14.05217169378986,0.7061697378116976,11.835953441608256,6.84110694763871,8.398485080306761,4.263439495244431,0.009122034995613867,0.30275847919974325,0.13391343218356933,54.19958324194982,45.0492394869069
20.150000000000002,0.23283857472027772,3235.345210930519,3916.8721873443633,8.21908802262776,32.344272469552784,45.72191105295476,2757.478225354109,55.1851485044322,124.23083701770878,0.14985868538482083,99.15838880303312,51.476114327790135,2664.791215308107,21.92245811481681,56.85484268337851,3269.093249856154,20.434563284264065,74.60820346368158,38.48365048087909,282.81249297105745,105.85993621435354,98.83847585722589,31.885505912579752,15.545589182705887,18.645202771012084,5.319660087957128,13.10027261120187,5.200014853407762,32.04475374806279,21.75937709792365,13.960675498001521,0.7391662922054868,12.607377627125262,6.858686236042332,8.446111780947458,4.168889744251111,0.009122034995613867,0.30275847919974325,0.13391343218356933,54.19958324194982,45.0492394869069
20.2,0.23057097678131488,3202.4387569868363,3883.1594884671713,8.085764343773436,32.25324684803908,45.71852075418383,2758.0788234335373,54.338889091691215,124.23534663287583,0.15876182232181002,99.17616516164651,49.92334901435091,2666.65782241079,22.180079469132338,54.57921770225426,3269.329800118581,20.233807604585934,74.61549770004731,37.12408204660195,282.2856702149331,105.85328777852138,98.78071048254354,31.885505912579752,15.545589182705887,18.645202771012084,5.319660087957128,13.10027261120187,5.200014853407762,32.04475374806279,21.75937709792365,13.960675498001521,0.7391662922054868,12.607377627125262,6.858686236042332,8.446111780947458,4.168889744251111,0.009122034995613867,0.30275847919974325,0.13391343218356933,54.19958324194982,45.0492394869069
20.25,0.22951983375499074,3208.6419487904072,3910.2004243341194,8.107619759656215,32.84947737956126,45.57224193711137,2757.6727457236793,55.39370626821268,124.22708396605024,0.15240096056443309,99.06258011336747,50.3419075486127,2665.262972242612,21.99092513290313,56.72119884348428,3269.400272455948,20.406445560942334,74.58849027808006,38.46330945300967,282.6431798073627,105.85975899337623,98.8873455531595,31.773225507014093,15.5062472609548,19.183064083908814,5.3837229298560105,13.370976270808331,5.237214302458116,31.830025651277417,21.805793649661254,13.791663608907095,0.6114309093614636,12.032786521318766,6.826490063704398,8.53764178764767,4.1795012523745445,-0.008730878758654834,0.28173992013760574,0.1736853006150208,54.14053910266202,44.517332346311925
20.3,0.22935087603561063,3210.0744914948095,3882.911219213856,8.06344268445949,32.49316134497567,45.590298580957835,2757.7696640231025,55.68201652365807,124.20640118479858,0.16020882452047874,99.1193711446766,52.09393196692701,2666.647279655106,22.242123606735564,56.211478500677856,3270.0001332699053,20.41212297129289,74.5828227624824,37.89437184780178,282.52873227377745,105.87535660487806,98.83030882112561,31.773225507014093,15.5062472609548,19.183064083908814,5.3837229298560105,13.370976270808331,5.237214302458116,31.830025651277417,21.805793649661254,13.791663608907095,0.6114309093614636,12.032786521318766,6.826490063704398,8.53764178764767,4.1795012523745445,-0.008730878758654834,0.28173992013760574,0.1736853006150208,54.14053910266202,44.517332346311925
20.35,0.23165074304610037,3229.6177391028527,3931.797771443749,8.208838844338446,32.11300466701963,45.71592648884646,2757.805091577681,55.00531229877672,124.22307199807946,0.1586501612961224,99.05855374643359,50.979731967349224,2665.702592947678,22.129630180576896,53.747228618964456,3269.2054540432237,20.263894814818645,74.56491784460138,39.44757984619807,282.8301260282473,105.88064791043182,98.75606384484456,32.273578995215544,15.572048420354754,18.917243334921473,5.4306864960203685,13.564431524219959,5.218148067223052,31.89384209684591,21.69062485746366,13.935340648380516,0.6331905099664361,12.0688600568195,6.871670805142399,8.45655348469615,4.124263153583887,-0.008730878758654834,0.28173992013760574,0.1736853006150208,54.14053910266202,44.517332346311925
20.400000000000002,0.23369313900844232,3225.198334536392,3871.2211408330813,8.061493498195812,32.86086874403471,45.92794213500874,2759.0041968976348,55.10184086749661,124.23184160875375,0.15961763146150054,99.09328222777403,51.09254396782762,2665.571055871992,21.952209407611296,55.71640621433576,3269.082188362646,20.515467333983025,74.54472826024742,37.726695185899956,282.42850873560354,105.87110750560475,98.63230954733262,32.273578995215544,15.572048420354754,18.917243334921473,5.4306864960203685,13.564431524219959,5.218148067223052,31.89384209684591,21.69062485746366,13.935340648380516,0.6331905099664361,12.0688600568195,6.871670805142399,8.45655348469615,4.124263153583887,-0.008730878758654834,0.28173992013760574,0.1736853006150208,54.14053910266202,44.517332346311925
20.45,0.2333575839009012,3216.971740131526,3925.142709987158,8.181972707119614,32.672234444116945,45.56449574491915,2758.8350683386784,54.21233970779808,124.23283608903068,0.1608629195571952,99.17775276784214,51.24518559263233,2667.242401431352,21.97548507266711,56.501731469461724,3269.750468303236,20.52764670234183,74.56614771661825,36.78541212529382,282.61844673865824,105.89577555594725,99.28718262360152,32.09219030215291,15.555586031445916,18.768755321625488,5.570305227200846,13.260582524485534,5.223724135572362,32.07331728913835,21.49436762676891,13.602258724538387,0.4845580148369324,12.310779245609472,6.853800278267891,8.390154495251554,4.122886675700095,-0.008730878758654834,0.28173992013760574,0.1736853006150208,54.14053910266202,44.517332346311925
20.5,0.23214051302774397,3220.4319814315713,3921.858447235272,8.091714232565389,32.39829385078001,45.626273681853405,2759.3495429324785,55.03135351820719,124.24694043558655,0.16691353651356716,99.2696988801042,51.6006836132074,2667.6567561951274,22.087323008085473,56.08710754009424,3270.7437191477075,20.308961306205198,74.61630777555969,36.876227674761694,282.59076875220114,105.88308965196049,98.9635114590012,32.09219030215291,15.555586031445916,18.768755321625488,5.570305227200846,13.260582524485534,5.223724135572362,32.07331728913835,21.49436762676891,13.602258724538387,0.4845580148369324,12.310779245609472,6.853800278267891,8.390154495251554,4.122886675700095,0.015929322890383804,0.28646425947673376,0.16719511911077323,53.35449101488039,44.21755808655119
20.55,0.23024394493397166,3198.700490753546,3843.9937037140667,8.089918891694525,32.33679870718987,45.59746398714081,2757.409461745287,55.54914544526218,124.22266994709786,0.16953011704066745,99.03838789466364,51.583168806631356,2665.569419391837,22.178278194738247,54.748133696602984,3269.144531936652,20.39762014379632,74.59642153962974,38.241090655900635,282.49916644166314,105.89190532848293,98.78151502964451,31.922819383948223,15.525522280402132,18.91004098354063,5.521057630326838,13.317732217937525,5.226903861371335,32.37714555675965,21.88024797084659,13.775515991882106,0.6736564919997345,12.637573479507727,6.855444544398672,8.402400365478012,4.168903790961599,0.015929322890383804,0.28646425947673376,0.16719511911077323,53.35449101488039,44.21755808655119
20.6,0.23049500496529415,3170.449783753291,3881.642630563825,8.123683923260346,32.16943856398944,45.96642054527901,2758.7026921362462,54.33419786743414,124.24962280880507,0.16940932389663485,99.17155390924785,49.63128022228237,2667.4652325895554,22.03751955728977,55.59328962235287,3270.057570340703,20.420937033251942,74.59132674295958,36.70167556510253,282.5391137251025,105.87419446861166,98.96417762692711,31.922819383948223,15.525522280402132,18.91004098354063,5.521057630326838,13.317732217937525,5.226903861371335,32.37714555675965,21.88024797084659,13.775515991882106,0.6736564919997345,12.637573479507727,6.855444544398672,8.402400365478012,4.168903790961599,0.015929322890383804,0.28646425947673376,0.16719511911077323,53.35449101488039,44.21755808655119
20.650000000000002,0.23095468432171642,3188.717650050429,3853.5497643747904,8.060918572942509,32.541518495015566,45.67839318955564,2757.0789740752725,54.744286941741485,124.22827987771952,0.17574439026241856,99.09104450666902,53.04606205000617,2665.991640397904,21.80971249509309,55.18131154506418,3269.5469172568905,20.431698596813586,74.59864724048539,37.382455393038036,282.1489022302553,105.89341803979765,98.64266855859263,31.94304164857412,15.669642100629387,18.954837288960377,5.290025736951292,13.522677458551014,5.254185401790414,31.681964855826983,21.49383933250611,13.765740126307318,0.7181153564864059,12.28724577571181,6.842349129938617,8.47873964586747,4.140924271713968,0.015929322890383804,0.28646425947673376,0.16719511911077323,53.35449101488039,44.21755808655119
20.7,0.23277253931704858,3191.588074898853,3882.9705639956437,8.124945370237558,32.546619272507876,45.79109642327713,2758.4193740347823,54.723981325703846,124.24891518484034,0.1729151152590382,99.15123119441543,50.59079697711519,2666.1079715153182,22.077573307454767,54.86267868806757,3269.325864238961,20.518332320737972,74.56437459525256,39.80278985691122,282.54353463621663,105.86409977066126,98.9895048799803,31.94304164857412,15.669642100629387,18.954837288960377,5.290025736951292,13.522677458551014,5.254185401790414,31.681964855826983,21.49383933250611,13.765740126307318,0.7181153564864059,12.28724577571181,6.842349129938617,8.47873964586747,4.140924271713968,0.015929322890383804,0.28646425947673376,0.16719511911077323,53.35449101488039,44.21755808655119
20.75,0.23412954429990548,3191.1922651858085,3896.6130581095317,8.03566581758097,32.44173085428742,45.269471531735114,2757.4292950263894,54.70295737138245,124.2277700304804,0.17317911587536206,99.07790829822652,49.74903846082081,2665.129459181307,22.22017793957465,54.71681236696446,3268.395944668123,20.6318659798007,74.57478240906438,39.308279780274674,282.06757592176314,105.87800693790538,98.62701761319445,32.02189077189803,15.542769655230266,18.78496401123386,5.232331829668469,13.65203066101958,5.257771296908296,32.34354309421893,21.62293462005047,13.405690818612596,0.39689957474421667,12.331384311160052,6.891252355732999,8.366636634037686,4.265123623201019,-0.004954145025229412,0.3055175038533527,0.17464014675823172,53.65164588644235,44.389054160915826
20.8,0.23658784404341554,3189.0643524042894,3874.499747251966,8.197374078718958,32.17002033221485,45.9194390073787,2757.5365262144237,53.70807092588768,124.22841978707052,0.17219717427648454,99.11071197826288,53.26237413700307,2666.0567363287137,22.1617474075171,54.272907933482855,3268.708178887966,20.264154848182663,74.58445099431536,37.3601010236647,282.2755884806559,105.86934395681507,99.06430217692237,32.02189077189803,15.542769655230266,18.78496401123386,5.232331829668469,13.65203066101958,5.257771296908296,32.34354309421893,21.62293462005047,13.405690818612596,0.39689957474421667,12.331384311160052,6.891252355732999,8.366636634037686,4.265123623201019,-0.004954145025229412,0.3055175038533527,0.17464014675823172,53.65164588644235,44.389054160915826
20.85,0.23268307059697144,3193.816766743366,3873.615897093533,8.106520273174798,32.47093135665015,45.92584579117285,2757.302103569424,54.4079070599089,124.21278187116606,0.17284918729643095,99.11423627221528,51.19656129788433,2665.158656724514,21.920751104281983,52.99973451514344,3268.4151219598994,20.365837846000765,74.5643524406306,36.19220287472007,282.2245907917218,105.9017379461612,98.6771440213398,31.939422050870146,15.508125690370369,19.051683662062455,5.360068278208113,13.342614327258675,5.2376868940526915,31.945409145791935,21.687318024893326,13.767857524259638,0.9016150015530152,12.111335353695923,6.838804326790798,8.471729961809375,4.167112416644431,-0.004954145025229412,0.3055175038533527,0.17464014675823172,53.65164588644235,44.389054160915826
20.900000000000002,0.23418129966863202,3216.207962217162,3906.1618025022017,8.116991718218202,32.33194597861896,45.42282130754187,2756.976290843916,55.459689682591495,124.22401870032574,0.17459288247781066,99.11097049254047,50.76414632436396,2665.0424546035138,22.13567996076305,55.10973796788445,3268.4226689815523,20.30635992307748,74.55904318235707,37.13391653870287,282.4738617320863,105.86474070273725,98.81098135407056,31.939422050870146,15.508125690370369,19.051683662062455,5.360068278208113,13.342614327258675,5.2376868940526915,31.945409145791935,21.687318024893326,13.767857524259638,0.9016150015530152,12.111335353695923,6.838804326790798,8.471729961809375,4.167112416644431,-0.004954145025229412,0.3055175038533527,0.17464014675823172,53.65164588644235,44.389054160915826
20.95,0.23260984452212197,3218.883846551667,3900.3623459458267,8.111791118535706,32.25293611508296,45.89421055426529,2756.9571503441,54.66171473967042,124.23534146645342,0.17082424738062696,99.0777276206766,51.38904665511595,2664.8470704832885,22.08933118793351,53.06402703230497,3267.9613253819366,20.3466797316255,74.54701718830297,37.75707928297753,282.2035438753232,105.88863516886991,98.92070610750572,31.821155643678864,15.420296065968055,18.58754074735969,5.304800134600746,13.860706787651656,5.238983953870007,32.015058663729036,21.82047492526252,13.35672511370878,0.6831667742401801,11.960230643969599,6.828781081476839,8.40961633824138,4.225965640518889,-0.004954145025229412,0.3055175038533527,0.17464014675823172,53.65164588644235,44.389054160915826
21.0,0.23655441494563456,3187.075964491554,3912.0378997501334,8.0802808727941,32.264568531846265,45.877905758997365,2757.6692313897674,54.25851078735258,124.24021589247678,0.17085164526526536,99.11546833378759,51.46921558333063,2665.0888437020417,22.090381119268102,54.458580271930174,3268.5645399706436,20.459407280926293,74.56204450634993,38.6879081876176,282.0547418327584,105.86669884183907,98.65289467770411,31.821155643678864,15.420296065968055,18.58754074735969,5.304800134600746,13.860706787651656,5.238983953870007,32.015058663729036,21.82047492526252,13.35672511370878,0.6831667742401801,11.960230643969599,6.828781081476839,8.40961633824138,4.225965640518889,-0.0030187167554888974,0.303555996063518,0.1710003662610013,53.388323645390614,44.292783715318976
21.05,0.2345812237264056,3196.583428374825,3883.9643325270868,8.17313313734645,32.42477311243475,45.36720472986605,2757.3412328035993,55.04766018431049,124.2209114535706,0.16921026103673398,99.13077787981854,51.50783357951025,2665.1845768374064,22.060222946034116,53.02985886175777,3268.8931924345707,20.194806783451913,74.56353877918315,39.87176970415699,281.83945396531567,105.8907317082007,98.8119939109573,31.679879824407777,15.736603158072532,18.53163980093798,5.4385759158467275,13.173668119683132,5.280047587839135,32.057346970413,21.868779123603588,13.789749907860804,0.7351508200829608,12.186723524529988,6.913253515374359,8.417055717598886,4.143082740349776,-0.0030187167554888974,0.303555996063518,0.1710003662610013,53.388323645390614,44.292783715318976
21.1,0.23173002441849042,3247.0421581494493,3852.021737034317,8.193006538508733,32.48432789270641,45.66994861688789,2758.1288736417823,54.96915260111783,124.23982346188504,0.17436349507692853,99.17400120530498,51.270845163792316,2666.153024324534,22.058311375889975,55.259894891382544,3269.6157843592555,20.4928891803872,74.57230745094051,37.36585677786095,281.959377773079,105.84810065454177,98.74608609473198,31.679879824407777,15.736603158072532,18.53163980093798,5.4385759158467275,13.173668119683132,5.280047587839135,32.057346970413,21.868779123603588,13.789749907860804,0.7351508200829608,12.186723524529988,6.913253515374359,8.417055717598886,4.143082740349776,-0.0030187167554888974,0.303555996063518,0.1710003662610013,53.388323645390614,44.292783715318976
21.150000000000002,0.23269909403321384,3194.305433021975,3892.918068775008,8.203457794192403,32.37681996936453,45.49974383873442,2757.8712771804007,54.2901421424764,124.23000193734872,0.17388710253603948,99.13557784728893,51.7083167167879,2665.900345204959,21.987494181785298,55.31978788244746,3269.5034680098543,20.330635930219426,74.56987606938807,38.22219794453002,282.19210230708836,105.85535885896697,98.84565244679736,31.77539943047794,15.651551633186811,19.224192830571297,5.265177142070908,13.560182862042563,5.270277326619927,32.07190971621438,21.714260047729077,14.408039996337138,0.47631923263778575,12.015940749655183,6.87423071798189,8.39564191843621,4.202396908042025,-0.0030187167554888974,0.303555996063518,0.1710003662610013,53.388323645390614,44.292783715318976
21.2,0.23079729083574205,3222.032578974325,3878.341365318111,8.198699769345135,32.06404348700278,45.481615062898,2758.7213473402962,55.1823401770348,124.22447735528661,0.17555527288744338,99.16709020277777,51.23075648811359,2666.9484280027214,22.26874251557374,53.33996510928335,3269.8645358234107,20.42690181426055,74.58800312211922,38.3600960559558,282.50254150608,105.89306478275844,98.69525085286807,31.77539943047794,15.651551633186811,19.224192830571297,5.265177142070908,13.560182862042563,5.270277326619927,32.07190971621438,21.714260047729077,14.408039996337138,0.47631923263778575,12.015940749655183,6.87423071798189,8.39564191843621,4.202396908042025,-0.0030187167554888974,0.303555996063518,0.1710003662610013,53.388323645390614,44.292783715318976
21.25,0.23608977532088907,3209.3551358804184,3903.8606969389566,8.164574791182076,32.524725697788725,45.89049698838157,2757.650982883837,55.792828735233385,124.24387858841432,0.17620312665034138,99.1298958292694,49.72485894560085,2665.3831679048512,22.20606799012459,54.08324664081934,3268.551580584312,20.401254096861535,74.54621016568015,37.52657222527893,282.2760117237184,105.8705625885714,98.99878214881453,31.662694851823566,15.452305184357426,18.46964734213299,5.3026088920317225,13.477270545046467,5.252113549556802,32.73777818125196,21.71288308894124,13.694912465853077,0.6154411020878985,11.825050696860506,6.906457651289719,8.399507889164283,4.132476477309158,-0.016533734137946225,0.29314514857921187,0.16391451544032498,54.60480868348873,44.791573957296194
21.3,0.24070783788670227,3214.0629727742876,3843.707134132914,8.065732681764358,32.594051623932266,45.50361452589213,2757.5567311955715,54.89875833855038,124.20247485598503,0.17993452730015438,99.19408651833415,51.90536646057787,2665.6932999906185,22.13028760103539,55.40636678607078,3269.5661890003626,20.36669607326201,74.56763959471904,40.03135194658343,282.15913835021513,105.87489311782697,98.96595673755962,31.662694851823566,15.452305184357426,18.46964734213299,5.3026088920317225,13.477270545046467,5.252113549556802,32.73777818125196,21.71288308894124,13.694912465853077,0.6154411020878985,11.825050696860506,6.906457651289719,8.399507889164283,4.132476477309158,-0.016533734137946225,0.29314514857921187,0.16391451544032498,54.60480868348873,44.791573957296194
21.35,0.23493325405396132,3196.0127476856082,3862.1459416530147,8.068888747492348,32.389343104336284,45.88444251282041,2756.700631226972,55.139896859585086,124.22374581307182,0.18083126041993286,99.06834342656765,50.499760442951555,2664.961417916265,22.005533667478772,54.663297571551325,3267.967310450548,20.24955104912789,74.59896491171523,36.89351322978175,281.94276901506095,105.87594812845406,98.37044990224057,32.33222031610878,15.475871905318359,18.392283701512593,5.4137595762119375,13.486431393547015,5.315462060029839,32.51218090383085,21.904543249327382,13.93043864175595,0.6080638191287914,12.176591181466303,6.906670634475364,8.400270110997777,4.1045845623220805,-0.016533734137946225,0.29314514857921187,0.16391451544032498,54.60480868348873,44.791573957296194
21.400000000000002,0.2345448166712663,3211.2378613652695,3855.9850489109062,8.130731709941845,32.379679876642925,45.71333299498428,2758.3904423977833,54.610695545888994,124.24429119379941,0.17891518207439497,99.20772068334166,50.532314096266575,2665.9704384978263,21.762527707424884,51.96672558472092,3269.0505970678046,20.281730281085423,74.57427385268419,35.934565316542056,281.98623343306895,105.88411111714032,98.86486398814907,32.33222031610878,15.475871905318359,18.392283701512593,5.4137595762119375,13.486431393547015,5.315462060029839,32.51218090383085,21.904543249327382,13.93043864175595,0.6080638191287914,12.176591181466303,6.906670634475364,8.400270110997777,4.1045845623220805,-0.016533734137946225,0.29314514857921187,0.16391451544032498,54.60480868348873,44.791573957296194
21.45,0.23126549707678332,3203.562582725667,3942.660640777058,8.19424178844188,32.30370487560181,45.452107231182076,2757.490625665739,56.08906311617065,124.21761652803428,0.17872854885014788,99.04525214799753,51.88940295065266,2665.458947353466,22.249760386890724,54.04456907155825,3269.0831189729593,20.324178116299933,74.55150869821391,39.6827858544335,282.3338565088769,105.89194467672213,98.54118185824657,31.833980600291007,15.518484303947247,18.944606511945008,5.375504492929072,13.722261446055535,5.289450472225072,32.354104697405404,21.824691412639762,13.468225352157438,0.7485628562691732,12.350104849887112,6.881157300352794,8.426993110869125,4.199353310482127,-0.016533734137946225,0.29314514857921187,0.16391451544032498,54.60480868348873,44.791573957296194
21.5,0.2281883893265286,3218.8186390884703,3917.137187830096,8.116734466670378,32.31819693087486,45.440771681553116,2757.9623378889396,54.434568859064605,124.21240689544993,0.1814733867970753,99.10419627114142,50.181104139982594,2665.888365183686,21.907424608248835,54.84706013083889,3268.790271762664,20.41345451803568,74.55092008404128,37.15197366104355,281.86922917673866,105.89204345730285,98.79716554287175,31.833980600291007,15.518484303947247,18.944606511945008,5.375504492929072,13.722261446055535,5.289450472225072,32.354104697405404,21.824691412639762,13.468225352157438,0.7485628562691732,12.350104849887112,6.881157300352794,8.426993110869125,4.199353310482127,0.00716660395498827,0.29925557632352084,0.17146042041774348,54.369386200934834,43.66156183616977
21.55,0.23170267349422194,3229.1382732230127,3915.6032104832857,8.134640539762811,32.09618173126121,45.82629265608209,2757.6076394145825,54.21266313719154,124.22912275399744,0.1780298357576867,99.06663125587895,52.546016830252356,2665.3862421414774,22.072716562543633,55.92071628112503,3268.6673407483227,20.364889351865507,74.51891441625085,37.72650785150696,282.08886019525886,105.92749550826137,98.8456519683651,32.26924312491928,15.514907991354528,18.650959109275558,5.184505090249383,13.23906248172859,5.3036833203780605,32.4155585739221,21.794907880395947,13.763839719542354,0.584803292926638,11.946132117674283,6.906436824424284,8.416332543735965,4.203690248951444,0.00716660395498827,0.29925557632352084,0.17146042041774348,54.369386200934834,43.66156183616977
21.6,0.23247589611819247,3196.8195775103372,3883.7099240561206,8.225166501191575,32.402928675189195,45.55880710698413,2757.8808758874015,53.81098678597082,124.22704953178199,0.18176279090669298,99.09932576487896,50.87925157569808,2665.2826241060684,22.096399877658623,53.25367774400826,3268.883070639639,20.42651702354393,74.53093589324122,37.81927937273113,282.1896446508934,105.88991592781223,98.77409443998106,32.26924312491928,15.514907991354528,18.650959109275558,5.184505090249383,13.23906248172859,5.3036833203780605,32.4155585739221,21.794907880395947,13.763839719542354,0.584803292926638,11.946132117674283,6.906436824424284,8.416332543735965,4.203690248951444,0.00716660395498827,0.29925557632352084,0.17146042041774348,54.369386200934834,43.66156183616977
21.650000000000002,0.23230742200122087,3220.956534643416,3916.5937313480545,8.152685417935023,32.620512303599774,45.55603382400437,2757.6417346076305,54.820455500316456,124.24481468024693,0.17798595944764992,99.1110650358454,52.79865791848156,2665.2295830308276,22.302407146929596,53.943636438498,3268.680783042857,20.396191170317923,74.53919682399567,37.41615822866795,282.2071679759777,105.89989621067886,98.80372655375402,32.02065354319856,15.450410639563476,18.606944950053677,5.451563971979907,13.866472215248875,5.268695667899516,32.05067621887477,21.822000755640463,13.901054189285153,0.5273415727916803,11.970292110896677,6.900088045189209,8.481173389121318,4.071855748249681,0.00716660395498827,0.29925557632352084,0.17146042041774348,54.369386200934834,43.66156183616977
21.7,0.2306465973071066,3186.5517730628712,3905.3893389434684,8.209917074686068,32.216600377347206,45.701863524866454,2758.4013035411754,54.07675663665025,124.22445259344504,0.18181369286504773,99.2427101423804,51.99601770847836,2666.783565939096,21.995344180636714,52.19011832504397,3269.895274284353,20.4568465660604,74.55776091311495,36.908918566125436,281.9853356484522,105.89528470386901,98.8517691474477,32.02065354319856,15.450410639563476,18.606944950053677,5.451563971979907,13.866472215248875,5.268695667899516,32.05067621887477,21.822000755640463,13.901054189285153,0.5273415727916803,11.970292110896677,6.900088045189209,8.481173389121318,4.071855748249681,0.00716660395498827,0.29925557632352084,0.17146042041774348,54.369386200934834,43.66156183616977
21.75,0.22877501489942692,3164.1625700823306,3882.7258211772996,8.02179627570296,32.339719313267864,45.6354143166457,2757.714338690549,55.51355042871642,124.24379075820319,0.18525940667763247,99.10485890489258,51.68452972549666,2665.6866569366357,22.055309373531564,53.16504854160562,3269.5777528776725,20.36664105656549,74.56578110820757,36.33895189003446,281.51170223809146,105.92064851930407,98.83934534249909,31.304734976283257,15.677337857305021,19.033183087339474,5.398930508928724,14.090969103521516,5.307118403543354,32.09541925542571,21.791172401978187,13.785964312097654,0.6255685720492304,12.108223600376466,6.928796279664405,8.368261956636577,4.194104263957592,0.0048841255709887845,0.3071557599433514,0.15944654393909904,53.66705419680601,44.5248789350445
21.8,0.2296302965671942,3175.648096730642,3923.482150659406,8.136301070795541,32.37159147654515,45.59961196637631,2757.907002606639,54.08900843864819,124.22575029109392,0.1827950384282761,99.184131012546,50.44588901998785,2665.6922434416406,22.41531625969581,52.419407392182286,3269.866056138966,20.451686145772452,74.57388771553748,38.800276108272165,281.8972679607762,105.90017241184627,98.75979397928043,31.304734976283257,15.677337857305021,19.033183087339474,5.398930508928724,14.090969103521516,5.307118403543354,32.09541925542571,21.791172401978187,13.785964312097654,0.6255685720492304,12.108223600376466,6.928796279664405,8.368261956636577,4.194104263957592,0.0048841255709887845,0.3071557599433514,0.15944654393909904,53.66705419680601,44.5248789350445
21.85,0.23507092445645963,3214.8659612648366,3911.1696603969244,8.001638658840307,32.66998118572013,45.45664029243226,2756.8821299442648,53.929417865837536,124.22534156211546,0.18594029340342128,99.08217387854928,50.62432282397026,2664.8747913006155,22.074216704664757,54.36718482718168,3268.8218371120606,20.460459104110072,74.56857451636992,38.25815320298392,281.93092369408373,105.90042641622908,98.73711357235507,32.12130556294869,15.588439575547607,18.45388626277365,5.328028598862169,13.255678516798877,5.324934481735764,32.09648705366701,21.87182893434192,13.51408841252432,0.5066916240266016,11.810229704533224,6.906746055806685,8.478043793624611,4.17140805580505,0.0048841255709887845,0.3071557599433514,0.15944654393909904,53.66705419680601,44.5248789350445
21.900000000000002,0.23856661617662878,3188.792101942382,3918.40306381605,8.124901454336717,32.22441145806475,46.1019767316363,2757.768746853217,54.88950067126984,124.22213202244083,0.18492529587474557,99.15979692804507,51.07623600395249,2666.063062710122,22.143511979628254,54.61766514610713,3268.9394096873984,20.434799676002616,74.54175937559124,36.857101194844056,282.0064218932383,105.89366307288118,98.7215658845679,32.12130556294869,15.588439575547607,18.45388626277365,5.328028598862169,13.255678516798877,5.324934481735764,32.09648705366701,21.87182893434192,13.51408841252432,0.5066916240266016,11.810229704533224,6.906746055806685,8.478043793624611,4.17140805580505,0.0048841255709887845,0.3071557599433514,0.15944654393909904,53.66705419680601,44.5248789350445
21.95,0.23693729574105898,3217.835303034045,3876.430084669572,8.117207955571844,32.369172275382624,46.04478868499707,2757.240647220507,54.571511375396966,124.22150498653129,0.18422763735063918,99.04521786140603,48.73421114086642,2664.953055448404,22.22907013885422,53.661641110738124,3267.98563684262,20.351030878536218,74.54236373711974,38.109373749649485,282.01704860927464,105.91390048212426,98.72354902197246,32.12107655244656,15.63468500352182,18.830567602732703,5.428802961832621,13.444922873851091,5.3248061125942625,32.228701045456525,21.801091557087137,13.32931033086604,0.7615680252193741,12.501367855027883,6.910462528140607,8.378031826452471,4.169461164912862,0.0048841255709887845,0.3071557599433514,0.15944654393909904,53.66705419680601,44.5248789350445
22.0,0.23287368005514747,3186.897307662869,3852.0159509888917,8.100792596913982,32.650202323708314,46.052414406956856,2758.3106638870468,55.51642331399068,124.24076448714355,0.19020855559194555,99.22360011965986,50.80554130081001,2666.967815386967,21.997991026973065,53.367745153725124,3269.9275826444873,20.14350150632581,74.51582608558158,37.281689125689006,281.8825517347344,105.89114141611446,99.01550966308554,32.12107655244656,15.63468500352182,18.830567602732703,5.428802961832621,13.444922873851091,5.3248061125942625,32.228701045456525,21.801091557087137,13.32931033086604,0.7615680252193741,12.501367855027883,6.910462528140607,8.378031826452471,4.169461164912862,0.014433312185456609,0.33105331240806235,0.1865818703498478,55.037728949289566,43.636321490419206
22.05,0.23289430258676577,3174.4814729510535,3901.731236863137,8.119598280311582,32.56677384940589,45.729503075244416,2757.535001448578,54.9884641702894,124.2208407907771,0.19092851188695167,99.15489060439586,49.76003852257947,2666.1055700139227,22.120246193242203,52.62583049383818,3269.5963940597917,20.422365584861897,74.57330246877954,38.7249662638948,281.94744721598636,105.90020716865232,98.76804979745286,32.11358010298913,15.47075023193943,18.679898633500667,5.246327608096889,13.295257207521843,5.318845271995111,32.395046355329164,22.050546941702134,13.772646151021336,0.4625197076937707,12.231961106247441,6.923028333856102,8.378183611789613,4.237195435126068,0.014433312185456609,0.33105331240806235,0.1865818703498478,55.037728949289566,43.636321490419206
22.1,0.2328103824632113,3199.3266012871622,3927.953870379844,8.10266026087466,32.18538001710457,45.62213036709299,2757.088677152413,54.77684374789251,124.23978474871564,0.18786529123305667,99.09749593745586,50.83591867617831,2665.010255312493,22.050252385892,52.7706118965815,3268.3042755678434,20.474343038902976,74.55952536757215,38.50818885833166,281.92133598523867,105.91475545480554,98.87337620464238,32.11358010298913,15.47075023193943,18.679898633500667,5.246327608096889,13.295257207521843,5.318845271995111,32.395046355329164,22.050546941702134,13.772646151021336,0.4625197076937707,12.231961106247441,6.923028333856102,8.378183611789613,4.237195435126068,0.014433312185456609,0.33105331240806235,0.1865818703498478,55.037728949289566,43.636321490419206
22.150000000000002,0.23306932535178898,3199.6353307813433,3861.356451282711,8.006006476592425,32.355638070434125,45.61315178214698,2756.6459415115505,54.89902345697223,124.22249492646391,0.1899672546832443,99.08219456506883,51.430772773637926,2664.792491377287,21.996728141975534,53.26561744348013,3267.2056184531743,20.40043710905691,74.53704137932493,40.464770676537555,281.65181475210693,105.92838554629552,98.74320787188678,31.789761679233507,15.63744971508198,18.242993619149143,5.534176798422936,13.767889227831551,5.320317994226138,32.01164809802175,21.75474457138202,13.333924879472823,0.6325503946397785,11.972582677109502,6.922673036520439,8.38234114000942,4.143045541284783,0.014433312185456609,0.33105331240806235,0.1865818703498478,55.037728949289566,43.636321490419206
22.2,0.23336125538535496,3199.110522412947,3907.461727469383,8.138588455745344,32.13907322512496,46.03649052237887,2758.34196234766,55.42242403549854,124.21627940571544,0.1826006221699558,99.27396600026913,51.76733353328075,2665.9698550825806,22.142486677343445,52.27270662284597,3270.1021656674357,20.393122487062524,74.56665757222991,39.427486500904486,282.02011965937135,105.89907903625055,98.87288120334004,31.789761679233507,15.63744971508198,18.242993619149143,5.534176798422936,13.767889227831551,5.320317994226138,32.01164809802175,21.75474457138202,13.333924879472823,0.6325503946397785,11.972582677109502,6.922673036520439,8.38234114000942,4.143045541284783,0.014433312185456609,0.33105331240806235,0.1865818703498478,55.037728949289566,43.636321490419206
22.25,0.23014034469770525,3196.7254003635817,3900.210421889355,8.17415319314124,32.24362894559968,45.63891963752624,2757.8986073763017,54.44124300115231,124.21977401167942,0.18908913953236708,99.20758826849895,52.08974526253027,2666.146269869693,22.00154206554833,53.01020896748213,3269.8159987777417,20.542789810407147,74.57319588198537,38.02203539127039,281.60057738933256,105.903406257537,98.77155378920008,31.771389842929267,15.5360993669549,18.935398057719656,5.312505994357946,13.533945550127958,5.285432196022557,31.983975043009828,21.835134066686933,13.679267743327351,0.6392008936965684,12.157955720315302,6.931193860152641,8.367208188299314,4.227578644325587,0.0012001362504883168,0.31871983316161695,0.17331273979159853,53.10982324950183,44.62827539166366
22.3,0.2288383748350058,3191.8701283820506,3908.8947808999387,8.097811244461035,31.976422736651188,45.398928236296335,2758.33636853683,54.80474098628026,124.2060933477523,0.18905576163784063,99.16217466927611,50.80777977328676,2666.3989295986066,22.18504639393881,51.704098546482,3270.299699877971,20.661694802197378,74.55316977266389,38.39932716180057,281.5685187339374,105.90215542705509,98.74736160144892,31.771389842929267,15.5360993669549,18.935398057719656,5.312505994357946,13.533945550127958,5.285432196022557,31.983975043009828,21.835134066686933,13.679267743327351,0.6392008936965684,12.157955720315302,6.931193860152641,8.367208188299314,4.227578644325587,0.0012001362504883168,0.31871983316161695,0.17331273979159853,53.10982324950183,44.62827539166366
22.35,0.23254496751807965,3209.719388192146,3900.4745902940276,8.210858569869373,32.08897500904801,45.46259597770007,2758.617618404139,53.96589831984851,124.232970823023,0.1930864675450212,99.18064364283569,50.46140952275742,2666.742419696803,22.103465049447582,53.391506055072135,3270.0009605498526,20.46102257704049,74.55908213417501,39.77372001885363,281.9047841635623,105.91532036267098,98.77700205989764,31.898094281178132,15.697885896547877,18.897212360460703,5.2604554102032015,13.173481970918626,5.335751953716296,31.96037268287528,21.730907144683133,13.882323251338136,0.6843503487251817,12.698661802208022,6.9826847922137905,8.433252788335485,4.2615547916361045,0.0012001362504883168,0.31871983316161695,0.17331273979159853,53.10982324950183,44.62827539166366
22.400000000000002,0.23564415319222265,3215.6637832526235,3881.8896518641923,8.197788135199263,32.52920690622372,45.93541886438082,2757.1707564839658,54.26885791503809,124.21483830549833,0.19368243719225472,99.11716295471086,50.741964605943544,2665.17807534358,22.054218914574182,53.00034820272287,3269.3213032578765,20.325223420592426,74.53860763623372,38.20210401066275,281.7937674495969,105.909228879078,98.63031118621514,31.898094281178132,15.697885896547877,18.897212360460703,5.2604554102032015,13.173481970918626,5.335751953716296,31.96037268287528,21.730907144683133,13.882323251338136,0.6843503487251817,12.698661802208022,6.9826847922137905,8.433252788335485,4.2615547916361045,0.0012001362504883168,0.31871983316161695,0.17331273979159853,53.10982324950183,44.62827539166366
22.45,0.2359755334775664,3188.5044432138743,3883.017971801463,8.106646013067518,32.270399420066774,45.47801887039692,2757.5638181939494,53.541187608853825,124.24282932141192,0.19546246285520272,99.23405826749303,50.67749850977524,2665.2908057721556,22.025765419683974,53.04968612634594,3268.9164570041444,20.58613600658899,74.54050636851977,37.73628254976229,281.64881575480086,105.90264220430964,98.92956580646896,31.30605377993494,15.414032960278956,19.288438775967382,5.4183770883050615,12.994209279759511,5.247001646387632,31.879922903942578,21.691708605086667,13.967558182535114,0.5296068816599504,11.936285062433834,6.884106840113986,8.314736639296134,4.23299091475752,0.0012001362504883168,0.31871983316161695,0.17331273979159853,53.10982324950183,44.62827539166366
22.5,0.23743768506986518,3213.9911208708927,3874.4873185611896,8.140581605250457,31.932711316660715,45.355988445195635,2756.152517600242,54.63085169071182,124.21487143122083,0.19562843663499882,99.08099547395729,51.309218569934075,2664.542099762871,21.918857623749766,50.656591880005564,3268.170882428134,20.24395202853423,74.54060411647865,36.45788608490287,281.93640903126436,105.90148082780009,98.63882313498925,31.30605377993494,15.414032960278956,19.288438775967382,5.4183770883050615,12.994209279759511,5.247001646387632,31.879922903942578,21.691708605086667,13.967558182535114,0.5296068816599504,11.936285062433834,6.884106840113986,8.314736639296134,4.23299091475752,0.0021987946114069095,0.29834690613849585,0.1661757780144843,53.595549350569065,43.536582164375154
22.55,0.24050871346254565,3197.034949981138,3871.8480747482777,8.043879170148907,32.04990428175897,45.69665062835644,2756.4735696989574,54.7699825328394,124.23506007188497,0.19241976020954524,99.20025539746496,50.69108767109012,2664.9534253780284,21.934458714067727,52.28192059557191,3268.1063498925414,20.479221152774397,74.54572845596678,38.84386865327504,282.05957729165124,105.86946628174823,98.97217145326552,31.79616998098827,15.615550469793387,18.621173185875385,5.588454765823933,13.485747430092783,5.305448055201246,31.915932719203035,21.95518257758932,13.521824929137598,0.51450040825648,12.113642467577359,6.938052307239009,8.39382243274221,4.2332229945898145,0.0021987946114069095,0.29834690613849585,0.1661757780144843,53.595549350569065,43.536582164375154
22.6,0.2442088552416482,3191.7844440302383,3917.4534049507656,8.101681941201155,32.56798715757689,45.27181690807762,2755.3367990222155,54.99306318005099,124.21985516026169,0.19069992954774276,99.11666196613385,51.22655633167403,2663.8098807520023,21.990191321993272,52.78746030570511,3266.661119979621,20.25908302067218,74.5700676795671,38.63954978007771,281.5674141593309,105.89852716101714,98.67189254195489,31.79616998098827,15.615550469793387,18.621173185875385,5.588454765823933,13.485747430092783,5.305448055201246,31.915932719203035,21.95518257758932,13.521824929137598,0.51450040825648,12.113642467577359,6.938052307239009,8.39382243274221,4.2332229945898145,0.0021987946114069095,0.29834690613849585,0.1661757780144843,53.595549350569065,43.536582164375154
22.650000000000002,0.2444595633556357,3199.3209979524977,3896.959972633904,8.147451648077096,32.202693823137636,45.167780771822976,2755.626312883511,54.62865780705605,124.22760956112027,0.1892080400919448,99.13504313369785,50.89907601754222,2663.2887521392354,22.144545391681337,54.02997790536529,3266.2708069235214,20.502668747166517,74.56213938725121,38.397048244129934,281.79357127344036,105.89716378364416,98.80345514354514,31.917207732636577,15.586057384022572,18.323838336533278,5.1484619808023515,13.261894862742931,5.282474984906313,32.187513213850956,21.791912749839476,13.854964252688873,0.6817063479927566,12.248067207387349,6.92026284322437,8.30858032408081,4.178862273696934,0.0021987946114069095,0.29834690613849585,0.1661757780144843,53.595549350569065,43.536582164375154
22.7,0.23922595053039442,3213.197429294491,3859.269805321158,8.120760340187328,32.10732382304261,45.66296423033134,2755.940489276398,54.69662006682142,124.2262341065084,0.18647738857996227,99.15630484051107,52.09269677128492,2663.910938046809,22.13428691643691,52.0747844604414,3267.399347480445,20.554805418650282,74.5647302612343,37.89539667630988,281.6926503053675,105.90900912185836,98.7632829354362,31.917207732636577,15.586057384022572,18.323838336533278,5.1484619808023515,13.261894862742931,5.282474984906313,32.187513213850956,21.791912749839476,13.854964252688873,0.6817063479927566,12.248067207387349,6.92026284322437,8.30858032408081,4.178862273696934,0.0021987946114069095,0.29834690613849585,0.1661757780144843,53.595549350569065,43.536582164375154
22.75,0.23785356987373765,3217.2388936666252,3894.429497949813,8.089161882102527,32.35633409395941,45.43267355527259,2756.847599565141,54.834609461996884,124.22524262039201,0.18712431649075517,99.1955838396445,50.282208609460156,2664.8108631588543,22.045322968267016,52.46722911919844,3268.0183573779163,20.435477909312677,74.5739119922508,39.21332590865595,281.8484400442616,105.90186697173004,98.77794700245113,31.439610083323373,15.587746256380335,18.53953845682247,5.369664137897356,13.261179886873874,5.290812970409657,32.2982992398563,21.689923811617867,13.567230300496991,0.5669116476218037,12.099447973632454,6.940668479237074,8.398678621405582,4.223400314831095,0.011047222868108116,0.28507720598507924,0.16413015575563403,53.25258708457196,44.2720051682007
22.8,0.2358048134673863,3193.086222970888,3848.341497549577,8.11758697247074,32.426823981575446,45.32859159983074,2755.9347681446443,54.95537009747562,124.24589379116678,0.18078365325866777,99.10409987013936,50.98934010375015,2664.617102128188,22.042669829237912,52.48558763490895,3267.2971888423767,20.265507273486428,74.5427193258163,37.02059175166284,281.93090485507486,105.91193686606199,98.76959148594499,31.439610083323373,15.587746256380335,18.53953845682247,5.369664137897356,13.261179886873874,5.290812970409657,32.2982992398563,21.689923811617867,13.567230300496991,0.5669116476218037,12.099447973632454,6.940668479237074,8.398678621405582,4.223400314831095,0.011047222868108116,0.28507720598507924,0.16413015575563403,53.25258708457196,44.2720051682007
22.85,0.23322856803881875,3220.727983914528,3876.4952506355035,8.139850385326074,32.57226206336611,45.3932913578974,2757.4271061923523,55.5210291271195,124.21712768647879,0.1829668519560686,99.13246706521353,51.14170168165887,2665.2723852167614,22.05676732434495,50.26370854841482,3268.5360039211587,20.395657917974706,74.5240381877008,37.58812994178024,281.2881500608877,105.86383974010153,98.60442941815822,31.43771253361613,15.514367304783603,18.622173801286465,5.402546663402557,13.927666276686512,5.2877332035292035,32.2683721356031,21.8410879721551,13.715504456923604,0.6753768940574395,12.4589572862185,6.938668074137123,8.426102388247527,4.205852062446947,0.011047222868108116,0.28507720598507924,0.16413015575563403,53.25258708457196,44.2720051682007
22.900000000000002,0.23504130543591933,3219.5150760289466,3887.7788851116193,8.114761367965187,32.517751575940316,45.050749545341276,2757.8596465941596,54.21614259838833,124.23932974488163,0.18640670154621597,99.17945745560144,49.73135580964903,2665.8951119972803,22.115158200425252,50.08866377971249,3269.5650766555627,20.45105715894471,74.52719478635329,37.404033611978576,281.4380792378311,105.88264458024858,98.81110001058626,31.43771253361613,15.514367304783603,18.622173801286465,5.402546663402557,13.927666276686512,5.2877332035292035,32.2683721356031,21.8410879721551,13.715504456923604,0.6753768940574395,12.4589572862185,6.938668074137123,8.426102388247527,4.205852062446947,0.011047222868108116,0.28507720598507924,0.16413015575563403,53.25258708457196,44.2720051682007
22.95,0.23903348555875012,3216.6943941102763,3880.0777582862247,8.098621676279357,32.328380046857546,45.48537921724228,2757.7632665660326,54.489977153310214,124.22009317992124,0.1805080848178341,99.20210960883152,51.53233662138488,2666.2334907294508,22.019095233908832,53.99195198846564,3268.9731818109353,20.513270440724263,74.518236177859,38.654195997830506,281.85763998379593,105.88053686086371,98.9471527638125,31.844802992083757,15.478727372776737,18.466907178885258,5.4477030390743275,13.520798846585539,5.284815130927688,32.53199639418965,21.860672820312875,13.7914590217873,0.6271452548152701,11.823282190524052,6.918298843047183,8.399549298102851,4.202582726017128,0.011047222868108116,0.28507720598507924,0.16413015575563403,53.25258708457196,44.2720051682007
23.0,0.23696840698147487,3202.179684350404,3899.617450416846,8.138753391039053,32.63556014571133,45.6498951386909,2757.559338538211,54.84699440956524,124.2136584940384,0.18696649882330812,99.14988829401243,50.5619210945244,2665.9186399365817,22.08211558897339,51.50058795041315,3269.3785259168862,20.191849623884078,74.54037586410956,35.43236815737782,281.45946309006007,105.89468769367859,98.87906581459818,31.844802992083757,15.478727372776737,18.466907178885258,5.4477030390743275,13.520798846585539,5.284815130927688,32.53199639418965,21.860672820312875,13.7914590217873,0.6271452548152701,11.823282190524052,6.918298843047183,8.399549298102851,4.202582726017128,-0.0012336272522279496,0.30963331434523506,0.15765887921670815,54.27811245358864,44.077069255507936
23.05,0.23600101023807396,3216.6803451705046,3886.9879132687015,8.099243113995955,32.57392689100256,45.78167103001754,2757.7805445783674,55.15039014651519,124.23018330804884,0.18918496646958977,99.13483705487913,49.41149433528231,2665.7903915146835,21.923528579096843,52.280623816398496,3269.6103846819174,20.10121904294676,74.51770488150832,37.84704382225556,281.73559840420126,105.88720954660378,98.67036000754962,32.19820743226316,15.528341617661086,18.574313776129745,5.4652875085635,13.08921276210398,5.307548955302388,31.705326000085535,21.931204573954027,13.663444985635017,0.5782275262124409,11.982098964459972,6.96229781059572,8.349291977581956,4.176683485667984,-0.0012336272522279496,0.30963331434523506,0.15765887921670815,54.27811245358864,44.077069255507936
23.1,0.2374006739795242,3199.077660559575,3859.6710432969603,8.103818981281758,32.48059077440144,45.43455168344453,2757.8426819480696,54.8949585379221,124.21590372967614,0.187844229853944,99.12290615560674,50.6811001705325,2666.264078766372,21.988743573953933,51.49807590611211,3269.248840105214,20.35453365221515,74.50391331492274,37.22059317530893,281.5842983968418,105.89685248427783,98.8821212149374,32.19820743226316,15.528341617661086,18.574313776129745,5.4652875085635,13.08921276210398,5.307548955302388,31.705326000085535,21.931204573954027,13.663444985635017,0.5782275262124409,11.982098964459972,6.96229781059572,8.349291977581956,4.176683485667984,-0.0012336272522279496,0.30963331434523506,0.15765887921670815,54.27811245358864,44.077069255507936
23.150000000000002,0.2322676833614179,3212.3026235468287,3899.0708784993917,8.139036552541876,32.17203227956202,45.402924820840894,2758.30400949552,56.25808422927304,124.2216338901007,0.1895230558945761,99.18943001820605,50.353657915462676,2666.9533691070746,22.110618985488664,51.932313430231325,3270.3157555133034,20.471295849753158,74.52707754919582,36.64258348365032,281.92295723961473,105.88506408730144,99.04184879303827,31.811955493794365,15.579395323321698,18.825125361152594,5.3146986686720705,13.523117465315872,5.3080579200294835,31.811131231759845,21.690927398456946,13.781176922457485,0.7772740432197774,12.115524343763337,6.957819736216453,8.3116044941488,4.150218651820167,-0.0012336272522279496,0.30963331434523506,0.15765887921670815,54.27811245358864,44.077069255507936
23.2,0.23243607516411424,3198.582359029379,3895.9884601147482,8.074994966250644,32.3827992148883,45.78854037785581,2758.359884653865,53.840718348118436,124.22464184625193,0.19077060947241167,99.15089685841448,50.09948231810051,2666.302009783307,22.113124407430327,49.72695429318488,3270.251953608047,20.27638325764315,74.54273126848896,37.344543291539665,281.6677591834088,105.90051899969413,98.83818401085776,31.811955493794365,15.579395323321698,18.825125361152594,5.3146986686720705,13.523117465315872,5.3080579200294835,31.811131231759845,21.690927398456946,13.781176922457485,0.7772740432197774,12.115524343763337,6.957819736216453,8.3116044941488,4.150218651820167,-0.0012336272522279496,0.30963331434523506,0.15765887921670815,54.27811245358864,44.077069255507936
23.25,0.233827574818463,3164.3496632033384,3880.07376347993,8.048622241480254,32.0367617822294,45.790740422230904,2758.4035974696667,54.72787569983482,124.22353895395102,0.19481635690498264,99.10742062024724,52.01898541519539,2666.0672167213975,22.110553953577835,51.57114213345883,3269.5933242013957,20.250058510549827,74.53137781991427,37.84285568565135,282.0170779018551,105.91353037511455,98.70852636479356,31.91072218116123,15.57897630372421,18.943700689270734,5.200465453738693,13.63936806435278,5.323976959427127,32.19898421447031,21.97366340006971,13.567474240888934,0.5813424097809122,12.68484258649852,6.930927092939431,8.394013573825955,4.185585149487942,0.005375435372081585,0.31258623337904357,0.1569136116249051,54.10474497213197,43.88369618429555
23.3,0.23457805762756193,3172.6214097245756,3919.7635445948,8.149165237064183,32.03761592699256,45.52543531663319,2757.136919355256,53.8084414536047,124.22818626350329,0.20135081494945212,99.09708456479997,49.034548790225436,2665.8066340140344,22.1639284030944,50.910188667911335,3269.77107941633,20.40521579374194,74.5245581467972,39.351351646753685,281.7460746949899,105.91435444887723,99.06349224313091,31.91072218116123,15.57897630372421,18.943700689270734,5.200465453738693,13.63936806435278,5.323976959427127,32.19898421447031,21.97366340006971,13.567474240888934,0.5813424097809122,12.68484258649852,6.930927092939431,8.394013573825955,4.185585149487942,0.005375435372081585,0.31258623337904357,0.1569136116249051,54.10474497213197,43.88369618429555
23.35,0.23931629125811107,3190.401806481595,3869.950199011968,8.068786539864112,32.3074123266123,45.937970771257625,2757.6245738987122,54.65573480703153,124.24706910614191,0.19975329279982235,99.14835861025584,49.86619424067245,2665.925375812907,22.02946262592325,53.06629748406262,3269.276299130312,20.200877403109974,74.54200518871889,39.02118564932712,281.8539071414718,105.92220262213694,98.8675048813278,32.061634776239444,15.572341475737034,18.65943304658373,5.210049036914337,13.83876822795176,5.312256956819137,32.326385848318395,21.908858294141506,13.787015624978018,0.598592730516418,12.026733115427566,6.949479478202994,8.422181909047717,4.176008505778572,0.005375435372081585,0.31258623337904357,0.1569136116249051,54.10474497213197,43.88369618429555
23.400000000000002,0.23852364670007573,3187.2700065329173,3860.0373500112823,8.145425763326887,32.09167085981764,45.822717478224426,2757.7090837923056,55.016794200061156,124.2449292994162,0.19707563212263135,99.16338403685141,49.659117588601234,2665.438167503949,21.980428474985573,51.31288206661845,3268.6468678952633,20.38143132591315,74.56388091376164,38.05413781847634,281.6728080263013,105.91393969796266,98.93755990399784,32.061634776239444,15.572341475737034,18.65943304658373,5.210049036914337,13.83876822795176,5.312256956819137,32.326385848318395,21.908858294141506,13.787015624978018,0.598592730516418,12.026733115427566,6.949479478202994,8.422181909047717,4.176008505778572,0.005375435372081585,0.31258623337904357,0.1569136116249051,54.10474497213197,43.88369618429555
23.45,0.2362796865984665,3189.4691346950235,3875.216652659197,8.107857568690273,32.451874754173744,45.86727923804084,2758.8519041726604,55.687528322805896,124.23394230400964,0.2038417183158201,99.30487376521182,52.7112194593939,2666.86485393,22.157590083602898,51.125276857007705,3270.194990968042,20.43278666953219,74.57406363629747,37.495761332072746,281.8477769978132,105.87990897810175,98.98287734552693,31.883981321856933,15.394814576442947,18.83425789167905,5.21195745350225,13.599993586022398,5.352780644062507,31.61233420375799,21.74450672727731,13.919966298168873,0.6737894997323433,12.541855805171918,6.982717424748264,8.321259096377217,4.130438096399001,0.005375435372081585,0.31258623337904357,0.1569136116249051,54.10474497213197,43.88369618429555
23.5,0.23511301301441723,3212.452891612336,3888.563022900355,8.195475975733833,32.47569081104345,45.411420821316554,2758.2492705627196,55.123439295470305,124.2280517963782,0.20052178633084952,99.20578717760773,50.926300188616516,2665.880142366561,22.097431634489876,50.17483168594646,3269.0481670522904,20.55803764056256,74.59177186533091,38.21740764866065,281.61959107835213,105.90405155915607,98.84404762456892,31.883981321856933,15.394814576442947,18.83425789167905,5.21195745350225,13.599993586022398,5.352780644062507,31.61233420375799,21.74450672727731,13.919966298168873,0.6737894997323433,12.541855805171918,6.982717424748264,8.321259096377217,4.130438096399001,-0.0019197437415468636,0.30484661930904616,0.1533937174191573,53.415782101964254,44.11497334879228
23.55,0.2366419586212857,3215.8754873361045,3876.5285199781624,8.151507860521805,32.43025442927774,45.360789853337586,2756.9995749669984,54.07387366035167,124.22130858028055,0.19980406320197464,99.16494310074683,49.46935695163783,2665.339399290254,22.145214128753224,50.88719847478977,3268.662251200165,20.40346459205702,74.57577938667687,37.65413832141417,281.7961948466267,105.88870964605708,98.65849636434424,31.834754255595698,15.607628316731818,18.479993033345806,5.360462422107054,13.329409358832114,5.265792061973776,32.13797687625738,21.729754014194256,13.798126238378716,0.6129431406626256,12.313748285176688,6.915935682293696,8.403517884221964,4.117573089996892,-0.0019197437415468636,0.30484661930904616,0.1533937174191573,53.415782101964254,44.11497334879228
23.6,0.23687576628125587,3165.6279202967075,3874.203607734995,8.085563942521707,32.487224897202715,45.778988115273236,2756.4955986485215,54.25435753826502,124.22817542960432,0.20063639435289785,99.16407766027342,50.64311392268461,2664.8604549119354,22.01000760519661,52.02296171436483,3268.1982262590855,20.067635058890684,74.56260877973169,38.24927620454649,281.8644820987647,105.91750624065983,98.93173614052343,31.834754255595698,15.607628316731818,18.479993033345806,5.360462422107054,13.329409358832114,5.265792061973776,32.13797687625738,21.729754014194256,13.798126238378716,0.6129431406626256,12.313748285176688,6.915935682293696,8.403517884221964,4.117573089996892,-0.0019197437415468636,0.30484661930904616,0.1533937174191573,53.415782101964254,44.11497334879228
23.650000000000002,0.23777657293200877,3222.366498408025,3892.902786904344,8.160634867986914,32.144355449891336,45.80986085881194,2756.8237791289716,55.25743260184593,124.23871928257945,0.20197050006062808,99.1636674107941,50.043661272333665,2664.910561419718,22.061582629757055,52.295415156090236,3268.519916593398,20.17727123649711,74.57541949606993,38.225746413165396,281.467764530934,105.9057504676724,98.71145487094101,31.94460851522285,15.401386110933514,18.976019918957377,5.319372543866977,13.06465565457995,5.343269168345789,32.131707252545006,21.6928718075835,13.763119669282698,0.5689752810016305,11.90864848072503,6.969450831307744,8.365600751842543,4.184510170287961,-0.0019197437415468636,0.30484661930904616,0.1533937174191573,53.415782101964254,44.11497334879228
23.7,0.23589959070185426,3187.4783920913214,3869.113570953845,8.175483244452137,32.591161254293056,45.46468974538927,2756.175798676402,54.939591974964024,124.22589692845096,0.19859509745982848,99.11659591424929,50.009599561978945,2664.968434223083,22.14964191710509,52.26511056000024,3267.7159176074265,20.556979612629483,74.54773182371649,38.47130921039724,281.6396408578335,105.90361098141875,98.7413977035549,31.94460851522285,15.401386110933514,18.976019918957377,5.319372543866977,13.06465565457995,5.343269168345789,32.131707252545006,21.6928718075835,13.763119669282698,0.5689752810016305,11.90864848072503,6.969450831307744,8.365600751842543,4.184510170287961,-0.0019197437415468636,0.30484661930904616,0.1533937174191573,53.415782101964254,44.11497334879228
23.75,0.23794515050886703,3221.8722878738813,3878.3267849322556,8.10624618258949,32.38434570007004,45.517201611700166,2756.6497581994163,54.997345162631596,124.23161404822163,0.19720677347157453,99.16731963753027,49.89825486232414,2665.0959534459626,21.98158320278476,52.12252535959196,3267.920365066015,20.462183292521072,74.53147425186215,38.27733906774164,281.7844020362775,105.91561641359871,98.92467662729474,32.42325271894452,15.450719187851846,18.838478262478905,5.260912758273039,13.309749106521114,5.329464851882306,32.10427178336118,21.502989000290142,13.774963536401758,0.4505672297531526,12.373862984493693,6.944480089633591,8.419534285372235,4.17346210183757,-0.0003693065627928902,0.32185181608412844,0.17524354462156339,53.83397694756091,43.57461639560733
23.8,0.23693333917283424,3212.7982745062477,3872.2526600052065,8.123673076976731,32.569793686820596,45.699218365349054,2756.626170063627,54.17977752249076,124.23463162644046,0.1984871725419851,99.15601940539213,50.17382587335105,2664.492420947723,21.93926911104523,51.485481492360954,3267.654434270187,20.414207597971366,74.53805741062149,37.15856146684683,281.590304911431,105.92144500689685,98.9223974403778,32.42325271894452,15.450719187851846,18.838478262478905,5.260912758273039,13.309749106521114,5.329464851882306,32.10427178336118,21.502989000290142,13.774963536401758,0.4505672297531526,12.373862984493693,6.944480089633591,8.419534285372235,4.17346210183757,-0.0003693065627928902,0.32185181608412844,0.17524354462156339,53.83397694756091,43.57461639560733
23.85,0.24117815884975213,3211.951472284256,3849.5413022030343,8.121325477979601,32.45952050079702,45.61614618474191,2756.7323588436034,54.90889135562787,124.2457808091397,0.1980496534138941,99.27879054995067,50.254199261058865,2665.5107871537584,22.08966592039545,50.37091609090224,3268.298327097633,20.210757123170172,74.57389542966843,37.93075699012689,281.3247746796332,105.88500557345387,98.8393825954712,31.84622502325376,15.512482752834988,18.75602464940982,5.457708433255169,13.237638842267797,5.345684317483193,32.27566400753543,21.652014583579295,13.72721033129233,0.6153600281572958,12.461369730713889,6.976124276457777,8.421489860854807,4.168095415500585,-0.0003693065627928902,0.32185181608412844,0.17524354462156339,53.83397694756091,43.57461639560733
23.900000000000002,0.23826082541339041,3198.1318610005133,3886.741539617715,8.134309464109917,32.22242689744423,45.662184916908444,2755.3524886887235,55.529490605853105,124.20915817668379,0.19542469316023628,99.03780394898676,51.50402535887398,2663.2735994180657,22.092586286847684,50.344043158723,3266.6439046498426,19.998448047635108,74.5688710884996,36.790076511519366,281.73049191813266,105.9081548693444,98.57469208778406,31.84622502325376,15.512482752834988,18.75602464940982,5.457708433255169,13.237638842267797,5.345684317483193,32.27566400753543,21.652014583579295,13.72721033129233,0.6153600281572958,12.461369730713889,6.976124276457777,8.421489860854807,4.168095415500585,-0.0003693065627928902,0.32185181608412844,0.17524354462156339,53.83397694756091,43.57461639560733
23.95,0.23565002465452406,3211.84630562457,3916.198192060471,8.17646302087973,32.48350592655355,45.35253055372946,2755.9682787185952,55.404086609812325,124.21978008227202,0.18978480452546415,99.15750426434748,50.14722974466532,2664.383478336804,22.0167814080918,51.78268857654124,3266.9901091863007,20.251363268504136,74.53214487438791,37.10635326450701,282.05596494678707,105.91894977249696,99.00343108872056,31.969570147401413,15.518330575268694,18.598701236308816,5.402327417064402,13.464744648782455,5.347367244709375,32.42787674908303,21.753079556975596,13.615259958847403,0.5656642854497049,12.271772027693975,6.914605195263355,8.472470236846018,4.120861309919409,-0.0003693065627928902,0.32185181608412844,0.17524354462156339,53.83397694756091,43.57461639560733
24.0,0.23712392299675922,3225.307922030927,3903.435829623626,8.19071926278186,31.985130085379925,45.73930645032604,2756.3278199690617,55.16070740646272,124.22515239112914,0.19064108622526216,99.23360956736438,50.31569233377967,2665.1034637672183,22.137126206887196,51.867894842344676,3267.7879071845086,20.385287211483497,74.5560325741122,37.326673189079244,282.08229134905827,105.89274702777983,98.54929169173087,31.969570147401413,15.518330575268694,18.598701236308816,5.402327417064402,13.464744648782455,5.347367244709375,32.42787674908303,21.753079556975596,13.615259958847403,0.5656642854497049,12.271772027693975,6.914605195263355,8.472470236846018,4.120861309919409,0.011955735353284973,0.2942013201896938,0.17114791970697565,53.82496442160212,44.19714381878841
24.05,0.23511152728949708,3163.320018012654,3876.7272871055166,8.128535994886771,32.05882192543393,45.39858510975002,2755.7048039249153,55.04728199645838,124.21158550854723,0.19020442318647132,99.0755324338563,51.17293263247015,2663.8304901296706,22.076682025396476,51.34113523450574,3266.574134842917,20.478872024265552,74.55416558330643,38.37139334204481,281.86065127964935,105.91368649374897,98.81721528966992,31.971287927889954,15.310980710768234,18.610974058155698,5.329647807885607,13.218946550966205,5.340228201332486,32.59305820404874,21.81678973923161,14.31244943798144,0.6153250674391195,12.475017037164754,6.9501274854805395,8.412433929185323,4.171281954922575,0.011955735353284973,0.2942013201896938,0.17114791970697565,53.82496442160212,44.19714381878841
24.1,0.23630995580548897,3215.660771055061,3869.340008519626,8.167905743436163,32.42082905012537,45.54949994335342,2756.388334026732,56.05318495336501,124.22919212575466,0.18827160551897582,99.15566281825237,49.547267344904924,2663.8988000475792,22.177326215329067,49.11171342216853,3267.718377945392,20.139013136112506,74.53271249093957,36.58845189168968,281.76872848143245,105.89764500336997,98.74629440044595,31.971287927889954,15.310980710768234,18.610974058155698,5.329647807885607,13.218946550966205,5.340228201332486,32.59305820404874,21.81678973923161,14.31244943798144,0.6153250674391195,12.475017037164754,6.9501274854805395,8.412433929185323,4.171281954922575,0.011955735353284973,0.2942013201896938,0.17114791970697565,53.82496442160212,44.19714381878841
24.150000000000002,0.23795103905481343,3210.3002699246954,3865.4341562579457,8.117691048572048,32.57147642053546,45.64012889433188,2756.2596139905536,54.52481797485259,124.22955962957118,0.18497483970243553,99.11866435443804,49.88755284870611,2664.5890019778794,22.120611069854558,51.12887817269422,3266.918161963581,20.215098579325264,74.52086624343005,37.52766244583386,281.9519349889422,105.91433781076043,98.7989638793133,32.07238987366221,15.43650692779617,18.907009954248327,5.349064283868306,13.812767605653255,5.354863724099764,32.22285304327717,21.639305013304515,13.719919689617656,0.7227896285092891,12.04785567517457,6.921296962649699,8.353648232885767,4.225775407345306,0.011955735353284973,0.2942013201896938,0.17114791970697565,53.82496442160212,44.19714381878841
24.2,0.23544229436515543,3197.5706878593323,3889.179754295136,8.166991247059087,32.60600315098106,45.76695578216072,2757.141815073854,55.35323815168075,124.24046668444447,0.18574658649018028,99.25310471325034,51.092673042694095,2665.7667547458796,22.175873590017222,49.43993837599178,3269.7135828725914,20.328977096208416,74.52891358855668,36.58150965664803,281.884491564461,105.90491003468759,98.7457937929207,32.07238987366221,15.43650692779617,18.907009954248327,5.349064283868306,13.812767605653255,5.354863724099764,32.22285304327717,21.639305013304515,13.719919689617656,0.7227896285092891,12.04785567517457,6.921296962649699,8.353648232885767,4.225775407345306,0.011955735353284973,0.2942013201896938,0.17114791970697565,53.82496442160212,44.19714381878841
24.25,0.2376525367062483,3180.721102222539,3866.9374075682554,8.036346948470188,32.26740253096147,45.61070679312564,2756.215872086194,55.04957261479711,124.23659823782636,0.18437915496645998,99.10796550672555,51.148742197873965,2664.6498811441543,22.20097293394359,50.39531222970337,3267.270689350834,20.35317743178194,74.52954619828877,39.89651966938282,281.9298634504941,105.90211773723756,98.81318714595884,31.75671081048602,15.731687510989417,18.749569229478013,5.272122057326338,13.61088393842528,5.36475897738738,32.279530034996654,21.798991057575932,13.667525457248047,0.6779526340749946,12.529567348111724,6.934439799723535,8.341933014251312,4.0214333910827795,0.00035789311514371983,0.30832597889291946,0.16834960603085203,53.93280694130392,44.20755645938461
24.3,0.23732220434299264,3201.8426731990185,3877.7506541084285,8.102546398334686,32.51294359906173,45.73460480917073,2757.1010574841052,55.75533649208417,124.22899621494702,0.18658691716211045,99.22256543450374,51.1070894393073,2665.693191730136,21.912827259175984,50.69371701860225,3268.2773642203465,20.423001487653906,74.54544545254008,37.0909100402268,281.96031339877084,105.89073380818206,99.00566376198576,31.75671081048602,15.731687510989417,18.749569229478013,5.272122057326338,13.61088393842528,5.36475897738738,32.279530034996654,21.798991057575932,13.667525457248047,0.6779526340749946,12.529567348111724,6.934439799723535,8.341933014251312,4.0214333910827795,0.00035789311514371983,0.30832597889291946,0.16834960603085203,53.93280694130392,44.20755645938461
24.35,0.23860799394937254,3224.225802292341,3875.4076637078024,8.123596463508342,32.39100364425646,45.416240404905885,2757.3298031242853,54.782783751407216,124.24621379052425,0.19058728855112467,99.21978912812286,49.78123564762342,2666.482346095703,22.148231568753214,50.134233524099194,3269.125606314511,20.303170085278854,74.57996617887275,36.99479613440448,281.5082477941328,105.86743815698517,98.86802496241127,32.081077733058336,15.550244126770874,18.678060622795233,5.340682068227695,13.745001781553736,5.331685329745931,31.589776582965435,21.82549362953809,13.710654391787184,0.5829188575619043,12.336413461101909,6.9246162095932355,8.419157042441821,4.154265399571175,0.00035789311514371983,0.30832597889291946,0.16834960603085203,53.93280694130392,44.20755645938461
24.400000000000002,0.23888407490477356,3170.7266959620356,3905.8524437130473,8.20476908712375,32.26314169724419,45.46077422999529,2757.3770987440234,55.63153654223125,124.21768497778343,0.188268218583992,99.16836385053541,51.00609543939838,2665.75652187124,22.11447017609652,50.82509909370053,3268.8178130018737,20.290709987881304,74.5559251225156,38.44484037428251,281.8336677113903,105.88825095224905,98.73713446010167,32.081077733058336,15.550244126770874,18.678060622795233,5.340682068227695,13.745001781553736,5.331685329745931,31.589776582965435,21.82549362953809,13.710654391787184,0.5829188575619043,12.336413461101909,6.9246162095932355,8.419157042441821,4.154265399571175,0.00035789311514371983,0.30832597889291946,0.16834960603085203,53.93280694130392,44.20755645938461
24.45,0.23863551263511254,3187.8582974900387,3913.636128155769,8.054027740219144,32.189554568193465,45.64651191702919,2757.3038525324064,55.53969446253354,124.22997146051543,0.1905013603470741,99.13773494050841,50.14732743995164,2665.6379289494694,22.236942816103024,49.78423498919513,3269.4276397280323,20.4147780429492,74.54836413757732,34.948747958529374,281.5359623368716,105.87131250388639,98.7579517574968,31.34282580662346,15.510114603575834,19.03155137661799,5.537149776054662,13.471909654603795,5.374222457731204,31.78015469575662,21.58211452560705,14.122398061705473,0.6062924858138464,12.296128565635597,6.9430969133513,8.464158225023127,4.113750802477229,0.00035789311514371983,0.30832597889291946,0.16834960603085203,53.93280694130392,44.20755645938461
24.5,0.24107101121986518,3241.681201557281,3889.6052208433302,8.05170133718948,32.335439497107565,45.531635021998476,2757.3726396685033,54.578857494234704,124.23555493024591,0.18816790694142882,99.15710335237134,51.12020426025333,2665.6714264163093,22.048533834037794,49.35458993555198,3268.8055237591157,20.156220738602595,74.53966152955051,35.87416294461361,281.80592161651344,105.90863075363032,98.84722572595795,31.34282580662346,15.510114603575834,19.03155137661799,5.537149776054662,13.471909654603795,5.374222457731204,31.78015469575662,21.58211452560705,14.122398061705473,0.6062924858138464,12.296128565635597,6.9430969133513,8.464158225023127,4.113750802477229,0.010314411406419022,0.3165538891241628,0.16754458505195124,53.62613611771136,44.47810696443679
24.55,0.2416232680515522,3214.082280230693,3887.980135176837,8.12565842656671,32.48716526974273,45.63004134458868,2756.929864477503,55.1022831764786,124.24349704601678,0.18750546601662305,99.0997696527209,50.21698807076364,2665.4608254102654,22.16655264171905,50.13059299469524,3268.2435829564147,20.31685346140818,74.54697360711137,37.07478441572335,281.7585113436377,105.90595174960735,98.47507248308233,32.40486744328861,15.606786954689177,18.822061892002967,5.338314352926752,13.6455115715285,5.3191995671963035,31.797267680874334,21.715669120054073,13.894882590404052,0.6494242644272209,12.432069988364567,6.988140625764566,8.396900381914056,4.181500521442197,0.010314411406419022,0.3165538891241628,0.16754458505195124,53.62613611771136,44.47810696443679
24.6,0.24427473480952328,3199.1710920614037,3850.0051871109476,8.05888570946085,32.134470823846705,45.44455787718418,2756.754047421878,55.42153334047799,124.23748544125222,0.1869043048707315,99.11655861902906,50.70006432511671,2664.8573565758466,22.163755789966952,48.68478553896459,3267.970526386093,20.466878930465715,74.51588086802936,39.32118721415831,282.2887114699972,105.89682677421152,98.95993825357945,32.40486744328861,15.606786954689177,18.822061892002967,5.338314352926752,13.6455115715285,5.3191995671963035,31.797267680874334,21.715669120054073,13.894882590404052,0.6494242644272209,12.432069988364567,6.988140625764566,8.396900381914056,4.181500521442197,0.010314411406419022,0.3165538891241628,0.16754458505195124,53.62613611771136,44.47810696443679
24.650000000000002,0.24202818784902674,3195.8496957070647,3905.2779969508756,8.091143912215934,32.67120522185726,45.506708708895836,2756.5219639170527,54.985311822049766,124.22429376415421,0.18991034023782857,99.11351367763739,51.90992158409842,2664.99106687679,22.08467653293303,50.07257631449801,3268.577647377104,20.47076861579091,74.52374428617526,38.17599692684112,281.86179040921377,105.88711998102158,98.67842771912319,31.43411089485747,15.536328244986734,18.581969858489757,5.358317395484415,13.613965028160925,5.327994570798206,32.289003326396205,21.553771241150436,13.796664985110898,0.5930474174452436,12.22627733569516,6.993241934609298,8.394329835583045,4.152898713992163,0.010314411406419022,0.3165538891241628,0.16754458505195124,53.62613611771136,44.47810696443679
24.7,0.24074032892154756,3159.2616831888413,3879.965042557133,8.092678706433041,32.45667626057679,45.984763438453875,2756.490942901924,54.083620178340695,124.23054491926037,0.1884991294539962,99.10255541435082,50.90128697268412,2665.4316135826602,22.094670850934953,49.26355813738162,3268.0211119216165,20.20070015176342,74.52970054757117,38.765329477481295,282.0308057493573,105.90817650072563,98.9792219725159,31.43411089485747,15.536328244986734,18.581969858489757,5.358317395484415,13.613965028160925,5.327994570798206,32.289003326396205,21.553771241150436,13.796664985110898,0.5930474174452436,12.22627733569516,6.993241934609298,8.394329835583045,4.152898713992163,0.010314411406419022,0.3165538891241628,0.16754458505195124,53.62613611771136,44.47810696443679
24.75,0.24083122548902466,3190.00553340251,3889.009107704453,8.202122494262081,32.15139225232182,45.72175391912739,2757.9788667558882,55.041151513080344,124.23726406116435,0.188396098960655,99.20205749308477,50.3581197216657,2665.682160060653,21.99581303238097,50.50987481881808,3268.8986155262,20.359748607558746,74.53173911599542,37.85751571247996,281.7111347313534,105.8995827157018,98.82885301753765,31.880456441702577,15.631658580867457,19.1664825349448,5.440944912308036,13.380629148764147,5.3324885545472975,32.03593559899218,21.82474367096976,13.93247197095205,0.7772521870699448,12.45081770430596,6.976549378096957,8.362676063756373,4.167652039253081,0.015755605937942688,0.28825763495060763,0.16484873060084745,54.53421058104942,44.100804201830776
24.8,0.24181855663819604,3211.3463374751095,3899.3563417322107,8.184389042743929,32.6057043904701,45.695388896332965,2758.1902530392754,55.518658991694366,124.24637658373322,0.19348942406904202,99.13949803821549,48.832966080625006,2665.7557580893094,22.004057222539767,48.550966957463714,3269.699643206782,20.4652057120805,74.51638633172607,35.76250513630852,281.88144589732724,105.89716544109143,98.86802188525007,31.880456441702577,15.631658580867457,19.1664825349448,5.440944912308036,13.380629148764147,5.3324885545472975,32.03593559899218,21.82474367096976,13.93247197095205,0.7772521870699448,12.45081770430596,6.976549378096957,8.362676063756373,4.167652039253081,0.015755605937942688,0.28825763495060763,0.16484873060084745,54.53421058104942,44.100804201830776
24.85,0.24419727237652186,3197.541253730036,3897.394869070989,8.055152041288217,32.62591820437767,45.695986036773284,2758.19282812512,54.92064176108438,124.24816343961328,0.1915692324669454,99.19659804046078,49.30531701895864,2666.5696778166366,22.102114235463798,50.61536224003785,3269.7683715278426,20.274167903482834,74.52651506972843,38.437304352556296,282.0597320169769,105.89723186819647,98.91756681799626,31.912174734217288,15.411099394443015,18.938216846149952,5.42352448350497,13.480452605881403,5.343640719259639,32.18272112007216,21.64230995560993,13.516009478397178,0.5930608323991922,12.178611269777736,7.0155902567770525,8.388881710764489,4.150772301013268,0.015755605937942688,0.28825763495060763,0.16484873060084745,54.53421058104942,44.100804201830776
24.900000000000002,0.24790496366317905,3183.533802384151,3916.024877480171,8.229882398959914,32.10539642898686,45.47267511794786,2757.5505727001096,54.45678344141635,124.22326426553006,0.19380693290770168,99.23948208070334,50.52505218834959,2666.0491303372073,22.0102788160981,49.00090673578131,3269.1796733109127,20.391697581974107,74.54701044319017,38.05405107870492,282.4012534736689,105.88761812086797,98.93173820961938,31.912174734217288,15.411099394443015,18.938216846149952,5.42352448350497,13.480452605881403,5.343640719259639,32.18272112007216,21.64230995560993,13.516009478397178,0.5930608323991922,12.178611269777736,7.0155902567770525,8.388881710764489,4.150772301013268,0.015755605937942688,0.28825763495060763,0.16484873060084745,54.53421058104942,44.100804201830776
24.95,0.24775428142137246,3201.2523410294384,3895.3030786733075,8.047464970658785,32.71419512542814,45.80954359244116,2758.040673854639,54.44907921581651,124.2244090268808,0.19346370011213765,99.14796242127734,50.011140210448715,2665.8567955523517,22.409642145367663,50.34014468706472,3268.780655315201,20.316126665551458,74.5659853460255,38.97478585913826,282.17015080000016,105.90471357781087,98.63484435856331,31.718352228837656,15.496255690962986,18.06067913109107,5.391039047605975,13.52254589934832,5.335591974873149,32.085349541584826,21.580109104170322,13.592323862480148,0.6660554231568352,12.079459999835947,6.972519779124958,8.451857488040663,4.188060320911174,0.015755605937942688,0.28825763495060763,0.16484873060084745,54.53421058104942,44.100804201830776
25.0,0.24767379265608425,3201.6463077270078,3894.324232829913,8.141750086876792,32.429781564369435,45.30511553870323,2757.52698401041,54.892011758915785,124.22607042192766,0.19684788566331962,99.16784160183198,50.33210184121575,2665.7635625234548,22.07909764400877,48.43730441460119,3268.6568394783562,20.437322802652176,74.55886022673815,38.75545936966047,281.9993710755621,105.92866965345767,98.97611556315368,31.718352228837656,15.496255690962986,18.06067913109107,5.391039047605975,13.52254589934832,5.335591974873149,32.085349541584826,21.580109104170322,13.592323862480148,0.6660554231568352,12.079459999835947,6.972519779124958,8.451857488040663,4.188060320911174,0.02089524877853699,0.3205160935568412,0.17049581214810414,53.798743968938226,44.056169280453744
25.05,0.2431131640227872,3198.710739567882,3894.352767298306,8.063927102271576,32.2895678278528,45.56969629544526,2758.334447262558,55.30531011887131,124.2123488961564,0.19561467261565066,99.19282051032759,50.68468810711544,2666.5527113614403,22.08565293263855,49.38940941151462,3269.6964220335385,20.587607643274005,74.5752533924536,39.119874230461086,281.6609926572032,105.90080674479753,98.76635153221594,32.24058553346377,15.5096598712842,18.90343722723415,5.385107750118221,13.411803069026439,5.3421222948142235,32.152060660033136,21.68021797115491,14.045411045003872,0.6403372303066478,12.235876767357812,6.94801040303579,8.440728720229945,4.113390892034077,0.02089524877853699,0.3205160935568412,0.17049581214810414,53.798743968938226,44.056169280453744
25.1,0.2395884911161406,3215.0689267794187,3899.631101922204,8.248248849234708,32.395741603970436,46.06512916024565,2757.866608980286,54.98052784631844,124.23461652582965,0.19626937812881862,99.12056614100352,52.95018864199183,2666.409326524564,21.872698495423613,46.16521609251342,3268.9470149396097,20.359519585611878,74.54127269284773,36.850031622281,281.47636017648665,105.88823476820582,98.90076481636201,32.24058553346377,15.5096598712842,18.90343722723415,5.385107750118221,13.411803069026439,5.3421222948142235,32.152060660033136,21.68021797115491,14.045411045003872,0.6403372303066478,12.235876767357812,6.94801040303579,8.440728720229945,4.113390892034077,0.02089524877853699,0.3205160935568412,0.17049581214810414,53.798743968938226,44.056169280453744
25.150000000000002,0.2379328915585111,3196.7356292298323,3898.7003991058973,8.04021437391026,32.35080166894815,46.065710318773505,2758.823082882624,54.627931939242174,124.23042227741216,0.1977861518727452,99.19721288414588,49.038788771964576,2666.3710064370935,21.719861179769786,49.715882409805594,3269.597659491559,20.315456027122607,74.54687719795854,36.22496132724409,281.8993396749646,105.88465378336562,99.04908409661617,31.85511846126789,15.38730618649959,18.7602345825081,5.600618576851794,13.460118305296994,5.345188748599008,32.4263606942606,21.83518112100547,13.662181935418342,0.6825100352131078,12.262821301460177,6.99405286647718,8.435869264780536,4.331701632169477,0.02089524877853699,0.3205160935568412,0.17049581214810414,53.798743968938226,44.056169280453744
25.2,0.24071092457076895,3194.295720203025,3900.6893013321182,8.045484943810514,32.494378325115534,45.438386764795446,2758.221302871743,55.2676659395639,124.233081802381,0.20113537702193293,99.12236895197954,50.625689254083966,2666.206517765674,22.06366948117595,49.704207569296166,3269.0231283687567,20.2252290227565,74.54434043564741,35.61703110390583,282.10462208198635,105.88793221424356,98.77608253225347,31.85511846126789,15.38730618649959,18.7602345825081,5.600618576851794,13.460118305296994,5.345188748599008,32.4263606942606,21.83518112100547,13.662181935418342,0.6825100352131078,12.262821301460177,6.99405286647718,8.435869264780536,4.331701632169477,0.02089524877853699,0.3205160935568412,0.17049581214810414,53.798743968938226,44.056169280453744
25.25,0.24241268420621553,3170.50368669084,3899.932606352968,8.12528475358632,32.07903622607202,46.00183384674248,2758.260381997357,54.74060086502171,124.20937283353018,0.2002389326006189,99.20884876799201,50.01328037506915,2666.5787564359234,22.031655337560103,51.38718565570349,3269.58373646056,20.381300754091495,74.54505785244031,38.94962989037075,281.8885993458918,105.88682439633847,99.04448653483198,32.11093526892918,15.50639565166527,18.834433680674657,5.207867466662697,13.603405531477904,5.346148379897961,32.332879319325734,21.67127635983627,14.31776664745103,0.5710112306905327,12.350756426710026,6.962595324303628,8.384069263045191,4.118541666621877,0.013163271237967032,0.28459477912915676,0.169788879095061,54.7765471225401,44.48469033003155
25.3,0.23988073512712618,3199.31664038716,3899.575419083489,8.216334935824605,32.32382823419655,45.5491004451663,2757.7804825147828,55.506935941429944,124.22480128722137,0.2065530657203431,99.17428261738685,49.52645242226091,2666.716996537442,22.030585010796322,50.17672477454774,3268.84789513407,20.47678768654625,74.55757282959388,37.72558363617149,282.4736453195158,105.89458719026509,98.8345247155218,32.11093526892918,15.50639565166527,18.834433680674657,5.207867466662697,13.603405531477904,5.346148379897961,32.332879319325734,21.67127635983627,14.31776664745103,0.5710112306905327,12.350756426710026,6.962595324303628,8.384069263045191,4.118541666621877,0.013163271237967032,0.28459477912915676,0.169788879095061,54.7765471225401,44.48469033003155
25.35,0.24386045702573317,3212.774564124992,3912.7551244353135,8.046365684428746,32.13822409235216,46.20144020599736,2757.4792048852446,55.167611772128694,124.23340702054703,0.20537750195083557,99.10237979377663,49.31345535139072,2664.9644101469626,22.166041497356108,49.77923060568172,3268.237276689343,20.215148053343523,74.54949346151764,38.24684543117534,281.96439159709865,105.92363071011499,98.9203517261922,31.76021386484445,15.459845228771881,18.781443686463582,5.128111671698949,13.567379035150463,5.346093748954457,32.152368811945536,21.772635521713656,14.105827371469609,0.5504877285664731,12.191787658417509,7.004547769194509,8.432682081128224,4.201614039553985,0.013163271237967032,0.28459477912915676,0.169788879095061,54.7765471225401,44.48469033003155
25.400000000000002,0.24247799400039985,3184.046744052084,3919.796410356168,8.0598899049004,32.472649670270414,45.46644362985856,2758.372615191284,55.02464337646505,124.20948083342066,0.20770715377030263,99.23908881450063,50.94789342261014,2666.5361931367215,22.15979670625617,48.558421417197174,3270.097601224591,20.357444893378005,74.55852066107883,35.97368426864168,282.07268626930005,105.89991591264766,98.76713495556123,31.76021386484445,15.459845228771881,18.781443686463582,5.128111671698949,13.567379035150463,5.346093748954457,32.152368811945536,21.772635521713656,14.105827371469609,0.5504877285664731,12.191787658417509,7.004547769194509,8.432682081128224,4.201614039553985,0.013163271237967032,0.28459477912915676,0.169788879095061,54.7765471225401,44.48469033003155
25.45,0.24310930106838613,3187.041593715794,3907.8889690003134,8.148725631133798,32.351479325928096,45.733802658070324,2757.480991220162,55.164748496248684,124.23163470579604,0.20545435751120789,99.19472581587225,50.05820473864208,2666.0894841084587,22.09732564354325,48.358509342167345,3269.2687240284968,20.546974602594155,74.55817158602264,36.973204369398125,281.7029343207353,105.91156774558542,98.84746703217414,32.32005150917803,15.43210603116269,18.468446597781572,5.354332383730021,13.398147991665592,5.307076255458414,32.6108487966914,21.597885507032572,13.239603453377443,0.7064884833380067,12.268521681932912,7.011580940457236,8.313963187695308,4.248258084887946,0.013163271237967032,0.28459477912915676,0.169788879095061,54.7765471225401,44.48469033003155
25.5,0.2451146918439366,3203.5496357049856,3917.9008752225313,8.159501938364238,32.172073222809594,45.56030544706987,2758.1996293000716,56.08845187565763,124.22906578162427,0.2064835796261407,99.16761127593112,51.35259415042022,2665.808559713401,22.02000061125282,50.6579428318719,3269.3629375005,20.227912977089147,74.54199715197787,37.062267113953325,282.41320243746316,105.92357669038294,99.07657144427039,32.32005150917803,15.43210603116269,18.468446597781572,5.354332383730021,13.398147991665592,5.307076255458414,32.6108487966914,21.597885507032572,13.239603453377443,0.7064884833380067,12.268521681932912,7.011580940457236,8.313963187695308,4.248258084887946,0.009734189589347115,0.29185479068563336,0.16194678932092194,53.15913666488552,43.92639767974889
25.55,0.24027328050078806,3229.078827968709,3841.3029535631717,8.123334676152323,32.67611759863379,45.54115598789985,2757.7083774094235,54.56190286306636,124.21703735981572,0.20722623009038352,99.13280334366321,49.59455913325522,2665.2705641131433,22.179787696617023,48.42608690490758,3268.6320733305893,20.388187539874178,74.525000697657,38.719523059461594,282.31503300627304,105.93196971628849,98.84979863132237,32.42491526696536,15.467608103074511,18.48092757891057,5.405625866639824,13.306209284031638,5.337510711907323,31.96163531864424,21.58748026399852,14.114479320752368,0.6547457709578021,12.20716087921553,6.98059752813147,8.359020273213343,4.100203336661404,0.009734189589347115,0.29185479068563336,0.16194678932092194,53.15913666488552,43.92639767974889
25.6,0.23652726585364722,3225.908928468488,3913.482892006275,8.156945355304659,32.35389462058128,45.59061367148979,2757.901666712264,54.88312436862657,124.25209264362118,0.20838148990096195,99.18402214565322,50.16560548438382,2665.571896528435,21.750885218827058,49.76507697490542,3269.9891948681343,20.369541255180206,74.51846343459889,38.262931826948574,282.3157890397597,105.90021371797225,98.89132741470131,32.42491526696536,15.467608103074511,18.48092757891057,5.405625866639824,13.306209284031638,5.337510711907323,31.96163531864424,21.58748026399852,14.114479320752368,0.6547457709578021,12.20716087921553,6.98059752813147,8.359020273213343,4.100203336661404,0.009734189589347115,0.29185479068563336,0.16194678932092194,53.15913666488552,43.92639767974889
25.650000000000002,0.23796051188470838,3203.778648075852,3865.13042866575,8.120036012188816,32.243807559246854,45.24938608953557,2758.0427410755183,55.105194604529416,124.22132546846959,0.20969383323816126,99.19821983427768,50.095035252372284,2666.0151403120612,22.412150536279004,48.85398205388172,3269.716035278152,20.361284773099445,74.54602148898297,37.57239415273754,281.8281254420761,105.9147824968159,98.84355211481419,32.530290819211025,15.324869687276173,18.742031136056383,5.432614148061081,13.549092790179262,5.291981165809525,32.287830230368556,21.57886152513352,13.64620692055264,0.5768850466835037,11.885919300429315,6.971582889275897,8.351806200360546,4.23905083691126,0.009734189589347115,0.29185479068563336,0.16194678932092194,53.15913666488552,43.92639767974889
25.7,0.23495744597425475,3169.4117855988943,3903.544056760637,8.169948945359526,32.25949493074868,46.126597579989806,2756.8101560458445,54.00333458208912,124.2354100597952,0.2102730580378004,99.14693929644113,49.66545586734195,2666.0806212651314,21.781505429842987,48.649804554436386,3268.6518232036547,20.223940768820082,74.54625499985725,39.03161380064908,281.9421688644594,105.88285833280263,98.70576304201154,32.530290819211025,15.324869687276173,18.742031136056383,5.432614148061081,13.549092790179262,5.291981165809525,32.287830230368556,21.57886152513352,13.64620692055264,0.5768850466835037,11.885919300429315,6.971582889275897,8.351806200360546,4.23905083691126,0.009734189589347115,0.29185479068563336,0.16194678932092194,53.15913666488552,43.92639767974889
25.75,0.234129003423116,3192.4964546830124,3861.927415315097,8.175498840323558,32.78149266179883,45.28941982862342,2756.6570545912,54.129632127984536,124.21010708433452,0.20994885401381877,99.12487666343483,49.96198573706369,2664.6888427906374,22.004027246091276,49.60353844438223,3268.403670522861,20.205403216587936,74.54224723859369,37.96148750700917,282.4355690963515,105.87849170953398,98.79978629919417,31.930034816336068,15.4535665572896,18.81346479607645,5.272196633095561,13.538440735048118,5.320442175780766,32.1061806695499,21.797474008379087,13.540778657362003,0.597461629849075,11.990718096146932,7.00507183184616,8.423338534973523,4.063850860109548,-0.012151044105002335,0.3015731058011192,0.16188355678323446,54.085902289530765,43.85350084411024
25.8,0.23312665601960333,3215.9434658795294,3876.200477609362,8.224933556573479,32.2958233124695,45.58749934866854,2756.246358849232,54.65456204379091,124.22025499091862,0.20942497282116598,99.20298299763033,49.69272564122486,2664.620819499954,22.21902619204415,49.599696322501316,3267.495974461233,20.20988501012418,74.56382533261883,37.019873842212455,281.68647569516787,105.87338402445894,98.88073726037145,31.930034816336068,15.4535665572896,18.81346479607645,5.272196633095561,13.538440735048118,5.320442175780766,32.1061806695499,21.797474008379087,13.540778657362003,0.597461629849075,11.990718096146932,7.00507183184616,8.423338534973523,4.063850860109548,-0.012151044105002335,0.3015731058011192,0.16188355678323446,54.085902289530765,43.85350084411024
25.85,0.23705020458818515,3180.4156584661328,3900.0922275936305,8.120116328644096,32.31808975718094,45.71659148134368,2756.2354446610393,54.73638420635112,124.2226857212737,0.20630739335158835,99.24905230425199,49.666494818825115,2665.2805538716484,22.217008535857346,48.32667184532107,3268.2761904470344,20.299659074043344,74.5609941932987,37.85571568230456,282.51072161781156,105.87703994373382,99.1570560262345,31.95590187815313,15.539081310426475,19.04638123078861,5.318044160992318,13.361513684922143,5.337462903231576,31.733186845751263,21.700446957442864,13.673030820955637,0.6760241069704734,11.96717303805085,6.9932422698449646,8.345627793781688,4.120973997195145,-0.012151044105002335,0.3015731058011192,0.16188355678323446,54.085902289530765,43.85350084411024
25.900000000000002,0.2367370574975295,3199.059160589885,3891.9374631738156,8.189045360665455,32.66404331579114,45.86978706504913,2756.878692255996,54.517931732022944,124.23627848787012,0.20876865667606087,99.25863016857129,49.522623403445316,2664.3179818771655,22.06545908574405,50.23562958371876,3268.112361961798,20.563444952475425,74.59281490641398,37.817128902740016,281.72777802801755,105.90403418986214,98.9336076023353,31.95590187815313,15.539081310426475,19.04638123078861,5.318044160992318,13.361513684922143,5.337462903231576,31.733186845751263,21.700446957442864,13.673030820955637,0.6760241069704734,11.96717303805085,6.9932422698449646,8.345627793781688,4.120973997195145,-0.012151044105002335,0.3015731058011192,0.16188355678323446,54.085902289530765,43.85350084411024
25.95,0.2407617833118456,3188.616434797007,3912.0420724558426,8.143149675297906,32.233455600918674,45.586607021174686,2756.4077107531957,54.55495902061283,124.23256977667006,0.20513688498034752,99.23270276616255,52.36672854163424,2664.133982813613,22.100565571408264,48.82257012426428,3267.3199441927964,20.311612544578836,74.59910791798193,37.438135219175116,281.6241054903911,105.91332055588248,98.81323594664329,31.71892536282123,15.508110105707555,19.400027123002303,5.211460669931217,13.651934301149383,5.341469306362837,31.69835265874608,21.73364197546198,13.446337634351892,0.5631406458887976,12.53285735931226,6.955292619945248,8.459688695629206,4.189597498218147,-0.012151044105002335,0.3015731058011192,0.16188355678323446,54.085902289530765,43.85350084411024
26.0,0.24448542856801309,3190.454471685121,3878.1525454127964,8.169788991053217,32.371274525440086,45.802249665680215,2755.4514829161353,54.77560907004222,124.2290987044519,0.19941134862177676,99.14475166120287,51.454637170086926,2663.1068469411293,22.201767566346625,50.66424917981311,3265.739202464099,20.336006537122582,74.58944229487815,38.6280450344157,281.8495235117652,105.92090041096536,98.9401360447951,31.71892536282123,15.508110105707555,19.400027123002303,5.211460669931217,13.651934301149383,5.341469306362837,31.69835265874608,21.73364197546198,13.446337634351892,0.5631406458887976,12.53285735931226,6.955292619945248,8.459688695629206,4.189597498218147,0.0019394356159012451,0.2826414155969943,0.1527441376669008,53.4277733915008,44.04913643108281
26.05,0.24676692442377782,3166.0937091346505,3889.6100750841138,8.057966768764821,32.47330671389816,45.44223049966146,2755.5721355088253,55.379618346615125,124.21580085241183,0.19962661630041068,99.22637729145312,49.93864289651122,2664.0392540047997,22.08231108792453,48.288094606313635,3266.8008422881826,20.27672661786035,74.59274611427905,38.9539635324253,281.83437408840314,105.89808430197473,98.71847745280235,32.0156894658206,15.554239571320787,18.66893399441427,5.247747227816884,13.241915817849833,5.312108890598369,32.559195227480416,21.67023966410384,13.73057580847275,0.4637747474675084,12.109749831801183,7.023708590457837,8.528353777501554,4.1799552016649075,0.0019394356159012451,0.2826414155969943,0.1527441376669008,53.4277733915008,44.04913643108281
26.1,0.2506109648468604,3197.9391933644665,3901.4308724188827,8.108183989806964,32.42631825309429,45.55997232280912,2754.366121876659,55.43939603082396,124.22851998179208,0.19570245812942885,99.18073242024042,50.12423026632724,2663.488737426651,21.912615801864256,49.51584771629316,3265.577107013057,20.470218074575044,74.60307546414192,36.8384689585257,282.0315181438065,105.92048128227009,99.0292529904497,32.0156894658206,15.554239571320787,18.66893399441427,5.247747227816884,13.241915817849833,5.312108890598369,32.559195227480416,21.67023966410384,13.73057580847275,0.4637747474675084,12.109749831801183,7.023708590457837,8.528353777501554,4.1799552016649075,0.0019394356159012451,0.2826414155969943,0.1527441376669008,53.4277733915008,44.04913643108281
26.150000000000002,0.24959936124251383,3201.2077932349357,3909.6631619223836,8.289760194918166,32.34644794481499,45.816180342059056,2755.696249346068,54.74387676663815,124.2423590969378,0.1881125415622489,99.29660650500722,49.33989652030152,2663.82006250003,22.14446108701198,47.29544379985678,3266.361614237262,20.498032749206956,74.60078565498873,37.13316707264707,281.8496233144618,105.89011382088914,98.9289682315609,31.903863387992956,15.55722542515052,17.85548904981567,5.17819837430965,13.360445474805246,5.320721066784032,32.37751330242058,21.546710627352716,13.658798480590262,0.48214642549888953,12.242210306538043,6.980318922930988,8.472751136091178,4.19848810416189,0.0019394356159012451,0.2826414155969943,0.1527441376669008,53.4277733915008,44.04913643108281
26.2,0.2466132553927602,3209.221642405806,3930.480295944555,8.025337157702443,32.362271268220866,45.63813763847592,2755.097666376777,54.17313304330159,124.21306410019409,0.1889512735726957,99.18839488928703,49.79099765063057,2662.4899389474062,22.201323597643288,48.950877079446094,3266.390052034638,20.219781799352063,74.57421460081471,38.3983511344513,282.0911326876475,105.8726725379864,98.9107748849409,31.903863387992956,15.55722542515052,17.85548904981567,5.17819837430965,13.360445474805246,5.320721066784032,32.37751330242058,21.546710627352716,13.658798480590262,0.48214642549888953,12.242210306538043,6.980318922930988,8.472751136091178,4.19848810416189,0.0019394356159012451,0.2826414155969943,0.1527441376669008,53.4277733915008,44.04913643108281
26.25,0.23969134196210118,3185.8878560908265,3917.5602639618437,8.080732670756225,32.55685968300631,45.554017070987726,2755.362263683675,54.624253203070914,124.24782219210562,0.18535522210449465,99.15107859178813,50.5152366323394,2663.426033324785,22.157257942912082,50.131217017010805,3266.7614044477396,20.36972773768009,74.55282281932733,36.29335113226459,281.85248603195294,105.88718023815353,98.7823947268858,31.803800660384344,15.432417504119703,18.725459716723307,5.4061785144879995,13.39487279829816,5.3658564511312274,32.03777717830058,21.81739548423594,13.631172591397313,0.7248169612152381,12.339387971404848,6.989242385847825,8.4657813254816,4.222791458219242,0.016897499115151933,0.3173357197481218,0.17322205925266168,54.1040140054471,43.87886147072471
26.3,0.23410383612193764,3180.4249979441456,3887.178293241821,8.255882108381527,32.38548526500661,46.15582005955849,2756.1684175536375,54.44937595773034,124.23462143033623,0.18605474514680073,99.12615863255259,49.23578318276259,2664.7458122013077,21.92421287637936,49.76800122081952,3267.79093957423,20.35974176830384,74.52451357376516,36.34879634364817,282.1463608672724,105.87381229125033,98.74032764896188,31.803800660384344,15.432417504119703,18.725459716723307,5.4061785144879995,13.39487279829816,5.3658564511312274,32.03777717830058,21.81739548423594,13.631172591397313,0.7248169612152381,12.339387971404848,6.989242385847825,8.4657813254816,4.222791458219242,0.016897499115151933,0.3173357197481218,0.17322205925266168,54.1040140054471,43.87886147072471
26.35,0.23546827768665723,3198.5129709580324,3882.2078906562806,8.238686740607214,32.157262776497646,45.52557537440401,2756.635379954824,56.15710267335088,124.24030337231477,0.18491357101504136,99.06101624449194,50.39864875016298,2664.713623937229,21.989322682839045,49.725803192765085,3267.976868206658,20.186044865038763,74.49126654938827,39.42832726271769,282.54130538344,105.87855532361965,98.70350369847475,32.136293173176355,15.52529935401032,18.63358533096416,5.427173702722889,13.570734669509847,5.341934933187441,31.958729947891555,21.62581354867499,13.661116537235955,0.3687569306047087,12.578705925334033,6.9941554431019295,8.330325038128324,4.261849465914567,0.016897499115151933,0.3173357197481218,0.17322205925266168,54.1040140054471,43.87886147072471
26.400000000000002,0.23709253412712072,3200.8968208762662,3881.3960460658627,8.149328200750034,32.11588707636026,45.86894803856728,2757.7525643212703,55.52560283020218,124.23911434886261,0.18651855970683082,99.1437296537736,49.25761667888574,2665.1894405745174,22.14855692598651,48.98339285692621,3268.2205738397774,20.07946145294365,74.48220060576529,36.27592081442251,282.2696476665692,105.88412192633903,98.81739296338387,32.136293173176355,15.52529935401032,18.63358533096416,5.427173702722889,13.570734669509847,5.341934933187441,31.958729947891555,21.62581354867499,13.661116537235955,0.3687569306047087,12.578705925334033,6.9941554431019295,8.330325038128324,4.261849465914567,0.016897499115151933,0.3173357197481218,0.17322205925266168,54.1040140054471,43.87886147072471
26.45,0.2386136055481931,3203.4990774260777,3919.993600867487,8.131083342053774,32.54618172714511,45.655692163724396,2758.427993829122,55.19113328655723,124.22427805847832,0.18774666128079387,99.22974600331824,50.821762979476745,2666.1234012782256,22.011010188695874,50.49769786568986,3270.3300590963286,20.199020675190916,74.5148968576867,38.99822455722171,282.4024221605068,105.85970389976251,98.92330388054108,31.721767881725903,15.637765002412195,18.653127346889537,5.4755253953179635,13.610127482758898,5.321151184206746,31.79970754432548,21.47864735650761,13.65897594811635,0.7638083886977127,12.20293502815683,6.979634826973403,8.311603564913968,4.186821255721341,0.016897499115151933,0.3173357197481218,0.17322205925266168,54.1040140054471,43.87886147072471
26.5,0.23728936884628124,3206.8875594358865,3909.3977974243066,8.143877318302462,32.46617252767503,45.54105216276807,2757.87871591046,55.11888581073102,124.22372961243398,0.1882767474779478,99.17884616881403,50.92471445494249,2666.1911409933846,22.131228212806665,48.87843609645793,3269.9870933163647,20.39750753203946,74.53114293070367,37.87463529302912,282.52963998284224,105.88038757883929,99.10016396626736,31.721767881725903,15.637765002412195,18.653127346889537,5.4755253953179635,13.610127482758898,5.321151184206746,31.79970754432548,21.47864735650761,13.65897594811635,0.7638083886977127,12.20293502815683,6.979634826973403,8.311603564913968,4.186821255721341,-0.0026525832593470794,0.30344850295617504,0.17916389907670274,54.259831653568185,44.46546732668425
26.55,0.23896638847032528,3161.0430533044178,3918.425820064779,8.14556111087805,32.344390174241354,45.437938316093486,2757.3029389924973,55.270969214558875,124.2204050876501,0.19037897791605315,99.10142418169548,49.79471267022574,2666.262490704734,22.391303675533997,48.258938798862594,3269.40788861758,20.317107463420054,74.53616219288534,36.388748357307676,282.2866670072373,105.89304062947517,98.63052599414384,31.945791872284378,15.480195746121241,18.874477668142887,5.318321081288456,13.598508889921021,5.3676133463639015,32.45863964613582,21.568194420755532,13.79295593288818,0.6531605738755336,11.810502272789318,6.989399378936709,8.308484590388604,4.197464357574543,-0.0026525832593470794,0.30344850295617504,0.17916389907670274,54.259831653568185,44.46546732668425
26.6,0.24116026203149546,3195.5024115886267,3863.7123275393146,8.181250922487674,32.008530462850175,45.48412711371195,2757.6778049023505,55.11893342290548,124.21017478694982,0.19237901979277905,99.11555589611876,49.86267709808461,2665.669517987298,22.161409144611184,50.15268978904694,3268.9688864171603,20.24036139929726,74.53132152736173,37.31407056783725,282.06058155929566,105.87440150371424,98.92337426551268,31.945791872284378,15.480195746121241,18.874477668142887,5.318321081288456,13.598508889921021,5.3676133463639015,32.45863964613582,21.568194420755532,13.79295593288818,0.6531605738755336,11.810502272789318,6.989399378936709,8.308484590388604,4.197464357574543,-0.0026525832593470794,0.30344850295617504,0.17916389907670274,54.259831653568185,44.46546732668425
26.650000000000002,0.2433418710555624,3156.5792137577646,3890.2459786254394,8.068159298953528,32.40762791379208,45.598029261734006,2758.9242335835534,55.11722766444048,124.21677514696847,0.195852688055891,99.2348968525955,49.19406061570283,2667.3756397071297,21.915601326470693,49.60835252287417,3270.536461271518,20.15909238347924,74.54415169605849,39.7330227245034,282.5194008233528,105.87932289178842,99.0767808094978,31.84246447966731,15.342974151512454,19.226598229265115,5.3604935320561635,13.090917246823974,5.299946614221802,32.010930841992405,21.737647728902548,13.920984384710573,0.561781160353878,11.756209890402777,6.939827913019884,8.339194856033824,4.177387831480158,-0.0026525832593470794,0.30344850295617504,0.17916389907670274,54.259831653568185,44.46546732668425
26.7,0.24203467877263118,3222.9086173268056,3887.183492923983,8.11501593030139,32.28847055074076,45.60167974541761,2759.163170589851,54.3779185841419,124.22882170780025,0.19912673064168246,99.22373438246328,48.51386208328006,2667.093306911881,22.11474143324721,49.92769636918947,3270.4638329743148,19.99549638059866,74.57005850488243,38.10593510855797,282.27779956945795,105.86232568660759,98.83338086140556,31.84246447966731,15.342974151512454,19.226598229265115,5.3604935320561635,13.090917246823974,5.299946614221802,32.010930841992405,21.737647728902548,13.920984384710573,0.561781160353878,11.756209890402777,6.939827913019884,8.339194856033824,4.177387831480158,-0.0026525832593470794,0.30344850295617504,0.17916389907670274,54.259831653568185,44.46546732668425
26.75,0.2448502694683094,3215.2087294992,3864.6992153425404,8.064841266468145,32.359589830009526,46.011783287066635,2758.1067810479203,54.92065272434474,124.22731056946132,0.20310589823839065,99.20701134455211,49.88663904589903,2666.6658347870116,22.09775075923866,48.653566293823665,3269.7609343406857,20.08509939258389,74.5886789447687,38.06754395149237,282.55798716954945,105.86065442053619,99.03260325939237,32.0498820584177,15.508887192760195,18.878856071404996,5.378810689456078,13.638112422597128,5.35816127120764,32.11499129728481,21.86335988512916,13.902467199881533,0.5945702673686671,12.150318635943092,6.985280056000969,8.387367530236537,4.170189236203324,0.008817795255735002,0.3006374759957661,0.16526461508411483,54.09028316206376,44.2332459235139
26.8,0.2503435142380533,3175.6406314237524,3907.0461050677773,8.063075485620864,32.3122628746838,45.517975560301196,2757.4598210187155,54.751126543632495,124.23071838319376,0.20120946466041642,99.18455110838734,48.80723195364466,2665.819056291268,22.113541917522326,51.27118989080248,3268.9330412272593,20.127098935227675,74.58505907713875,38.552837220702855,282.50407068272403,105.90460255796029,98.99841391210808,32.0498820584177,15.508887192760195,18.878856071404996,5.378810689456078,13.638112422597128,5.35816127120764,32.11499129728481,21.86335988512916,13.902467199881533,0.5945702673686671,12.150318635943092,6.985280056000969,8.387367530236537,4.170189236203324,0.008817795255735002,0.3006374759957661,0.16526461508411483,54.09028316206376,44.2332459235139
26.85,0.24870329872971872,3216.208890837528,3892.0071758223203,8.107186953203941,32.67439305652254,45.766241394433216,2757.614898515793,55.09488960000171,124.23331381770976,0.20340827401320902,99.16964795994882,50.25261903175826,2665.4908238727835,21.929415568952688,48.753936533684694,3268.7587377339964,20.460304219122676,74.57977887635133,39.33408674352168,282.5872513605514,105.87828458374467,98.81716619078951,31.724623416267935,15.481671245406464,18.659689326180448,5.387789994936347,13.3650180596292,5.328654354441581,32.45119192188133,21.732048326475358,13.921557257425192,0.42819321650927256,12.382279929760148,6.934035213017388,8.459447879775894,4.146219142567129,0.008817795255735002,0.3006374759957661,0.16526461508411483,54.09028316206376,44.2332459235139
26.900000000000002,0.24707405296723026,3186.565695480766,3912.7339305409514,8.098453366464396,32.58842599169496,45.33954957709292,2757.564223359668,54.83286699113758,124.23612969297547,0.20421153591679753,99.23399518896936,51.90430904699815,2666.023080174292,22.02301900432577,47.575310063314134,3269.28305989586,20.49468142832888,74.59208560063901,36.931081756656205,282.5281184031777,105.87741327754128,99.03139689688363,31.724623416267935,15.481671245406464,18.659689326180448,5.387789994936347,13.3650180596292,5.328654354441581,32.45119192188133,21.732048326475358,13.921557257425192,0.42819321650927256,12.382279929760148,6.934035213017388,8.459447879775894,4.146219142567129,0.008817795255735002,0.3006374759957661,0.16526461508411483,54.09028316206376,44.2332459235139
26.95,0.2487605885694958,3199.285327708583,3932.9896896752166,8.144154696704536,32.075003467937854,45.76936161817292,2756.649768663688,54.16512637747756,124.21691854630835,0.20388130936257098,99.08635711977313,48.21025496914428,2665.515129474361,22.108751542843518,47.80551895714061,3268.098820297046,20.392613607410475,74.56299350797731,37.497556801750214,281.5642662708399,105.8947721476866,98.63151507724301,32.00823147685226,15.407811037296893,18.402291827620363,5.22582218205441,13.41653113658666,5.394570011731512,32.6263721688488,21.71298200964,13.534944505838668,0.5506875627105617,12.066412290419969,7.054983918295754,8.374417448094954,4.227424927151284,0.008817795255735002,0.3006374759957661,0.16526461508411483,54.09028316206376,44.2332459235139
27.0,0.24722270799242477,3217.777892733796,3883.7138258094574,8.148155681608634,32.47948642025664,45.760666705934305,2758.554477275978,55.419997685696835,124.24948336635451,0.20166207567036548,99.23522104427913,51.407816143016476,2666.6539275852106,22.00464134557189,49.12274041456771,3269.851019245132,20.40423335086323,74.53197512920195,36.12355523757149,282.27280342257995,105.88416615419838,98.95926573598486,32.00823147685226,15.407811037296893,18.402291827620363,5.22582218205441,13.41653113658666,5.394570011731512,32.6263721688488,21.71298200964,13.534944505838668,0.5506875627105617,12.066412290419969,7.054983918295754,8.374417448094954,4.227424927151284,0.010319443342384825,0.3170340813368789,0.16623195382727923,53.72018510182923,44.192602247516035
27.05,0.24326739651581758,3195.777040644332,3908.0014939595944,8.083986670237708,32.48201274348625,45.65622922544689,2757.1985266916968,54.378219866836474,124.23042885742447,0.20460732213693755,99.14395415638867,50.489287202974594,2665.2837125571914,21.97746213690099,48.911306398977686,3268.9926804062106,20.118454862635183,74.57077309759106,37.3979245747036,282.14102079086854,105.88411527222816,98.6855754602757,31.88254044795069,15.32677766983954,18.91847743942406,5.502384996549369,13.367264232724887,5.3449068383390665,31.998136567902314,21.723391557879573,13.470359087085988,0.5883324900051587,12.363653007686533,6.964714681691762,8.422547402214418,4.212999018095885,0.010319443342384825,0.3170340813368789,0.16623195382727923,53.72018510182923,44.192602247516035
27.1,0.24083859205481836,3165.136747665759,3915.4959902391306,8.159139932013288,32.39158960705765,45.423672860917044,2758.14482597284,54.726687977091714,124.22516012070152,0.21038553873336446,99.09704259372994,49.465487663113095,2666.1063438120404,22.304143450235543,48.52053885931889,3269.302169632697,20.40030525372684,74.52029021757859,38.03945031930974,282.36443692465696,105.89373970978406,98.8894702125291,31.88254044795069,15.32677766983954,18.91847743942406,5.502384996549369,13.367264232724887,5.3449068383390665,31.998136567902314,21.723391557879573,13.470359087085988,0.5883324900051587,12.363653007686533,6.964714681691762,8.422547402214418,4.212999018095885,0.010319443342384825,0.3170340813368789,0.16623195382727923,53.72018510182923,44.192602247516035
27.150000000000002,0.2452736766401564,3219.664903987843,3941.028380519458,8.034797142069104,32.408866084460485,45.741533165879034,2758.109661807662,55.3882734019644,124.22469044953806,0.21013532140850047,99.12047571779549,49.40119986642298,2665.9998717703406,21.95353418766457,48.858607328361394,3269.34797632674,20.38585410463207,74.52027414754092,38.62608693030006,282.605604806373,105.89156979153822,98.97311546945195,32.191709601844266,15.293620647051815,18.738217305745955,5.282627771610926,13.630937505284825,5.334446979982644,32.19464771340111,21.570648354814196,13.43896048296059,0.7354849157717782,11.781554972207996,6.959128437449747,8.455891276327913,4.182424876940163,0.010319443342384825,0.3170340813368789,0.16623195382727923,53.72018510182923,44.192602247516035
27.2,0.24555764860505006,3188.6696321273753,3916.9967800449085,8.137932442526603,32.102665323811095,45.92023634483292,2757.7811480187406,54.66760081095108,124.23329128886238,0.20760301752597748,99.19316685962264,51.9079360098458,2666.123721355082,21.985256644825252,47.73357694501698,3269.8446468496722,20.213872244047487,74.52445919563904,37.91702083961602,282.51475992623625,105.91257374678224,99.09124295990323,32.191709601844266,15.293620647051815,18.738217305745955,5.282627771610926,13.630937505284825,5.334446979982644,32.19464771340111,21.570648354814196,13.43896048296059,0.7354849157717782,11.781554972207996,6.959128437449747,8.455891276327913,4.182424876940163,0.010319443342384825,0.3170340813368789,0.16623195382727923,53.72018510182923,44.192602247516035
27.25,0.2451275723326378,3222.103506797659,3889.849389518063,8.116219505836856,32.524990294187695,45.70452637139903,2757.3751801133085,55.340476072548306,124.24178347283626,0.2074526183298162,99.20423332745112,50.72698744139254,2665.8412838098698,21.818625608351997,48.594390254079684,3269.4779341655285,20.33838546183373,74.56168442852751,36.7640868052972,282.5929879173684,105.8831959165205,98.9156706561674,31.989881180812134,15.427963534276294,18.511701747203677,5.2264116705191865,13.364746559518506,5.314670738235292,32.47233183402484,21.653805884330506,13.598933406132959,0.4650610591191975,12.235632319721427,7.019267125749309,8.393555423152593,4.105061959992062,0.004051573951931193,0.2998308053201053,0.15361478255129585,53.680640302433225,44.60472130231465
27.3,0.24311458643228842,3195.4726973522033,3919.503098187264,8.159987917726575,32.42088488312009,45.60076343947821,2757.1646693190064,55.72804328469575,124.24955147198281,0.21035604648058945,99.13091258447534,50.89161835974224,2664.793546196721,22.292011718568947,50.37145892915912,3269.0747883524527,20.320552649000824,74.56650525874922,36.78191479410722,282.34113591408,105.89190912771572,98.78645015048593,31.989881180812134,15.427963534276294,18.511701747203677,5.2264116705191865,13.364746559518506,5.314670738235292,32.47233183402484,21.653805884330506,13.598933406132959,0.4650610591191975,12.235632319721427,7.019267125749309,8.393555423152593,4.105061959992062,0.004051573951931193,0.2998308053201053,0.15361478255129585,53.680640302433225,44.60472130231465
27.35,0.24264561253031533,3169.5753264123127,3939.9374319497992,8.242049440317757,32.62218336359647,45.926847750607266,2758.141447824017,54.81879997934637,124.2368865387159,0.21327822553884698,99.26515423833345,50.438394346951796,2666.517522397982,22.00294563667166,49.968760142846136,3269.5437220145577,20.307504612865703,74.55645316898665,35.8909405682961,282.7035125129874,105.87513086448332,99.17861383109094,31.90368821597064,15.548818600207218,18.52420667585255,5.235916263371548,13.81869636061851,5.3684300176759105,31.922527853322052,21.688306156213653,14.237082135703314,0.6948384846768209,12.071748263724295,6.9711863528952085,8.388982548562662,4.193277321504531,0.004051573951931193,0.2998308053201053,0.15361478255129585,53.680640302433225,44.60472130231465
27.400000000000002,0.24233012770828918,3215.3724789373023,3926.44565756495,8.114655229292373,32.31116537955869,45.5522082930524,2757.0339050617495,54.05519263329417,124.21870532066947,0.2163845074225289,99.19968994262025,48.90689991132178,2665.42565159699,22.20819954353856,49.68261676593036,3268.8591834832,20.228980916565227,74.58673565522385,38.296986963434556,282.33037120057645,105.8574666446049,98.69860807206533,31.90368821597064,15.548818600207218,18.52420667585255,5.235916263371548,13.81869636061851,5.3684300176759105,31.922527853322052,21.688306156213653,14.237082135703314,0.6948384846768209,12.071748263724295,6.9711863528952085,8.388982548562662,4.193277321504531,0.004051573951931193,0.2998308053201053,0.15361478255129585,53.680640302433225,44.60472130231465
27.45,0.24076003500200657,3192.861695881979,3882.7205630777967,8.089091024959894,32.393098551888144,45.764750138864116,2757.121744369625,54.87236667273447,124.23944969430976,0.20850708578463412,99.16123972862889,50.30839256490165,2665.4984965445456,21.8220495982407,48.225618145890714,3268.170136864725,20.133007651775685,74.55926341177154,39.26914491819689,282.6942413165691,105.91965697732446,98.98446161893605,31.970560245774692,15.470555424141466,18.6722952021654,5.187367470325688,13.524292311497716,5.334292220205224,32.307067497171815,21.581721053707007,13.312650574058924,0.3906039219208618,12.01556619918338,6.969044034833469,8.36954998518541,4.162053098180373,0.004051573951931193,0.2998308053201053,0.15361478255129585,53.680640302433225,44.60472130231465
27.5,0.24069932731841406,3233.3802090936742,3857.1914443279384,8.162001846487144,32.69057105107984,45.68179144044019,2757.1558315374104,54.848944854183074,124.22566019878207,0.20854667990633508,99.17213894383498,50.87202487573708,2665.6168786923536,21.73737119540793,48.833795963716334,3269.0207008247994,20.27914381576551,74.55018088989002,39.24995004865751,282.5010854101754,105.89704846502454,98.83652879963851,31.970560245774692,15.470555424141466,18.6722952021654,5.187367470325688,13.524292311497716,5.334292220205224,32.307067497171815,21.581721053707007,13.312650574058924,0.3906039219208618,12.01556619918338,6.969044034833469,8.36954998518541,4.162053098180373,-0.005866114128872297,0.2945938624064301,0.1719509880657509,53.69571877718352,43.561681030605165
27.55,0.24128863967556347,3244.790525111275,3878.4243431132095,8.094668033325437,32.24952571426147,45.708316556263966,2756.984952748018,55.437885307982775,124.21981817818957,0.20806228418754621,99.13712694766403,49.09794009514712,2665.0979778562505,22.25717207854481,49.589640310891,3268.1452658974404,20.299091850046054,74.53011598201591,39.16279615864506,282.49424838639135,105.89229316627497,99.04865551230903,32.28706179183616,15.494787750264468,18.696780988391264,5.319564308953259,13.683627078593332,5.294938934341971,32.63018978843882,21.75826270982097,14.02767090222483,0.7337702175927636,11.79864931971888,6.937684342741086,8.365949302782344,4.229904359445191,-0.005866114128872297,0.2945938624064301,0.1719509880657509,53.69571877718352,43.561681030605165
27.6,0.2412385418474419,3211.973274027499,3854.9160127885493,8.102934171248446,32.481009800636805,45.67378767248058,2757.0564823041927,54.7095258812507,124.22171168277345,0.2092845672696407,99.1793237182034,50.26226730555038,2665.243951182219,22.08609415710445,49.198629736450954,3268.3457892333267,20.32716943926426,74.54282089042671,37.7586506887506,282.8983714013771,105.88288482893218,98.80550227352363,32.28706179183616,15.494787750264468,18.696780988391264,5.319564308953259,13.683627078593332,5.294938934341971,32.63018978843882,21.75826270982097,14.02767090222483,0.7337702175927636,11.79864931971888,6.937684342741086,8.365949302782344,4.229904359445191,-0.005866114128872297,0.2945938624064301,0.1719509880657509,53.69571877718352,43.561681030605165
27.650000000000002,0.24062798758215564,3206.4834744155087,3867.7808059964254,8.10501056095677,32.610545506876285,45.79631492021508,2757.005563110269,55.67662864756731,124.22956966033315,0.2080113859822304,99.21255617605755,49.855104906697555,2665.224565023801,21.855328375379976,48.47805765146609,3268.6083846825627,20.148350117164256,74.54863663752387,38.221661471408744,282.4612610238145,105.89412525612735,99.05664945330814,32.13342513461447,15.411390016637615,19.347345788992012,5.4239114794945715,13.483168474802858,5.347804662565471,32.316545738037156,21.56456434161427,13.985025851403497,0.6497020846380055,11.997599752884996,6.954139052694183,8.398418443244429,4.122605556158938,-0.005866114128872297,0.2945938624064301,0.1719509880657509,53.69571877718352,43.561681030605165
27.7,0.23870003857255098,3188.6987857514564,3906.5861839516597,8.07795701216049,32.74593049769406,45.81384801247201,2757.325932500352,54.96426779368355,124.23796079418285,0.20507099217850489,99.2403579101909,49.014181762393456,2665.405557364473,22.175759988271572,47.152852264622375,3268.8383307143836,20.2301188879051,74.57255363364021,38.40027316312203,282.5280404016035,105.8742631089227,98.87359506188879,32.13342513461447,15.411390016637615,19.347345788992012,5.4239114794945715,13.483168474802858,5.347804662565471,32.316545738037156,21.56456434161427,13.985025851403497,0.6497020846380055,11.997599752884996,6.954139052694183,8.398418443244429,4.122605556158938,-0.005866114128872297,0.2945938624064301,0.1719509880657509,53.69571877718352,43.561681030605165
27.75,0.2444990571808711,3228.722932521306,3869.5497453639764,8.148606355715621,32.46435665759106,45.692446511324626,2756.623069854779,54.94602492239782,124.2347427776723,0.21135064584816735,99.21319704665589,50.81314772518691,2664.267486236436,21.999219364658835,50.18990629756198,3268.5819072325885,20.297162234536163,74.57724741842348,38.30569466710791,283.0014498745306,105.87227192435394,99.17693149945764,32.46557798390381,15.360579665082543,18.241409277723328,5.246926157059106,13.179782581253031,5.3315630020435965,32.42026637558491,21.858591541083797,13.747492000626643,0.6227950833177954,12.242444369513168,6.965188304853522,8.359801879100218,4.221190532819332,0.0028441956208730716,0.29051865207298744,0.1688355001849468,54.07473896115156,43.85779990072046
27.8,0.24699170070592621,3214.59989575891,3866.190425585834,8.141720628865771,32.1778507358172,45.57363893491717,2757.1075744879918,54.345892914927525,124.21844522800764,0.20728169795951648,99.29937043519051,49.770438441326895,2665.597237272475,22.09455535200608,48.57805586970021,3268.258333338045,20.153549999060573,74.60938543102142,39.79321576292724,282.4728473944948,105.87828503686656,98.98745780225416,32.46557798390381,15.360579665082543,18.241409277723328,5.246926157059106,13.179782581253031,5.3315630020435965,32.42026637558491,21.858591541083797,13.747492000626643,0.6227950833177954,12.242444369513168,6.965188304853522,8.359801879100218,4.221190532819332,0.0028441956208730716,0.29051865207298744,0.1688355001849468,54.07473896115156,43.85779990072046
27.85,0.24174417700159673,3246.625386217392,3923.416405392247,8.206225170516932,32.72565201424888,45.73242754976884,2756.4988482563426,55.35490647805493,124.22641227327924,0.20850407529468676,99.192524317081,50.254293296745324,2664.643685805758,22.012253074523837,47.68601754959409,3267.65237373598,20.008820767214562,74.60772697164332,35.619114271453384,282.6473118854364,105.8743203533755,99.02138408703189,32.09713257658382,15.501299053878087,19.04895391922166,5.328875357150995,13.693124041672059,5.3106641218752175,32.29522830604638,21.578201282832183,14.159130721452568,0.6026018928944954,11.830455943718894,6.936549292955474,8.444843762921602,4.206879276161912,0.0028441956208730716,0.29051865207298744,0.1688355001849468,54.07473896115156,43.85779990072046
27.900000000000002,0.236602386097006,3180.8445711319923,3894.5055093710553,8.184041858281075,32.56483809237408,45.84337809032963,2756.5372552044005,54.95945083593506,124.22249085647952,0.2068267550736616,99.22317929206207,51.00862588250362,2664.804225382303,21.992817720103286,47.953473207390154,3267.97990116583,20.186344858379982,74.6021357389486,37.25262338238865,282.34595861659216,105.84520791453886,98.96406456357305,32.09713257658382,15.501299053878087,19.04895391922166,5.328875357150995,13.693124041672059,5.3106641218752175,32.29522830604638,21.578201282832183,14.159130721452568,0.6026018928944954,11.830455943718894,6.936549292955474,8.444843762921602,4.206879276161912,0.0028441956208730716,0.29051865207298744,0.1688355001849468,54.07473896115156,43.85779990072046
27.95,0.24122985455045856,3207.173535657799,3914.13700784285,8.10040211797206,32.43466789213623,45.69012514391269,2757.262916455115,55.33513070168617,124.23168068674015,0.21011403502965034,99.2889545361905,50.139751705518755,2665.8351891085654,21.8063905119943,50.37975188033478,3268.4864421432294,20.314016363924953,74.6125757050553,37.738838889456886,282.5876433125353,105.88668526535771,99.19229582479765,32.58943414443075,15.334227195332803,18.59701022089122,5.250318376192207,13.546102890505455,5.301927493679202,32.307511129763874,21.526912384063767,14.072463416170157,0.7241541011664415,12.021033487157881,6.923278785456369,8.45648757147599,4.185991630821042,0.0028441956208730716,0.29051865207298744,0.1688355001849468,54.07473896115156,43.85779990072046
28.0,0.2439752474995037,3201.7945433664904,3879.4234121278223,8.084921679149414,32.587532784279,45.90738541644541,2757.0198695301106,54.49931784873113,124.21925978337309,0.21239950061853974,99.34609981865921,51.54044422760078,2665.3087511444082,21.870249438313135,49.03770070233386,3268.8128686419655,20.37921983399031,74.62440753556194,36.77910299505679,282.61911402264576,105.86749773115494,99.11153496314418,32.58943414443075,15.334227195332803,18.59701022089122,5.250318376192207,13.546102890505455,5.301927493679202,32.307511129763874,21.526912384063767,14.072463416170157,0.7241541011664415,12.021033487157881,6.923278785456369,8.45648757147599,4.185991630821042,0.0004967552222359516,0.29661150429614785,0.14166888094002733,53.62341946304547,44.95677222917506
28.05,0.23852204567086885,3227.8833270738232,3909.4762411985234,8.127821049044027,32.240031934948234,45.71666328465707,2756.425802759908,53.23807681897213,124.2227247210004,0.2087917613347934,99.23911777840789,48.44045955394492,2664.524462367323,21.967113654780125,46.71908370430383,3268.678823312883,20.329256742798748,74.64552891310171,37.925043878701054,282.46325413407857,105.8674711027548,98.96825816531826,32.09503099422144,15.49438249404877,18.52264946739285,5.209273876522147,13.475022362974682,5.311691965255762,32.389869320893474,21.54883315568422,13.328834963334506,0.6757793710720769,12.16815537387878,6.918696312409124,8.450140245363114,4.137885998747883,0.0004967552222359516,0.29661150429614785,0.14166888094002733,53.62341946304547,44.95677222917506
28.1,0.23924463456977996,3201.1214027045844,3893.4238368241527,8.099109022094588,32.20710183729415,45.81915150236819,2757.771239876565,53.96257453509845,124.21845039727859,0.20665597574860733,99.33533522866263,50.411275005846804,2665.5762441205047,22.240095448856263,46.68994468802836,3268.388979313028,20.212752665040338,74.63904295549197,37.96629033824783,282.7684213212108,105.8559500944193,98.77150463225252,32.09503099422144,15.49438249404877,18.52264946739285,5.209273876522147,13.475022362974682,5.311691965255762,32.389869320893474,21.54883315568422,13.328834963334506,0.6757793710720769,12.16815537387878,6.918696312409124,8.450140245363114,4.137885998747883,0.0004967552222359516,0.29661150429614785,0.14166888094002733,53.62341946304547,44.95677222917506
28.150000000000002,0.23648443389876772,3202.448643428767,3876.0478596774833,8.253925720820185,32.696161234156925,45.74919434893952,2756.1917293724186,54.86587652092334,124.24188961679549,0.20433527497093384,99.20734893825131,50.54131419027246,2665.1497882978715,22.11477083210363,49.242667088350274,3268.0301011374477,20.428896980484275,74.62000008837695,37.22148925994451,282.4645711776792,105.87577082030964,99.0039583983979,32.127670118806094,15.399865202005575,18.488660518494356,5.454307162438697,13.607542074770812,5.3647085721983645,32.13630960713042,21.39473144003461,13.83415669816021,0.530452706689653,12.046908218028587,7.006577157238409,8.435917038401312,4.302002037004472,0.0004967552222359516,0.29661150429614785,0.14166888094002733,53.62341946304547,44.95677222917506
28.2,0.2366218235869491,3196.940838249157,3891.482270439445,8.159641760364016,32.704262685585334,45.438362526225056,2755.8245721757694,54.6969180175392,124.22525792304116,0.20293366451694922,99.19613389530807,49.687684099922905,2664.1698106862386,21.94341089035371,48.406295179094364,3267.7135596328817,20.431904946653965,74.60391782411787,36.449607920698035,282.4219146101895,105.88271656905016,98.7621793612994,32.127670118806094,15.399865202005575,18.488660518494356,5.454307162438697,13.607542074770812,5.3647085721983645,32.13630960713042,21.39473144003461,13.83415669816021,0.530452706689653,12.046908218028587,7.006577157238409,8.435917038401312,4.302002037004472,0.0004967552222359516,0.29661150429614785,0.14166888094002733,53.62341946304547,44.95677222917506
28.25,0.239577470076455,3212.9903238659376,3927.0930783651743,8.082382113367679,32.43740331935672,45.824242436746026,2756.9076975141484,54.71463886644969,124.23146469676024,0.20324727017702285,99.27151058154422,50.53475136715096,2664.7550323698847,22.185136895712315,48.24586041260536,3267.9618352428993,20.242382676368475,74.58999568636173,39.1759820011765,282.91421992441093,105.8718086137262,99.20882801072067,32.23046339507321,15.443900174593475,18.184981660165157,5.329996457246065,13.607990652385737,5.335302874185196,32.784900866415725,21.616209442478734,14.046839393945108,0.6614842722068789,11.88158708726136,6.945604476483103,8.448188122413036,4.165366327314403,0.020115469353767984,0.2999580979091813,0.1671925180759059,53.05567479028883,44.109159288345424
28.3,0.23564876138470395,3221.429476548846,3881.843995439328,8.14069263203837,32.166315644850556,45.46883074631142,2756.7824718081665,54.50276984834635,124.23198573289568,0.20456792944905514,99.23326884931056,50.122979656036186,2665.2015627106052,22.169349697027915,48.13471570500569,3268.452652034113,20.35254295686683,74.60128325351657,37.10599294695868,282.5307165823112,105.86778752120713,98.75479519500784,32.23046339507321,15.443900174593475,18.184981660165157,5.329996457246065,13.607990652385737,5.335302874185196,32.784900866415725,21.616209442478734,14.046839393945108,0.6614842722068789,11.88158708726136,6.945604476483103,8.448188122413036,4.165366327314403,0.020115469353767984,0.2999580979091813,0.1671925180759059,53.05567479028883,44.109159288345424
28.35,0.23349702805168338,3190.2821219046327,3906.833959796526,8.085528500697302,32.424641822001405,45.774727567578076,2757.2998829075204,54.53478467397465,124.243966611146,0.19998616800278318,99.29233874833162,50.564588301397755,2665.3664598689984,21.990992841920637,49.26653421269074,3268.715156639274,20.34958005174448,74.59540414016467,36.41800405877603,283.17514490432194,105.85615197049168,99.18840859375072,31.972348216810495,15.446424800174842,19.089145875517204,5.292508091264024,13.439039553619688,5.301300982568208,32.570360766261906,21.520388977237445,14.129827241392213,0.6683167831965982,11.946351219424773,6.966948644833813,8.327637497773242,4.179284435075693,0.020115469353767984,0.2999580979091813,0.1671925180759059,53.05567479028883,44.109159288345424
28.400000000000002,0.22859790156667922,3208.7849620531515,3892.413650882161,8.204390530108236,32.08646306540593,46.04785697198622,2756.7561679196765,54.18916746930296,124.23951843698916,0.20383276925900343,99.1409383779572,50.008974886384976,2664.724347993715,22.170758529337235,48.60860682399007,3267.96697885612,20.24091693339172,74.56481468259044,37.201468930420475,282.07785781539565,105.85955672167614,98.57514171958687,31.972348216810495,15.446424800174842,19.089145875517204,5.292508091264024,13.439039553619688,5.301300982568208,32.570360766261906,21.520388977237445,14.129827241392213,0.6683167831965982,11.946351219424773,6.966948644833813,8.327637497773242,4.179284435075693,0.020115469353767984,0.2999580979091813,0.1671925180759059,53.05567479028883,44.109159288345424
28.45,0.23438923421713836,3201.522134597439,3898.0247095047816,8.100367164559021,32.34337267403408,45.87093193881765,2756.8111654710483,53.95931148344759,124.22330041520146,0.20135862136608884,99.26609891377262,50.34816798378183,2665.082896643108,21.996945645267985,48.37373566984463,3268.72611789524,20.1918781618796,74.5716976773683,37.09303118009902,282.536903819343,105.86256505106502,99.05858646545131,32.322640469701476,15.512367268814806,18.591253569654807,5.337008023733771,13.111389378001164,5.322634512833284,32.39396520056107,21.585692338565362,13.49693721611424,0.7491672836203344,12.63782332907675,6.982761776098821,8.444215133598652,4.187322408730503,0.020115469353767984,0.2999580979091813,0.1671925180759059,53.05567479028883,44.109159288345424
28.5,0.24047464573837177,3236.487515695249,3904.9280585878473,8.037797688695136,32.55903255074517,45.63209732215978,2756.3987771211655,55.45179762782776,124.21526055023753,0.20001505658960256,99.23248165889676,51.5082254081108,2664.325545321775,22.205858921762356,51.0053185835375,3267.509032273253,20.492239905013417,74.57330300830624,40.22449638636112,282.9279924499623,105.86525952007831,98.99628821224607,32.322640469701476,15.512367268814806,18.591253569654807,5.337008023733771,13.111389378001164,5.322634512833284,32.39396520056107,21.585692338565362,13.49693721611424,0.7491672836203344,12.63782332907675,6.982761776098821,8.444215133598652,4.187322408730503,0.011459722619701074,0.31252434262360623,0.16330686774510889,54.08559131395193,44.87343902021056
28.55,0.23512966341744493,3231.251083477709,3903.825219103842,8.095362604575834,32.3237121680622,45.835881648866085,2756.380084877402,53.99650669651547,124.23153170350997,0.1987022645132556,99.23843710251573,49.652621605349744,2664.503434749872,22.070879886853607,49.07969343038258,3267.241329730056,20.163527787942765,74.59505031810433,34.55629066342501,282.6251641011429,105.83575822537394,98.9913983673358,31.868834943241936,15.256864083000755,19.109978687335598,5.401698963477887,13.331046324651417,5.3428204763619735,32.24588393318272,21.49213202716722,13.583664079692992,0.5068469296661091,12.015885882293547,7.023877301478461,8.417986605581511,4.191894893865438,0.011459722619701074,0.31252434262360623,0.16330686774510889,54.08559131395193,44.87343902021056
28.6,0.23856840613413266,3193.958404150169,3883.8918983029957,8.129762666212251,32.691749507894926,45.60887213128401,2757.3355585808913,56.13844699945963,124.22595577349328,0.19640256381568652,99.30035931751358,50.34071293320578,2665.198933966198,22.25445489381632,48.34317988985199,3268.3486523656647,20.491788986078564,74.5946470918771,37.1615531436112,282.54752723714734,105.85614968232844,99.1916603908774,31.868834943241936,15.256864083000755,19.109978687335598,5.401698963477887,13.331046324651417,5.3428204763619735,32.24588393318272,21.49213202716722,13.583664079692992,0.5068469296661091,12.015885882293547,7.023877301478461,8.417986605581511,4.191894893865438,0.011459722619701074,0.31252434262360623,0.16330686774510889,54.08559131395193,44.87343902021056
28.650000000000002,0.24099409106652567,3209.0767714016656,3891.23749930746,8.093937995374144,32.54809559684999,45.819328177835445,2755.6568014151476,54.985905977405125,124.21574751809457,0.19828990986968342,99.1775494096225,50.46899233387777,2664.3987470767565,22.31498750209694,46.840076104953944,3267.692155074585,20.25598019627607,74.59597227502577,37.78889399448516,282.934111680365,105.85855184741656,98.99646632466953,32.34576392984392,15.551785266785744,18.90908159691717,5.3266315007316445,13.352906201889295,5.33060764600584,32.34057350279765,21.339634626461258,13.68393783259604,0.5329841097522405,12.185050086423383,6.908465786195163,8.525087299800205,4.127446989586705,0.011459722619701074,0.31252434262360623,0.16330686774510889,54.08559131395193,44.87343902021056
28.7,0.2455807581528828,3186.7524396395943,3877.8636839592646,8.041750891358173,32.49371179120849,45.625964366635024,2756.6639892974126,55.3286876476026,124.23669550519112,0.19312123197379663,99.28313661696775,49.99795852351298,2664.8814446314213,21.99845390436895,48.96617117339138,3267.9462903670537,20.20106434875802,74.62692688084434,38.04663022931935,282.93849053652036,105.87761925861479,99.22444074312577,32.34576392984392,15.551785266785744,18.90908159691717,5.3266315007316445,13.352906201889295,5.33060764600584,32.34057350279765,21.339634626461258,13.68393783259604,0.5329841097522405,12.185050086423383,6.908465786195163,8.525087299800205,4.127446989586705,0.011459722619701074,0.31252434262360623,0.16330686774510889,54.08559131395193,44.87343902021056
28.75,0.24332454650420762,3205.172970226709,3897.425102131332,8.097025169919423,32.375589403505515,45.894140243431075,2757.090446684393,55.03033706413514,124.24363774359986,0.19466690261790437,99.30386101870069,51.034848085635836,2664.932325792363,21.913045096256468,49.05683550870924,3268.5691622348304,20.28536167174098,74.62171745322806,38.720656040980415,282.6555872677964,105.83837401566053,98.78438547065474,31.91904077067258,15.419512500349384,19.02498278660447,5.462003827242902,13.485868914755667,5.295534946485203,32.40057414902148,21.416204272998634,13.628193254957797,0.7375942544982116,12.121901913914124,6.950265124544693,8.460109786682548,4.15749798848885,0.015035408726698745,0.2927741085940285,0.17576282241870744,53.277834961068535,45.00126070423254
28.8,0.2427994230416697,3188.1542905476363,3900.8992743886843,8.051787031067215,32.59411538155575,45.79677927364928,2756.794883175845,54.40033056426133,124.21448503486641,0.19619352645704782,99.28925039674418,50.28869003794723,2665.3098363634426,21.991464507316255,47.86444568571212,3268.2707194747454,20.066452482300388,74.6295042460447,36.91798839795124,282.90163452902965,105.85888659347368,99.18344999846366,31.91904077067258,15.419512500349384,19.02498278660447,5.462003827242902,13.485868914755667,5.295534946485203,32.40057414902148,21.416204272998634,13.628193254957797,0.7375942544982116,12.121901913914124,6.950265124544693,8.460109786682548,4.15749798848885,0.015035408726698745,0.2927741085940285,0.17576282241870744,53.277834961068535,45.00126070423254
28.85,0.24476135348585656,3212.385695733212,3902.8628669369996,8.088185152947641,32.28454535412003,45.5310230351101,2756.3638581802948,53.98865517047872,124.23317087855217,0.19649351876035254,99.11345758823909,50.67898999475429,2664.237586434224,22.106967285028517,47.25185618059844,3268.021540582192,20.35320922126746,74.63067539125555,39.407716585111544,282.4944279186056,105.87518651355111,98.65991831726544,32.158953275098284,15.426811587212466,18.3153590098147,5.413210266272998,13.234545085466038,5.313335629636744,32.64020310892576,21.60515379457098,13.991532031374181,0.6939718792023919,11.768086138322209,6.938726251094564,8.469243582475222,4.238167547827015,0.015035408726698745,0.2927741085940285,0.17576282241870744,53.277834961068535,45.00126070423254
28.900000000000002,0.2466141464760374,3212.3578900029647,3876.899287957711,8.092889425535656,32.29092853778213,45.803736933804366,2756.831674629706,54.77987254228075,124.21603351611262,0.19560851745175079,99.25994331816845,48.17528637120504,2665.199590609185,22.092627319014127,48.476761189814745,3268.1041276874803,20.201482003453727,74.58492869421984,36.635476127393524,283.30733150872356,105.87972197529388,99.02581124167,32.158953275098284,15.426811587212466,18.3153590098147,5.413210266272998,13.234545085466038,5.313335629636744,32.64020310892576,21.60515379457098,13.991532031374181,0.6939718792023919,11.768086138322209,6.938726251094564,8.469243582475222,4.238167547827015,0.015035408726698745,0.2927741085940285,0.17576282241870744,53.277834961068535,45.00126070423254
28.95,0.24216661176816545,3214.572128461408,3886.9880220911787,8.101182522154597,32.39895885211938,45.68774943998169,2757.0798529192944,54.39210951845748,124.23864752907784,0.193868753619848,99.25172412094001,49.403338211898166,2664.9481770459397,22.118617011869016,48.91221115388939,3269.0499333754624,20.09891953135427,74.60957703378305,35.85402155052879,282.5643342453403,105.84897246342496,98.97514387370586,32.4426674991416,15.31490716186005,18.970849010480755,5.5117136810137755,13.457096681004348,5.3483105131095074,32.0781742879632,21.33042251169149,13.857598297555594,0.8077965587822435,12.51211518542615,6.966716053519691,8.295037853763969,4.073330026110942,0.015035408726698745,0.2927741085940285,0.17576282241870744,53.277834961068535,45.00126070423254
29.0,0.23467883206222154,3192.5790001479963,3919.7296774603437,8.135539890258782,32.29968789763542,45.77813450478662,2758.2962353371636,54.627297784113864,124.23558800229982,0.19630601694627722,99.27252967162136,49.558035730134726,2665.908661264059,22.142599868307673,48.31789440912655,3269.0749811541496,20.53857209323947,74.6119533971986,35.872434928978315,282.7269727895865,105.8647324700718,98.92659765279433,32.4426674991416,15.31490716186005,18.970849010480755,5.5117136810137755,13.457096681004348,5.3483105131095074,32.0781742879632,21.33042251169149,13.857598297555594,0.8077965587822435,12.51211518542615,6.966716053519691,8.295037853763969,4.073330026110942,-0.008374372220861844,0.3014915302044589,0.1802284482526018,53.77415922707881,44.71856583893964
29.05,0.24082203477272318,3210.125391142447,3916.595393470078,8.172872537076845,32.477781732953666,45.65768681843142,2757.521742706331,54.49102145257287,124.20942516242106,0.1959850450091232,99.26452470081696,48.823256672195754,2666.437805177191,22.03802584180787,48.20802310020123,3269.8701114757737,20.33513852051214,74.60304576132528,37.465639046278895,282.75669298963834,105.82354600469013,98.77743387621427,32.4761556435826,15.469527813167963,18.63375653473696,5.347248177195206,13.890633625836958,5.326973460756758,32.228212554425504,21.48295377624469,13.872713931343812,0.6029500490934819,12.002791128067834,6.9497443247584005,8.427819960452757,4.202276044851627,-0.008374372220861844,0.3014915302044589,0.1802284482526018,53.77415922707881,44.71856583893964
29.1,0.23776136338418463,3165.386564685113,3886.5435980855273,8.14281362680011,32.59022071797492,45.94385311740685,2755.8183269227034,54.234647800920214,124.238519110435,0.1973388975964414,99.10229066422289,48.82908884023724,2664.154358632225,22.129823108721133,49.45325245023997,3268.2243896719683,20.588659045655483,74.58676658140965,37.70384321048066,282.5540571742792,105.8755418493014,98.94670766723537,32.4761556435826,15.469527813167963,18.63375653473696,5.347248177195206,13.890633625836958,5.326973460756758,32.228212554425504,21.48295377624469,13.872713931343812,0.6029500490934819,12.002791128067834,6.9497443247584005,8.427819960452757,4.202276044851627,-0.008374372220861844,0.3014915302044589,0.1802284482526018,53.77415922707881,44.71856583893964
29.150000000000002,0.23746416130212403,3206.431232104627,3932.205473068457,8.139855055117115,32.458917213561136,45.53307724753572,2756.6441335658014,54.885272798696946,124.22521854039637,0.19795837580584005,99.18871502560371,49.38166438171374,2665.383670148573,22.10415428759088,46.5381888423453,3268.665460149214,20.14151400794359,74.60017855364006,34.702735385272234,283.031586364794,105.8619215141149,98.80549275569913,31.873893561093126,15.27900089714581,18.772300306384224,5.451330414432185,13.09348400333923,5.3166438876956725,32.15073839265249,21.339982764788203,13.592585098589323,0.5415245099427883,11.893646711439112,6.964372310122884,8.319661411612204,4.284172092422347,-0.008374372220861844,0.3014915302044589,0.1802284482526018,53.77415922707881,44.71856583893964
29.2,0.23663151708995026,3233.433558765834,3913.9195757563302,8.126210895951557,32.54520624652972,45.85807735420749,2756.5626480526153,54.57999126179657,124.24503465903467,0.1973406417892854,99.19920194711347,49.66733033709508,2665.442756623263,22.047204664751384,49.90990986502196,3268.874349231139,20.413109862420043,74.5418523641871,37.97285589407617,283.28879523671526,105.86898988209056,99.2576596477255,31.873893561093126,15.27900089714581,18.772300306384224,5.451330414432185,13.09348400333923,5.3166438876956725,32.15073839265249,21.339982764788203,13.592585098589323,0.5415245099427883,11.893646711439112,6.964372310122884,8.319661411612204,4.284172092422347,-0.008374372220861844,0.3014915302044589,0.1802284482526018,53.77415922707881,44.71856583893964
29.25,0.2371677124874914,3211.5654444341653,3881.6639855101066,8.162291796059069,32.321676377106904,45.48626001439665,2757.756716274742,54.40799447202261,124.23619549753747,0.19515529219265185,99.30618119769579,48.64840044246317,2666.3600266208814,22.07417075567444,48.22260886463267,3269.75451464837,20.217495628185283,74.60190671437775,40.1293187899936,282.8109946358648,105.86122461111611,99.08766477068332,32.24457027716327,15.364055008217381,18.984546537486036,5.460913482241348,13.52719211039984,5.354497512932274,32.545924171744716,21.375724593755603,14.166310506572172,0.42364716876793473,12.19723613004985,6.9673910976993705,8.435275274650882,4.157179467652563,-0.01118436674792251,0.30598036901478426,0.16656545682887663,54.32233529360627,45.8951942838519
29.3,0.23933573812429607,3193.377816857463,3895.6635896025577,8.228453533339936,32.16955493925568,45.486175252284944,2757.530487755719,53.98557710240607,124.2417661656965,0.19907225709521292,99.20716535016568,50.56076480827134,2665.339968199659,21.93583767291607,49.531392569914225,3269.1496953638534,20.454802326635154,74.5965022524557,37.362084249147344,283.05197118497483,105.85178297446438,98.82111871003983,32.24457027716327,15.364055008217381,18.984546537486036,5.460913482241348,13.52719211039984,5.354497512932274,32.545924171744716,21.375724593755603,14.166310506572172,0.42364716876793473,12.19723613004985,6.9673910976993705,8.435275274650882,4.157179467652563,-0.01118436674792251,0.30598036901478426,0.16656545682887663,54.32233529360627,45.8951942838519
29.35,0.24246917443854854,3201.946767285283,3912.6443360574585,8.149501734518157,32.36386078296354,45.84408154758895,2758.340693646039,54.51973696519681,124.24351043314175,0.20389783493037908,99.26785152698837,50.09981201620974,2666.4953718056477,21.866179048416555,50.330305264744375,3269.307999192486,20.28437720939557,74.5985768435947,38.643895067832084,283.14737245976625,105.83722290363914,98.95440322292225,31.863114746645564,15.319705883795361,18.37789632787903,5.159480298490087,13.409316867811118,5.317963735177912,32.27702827373231,21.569187711583506,13.4615928004632,0.45916843471659763,11.770113476081468,6.939516996601355,8.45732824410947,4.203968540204074,-0.01118436674792251,0.30598036901478426,0.16656545682887663,54.32233529360627,45.8951942838519
29.400000000000002,0.24202362477762204,3188.5661794664475,3934.086074383021,8.100740748084112,32.41167213298263,45.540934156260555,2757.6893848398104,55.27091112577045,124.23802006861834,0.20082217131631608,99.21786237179164,50.2138992960157,2665.9414243053566,22.295998566127366,49.422330196775995,3268.6939599527805,20.228671563009506,74.60513334424071,38.25160729256451,283.1495040692111,105.85075720711774,99.2773421607165,31.863114746645564,15.319705883795361,18.37789632787903,5.159480298490087,13.409316867811118,5.317963735177912,32.27702827373231,21.569187711583506,13.4615928004632,0.45916843471659763,11.770113476081468,6.939516996601355,8.45732824410947,4.203968540204074,-0.01118436674792251,0.30598036901478426,0.16656545682887663,54.32233529360627,45.8951942838519
29.45,0.2384607975077782,3201.5746063845295,3888.18457662744,8.132841945153258,31.964965734727063,45.90614806783504,2757.7391358172113,54.23181811289494,124.2047321852558,0.2008517139033062,99.15235829330526,50.051709568362774,2665.415006469682,22.173474753264273,50.70357912852025,3269.5353972247826,20.214938635742698,74.60072659009393,39.65309259040824,282.8286394646438,105.85465263911254,98.7454570368482,32.12473015836413,15.141831339290245,18.920129074455286,5.358229457230199,13.244910173428146,5.329463047914324,32.491124041297596,21.33591428135934,13.557072070322512,0.7682492457406422,12.055391882177942,7.00771386448086,8.308492432963266,4.1572770066877975,-0.01118436674792251,0.30598036901478426,0.16656545682887663,54.32233529360627,45.8951942838519
29.5,0.23728219673368395,3183.865045548282,3860.576335119434,8.170564527251999,32.43080573252896,45.932784518697346,2759.767851120456,54.885344566458706,124.22581093035197,0.20646754731612021,99.32519531343266,49.52014382394455,2667.358640140847,22.08960093137038,47.62942547513095,3270.60193047324,20.43718348616603,74.57941108243303,37.05871663878175,282.96484256202507,105.84280233006194,99.13568976086944,32.12473015836413,15.141831339290245,18.920129074455286,5.358229457230199,13.244910173428146,5.329463047914324,32.491124041297596,21.33591428135934,13.557072070322512,0.7682492457406422,12.055391882177942,7.00771386448086,8.308492432963266,4.1572770066877975,-0.0008870903353359258,0.2875988158152037,0.1621937726864771,53.93312815323796,44.38210433390595
29.55,0.24185141073497168,3229.433140960869,3889.2955946749953,8.186104558554925,32.658755860095276,45.80593559656589,2758.9508950222958,54.13797258224188,124.21074354471871,0.20648002109880395,99.17540115016176,49.639279018747565,2666.4751431683294,22.24640640263217,49.86890379179407,3269.462515838603,20.35203724925964,74.58931296196903,39.44332570869197,283.18146510277427,105.8529609920909,99.04762896495177,32.43648987865295,15.210746600189424,18.55587581232431,5.2260341670900425,13.633486900729208,5.290671093437412,32.16674836598677,21.448507447808115,14.126617559401057,0.5865843072612325,12.366801287834196,6.937912529529764,8.379205707977224,4.254524353211803,-0.0008870903353359258,0.2875988158152037,0.1621937726864771,53.93312815323796,44.38210433390595
29.6,0.2424376832865758,3161.856203355374,3936.8009117363827,8.150407931905885,32.75867900037361,45.87708375182365,2759.2485655129267,54.829837782999846,124.22738130681614,0.20829556531171337,99.35740092131687,49.87190554458072,2667.92659270885,22.013365733716498,49.723472363260434,3271.627934972291,20.33755014109743,74.59423821516393,37.960692795208026,283.102814920827,105.86923927526283,99.25733530478513,32.43648987865295,15.210746600189424,18.55587581232431,5.2260341670900425,13.633486900729208,5.290671093437412,32.16674836598677,21.448507447808115,14.126617559401057,0.5865843072612325,12.366801287834196,6.937912529529764,8.379205707977224,4.254524353211803,-0.0008870903353359258,0.2875988158152037,0.1621937726864771,53.93312815323796,44.38210433390595
29.650000000000002,0.23849475406295226,3188.8352189688026,3933.1835570670064,8.19847284240611,32.471023954310844,45.84706153409832,2758.3781436593,54.317060975924,124.20965189556131,0.21202568214857526,99.23734723498063,49.203900426947726,2666.8254149160266,21.876864727668,49.74704979176102,3270.4628398278182,20.146153618205616,74.62145069813188,36.2911533456122,283.0846168465676,105.86759058786299,98.98311695338121,32.03289499453256,15.280002218469972,18.804579655095687,5.462486408864863,13.281462179262787,5.321127821540652,32.69626343043979,21.453396056670332,13.973806301748656,0.5838959553153006,12.398070265547197,6.972277734663523,8.3538958626546,4.1801395779930735,-0.0008870903353359258,0.2875988158152037,0.1621937726864771,53.93312815323796,44.38210433390595
29.7,0.23686375452644426,3189.298724310571,3864.4849689122307,8.076642505614355,32.26843964000263,45.65353712786722,2758.57611291503,54.557396270166905,124.23429976384429,0.21967971031163,99.3132157455188,48.89826791494333,2667.424218229542,21.848797953441853,49.70845336701299,3271.170877070199,20.25173867173092,74.61710855016946,37.18517647837072,283.55817254717255,105.87132663423192,99.25529591894801,32.03289499453256,15.280002218469972,18.804579655095687,5.462486408864863,13.281462179262787,5.321127821540652,32.69626343043979,21.453396056670332,13.973806301748656,0.5838959553153006,12.398070265547197,6.972277734663523,8.3538958626546,4.1801395779930735,-0.0008870903353359258,0.2875988158152037,0.1621937726864771,53.93312815323796,44.38210433390595
29.75,0.23649138259542962,3176.4215778584926,3889.448133814604,8.191557319354732,32.598457103560484,45.55080342993033,2757.588341512042,54.36019896160428,124.24389959156942,0.21680669431805855,99.22300399524305,50.12247263535333,2666.693253761726,21.98831633819197,48.446033164749004,3269.4043939508233,20.4031868927923,74.6232755039879,38.13776442307389,282.8351196306635,105.85289481724942,99.15237316984006,31.82630768029668,15.272221006110081,19.270036675329827,5.313187366773022,13.303342205356191,5.376649826697752,32.477231163168575,21.376401275338313,13.52819927721082,0.6004513094455927,12.023035841137677,6.941717784922571,8.433044178338715,4.124558146668961,0.0001914891953896207,0.3115611310905439,0.14911516801756364,53.69461031052794,44.958196622158646
29.8,0.23998821069550513,3193.994489366137,3904.289442820768,8.155239323062554,32.20641866741313,45.85882099448861,2757.8629549254224,54.6407030214834,124.22210332299052,0.21946912025230556,99.24066148775127,47.59089082244928,2666.1896456188065,22.135202422308666,49.62999015401742,3269.798668783546,20.48942935842302,74.61563173503795,37.76748082882105,282.4924827719807,105.84579259799767,98.8807021730483,31.82630768029668,15.272221006110081,19.270036675329827,5.313187366773022,13.303342205356191,5.376649826697752,32.477231163168575,21.376401275338313,13.52819927721082,0.6004513094455927,12.023035841137677,6.941717784922571,8.433044178338715,4.124558146668961,0.0001914891953896207,0.3115611310905439,0.14911516801756364,53.69461031052794,44.958196622158646
29.85,0.24353338238626163,3163.9972815012047,3913.3993894533514,8.142270990294541,32.672006039287076,45.72450371066832,2757.2006173942486,54.960031542885304,124.22404085851035,0.2194092897760543,99.18236836485345,48.03558929662666,2665.6457357291515,22.01136216162691,46.799413539306045,3268.7269546070065,20.30801628562095,74.6087211321516,38.13835812773729,282.8872924472441,105.85769959161355,98.96429252547013,32.24740642647644,15.375713439877465,18.778692866059746,5.458728687492371,13.659527202507821,5.320487747123432,32.435016456628965,21.462757942897916,13.184369383887416,0.6134076290883685,12.311112759833303,6.9829199977029655,8.502903952503273,4.196419834907331,0.0001914891953896207,0.3115611310905439,0.14911516801756364,53.69461031052794,44.958196622158646
29.900000000000002,0.2464380258546235,3173.1336922153514,3892.062337732714,8.13249192822487,32.59673096222679,46.102386148298535,2757.7589461940784,55.939155383966735,124.22401738622698,0.218654952174181,99.25520705463059,49.14372860994131,2665.459515679973,22.086061233935606,48.25080314837868,3268.591746887076,20.398827923424722,74.6255825761524,39.02598538288458,282.7516986876148,105.86138013548967,98.97682384190055,32.24740642647644,15.375713439877465,18.778692866059746,5.458728687492371,13.659527202507821,5.320487747123432,32.435016456628965,21.462757942897916,13.184369383887416,0.6134076290883685,12.311112759833303,6.9829199977029655,8.502903952503273,4.196419834907331,0.0001914891953896207,0.3115611310905439,0.14911516801756364,53.69461031052794,44.958196622158646
29.95,0.24628612523070464,3202.075469658862,3847.7603739633205,8.126287375566447,32.430490328980724,45.848655454234176,2756.9801313792636,54.721408428726605,124.2441699640921,0.21500946206226226,99.27498674497613,46.66790202523482,2664.988009392789,22.14347075755722,50.62560706252343,3268.0518808991737,20.234300029711832,74.63076633260957,37.16290604468588,283.236689950959,105.84549469808745,98.9678899778958,32.26580301516711,15.33058181047497,19.263198639883214,5.294361653565725,13.313746913529313,5.303499817515851,32.575856535282526,21.440676254621167,13.790216159229896,0.7314241019471914,11.680101694873816,6.942873213500061,8.425058557087747,4.208233622170127,0.0001914891953896207,0.3115611310905439,0.14911516801756364,53.69461031052794,44.958196622158646
30.0,0.24390680311800028,3202.0179885085245,3895.3243964790177,8.124970855590103,32.57417507544685,45.44518546616001,2755.9545076259924,54.54625334170954,124.23493123144561,0.21798455671712294,99.18520574512164,50.14716218814137,2664.1085580615195,22.14471444645748,46.170407569467635,3267.1594552048946,20.25898004789465,74.60074425885601,40.1055051319514,283.33153122480473,105.86156803759572,99.01741538883228,32.26580301516711,15.33058181047497,19.263198639883214,5.294361653565725,13.313746913529313,5.303499817515851,32.575856535282526,21.440676254621167,13.790216159229896,0.7314241019471914,11.680101694873816,6.942873213500061,8.425058557087747,4.208233622170127,0.0012157339580789366,0.310401494825897,0.16551773813292742,53.71532328622758,43.941673811780845
