time,D feed load,E feed load,A feed load,A and C feed load,Compressor recycle valve,Purge valve,Separator liquid load,Stripper liquid load,Stripper steam valve,Reactor coolant load,Condenser coolant load,Agitator speed
0.05,62.882953580087154,53.15070786495501,26.234832660502814,60.54018721468751,1.0,27.709845942735527,37.25861186267088,46.403272422568214,5.75305,34.73615993463247,21.516928400453256,151.21075
0.1,62.867080528738086,53.162924654124204,26.232060090441493,60.483464053078954,1.0,26.208000760759628,37.566519730781096,46.416322383408115,10.5061,32.50404103021319,20.873733856021346,202.42149999999998
0.15,62.8739772694874,53.1398113808989,26.22134022838659,60.493263624943495,1.0,20.604971945232915,38.156999815040585,46.465272912014385,10.5061,32.18354627350098,15.939383179905587,202.4215
0.2,62.84500421628276,53.12114594617486,26.214442677652873,60.48452085588507,1.0,16.235833084917882,38.646693263483485,46.50736562305897,10.5061,32.57621171835856,17.247480167549057,202.4215
0.25,62.819235695821654,53.104236194954765,26.33185149929867,60.37902948308686,1.0,12.749486156757545,39.0442247148327,46.560971974918004,10.5061,32.96163639109104,18.43040373239266,202.4215
0.3,62.7483508723746,53.11615902046109,26.407795660585847,60.28954946337758,1.0,10.019608577339314,39.41310779071306,46.588985170961415,10.5061,33.17027565422425,17.19855186403092,202.4215
0.35000000000000003,62.68585550184119,53.110627685034984,26.284663027690407,60.22529730384678,1.0,7.99652006571869,39.680993733877585,46.654819157354254,10.5061,33.77334259280946,18.255793769173646,202.4215
0.4,62.60662365425296,53.07740066312392,26.172133281982582,60.14378097508739,1.0,6.356560283745833,39.91500333101939,46.695502006179105,10.5061,33.99826088897247,15.187100947844353,202.4215
0.45,62.52176512300899,53.01758261128754,25.793216452417234,60.08440994122254,1.0,5.086441605356314,40.05235577585628,46.71765303584896,10.5061,34.53653693691835,16.620780129783103,202.4215
0.5,62.44315675162558,52.98323511824813,25.502694053001214,60.0677476274414,1.0,4.076406178453905,40.15454062152844,46.75703206597081,10.5061,34.7233517346655,14.80098494621243,202.4215
0.55,62.410113288602666,52.834888730605385,25.25025859849413,59.83465252708092,1.0,3.2839461613238434,40.21300319105979,46.78555915870311,10.5061,34.92616816045611,11.887295498404985,202.4215
0.6,62.35302448895453,52.706194373946495,25.055204327969243,59.78396100531105,1.0,2.681311413879511,40.20722036938059,46.800145000762775,10.5061,35.0645511812183,15.380825430305812,202.4215
0.65,62.28853982023525,52.586466022086334,25.260686445896887,59.71778865909991,1.0,2.2057344490964037,40.167018612597836,46.812642273668985,10.5061,35.105829623152815,12.537031409640209,202.4215
0.7000000000000001,62.223643391725496,52.502763515341734,25.402492991589334,59.64095397147114,1.0,1.830629526858562,40.10651448651391,46.83152573911428,10.5061,35.11411386305433,12.973023266480743,202.4215
0.75,62.1433388608577,52.39719847854018,25.505692921982032,59.514969361573264,1.0,1.5420333881470327,40.04101706239615,46.85593728207854,10.5061,35.24540795818164,12.069215868406783,202.4215
0.8,62.11402347337674,52.22772761705097,25.56424372451926,59.379453648636165,1.0,1.2788344593927525,39.92379042075216,46.849481835085086,10.5061,35.338720382531406,12.022471304629182,202.4215
0.85,62.071900496396324,52.092676685875816,25.550150499603216,59.338749633465305,1.0,1.0791974656299,39.80805714357616,46.876546645714704,10.5061,35.39251142926653,12.01764179644759,202.4215
0.9,62.00728589458995,51.980690680467994,25.532293324984817,59.245911359564126,1.0,0.9229434120317906,39.61986863837056,46.834589947702334,10.5061,35.35734776220694,14.011532444801427,202.4215
0.9500000000000001,61.93868930389923,51.866736605256705,25.483923870988292,59.24726609939941,1.0,0.8038836362733516,39.4641603974015,46.83643231775078,10.5061,35.44765146367143,10.640890384720716,202.4215
1.0,61.86521845261953,51.756802917230914,25.430573357912976,59.16349562793812,1.0,0.7619259794868504,39.330977002065886,46.81420501991603,10.5061,35.52845585845753,13.300307223784536,202.4215
1.05,61.74050309115801,51.74296901070099,24.946026180755762,59.16627359414652,1.0,0.6966940394268963,39.183820699223745,46.81272165613878,10.5061,35.219065180349865,13.168531598583264,202.4215
1.1,61.620231538205175,51.729117467871404,24.587657404221087,59.14928867344658,1.0,0.6329071391923062,39.021121773272064,46.79661172537396,10.5061,35.22078989349472,13.991700676289716,202.4215
1.1500000000000001,61.507244433239414,51.686052120004824,24.147561483495934,59.198036850123145,1.0,0.6115621653813048,38.87678046573596,46.80769218855263,10.5061,35.12339660100455,12.326165025750406,202.4215
1.2,61.38891485832008,51.61459529968895,23.80936568919895,59.142798285329675,1.0,0.6203067593060035,38.67040232910864,46.745466760549284,10.5061,35.18464476660901,9.427581888604433,202.4215
1.25,61.285965600154995,51.55277673804798,23.69643061461212,58.95673564672838,1.0,0.6157219372325008,38.49082020895845,46.70268284841728,10.5061,35.128784202935606,8.224385900951852,202.4215
1.3,61.221558702656246,51.43407097904287,23.6028318460405,58.873456107025405,1.0,0.6074518510688017,38.34609166010365,46.68195664694005,10.5061,35.15784904888971,13.96959651829476,202.4215
1.35,61.14784003388866,51.315780433313996,23.59928962373109,58.85856139670701,1.0,0.5635179423222374,38.185765552874486,46.62612240670247,10.5061,35.07179849116901,13.334399484750586,202.4215
1.4000000000000001,61.08374924259638,51.221451344174504,23.592578908996725,58.772735111421234,1.0,0.5348708986901263,38.02042107558704,46.59268356627749,10.5061,34.93306932569304,11.320883227564913,202.4215
1.45,61.00180397646796,51.144253387471174,22.982787141720856,58.87436099180921,1.0,0.5853227896019836,37.90127439176119,46.56239433282231,10.5061,35.00435118504655,13.136710443649516,202.4215
1.5,60.92968722583865,51.08749858246364,22.535611929708324,58.91301867312589,1.0,0.5687095992632853,37.741321737979035,46.55299895917078,10.5061,34.8769010856298,8.747620785358558,202.4215
1.55,60.89886889751701,50.96145709276072,22.273982058641128,58.80012405007776,1.0,0.6288223954012516,37.60825181539903,46.504204362217976,10.5061,34.804206793831355,12.927097148068174,202.4215
1.6,60.86064519508894,50.831639682457904,22.06907883331776,58.6963954324436,1.0,0.6440680079878178,37.43257562973475,46.42806016627762,10.5061,34.68288413085871,11.831871682673613,202.4215
1.6500000000000001,60.8212043257361,50.745235183028974,21.884427835496005,58.742874880928525,1.0,0.6686321675543816,37.34208522025787,46.416391004377225,10.5061,34.646304143313344,12.19354900382072,202.4215
1.7,60.76137814029011,50.64507518691468,21.7438576585088,58.7238211771964,1.0,0.6814696855037623,37.22232154008407,46.40159918364756,10.5061,34.65210431740437,10.24927538527583,202.4215
1.75,60.71949064400417,50.57838612197803,21.67868283846305,58.46783408781642,1.0,0.8971511934349824,37.066637026737894,46.36133857313171,10.5061,34.70179853787696,12.099268277650834,202.4215
1.8,60.64711234394313,50.49848102280543,21.625407151247007,58.37430751752723,1.0,0.9027051893180428,36.9487644260002,46.28223344907889,10.5061,34.376843969422154,10.12128358044488,202.4215
1.85,60.58741149824024,50.44004847008822,21.64703014941658,58.43936200966443,1.0,1.0393502622503215,36.85448698621001,46.25753102059836,10.5061,34.45575271185546,12.394981116339158,202.4215
1.9000000000000001,60.52680853396454,50.365002625315476,21.644910072034186,58.36993544244774,1.0,1.4031849306145694,36.73012725430648,46.196839081231325,10.5061,34.26393517447051,11.906306878842763,202.4215
1.95,60.47124220782305,50.30568531420946,21.397886235003263,58.37686130419156,1.0,2.1035946044742886,36.62310472342824,46.1450478273326,10.5061,34.20733237754853,9.45563556060452,202.4215
2.0,60.42316503632053,50.24874903034805,21.207316632487796,58.35301305290875,1.0,2.8856235607372107,36.54342720321739,46.115825278577915,10.5061,34.30229863312755,12.17520140945841,202.4215
2.05,60.34533997143472,50.24889045372522,20.979881067434288,58.29847855113767,1.0,3.74728609938858,36.41798376177957,46.084483773386694,10.5061,34.370777079882146,14.104319194806314,202.4215
2.1,60.27429064349249,50.17698629200461,20.807419663685973,58.241252596833995,1.0,4.541920763608176,36.324525008649516,46.00938155475326,10.5061,34.184524632730515,9.951009259943785,202.4215
2.15,60.20694341306012,50.137172879508235,20.662936471656646,58.05581452396197,1.0,5.622678055747365,36.25740960921131,45.96133287405486,10.5061,34.009628804510456,8.553690297121786,202.4215
2.2,60.14724352227059,50.09338783578357,20.55100216055248,58.02518067996895,1.0,6.687400751091051,36.17987070534983,45.913900553086364,10.5061,34.06820871150972,10.432098298112182,202.4215
2.25,60.0747090898661,50.036579718630676,20.46742940255495,58.04017781982578,1.0,7.846561684251152,36.100339800963134,45.86586351131213,10.5061,33.94268216267456,9.706799472788447,202.4215
2.3000000000000003,60.00122702163255,49.99691144234239,20.393602208490158,58.08482166771811,1.0,9.194862007200081,36.03547598336806,45.83699111162497,10.5061,33.87348679425572,12.488203142249274,202.4215
2.35,59.94465070118789,49.96134657264992,20.28616080761693,58.118194824071836,1.0,10.764303566827053,35.97612582136151,45.77624786106181,10.5061,33.950991062604146,10.06088845617597,202.4215
2.4,59.88324721380313,49.90877835349411,20.2020780131138,58.099848345723245,1.0,12.624481888344146,35.8548399355174,45.73101291886248,10.5061,33.778201487959585,12.870064472527595,202.4215
2.45,59.83951160698421,49.83281532868625,19.984860608300103,58.033287164381214,1.0,14.005415127161093,35.798389533380174,45.68066640673023,10.5061,33.81345222934274,10.326775880460271,202.4215
2.5,59.79270833339442,49.80271462166429,19.818402676619055,57.954964383616286,1.0,15.999270780970635,35.749145852804894,45.66683417290837,10.5061,33.80281225380729,9.247743535870676,202.4215
2.5500000000000003,59.75833494600457,49.71831590510519,20.253897841761933,57.79879099934868,1.0,17.73961886607257,35.68850716900218,45.59770344381719,10.5061,33.59654317869153,9.954977733732562,202.4215
2.6,59.721555261921424,49.63147655629818,20.56504162062869,57.70617592366613,1.0,19.3371092516798,35.61145745310213,45.54141098641669,10.5061,33.64251268513663,9.454407423006554,202.4215
2.65,59.69061910645101,49.57506327494348,20.390491996954328,57.7641771407838,1.0,21.048127488142594,35.52145389685498,45.500475503988,10.5061,33.604104399538805,9.454805067358592,202.4215
2.7,59.64651172185988,49.5050602722075,20.25517200924298,57.72960924872286,1.0,22.608150372274924,35.46183836908743,45.425712907902344,10.5061,33.57795334287364,12.725995846100801,202.4215
2.75,59.607820201174505,49.472330768733485,20.32619660667971,57.665113448134825,1.0,24.088938074563085,35.41588204944396,45.40729317689609,10.5061,33.36271122397935,12.116025671302909,202.4215
2.8000000000000003,59.52972197678822,49.49743691794062,20.367268462210593,57.53231035431873,1.0,25.560946159362807,35.37560721764039,45.37239967335339,10.5061,33.464761332414525,14.00671146040225,202.4215
2.85,59.44596390417018,49.481343154900664,20.108379357582912,57.845725894532805,1.0,26.8753167684417,35.28484553170481,45.32359417868168,10.5061,33.37698076115803,9.27909409576673,202.4215
2.9,59.36492462687038,49.43287077858759,19.908941858397366,57.819593652883974,1.0,28.03609873717423,35.22974599077216,45.24680719377873,10.5061,33.26550509805983,11.73211105730687,202.4215
2.95,59.31971568965944,49.41682037729684,19.837378878991764,57.750917324043506,1.0,29.364650878053837,35.1801955454124,45.186914793832756,10.5061,33.37922699291799,9.37464279148725,202.4215
3.0,59.25543399644753,49.376078178510014,19.790820349172108,57.746875172502726,1.0,30.724949581415682,35.117527158135445,45.142937684688206,10.5061,33.28068691900904,8.760828620669397,202.4215
3.0500000000000003,59.18615912638527,49.36979321877459,19.651163589612512,57.58450074653762,1.0,32.002426385271676,35.030529299727625,45.053700646368355,10.5061,33.03697829283421,10.246891362670501,202.4215
3.1,59.10804466187874,49.36482922951719,19.547629495353966,57.48308225001532,1.0,33.092847764613744,34.965370716019486,45.007268062548036,10.5061,33.080046726802316,10.839521047120641,202.4215
3.15,59.050172457855886,49.36579020486298,19.514978104980592,57.47835385724486,1.0,34.173043186035464,34.940059405644874,44.95918866151719,10.5061,33.03811904434637,11.413381694945189,202.4215
3.2,58.9890287904541,49.3271414536517,19.48536045087797,57.415446759379414,1.0,34.84387396879889,34.8856945459367,44.91717612564457,10.5061,32.88239198129849,9.728127170500336,202.4215
3.25,58.94161296543347,49.30216731897025,19.43576237733521,57.35777455981348,1.0,35.4436428445533,34.830517861738095,44.8549455533718,10.5061,32.883100702419995,4.771122023603857,202.4215
3.3000000000000003,58.93925264897505,49.19463948499493,19.394480048646752,57.29289791908075,1.0,35.945990215973715,34.750677266866624,44.78224778880533,10.5061,32.95551642229388,8.134363880545308,202.4215
3.35,58.95258740041206,49.12464414951753,19.655517609287955,57.2666040538933,1.0,36.28127180039237,34.72188905616828,44.7647564765124,10.5061,32.97263222622612,9.156445051622805,202.4215
3.4,58.927331852978426,49.06667170532198,19.847079837711505,57.24308243868565,1.0,36.33282092570332,34.66553908718038,44.733417025954076,10.5061,32.966303428392195,10.318758135512716,202.4215
3.45,58.91504085280257,49.0008521227251,19.81237886690867,57.252554548518795,1.0,36.21301961546415,34.60038435060903,44.68781588169861,10.5061,32.85981323497813,9.767515980326799,202.4215
3.5,58.8953199593131,48.945109185734196,19.78575671366934,57.19541381300081,1.0,36.29031846744329,34.55345510554274,44.64280201035507,10.5061,32.77077071932182,8.629154099225293,202.4215
3.5500000000000003,58.849090624875544,48.90578795862721,19.767528718799248,57.16250702621426,1.0,36.11324932359519,34.50193653388154,44.58502405057189,10.5061,32.9825715675393,13.561605236969942,202.4215
3.6,58.785137751812556,48.862147121873186,19.749677554613932,57.16462666358863,1.0,36.04604629993678,34.447605917607525,44.49171713987607,10.5061,32.83317500198731,13.005540541791955,202.4215
3.65,58.74966874592261,48.852714320885646,19.575811711932086,57.230478987980234,1.0,35.76390774860046,34.411320870680846,44.47076340777189,10.5061,32.82644356573189,8.877723955788866,202.4215
3.7,58.7350813774596,48.81226762900297,19.445795296564242,57.22010380563974,1.0,35.54634943711818,34.371063301320056,44.435348872351405,10.5061,32.88837515462086,9.668526837302776,202.4215
3.75,58.68395578386005,48.7849879235252,19.434522996887754,57.17930926706779,1.0,35.47125728921991,34.31937929149932,44.38282259372767,10.5061,32.7283646885298,10.175130258416116,202.4215
3.8000000000000003,58.624746596582284,48.796776633744166,19.432181945943917,57.206889712882145,1.0,35.09178897677489,34.26702521372435,44.345147332251166,10.5061,32.618924437852186,7.951145827352372,202.4215
3.85,58.55506913820004,48.77221681524471,19.3830156505549,56.962306912775034,1.0,35.088942174423785,34.20596207129673,44.24654966722769,10.5061,32.637546097692876,8.94716158203112,202.4215
3.9,58.508326815558235,48.74834467549494,19.35050545966173,56.90017982837921,1.0,35.16406328378714,34.15943079451031,44.17737769034285,10.5061,32.669140125281594,10.654395989977747,202.4215
3.95,58.470178771026305,48.74012601437296,19.563401979348107,56.99787840597852,1.0,34.93232105798412,34.10239848890205,44.161712009570955,10.5061,32.499305194621286,11.173912211656425,202.4215
4.0,58.429663472117525,48.720776246672074,19.713885449809403,56.93193631969179,1.0,34.61560555076659,34.05748315023628,44.10090655839543,10.5061,32.64278713766378,11.970071419750372,202.4215
4.05,58.390435195965956,48.67668035418595,20.375808277918036,56.6699275463104,1.0,34.36035746043541,34.03573862521883,44.02981143411116,10.5061,32.54693932985963,10.138609657474076,202.4215
4.1,58.3693144010584,48.63198949004509,20.854170261928143,56.57077239667098,1.0,34.05865682255008,33.97136133446009,43.95041916895282,10.5061,32.46002684084149,7.776109677660926,202.4215
4.15,58.3333680694231,48.596421084957576,21.164644263281055,56.69178544845536,1.0,33.70347623029669,33.918601956070276,43.919059288332335,10.5061,32.384785708528696,8.32364190823338,202.4215
4.2,58.292909310199576,48.57408191571756,21.39241549231681,56.59447341689355,1.0,33.43601810040406,33.88222818220689,43.887268356658026,10.5061,32.508116710940534,8.67276165541033,202.4215
4.25,58.28201415174545,48.56066130749508,21.411079125789467,56.64471703132539,1.0,33.19516834354693,33.87172337368448,43.86819462521106,10.5061,32.45961221369206,7.967837031142816,202.4215
4.3,58.23548172537449,48.535782014184704,21.41551777589316,56.62929381259105,1.0,32.94282203090254,33.82384040469269,43.80557694272136,10.5061,32.37958580071597,10.317747979074941,202.4215
4.3500000000000005,58.190865166787404,48.50940612035812,21.227407937663923,56.793778317964446,1.0,32.77863717296262,33.79519037065478,43.76054738338156,10.5061,32.51178576665721,10.374845035829496,202.4215
4.4,58.16398074869546,48.48924897339933,21.083679612416216,56.802117650489784,1.0,32.689195008972526,33.758448129920204,43.70736934056736,10.5061,32.44173175149711,11.122506649399913,202.4215
4.45,58.12041960087252,48.45201116847692,21.402231403134962,56.6000631317577,1.0,32.964037627175394,33.723591649426076,43.646415683789385,10.5061,32.49060347396048,7.3292178787035285,202.4215
4.5,58.09791340694876,48.4301053927865,21.628711609831438,56.543363371794385,1.0,33.28286363402809,33.67820580527395,43.61679673428436,10.5061,32.53465502682082,9.79770733153099,202.4215
4.55,58.03368820312016,48.4425759956161,21.794464716273346,56.43489219119851,1.0,33.54721799970784,33.63379471886766,43.548860546712596,10.5061,32.487599960569604,12.253186015881674,202.4215
4.6000000000000005,57.996118487950085,48.45660278307471,21.914807068223116,56.43558888595021,1.0,33.84100790639044,33.65769298351637,43.52963917571162,10.5061,32.43966141110835,9.568816309676635,202.4215
4.65,57.92636413067595,48.44874476069374,22.225910466536106,56.341614963407245,1.0,34.0523736625532,33.62497925088914,43.47530938943897,10.5061,32.41545376787539,9.7374083985624,202.4215
4.7,57.867484115887606,48.44225130330153,22.458713345868286,56.24997647634214,1.0,34.14172088402095,33.58497198433422,43.42727687580906,10.5061,32.28927007105128,9.218461702370275,202.4215
4.75,57.83461994566271,48.43758126997711,22.06081861512231,56.48525854482358,1.0,34.37857351634649,33.573684900560615,43.39276390379551,10.5061,32.2143073747956,8.34586639424594,202.4215
4.8,57.79227980314687,48.38459525810771,21.76644508990273,56.50455382188658,1.0,34.597864772998676,33.522550609836266,43.31278537221449,10.5061,32.2046993180541,9.72282841947942,202.4215
4.8500000000000005,57.775657918295536,48.37509555234339,21.80750045780079,56.473506224399735,1.0,34.78361510191521,33.52576963361213,43.29748749569803,10.5061,32.374130372124725,9.087775524519087,202.4215
4.9,57.742618046428696,48.35061068650229,21.834034841424184,56.39171043039151,1.0,35.14865468789945,33.47857797879394,43.243404792075914,10.5061,32.37163237561252,9.737651707707323,202.4215
4.95,57.71168314949698,48.299439842455996,22.2218883549379,56.19542995052272,1.0,35.72614891987681,33.449286332061206,43.17981785515857,10.5061,32.18287613804052,12.233918380239071,202.4215
5.0,57.68795508106329,48.298368088937345,22.500923593855614,56.1915406457705,1.0,36.144147310502746,33.429095422877,43.13040104963511,10.5061,32.160502632989534,12.943279175612114,202.4215
5.05,57.68635151238907,48.25039417084304,22.681171365844616,56.157281358048465,1.0,36.509342633443076,33.40812083023641,43.10467027093697,10.5061,32.30484441603487,8.856709811238671,202.4215
5.1000000000000005,57.64999465772445,48.191726663803784,22.799350267411533,56.124330963832705,1.0,36.68070737075029,33.39046746396244,43.031891882243464,10.5061,32.25512241896977,7.63047717076888,202.4215
5.15,57.63281455052554,48.12922165076962,22.83488146329023,56.07980133439309,1.0,36.890816023097756,33.36685603419718,42.98345671938637,10.5061,32.162123646383854,10.086368779054535,202.4215
5.2,57.62999661721292,48.11396603045423,22.86587604722693,55.995080229421546,1.0,36.91704036655234,33.36086123274636,42.95880799435576,10.5061,32.266798464854624,11.294014066249488,202.4215
5.25,57.617360423758775,48.081796728599954,23.04270100200719,55.99934780833094,1.0,36.882712208750974,33.34930237491022,42.93769793427222,10.5061,32.11386908851295,9.88792661098077,202.4215
5.3,57.591985771451654,48.04288994331005,23.169882818082414,55.95702372042674,1.0,36.94691047585999,33.28844695225192,42.8915346396916,10.5061,32.018703414726765,8.220652353240117,202.4215
5.3500000000000005,57.55553022037467,48.01378729910476,23.26820722236777,55.97210519153809,1.0,36.671639788381555,33.27658464588661,42.81622272456856,10.5061,31.90863930223494,10.087372491330003,202.4215
5.4,57.55808740769811,47.990751179527116,23.340905062500713,56.01265309913667,1.0,36.217754476211766,33.27236402449298,42.80048360894017,10.5061,32.16376619428894,12.68237352987079,202.4215
5.45,57.52985565903365,47.971680779490164,23.60342806324973,55.81932102858739,1.0,36.2061786515221,33.211658572703755,42.72351413523755,10.5061,31.998322254587766,8.07661901696902,202.4215
5.5,57.50076338082638,47.952622536882174,23.798762270535992,55.753363491184416,1.0,35.737349458998004,33.20699570749128,42.7055601980974,10.5061,32.027156934257015,7.129907766974654,202.4215
5.55,57.45863376515641,47.9597650168707,24.184750505508998,55.754481619095856,1.0,35.46015259656525,33.213748033400535,42.69698807875629,10.5061,32.09441302994548,12.8225807354188,202.4215
5.6000000000000005,57.44280378667681,47.93935459686295,24.461976506197566,55.722505742215446,1.0,35.158957530126735,33.204259065178746,42.646130956323105,10.5061,32.04793131190564,10.021133351362069,202.4215
5.65,57.414613016384294,47.91750940789691,24.235261657794233,55.75227201232752,1.0,35.023394085801506,33.16524640005303,42.60043712340834,10.5061,32.01120492770521,9.821264965402527,202.4215
5.7,57.380345841148035,47.86587644938273,24.06352954459922,55.69207328932208,1.0,34.752489786151486,33.10007795907974,42.52643830463319,10.5061,32.096492991048414,10.015036003841985,202.4215
5.75,57.35674037476632,47.837355667950455,24.080852655617814,55.74653027219899,1.0,34.33145206386763,33.10654672719811,42.49213197644102,10.5061,32.092269761164324,8.104298682854857,202.4215
5.8,57.34279941685685,47.782962824127324,24.09156707295635,55.715876243645354,1.0,34.229104089821924,33.07664890864519,42.44873626809865,10.5061,31.994145119451584,9.843197099890515,202.4215
5.8500000000000005,57.34581544327405,47.73834507515618,24.564699550762974,55.56286181629311,1.0,33.95621666606675,33.049450101559295,42.41909997740409,10.5061,32.08056214182928,8.57920269821795,202.4215
5.9,57.33258593936076,47.692120590361625,24.91526640290476,55.48446425488896,1.0,33.81695838556569,33.041513901582285,42.37610400842478,10.5061,32.03980518700696,10.394568686994141,202.4215
5.95,57.31463263472472,47.648985140965785,24.907147088014913,55.492147051312884,1.0,33.59356544847149,33.02430565742816,42.32724521903066,10.5061,32.031539661422016,11.033839958671948,202.4215
6.0,57.29487575062942,47.60541649289573,24.898003945654974,55.47222113003913,1.0,33.501511690768154,32.980827581302904,42.29543330671865,10.5061,31.982063938693813,10.948674513004509,202.4215
6.05,57.189024511529865,47.74231794656144,24.981133733580986,55.51042736020639,1.0,33.33461952442902,32.986186753227734,42.2655420700257,10.5061,31.976641575471326,10.263623281997688,202.4215
6.1000000000000005,57.108670153972874,47.80651328249036,25.037828061469202,55.53051752056128,1.0,33.05284826722997,32.995154401351904,42.25181719663246,10.5061,31.884538270015966,9.389386673853405,202.4215
6.15,57.028295968459275,47.856578791112604,25.251044368211588,55.426995981420816,1.0,32.97943474326443,32.95955631953346,42.1879006012293,10.5061,31.849355708483177,10.265917269300186,202.4215
6.2,56.96619367139762,47.8804590241571,25.40779972372306,55.32711072359903,1.0,33.10352141490749,32.92810938123222,42.15359070837841,10.5061,31.8495202580581,9.06803156636331,202.4215
6.25,56.906814932370395,47.889439683209716,25.832718590924358,55.14731453082523,1.0,33.06997719697865,32.921652372499366,42.13291850984319,10.5061,31.88962241639943,10.188979504776567,202.4215
6.3,56.90731814096256,47.76591895983381,26.14291897941226,55.05795440347687,1.0,33.09564449569606,32.868815285236494,42.07658884641607,10.5061,31.660201271821247,10.01047594647639,202.4215
6.3500000000000005,56.91232279038608,47.69638854730691,26.169726818201244,55.169034399474654,1.0,32.77242648124806,32.887071387878095,42.03837555375824,10.5061,31.854143254126157,7.775081446729086,202.4215
6.4,56.91781507022709,47.638981139900444,26.187903062620254,55.214308338368674,1.0,32.80034173629764,32.86623228356165,42.029941359986005,10.5061,31.846703431758954,8.309561878178584,202.4215
6.45,56.89752224995051,47.601229398221015,26.43922758901102,55.09947943404913,1.0,32.78376719438334,32.819123586946425,42.003365228811944,10.5061,31.775216826458916,7.610082059449546,202.4215
6.5,56.88997501722874,47.556805728365035,26.622041154541765,55.046678483835095,1.0,32.752284669740575,32.81989321308771,41.952630506748534,10.5061,31.701152695551897,9.903423703361083,202.4215
6.55,56.91316133540253,47.46118057105271,26.488871615330634,55.141452405057045,1.0,32.76403492815345,32.78131462150442,41.880192807370314,10.5061,31.735891223603332,8.575340573592104,202.4215
6.6000000000000005,56.93232451001654,47.401908403910504,26.40278843845795,55.250188522465834,1.0,32.70927509221746,32.76756647500223,41.8813029621334,10.5061,31.714447680482575,13.120187219862784,202.4215
6.65,56.9197458806878,47.36536511856975,26.55667013689327,55.06387727218812,1.0,32.70109857466327,32.77671321024268,41.84602231467559,10.5061,31.89983623937282,9.677174979563716,202.4215
6.7,56.894541948359155,47.307740786337064,26.662633643061667,55.029755509137395,1.0,32.65860163181995,32.75064777817157,41.80232019497049,10.5061,31.801638688291472,11.128893914953553,202.4215
6.75,56.89339417439789,47.26898177688198,26.704631757748796,55.03460218156889,1.0,32.61713115079075,32.739228524833216,41.764390680012625,10.5061,31.738961087073132,10.137436920122452,202.4215
6.8,56.79681298149725,47.397824645418034,26.73532380423756,55.01324408098781,1.0,32.63841842244478,32.729516684400394,41.74185336359577,10.5061,31.599511069741606,10.794230152837681,202.4215
6.8500000000000005,56.70098672967942,47.463427900907554,26.621469905466064,54.957625734150774,1.0,32.43897558557322,32.723345094714794,41.70090467853384,10.5061,31.71252153982701,12.211679861789431,202.4215
6.9,56.62394678056277,47.485880967385356,26.532336145164226,54.9132588674871,1.0,32.383417651609484,32.71506572599099,41.659723049937256,10.5061,31.758058129260576,8.691055492269504,202.4215
6.95,56.568463229315476,47.5160747001612,26.919056744266616,54.7843953232298,1.0,32.51136770127593,32.69332038837017,41.64665006337369,10.5061,31.60796945923637,8.418890201199975,202.4215
7.0,56.525095785218944,47.52194728770907,27.208181977813997,54.73885928028708,1.0,32.50454788821154,32.67290044537166,41.61682295721145,10.5061,31.701263671611468,10.03382785557578,202.4215
7.05,56.57177366033131,47.36298594004909,27.152635012092315,54.804477899700395,1.0,32.48889959562852,32.66010830164603,41.57396888422007,10.5061,31.580404202734,9.231773851088754,202.4215
7.1000000000000005,56.59858954780787,47.268635776442366,27.113122180546036,54.78522206630476,1.0,32.639463402692584,32.650398009769276,41.55547294066135,10.5061,31.697754350662628,7.149974877050751,202.4215
7.15,56.59061933120247,47.179061353121845,27.189932078251772,54.6406075351788,1.0,32.613490584916384,32.6122885113401,41.48723791535439,10.5061,31.45304554475671,10.037318475170618,202.4215
7.2,56.605917617950325,47.12426545459892,27.246840887200076,54.592236487744046,1.0,32.60091931279381,32.587143069359556,41.46153226240974,10.5061,31.711309673875594,3.743132928358043,202.4215
7.25,56.603393650188636,47.07754250535886,27.455275177181644,54.6322594407098,1.0,32.58334842686725,32.57029697266282,41.42904831654194,10.5061,31.63572184546972,7.274570238524151,202.4215
7.3,56.57428673535293,47.09689062864955,27.59870936105668,54.58051630436312,1.0,32.39233597804648,32.53346956148674,41.41473001433865,10.5061,31.65980437132923,9.91683744054545,202.4215
7.3500000000000005,56.49444047995705,47.09839680056702,27.55493926067571,54.45772980707354,1.0,32.20471428805853,32.509358849995394,41.342599902232706,10.5061,31.62119864825943,7.275492029307915,202.4215
7.4,56.450696840944815,47.08551164966633,27.529280971207104,54.44263824140531,1.0,31.74826676866516,32.50737382121858,41.31411923741541,10.5061,31.380603637501693,7.834227964073631,202.4215
7.45,56.42291921455285,47.0717645654355,27.827715404271338,54.38080327283362,1.0,31.128961255789157,32.493170697322896,41.293202097899226,10.5061,31.448581072411123,8.300780112339224,202.4215
7.5,56.39866115438129,47.06698868607587,28.044470115549736,54.374411970646435,1.0,30.634643839572092,32.476411702721485,41.29325080759379,10.5061,31.534140499653333,7.857915226022743,202.4215
7.55,56.33000082329861,47.074988694410315,28.32058946593465,54.25424936122278,1.0,30.019534774659245,32.44503028388843,41.241214939253716,10.5061,31.402516442936072,7.844788449227265,202.4215
7.6000000000000005,56.27695708726992,47.08194010593348,28.513969278121287,54.236083527715905,1.0,29.522711890789658,32.43091787295368,41.2081379311084,10.5061,31.3948582066349,9.012162578477435,202.4215
7.65,56.223940793804736,47.094783947325446,28.69932915580513,54.111186249724085,1.0,29.095719079622047,32.400376469564954,41.1743456555285,10.5061,31.385679477059718,5.6168213142391075,202.4215
7.7,56.18023978146919,47.07217623536267,28.831577579536543,54.07048447056901,1.0,28.675058896647187,32.40267962151645,41.12223644650058,10.5061,31.4563791680446,6.601628672829401,202.4215
7.75,56.146265074979894,47.06914558055123,28.62180678729633,54.18422704002154,1.0,28.4819457432853,32.39712383328466,41.11363420559105,10.5061,31.44911905323835,7.609561596472865,202.4215
7.8,56.086001070660785,47.03851440399083,28.460769046892544,54.129648164070495,1.0,28.19692561895429,32.34626139976674,41.047217835372784,10.5061,31.41967279421253,10.406558737431563,202.4215
7.8500000000000005,56.03374352877135,47.02134182506436,28.499025969121657,54.11026588181252,1.0,27.86265400817407,32.33518669386936,41.02472423214318,10.5061,31.431118340308874,11.499176574800353,202.4215
7.9,55.98641274626012,47.00650628744861,28.52057981979464,54.104844599346514,1.0,27.806181372681433,32.34823254826922,41.00571309976255,10.5061,31.401172327483128,10.442338437327289,202.4215
7.95,55.939559112732525,46.97106059806252,28.023489664484185,54.148279408817075,1.0,27.793934609494656,32.29341116411819,40.9729302977367,10.5061,31.236180553585864,6.018949325462573,202.4215
8.0,55.91065104892679,46.946099813079186,27.6487490804896,54.1591336176945,1.0,27.68299505670418,32.25704667726348,40.92893764329151,10.5061,31.314895811148055,8.141775576165568,202.4215
8.05,55.87372624905392,46.94972700808329,27.654867159054515,54.16577205491315,1.0,27.75905928134504,32.235863955127,40.905409318195105,10.5061,31.175766528472522,10.894246090162934,202.4215
8.1,55.84539406978163,46.93977394543209,27.66215584501371,54.12610092957855,1.0,27.92852349455806,32.24966091578312,40.91766754206655,10.5061,31.289646249357478,8.27446826609232,202.4215
8.15,55.79980290464173,46.922963526736076,28.175677685723397,53.93077028065399,1.0,28.227818300220285,32.227159576291825,40.86916116428581,10.5061,31.394297767436058,7.523275893956367,202.4215
8.2,55.74894268749827,46.90901007734285,28.539643194331042,53.90374786042707,1.0,28.433911011875484,32.20760518929954,40.83471454719926,10.5061,31.307853010386467,9.537750867739831,202.4215
8.25,55.70740673727963,46.90250397432974,28.55121561394862,53.87391926952107,1.0,28.50123680895086,32.21128396674075,40.810679785101776,10.5061,31.210868326458648,11.053530849198982,202.4215
8.3,55.74892798555851,46.789125064507296,28.562568219668595,53.88408816255438,1.0,28.738232530226757,32.19190600028128,40.796039472328424,10.5061,31.1547295143723,8.319686919502814,202.4215
8.35,55.76358141240599,46.67392622755666,28.69328506749778,53.747953642788126,1.0,29.028812524363005,32.14863706766326,40.74244853941271,10.5061,31.15299650404281,8.223690653644583,202.4215
8.4,55.76809119978496,46.62663265046537,28.78595375252085,53.72747438157692,1.0,29.23902492158965,32.14274120411644,40.70967304323581,10.5061,31.32938571326659,9.071164479096709,202.4215
8.45,55.769288687807226,46.56957382416268,28.852441908752926,53.62805888551757,1.0,29.153373084172365,32.1417738990046,40.69083850792233,10.5061,31.08038381850133,9.82758065682916,202.4215
8.5,55.76103222169848,46.529594715701414,28.89021083302009,53.61477156979205,1.0,29.017172116043753,32.107588874330446,40.63610120878966,10.5061,31.157384349780507,6.335785573990904,202.4215
8.55,55.70699307081827,46.56527404653101,29.004063786064076,53.60154024361012,1.0,28.970163940753213,32.094509176344395,40.62747003161162,10.5061,31.03785556347529,6.445065242207155,202.4215
8.6,55.64296392353833,46.56422723321494,29.08483400071273,53.62307928866776,1.0,28.712386898123555,32.05477097057949,40.574554728271174,10.5061,31.136417149955484,9.59217484572148,202.4215
8.65,55.610690879227285,46.53212254456667,29.084525306463295,53.61363157242715,1.0,28.59588426730692,32.054483125065815,40.566308867919254,10.5061,31.36981226884696,10.424569632157962,202.4215
8.700000000000001,55.55805819832039,46.517784344753785,29.085669330912655,53.57665695618116,1.0,28.506901191526325,32.00917539183588,40.528051139796894,10.5061,30.921425937027735,6.795098352312108,202.4215
8.75,55.513564070356374,46.503692468664255,28.812199763044354,53.57836654434048,1.0,28.23553985861781,31.99954111273582,40.50589771916802,10.5061,30.957924073451284,7.9961731137356535,202.4215
8.8,55.45557913062595,46.52792768379278,28.597815715861874,53.539788666901934,1.0,28.223446406300628,31.968803144908257,40.47504651420114,10.5061,31.096501397075734,9.723962406722396,202.4215
8.85,55.40494463348418,46.526147001206105,28.09113862600973,53.558342478518014,1.0,28.231410663070676,31.958101133812125,40.438247180960175,10.5061,31.147923984398467,7.229166174727138,202.4215
8.9,55.33392085169854,46.519279140766066,27.715925530256037,53.482637194740555,1.0,28.273009234843574,31.933503811003845,40.389419070471895,10.5061,30.952944958121517,7.70837978888601,202.4215
8.950000000000001,55.288425851291294,46.51749067328846,27.597235128234956,53.60666660449997,1.0,28.21448237208952,31.925151897806877,40.40179286958231,10.5061,31.004066583524935,8.025602212614167,202.4215
9.0,55.23309918567045,46.497540080059096,27.503461515158563,53.52689438222011,1.0,28.45428181501552,31.8829268493198,40.36208864839147,10.5061,31.027953262728246,9.399447102799641,202.4215
9.05,55.28152871234991,46.37758038780384,27.804819598762275,53.391320312013356,1.0,28.596398459463092,31.87980007171993,40.34445909506891,10.5061,30.98098620388414,9.608793194225063,202.4215
9.1,55.31518271576253,46.321797193254234,28.041014767092005,53.43649961242246,1.0,28.745627743683134,31.89213710080161,40.37021161308969,10.5061,30.907924665079143,9.06492850594696,202.4215
9.15,55.327209824817224,46.27655375532869,27.887109636779442,53.445530356981486,1.0,28.730893533266716,31.867257703654037,40.33239694206647,10.5061,30.92171806337487,9.384280140690013,202.4215
9.200000000000001,55.37224079756025,46.26974605246195,27.780569679614615,53.55233742894379,1.0,28.963451444403024,31.870801540821766,40.34554965149138,10.5061,31.216368740151566,6.6605294821702365,202.4215
9.25,55.39126577360959,46.238336113353114,27.77992432705283,53.377196363294495,1.0,29.355971301714582,31.864569785508564,40.30353329534499,10.5061,31.060111559180722,9.821691702622534,202.4215
9.3,55.37683469322191,46.2993725000729,27.795008576976237,53.374104465352694,1.0,29.530844105825953,31.889136577680294,40.33029265211855,10.5061,30.973567750476633,10.055917466992913,202.4215
9.35,55.37446437544122,46.33840287280544,27.67673922697591,53.41965394337657,1.0,29.65697565159224,31.88989996961061,40.35421217521433,10.5061,30.916057533590244,8.876115195436128,202.4215
9.4,55.349431943218725,46.36238955050015,27.593065412475084,53.436752898069,1.0,29.779465579180115,31.883086742338705,40.37172490126888,10.5061,31.01323882627814,9.241903938958085,202.4215
9.450000000000001,55.32314154923077,46.384690034856845,27.76055830644017,53.34356499800171,1.0,29.661512057516912,31.862184439614833,40.33220321922546,10.5061,31.066396802075285,10.073019598820323,202.4215
9.5,55.33360685545178,46.37929022797327,27.88874724327872,53.38940424302918,1.0,29.94388000128381,31.864679245913226,40.3467385634571,10.5061,30.919496341759896,10.910475118082289,202.4215
9.55,55.35237131832135,46.3719461696293,27.80986210769399,53.52444026700866,1.0,30.120922889232144,31.870143807810905,40.366874768522514,10.5061,31.06042830433281,7.063787419450057,202.4215
9.6,55.36262333961966,46.353234747226345,27.74349229592893,53.49264680346839,1.0,30.49807673211708,31.871769807692242,40.360195487660185,10.5061,30.936629812831672,9.046209771755167,202.4215
9.65,55.38243035500118,46.36172885267103,27.589928753517658,53.484560913552684,1.0,30.91038686144895,31.851089032221616,40.36714737395796,10.5061,31.135497583388073,7.481542023036803,202.4215
9.700000000000001,55.38639340580409,46.352191422208314,27.471574762855152,53.44142796645717,1.0,31.226370392942677,31.86654306840328,40.35416290107079,10.5061,30.994134263854235,11.305007623539181,202.4215
9.75,55.40116442276256,46.34571515188741,27.433528153999877,53.40485459285616,1.0,31.370175002811195,31.842307300559987,40.372290302273484,10.5061,30.948540270765214,9.356073598893168,202.4215
9.8,55.42750376128125,46.35081240475033,27.40244456541187,53.41730764805087,1.0,31.677142055561646,31.847414210517623,40.40146126924175,10.5061,30.797768696863912,8.208261002967138,202.4215
9.85,55.43243764360783,46.335408459533234,27.177937217190852,53.41783972067293,1.0,31.85770124475249,31.841545230778216,40.38731305465459,10.5061,31.000552401006583,9.361399473123068,202.4215
9.9,55.4320077145446,46.327458082241606,27.006368286151805,53.46978230417828,1.0,31.673527141689526,31.849748981767313,40.36271855066695,10.5061,31.007854763717482,8.657830262354816,202.4215
9.950000000000001,55.43726250237065,46.31806397072036,27.085260673732723,53.53358356326147,1.0,31.720811396085605,31.842648823176614,40.354377903806046,10.5061,31.023502093032917,9.18281155802742,202.4215
10.0,55.44207160725242,46.35177980797141,27.14169449202274,53.57414053694057,1.0,31.672606490734932,31.83363701089823,40.360334308516094,10.5061,30.998909370676333,13.527011393981976,202.4215
10.05,55.47142071988482,46.343015290255266,27.076310773922163,53.51206607789969,1.0,31.892526950869314,31.836147960419844,40.39527754499568,10.5061,31.220071987899736,6.756866787879632,202.4215
10.1,55.486122635975875,46.3390893268764,27.020081398167562,53.507038313616015,1.0,32.08313749058837,31.80522677773055,40.372611658136925,10.5061,31.01617561415189,8.885984271401238,202.4215
10.15,55.48387807072142,46.33550117666331,27.065771041724226,53.42458330348704,1.0,32.1903263271072,31.79877397418368,40.34530639677283,10.5061,31.033248318178188,10.553631464654714,202.4215
10.200000000000001,55.4960643063141,46.33533809551231,27.11023482856466,53.46325247323639,1.0,32.11307573583956,31.794482515124084,40.36570936934605,10.5061,31.094374713557464,7.9716434915330066,202.4215
10.25,55.50214349997847,46.32566461155969,26.924687468114513,53.554129728338296,1.0,31.958043921575165,31.788179633354336,40.363247018738384,10.5061,31.028525341301897,8.54936884258289,202.4215
10.3,55.5085854314594,46.35310998006832,26.786532839979824,53.61775922525117,1.0,31.89563973095867,31.792723521624726,40.36740041453678,10.5061,30.9298313289473,6.05339593140939,202.4215
10.35,55.49734646689912,46.36901891558686,26.79035397762491,53.55865372956419,1.0,32.015411467013834,31.782393724291115,40.365546715083326,10.5061,31.02624962168028,8.298732752673626,202.4215
10.4,55.51112375821606,46.374447143935235,26.789159374881823,53.55101030747557,1.0,32.22952276811148,31.811144757985055,40.36188658145031,10.5061,31.05700200987806,9.507162712255814,202.4215
10.450000000000001,55.50715747268956,46.41372622559549,26.910479783970462,53.6420646557587,1.0,32.137570101944945,31.82399943322318,40.38182334349483,10.5061,31.123367670119894,8.62595285860845,202.4215
10.5,55.507311123692716,46.40051876735485,26.99695050036622,53.53834528371781,1.0,32.28316971749858,31.81073801240598,40.36319866212819,10.5061,31.007212455157237,9.77484278704828,202.4215
10.55,55.49978114226386,46.43136059497913,26.648136947839905,53.605985822018596,1.0,32.34925143677508,31.8199203215436,40.3832396350549,10.5061,30.855524705523525,8.55587723911519,202.4215
10.6,55.49591415996168,46.41187826457518,26.38701333134558,53.5962181791174,1.0,32.584027512663326,31.78245204474193,40.382912825180206,10.5061,31.091286630423433,10.350138142450506,202.4215
10.65,55.488568461610654,46.44688778962755,26.417151138170095,53.53256944229516,1.0,32.68243855990927,31.75497839229436,40.386643031914915,10.5061,30.927603717378695,7.945914968087315,202.4215
10.700000000000001,55.495028338304216,46.45334323863532,26.441217769642602,53.531373559699425,1.0,32.723892399436025,31.76186563424773,40.382559311687054,10.5061,31.018470871143144,8.546318227107356,202.4215
10.75,55.504444629370056,46.465313108366075,26.591994297393178,53.43699306154946,1.0,32.83784966540694,31.761489457394408,40.37925888938284,10.5061,31.034415568583448,8.854730807757328,202.4215
10.8,55.487382495681516,46.49154267022471,26.7057509957497,53.42934874272392,1.0,32.70373878921263,31.760511780829646,40.38468880702884,10.5061,31.139565491228367,9.904603073645896,202.4215
10.85,55.45975413149749,46.5144196781769,26.179519067583463,53.58120235377655,1.0,32.56954512719905,31.760975711752774,40.36144643206912,10.5061,30.87502296341162,8.466660397319398,202.4215
10.9,55.44551022160756,46.56073313109881,25.797648432158788,53.677830221689156,1.0,32.09038554682602,31.759539218123543,40.37156314519505,10.5061,31.04977367914948,7.192881402686983,202.4215
10.950000000000001,55.44401128294328,46.57061648335927,25.797190008329782,53.581601384114755,1.0,31.996153947805418,31.755909575390923,40.360424857834246,10.5061,30.929732811226728,10.238012867945887,202.4215
11.0,55.43909189067198,46.57486794306608,25.798257748768826,53.60144168930856,1.0,31.900164623156076,31.76172353846092,40.36916982631042,10.5061,31.006504310928484,11.738994220793483,202.4215
11.05,55.50690078398263,46.4907514463977,25.94081923073553,53.55283481912426,1.0,31.810200976449792,31.760438407724195,40.38222318075138,10.5061,30.87174003868309,9.873847911797027,202.4215
11.1,55.55482633258093,46.43611596768155,26.039279013109322,53.55041659972301,1.0,31.54246584325895,31.768871624526284,40.3975462286671,10.5061,30.985485714843055,4.850266028261211,202.4215
11.15,55.59872021111368,46.40630973884476,25.6810261399034,53.71612064233481,1.0,31.515240872311573,31.775903169179994,40.41562144140368,10.5061,31.16340512925686,9.641941763022448,202.4215
11.200000000000001,55.63137598901142,46.39106984371118,25.41707549369685,53.724685538379646,1.0,31.27366340952416,31.790307635873575,40.40603952258842,10.5061,31.016653226669447,7.495304292115167,202.4215
11.25,55.66927134094636,46.39003661092005,25.560375464142506,53.56086719649349,1.0,31.143104624206902,31.79742287503819,40.41269269075544,10.5061,31.226082266597643,5.37285876861632,202.4215
11.3,55.628878828669684,46.412819746064166,25.651903037735273,53.461632192692875,1.0,30.95866249551707,31.764335726822072,40.36278123089532,10.5061,31.1794282429307,7.545213307335867,202.4215
11.35,55.63246399080647,46.436562824885094,25.96441661983488,53.43219700217038,1.0,30.697925468475287,31.77430276665167,40.390490368112786,10.5061,30.936434724534347,7.916129460548918,202.4215
11.4,55.63271208322667,46.4550003486758,26.19325443533653,53.380810595851536,1.0,29.987838594021188,31.751114692333996,40.37431102182949,10.5061,31.001009353243543,8.513870988638923,202.4215
11.450000000000001,55.62953474170044,46.45955110480534,25.830799638911465,53.52240552411941,1.0,29.275265091722055,31.782284398572628,40.38303081540447,10.5061,31.0404735551556,9.290819733801728,202.4215
11.5,55.64513568884793,46.5079760675763,25.571756009431823,53.639311300475406,1.0,28.706326933555562,31.791904393776793,40.43304955912248,10.5061,31.093492514003138,9.147703291951501,202.4215
11.55,55.637992672089396,46.54543501090221,25.778575380300385,53.519653074249604,1.0,28.23506448156211,31.796200758711745,40.46512701744169,10.5061,31.189296936423723,10.75056484562311,202.4215
11.6,55.606577254728634,46.528186959607524,25.921308870361926,53.48387237516977,1.0,27.59773243678154,31.768044904825153,40.416300536081465,10.5061,31.00738093609804,8.977310438381695,202.4215
11.65,55.6071602481924,46.54538356808567,25.822625429220516,53.62983231529852,1.0,27.24223175580914,31.76503006397026,40.43318461396401,10.5061,31.193694666216,9.089000715281204,202.4215
11.700000000000001,55.614425493109984,46.55259351613368,25.748680712969158,53.62033754790063,1.0,27.049207223434692,31.769218052072798,40.41407689594326,10.5061,31.071562334969716,7.675409444434707,202.4215
11.75,55.61931760241921,46.55100592765015,25.402579685882777,53.58824515851353,1.0,26.703849027577608,31.7830192296014,40.413089529487934,10.5061,31.1794034561218,9.194632040655938,202.4215
11.8,55.59841944998142,46.57410983956702,25.14832170666815,53.57813556488499,1.0,26.51206518173767,31.8002642278205,40.41358262261447,10.5061,30.994884639144658,9.808540900081477,202.4215
11.85,55.57752857467748,46.59726052690079,24.96404291579559,53.70656382783951,1.0,26.274312680935267,31.800982977323475,40.40512341948165,10.5061,31.19208442752068,8.130545299370747,202.4215
11.9,55.57084044362194,46.632108147632195,24.824751975637884,53.728690906312615,1.0,26.402745309788212,31.784620770188415,40.40338056851149,10.5061,31.07436890603722,11.461171508058285,202.4215
11.950000000000001,55.55894440054624,46.63599447750666,24.816208925929256,53.67858506135845,1.0,26.486529091502284,31.785675009775513,40.40301537631452,10.5061,31.095582891936655,6.897084973571843,202.4215
12.0,55.54768946329689,46.64667023299897,24.818095698082935,53.63852054801165,1.0,26.665626257007933,31.822160352295757,40.40902668949669,10.5061,31.05180158608882,10.55226831687229,202.4215
12.05,55.52848409847391,46.69346066784841,24.927053297753524,53.63525105944306,1.0,26.939243960915498,31.83581471109184,40.42633739293898,10.5061,31.006045487901883,11.134093301162768,202.4215
12.1,55.503568307650596,46.71086700195307,25.000957085289095,53.51298205070939,1.0,27.064732425479207,31.827662640654463,40.41987424800243,10.5061,31.2144268074387,9.52940613618231,202.4215
12.15,55.47036735761079,46.74598685093556,24.845082469221055,53.653987013030815,1.0,27.140612098573154,31.86464670800914,40.43000811506966,10.5061,30.922013727068443,10.913543677403531,202.4215
12.200000000000001,55.4621001217347,46.739743292401755,24.72576636520124,53.65916041006421,1.0,27.173284268840664,31.863994536959794,40.43787579650762,10.5061,31.13044883215112,9.52159889406089,202.4215
12.25,55.43940386388221,46.75545555571919,24.576708105820458,53.6042501074845,1.0,27.489108685826544,31.852012927701455,40.42428028338226,10.5061,31.19393702929753,9.87361438097491,202.4215
12.3,55.46419345146905,46.7477863422366,24.46210993814154,53.57131504579334,1.0,27.631810595054343,31.864624549845875,40.417401133207086,10.5061,30.911278709782952,6.145399599448567,202.4215
12.35,55.47061398447388,46.740103111572886,24.451418084617515,53.54205233361991,1.0,27.49184672609744,31.870491666978147,40.43253448871625,10.5061,31.126694975126103,10.844912288048121,202.4215
12.4,55.49384643725485,46.75576438734172,24.4397603616406,53.578157204883226,1.0,27.55347395956658,31.873493299063576,40.449355967285825,10.5061,31.04718867827164,7.277313062458108,202.4215
12.450000000000001,55.504135243247475,46.749459003584924,24.238342096311367,53.67910573233417,1.0,27.448704807340235,31.869364541265114,40.46632625014199,10.5061,31.1115372675426,8.988784130101722,202.4215
12.5,55.50296936020259,46.73712043450376,24.08788602475002,53.66609235877357,1.0,27.320795656988945,31.854426105776117,40.46020150292994,10.5061,31.078168664815035,7.490951023901991,202.4215
12.55,55.52436021550495,46.72190394997526,24.18591161396071,53.6648619034431,1.0,27.428110590557242,31.86400911677284,40.47325629389376,10.5061,31.021517436511783,9.086802105790982,202.4215
12.6,55.548692240231084,46.71301660253635,24.260084617990216,53.64720604150074,1.0,27.293114330672058,31.87279861903776,40.47823186483047,10.5061,31.146096726563698,6.8264416696843515,202.4215
12.65,55.560726967281596,46.69892622808283,23.92446739754259,53.768681013784004,1.0,27.43518488189695,31.90302059686172,40.4890521511908,10.5061,31.254659436506472,8.615014947141912,202.4215
12.700000000000001,55.56886120365894,46.68273899526843,23.67661574633472,53.693832068017734,1.0,27.500982194508584,31.867129377801266,40.45281730030921,10.5061,31.09172332539657,9.451290601717394,202.4215
12.75,55.57700014552062,46.686739171684586,23.47763031427906,53.66305261389771,1.0,27.327298626893384,31.867816855283955,40.48221049980533,10.5061,31.019005452028757,6.329617423030797,202.4215
12.8,55.59534885495681,46.677325500841505,23.334134242352672,53.718424048937926,1.0,27.263657450453582,31.877969276408262,40.500484246621426,10.5061,31.177158756136144,9.755044081341014,202.4215
12.85,55.59965060763165,46.68570730781101,23.351445381203813,53.664468944250366,1.0,26.943157051554763,31.87322707364146,40.474087942092034,10.5061,31.11381738229733,8.500786333946118,202.4215
12.9,55.60493635464411,46.67475710922281,23.370358447712693,53.67461983431563,1.0,26.84484333792146,31.891406325427525,40.46473054049934,10.5061,31.24521956139937,10.417518265197444,202.4215
12.950000000000001,55.59019259937165,46.69087431760126,23.10183910449894,53.81525039541225,1.0,26.678019855787177,31.894720173197225,40.46704099054587,10.5061,31.08660959050835,8.658043630334769,202.4215
13.0,55.588188900782434,46.68119101250126,22.900691882873595,53.78175097430799,1.0,26.459194613144543,31.90666358114424,40.4647831484498,10.5061,31.07959879300416,11.82134257667358,202.4215
13.05,55.608288874091016,46.671742402642685,22.786602609771073,53.76023855336641,1.0,26.478214912000446,31.907351307645076,40.49468635852733,10.5061,31.14285871004382,6.599484224409948,202.4215
13.1,55.62452669410384,46.66835255229312,22.700332693653845,53.709511175116305,1.0,26.205875525102112,31.931662417580853,40.52588051267691,10.5061,31.05698904021941,7.083757505491372,202.4215
13.15,55.638667806526676,46.65150980501607,22.698004453176786,53.66469706932833,1.0,26.05360804903864,31.91035219072606,40.50360256640178,10.5061,31.125888966225958,9.23223998757596,202.4215
13.200000000000001,55.63583997240083,46.6436358605241,22.695693951757423,53.6147599333358,1.0,25.771997662349904,31.90266952053053,40.476388874578355,10.5061,31.1579803437226,8.574187913136774,202.4215
13.25,55.64370438230847,46.64178080027992,22.59852413909752,53.7034024182172,1.0,25.375848204930755,31.9216091388912,40.486304941693234,10.5061,31.077176317160323,9.121478498065073,202.4215
13.3,55.65127482954208,46.64817106287952,22.52853406137371,53.74162557290907,1.0,25.128865040376137,31.923045202871418,40.479382615156744,10.5061,31.011052353751406,7.92489409083495,202.4215
13.35,55.67296050723573,46.65503725312945,22.639216589122963,53.74109326109584,1.0,24.87751732380713,31.944831934833093,40.50285095883536,10.5061,31.077729956803147,7.503200961435752,202.4215
13.4,55.68880946277472,46.647238010650014,22.721034265918927,53.744481857176744,1.0,24.65522510924335,31.922271580563553,40.525640876742,10.5061,30.935049098735483,7.489913008046312,202.4215
13.450000000000001,55.67916081718773,46.62396442616578,22.918483638593184,53.54708052010923,1.0,24.27547260083076,31.93491708521845,40.50304546653246,10.5061,31.212838343595713,7.276462921475477,202.4215
13.5,55.68584078200634,46.64057362236709,23.060281133558586,53.49540847084948,1.0,24.110288724334023,31.94321515175604,40.51057179623582,10.5061,31.01869448117274,8.908876144183,202.4215
13.55,55.6638378583152,46.669882715484015,22.63555858005253,53.74896100873042,1.0,23.50098000770588,31.953554250524853,40.522841957975196,10.5061,31.05607550759831,5.072980533455409,202.4215
13.6,55.65141951485287,46.67384812274808,22.31697845403444,53.816729276612094,1.0,23.21173521988327,31.950310947828196,40.490479204951825,10.5061,31.034317138616103,8.64853108016949,202.4215
13.65,55.663729579589024,46.69827351282255,22.463553314553934,53.79358653850506,1.0,23.059924018042338,31.973848789332806,40.549919458461794,10.5061,31.22165045723112,12.104181646459773,202.4215
13.700000000000001,55.65696075480544,46.70169645210838,22.558720893778677,53.778559312431874,1.0,22.887939235149354,31.97390359658343,40.54477756040687,10.5061,31.117819907721056,6.636239268102919,202.4215
13.75,55.646238192196044,46.714675507060306,22.378955832095876,53.62862426157943,1.0,22.913082434662968,31.948520925544464,40.53268311760265,10.5061,31.027086667911185,10.133663160948098,202.4215
13.8,55.627117598053026,46.72582615595673,22.244111627456203,53.60125263575804,1.0,22.852692663065607,31.973771496813935,40.54972435772647,10.5061,31.112601092241135,8.997426430143635,202.4215
13.85,55.60025379319342,46.738032388344905,22.603778072380493,53.392833041947576,1.0,22.654486682277884,31.9828816173804,40.55231470394321,10.5061,31.135794622432012,11.86619702690639,202.4215
13.9,55.60361819117158,46.753815204991994,22.867260761862912,53.374014769779684,1.0,22.45098964977865,31.986275807036638,40.56720879173168,10.5061,31.148141157104526,8.883511354637834,202.4215
13.950000000000001,55.58216370220668,46.75874081785443,22.71640106058604,53.560931427392575,1.0,22.10993634188397,31.997603249329693,40.571670095882524,10.5061,31.17137174067541,5.719699526603222,202.4215
14.0,55.58855868341988,46.805079298870616,22.61385826111345,53.63978853567237,1.0,21.62642238238955,31.998393020775623,40.600433304473476,10.5061,30.98691702695288,6.475506843733662,202.4215
14.05,55.59211668230939,46.798516883282005,22.781208275684556,53.679662380708976,1.0,21.35240595787562,32.012537678533675,40.591573423073356,10.5061,31.066781073928567,8.645283089419362,202.4215
14.1,55.59140589129065,46.79934571637741,22.901556831468053,53.66665540693033,1.0,21.2184828881575,32.027446848382716,40.63051919156931,10.5061,31.078665422409173,6.8938394370647975,202.4215
14.15,55.58817754646669,46.77967191267865,23.009076954543335,53.6583569070251,1.0,21.236608146616895,32.0211987965827,40.597572638477686,10.5061,31.03395225398069,6.341635261577047,202.4215
14.200000000000001,55.583328399176345,46.773062867452246,23.098041293298053,53.66387332747623,1.0,21.267485537376892,32.01770574102356,40.61020423538135,10.5061,31.0191418912522,8.957827256377186,202.4215
14.25,55.56880197688638,46.79151092469659,22.53893622058603,53.664900632806344,1.0,21.497776617240266,32.02380126868638,40.563229235411086,10.5061,31.208956926160123,5.166471026023979,202.4215
14.3,55.603520051396515,46.754829572019226,22.12753688635759,53.73093566348227,1.0,21.46998093705961,32.03805390102269,40.60763174332541,10.5061,31.0482591895986,7.760135670689179,202.4215
14.35,55.634023294098476,46.70065282137624,22.257830368696577,53.684228850093675,1.0,21.728898973458772,32.03879819030432,40.601669520974326,10.5061,31.161502093096043,10.159548552887008,202.4215
14.4,55.64113088614757,46.66935492745219,22.357911214461776,53.64276808463106,1.0,21.9794268540158,32.0498031386551,40.598413562986835,10.5061,31.25807801621943,7.551013153955654,202.4215
14.450000000000001,55.65570056617619,46.670634693145914,22.417840038797824,53.569522563215365,1.0,22.2071170438518,32.01953667711574,40.595555550508514,10.5061,31.18170175686626,11.065755592927058,202.4215
14.5,55.66737139042875,46.6579398913863,22.462586048801455,53.549645432805455,1.0,22.175827083881458,32.015513116329146,40.61124607975101,10.5061,30.99392043440597,8.483338233401252,202.4215
14.55,55.62440444502125,46.73074229124281,22.304789051734897,53.624373628831144,1.0,21.77619188333677,32.025228830255685,40.60728124213209,10.5061,31.029905136876952,11.667676224008243,202.4215
14.6,55.59870175436246,46.748747222517885,22.1848576602435,53.60558166649662,1.0,21.90285228284244,32.04892801084509,40.59516618426156,10.5061,31.050694405371335,8.635672436591708,202.4215
14.65,55.59026831794496,46.77581071146066,22.262326139579045,53.52773947799949,1.0,21.853077091905153,32.0380257699847,40.614781505697565,10.5061,31.056475305087712,9.626550926460645,202.4215
14.700000000000001,55.57260109226847,46.79424227406128,22.31786175586415,53.5037747459614,1.0,21.556688989590114,32.047099109562474,40.620781498927826,10.5061,31.094133062206254,10.657154900774962,202.4215
14.75,55.56344251638943,46.81847774422111,22.5627983558233,53.50021714231451,1.0,21.397639535480778,32.06147449860631,40.644205885883586,10.5061,31.183272898583073,9.08952847122123,202.4215
14.8,55.59647795878916,46.72611604448722,22.741509890233253,53.45665492334092,1.0,21.320107766970825,32.03851094218153,40.6369753437402,10.5061,31.08713805778502,9.027860917867063,202.4215
14.85,55.6316817219761,46.675315255758484,22.21680742619611,53.61034854547054,1.0,21.261907952429187,32.03617976912043,40.6282334519751,10.5061,31.099373564012595,5.853533963181345,202.4215
14.9,55.66296068533024,46.635068035550006,21.83152666668232,53.67327717334915,1.0,20.985425564610356,32.049432873609504,40.62848312364934,10.5061,31.216643271993593,7.382163734363474,202.4215
14.950000000000001,55.70082781081114,46.6163068848276,21.860039081118387,53.6225049205278,1.0,21.066453696599027,32.0775482264929,40.661502320302525,10.5061,30.99979039778999,7.997726326244861,202.4215
15.0,55.72518147994306,46.57828855363196,21.888832931833935,53.57125852742658,1.0,21.010224312628594,32.0899179445433,40.652424458058746,10.5061,30.965571489705905,8.818293513415645,202.4215
15.05,55.720523372686834,46.57657024447518,21.512890285276917,53.57863972182028,1.0,20.79495937344087,32.09193443632758,40.64841027380348,10.5061,31.076852557992016,7.165133918516419,202.4215
15.1,55.72814404856364,46.583862143094215,21.23270564791313,53.55176092269246,1.0,20.41406703369701,32.11425654557245,40.64426366910308,10.5061,31.072060662459553,10.375241593080453,202.4215
15.15,55.71819117517116,46.56515594665486,21.148494810230947,53.70342133594411,1.0,20.034694230833864,32.10828857625184,40.649101433341386,10.5061,31.00846212061461,7.42144943607601,202.4215
15.200000000000001,55.740981728570695,46.572851403788825,21.09603642295753,53.72187533882019,1.0,19.801986227003155,32.109122621464174,40.667651089006384,10.5061,31.05684510588342,10.880897473784,202.4215
15.25,55.74171853971972,46.5709989642887,21.101334678502074,53.58974762540329,1.0,19.668032019219293,32.13066691490457,40.673489318297335,10.5061,31.105810274121456,8.101446816640218,202.4215
15.3,55.683988208369605,46.65008621980006,21.10107419853478,53.50800856734452,1.0,19.490950103598802,32.112873223006154,40.69481830608696,10.5061,30.90790390024117,9.096192636484954,202.4215
15.35,55.65091292202033,46.71182176430836,21.299550654216524,53.55017698243695,1.0,19.428456845640287,32.0957138284992,40.7053298084364,10.5061,31.0897289578497,11.661992078450842,202.4215
15.4,55.61673156499032,46.747104906994174,21.44183023071198,53.52594104849753,1.0,19.266605939829557,32.090043110349775,40.702147787639014,10.5061,31.05834029882135,6.246852140171016,202.4215
15.450000000000001,55.577280452671694,46.775533801251555,21.43402743814436,53.456476535773106,1.0,19.106776740830046,32.0912366745785,40.690118049166124,10.5061,30.94606961371929,7.168449761281165,202.4215
15.5,55.548624568073066,46.79117209821944,21.416553387860432,53.428969332284275,1.0,18.80392458654353,32.108893624381764,40.67825737561799,10.5061,30.92582967039814,9.624641912485153,202.4215
15.55,55.522991175076,46.81667335755697,21.430420589314007,53.58480998624642,1.0,18.56519868451176,32.11261881281468,40.68919244270537,10.5061,31.19857077370336,8.50832612693312,202.4215
15.6,55.481978895582,46.858641953540904,21.448783416160715,53.6034484497669,1.0,18.700727233475522,32.13542226294004,40.68616193224977,10.5061,31.17060933046132,9.288562062120025,202.4215
15.65,55.45881084496813,46.87644937212022,21.547176897545345,53.59005637773087,1.0,18.885792695387604,32.11924077325638,40.70218599788712,10.5061,31.2676039108036,7.313831952319174,202.4215
15.700000000000001,55.446951529797516,46.86933593795283,21.630192955733,53.56964373002061,1.0,19.072385885139187,32.133819214139386,40.71949506470018,10.5061,30.931142216392928,8.004766064121497,202.4215
15.75,55.427583940006976,46.89533879818738,21.565954979143495,53.595729617576005,1.0,19.359718250376766,32.13591537066994,40.720377857710794,10.5061,31.022697228577922,6.506272828282748,202.4215
15.8,55.43310754976654,46.885190057151455,21.51332278729153,53.594635947400775,1.0,19.67481108332302,32.112521475683145,40.721207872767856,10.5061,30.970826981819183,6.845241512673835,202.4215
15.85,55.42800478504189,46.87988601471349,21.240213448599995,53.61569665747117,1.0,19.949392762258494,32.14198481660319,40.714448924349846,10.5061,31.012093158305436,9.027791027552322,202.4215
15.9,55.4325437535977,46.858484621779844,21.03653330039513,53.578873299637365,1.0,20.265376563992678,32.14434720128973,40.71032283832918,10.5061,31.10986707954619,6.975346714517716,202.4215
15.950000000000001,55.43067481089706,46.87180527569151,21.08540165683116,53.5926307858466,1.0,20.615985723891406,32.118763812052144,40.72006671381188,10.5061,31.15834221386631,9.59204623956645,202.4215
16.0,55.42306109033435,46.86466719261038,21.122570304636884,53.62430836802681,1.0,20.96847142927772,32.14009452210971,40.719939379349334,10.5061,30.860593471973385,9.4108229807063,202.4215
16.05,55.36948990640221,46.90789231426009,21.07576606204674,53.557409068302434,1.0,21.2731849790907,32.14263807269706,40.70247651870081,10.5061,30.9382284443239,8.628222928697841,202.4215
16.1,55.329651928701665,46.955404069072046,21.04446978629831,53.61270851514598,1.0,21.519128059343654,32.15081356748805,40.70944571543165,10.5061,30.972846197114706,8.70139845972712,202.4215
16.15,55.325347047831194,46.981922794595924,21.045151210077673,53.60625335607259,1.0,21.71014410494301,32.13915317705563,40.74130157926157,10.5061,30.75415620931524,9.633796535355026,202.4215
16.2,55.31355301293351,46.992339741903926,21.042060736544997,53.55716511280001,1.0,21.86859433311388,32.1498444153695,40.74446656565919,10.5061,30.902641811694277,8.2828557054645,202.4215
16.25,55.28404284489074,47.00370920210938,21.20685469206039,53.343420405737426,1.0,22.0228001494426,32.130571813271814,40.72447392661719,10.5061,30.84894129487159,7.7872983206637905,202.4215
16.3,55.28336682862685,47.015964893300364,21.343312869305155,53.336674920973664,1.0,22.0049173071668,32.15300782722461,40.76448392702823,10.5061,31.03330133001533,9.636329083955086,202.4215
16.35,55.25585507135708,47.01036641229563,21.652667470934347,53.51154090018131,1.0,22.07020688356578,32.12622499077932,40.74935010028423,10.5061,30.952298705619878,9.934952630922666,202.4215
16.4,55.22321441578104,47.03996908717712,21.875860240774006,53.50580947207662,1.0,22.078260192777474,32.154761886516134,40.748492113941666,10.5061,31.086167367693783,7.154885837421845,202.4215
16.45,55.20635406526309,47.03261896747179,21.56146057365661,53.52129269682749,1.0,22.107620944643806,32.136333367825,40.75025334266041,10.5061,30.91122404565929,11.558105255878006,202.4215
16.5,55.19105364648655,47.03188475997208,21.320406431044933,53.48266785117662,1.0,22.119892287220328,32.12541191788853,40.72523660665858,10.5061,30.915995160679433,7.497045897930911,202.4215
16.55,55.22012833736882,47.000444048268896,21.483590945810235,53.54323664627216,1.0,21.963490945269744,32.14509911854746,40.72814768630404,10.5061,30.836932139097602,7.627944711114469,202.4215
16.6,55.24159648543823,46.96120317054813,21.604214775995803,53.579062255850964,1.0,21.775385957286133,32.16091624178399,40.75301121777093,10.5061,30.92058544948614,9.556128585112003,202.4215
16.65,55.26955737358572,46.94803795093476,21.547878207345523,53.35252995302453,1.0,21.777636492105977,32.136346442193265,40.738809378965634,10.5061,30.881501628037235,9.599100854417667,202.4215
16.7,55.27320131154305,46.94497586957163,21.51567533147377,53.40729651839454,1.0,21.800172136161404,32.15872015017575,40.77964821728189,10.5061,30.91751045777176,8.083538713566103,202.4215
16.75,55.27482878867794,46.904624753968726,21.454960512171017,53.46197018486702,1.0,21.64924133893755,32.16086093275515,40.748025644385415,10.5061,30.96369132392701,13.369781237134674,202.4215
16.8,55.355817885279805,46.77727633628497,21.415166261895855,53.48042104459565,1.0,21.581819141160942,32.16788351439057,40.764074426644584,10.5061,30.964381448763252,9.633108436231737,202.4215
16.85,55.403436695730726,46.693259052905084,21.490813513487407,53.40713370472631,1.0,21.16814656849271,32.17635612291363,40.739541334159135,10.5061,30.86609021021107,10.891078095854176,202.4215
16.9,55.449027861536706,46.65709804540234,21.54962567521985,53.42486879350728,1.0,20.668543284301805,32.16806718059794,40.774083169273915,10.5061,30.96199816882765,10.333425897987464,202.4215
16.95,55.48417318848431,46.63244652783409,21.49861553692184,53.473144940290496,1.0,20.309476689627978,32.155983730094384,40.79667340996845,10.5061,30.96415414178135,11.214449015560795,202.4215
17.0,55.492882662361666,46.59210621857584,21.46558703180599,53.423883428003585,1.0,19.826971296829278,32.14978126854834,40.7586181051899,10.5061,31.014749741823262,8.023471259052627,202.4215
17.05,55.46866777889507,46.618532469093026,21.19471042288421,53.49466675196866,1.0,19.413706765809383,32.15271781541161,40.76223328430213,10.5061,31.06472206286601,9.536958205961362,202.4215
17.1,55.45935972470509,46.64638374321498,20.999840868705576,53.48791159538722,1.0,18.952798405200717,32.153159776838315,40.767982484646005,10.5061,30.99255505682847,9.17302823697786,202.4215
17.150000000000002,55.45440844785529,46.64371846571651,20.95533051936293,53.43017739354395,1.0,18.447672352769622,32.15971261651223,40.75805041029311,10.5061,30.984059552837092,8.090088389899158,202.4215
17.2,55.44325659481231,46.654260010423805,20.930276461988683,53.45543796536394,1.0,18.06356483645316,32.16064454272369,40.7706013063865,10.5061,30.809022820715168,12.166142854717926,202.4215
17.25,55.44208999730672,46.6939594461607,21.081228327949177,53.45165822240053,1.0,17.73346131185631,32.177137661450814,40.79797550787711,10.5061,31.028466253894177,9.445764525593706,202.4215
17.3,55.40796249193421,46.709194057430764,21.188407646476687,53.43316514767738,1.0,17.45975446075951,32.17253773232137,40.777353996656096,10.5061,30.866838978978894,9.72113952794371,202.4215
17.35,55.390399769387486,46.747923938908194,21.233463413577987,53.318223572738816,1.0,17.022246148471027,32.18693823929795,40.80436579520652,10.5061,30.787562943225083,11.660699019325142,202.4215
17.400000000000002,55.368500768121585,46.73257742595063,21.262842327331068,53.29098039849708,1.0,16.590698942203975,32.16210094144811,40.78665006560107,10.5061,30.81609632107883,8.351731547632001,202.4215
17.45,55.37108069124351,46.74105024613105,21.306687190646475,53.360711426985034,1.0,16.401374484798808,32.17993629190661,40.81392121223063,10.5061,30.981639385010592,7.50688627894071,202.4215
17.5,55.35993051021549,46.74621652210035,21.33596015265096,53.37806387543445,1.0,16.074670619401257,32.18700031532158,40.82597409803666,10.5061,30.94404606210291,9.67914141859441,202.4215
17.55,55.370674858575505,46.70408011929326,21.183175607175976,53.43443331610646,1.0,15.948145892520024,32.16077217267423,40.803352753210305,10.5061,30.841652656522193,10.897663102048512,202.4215
17.6,55.391921507962174,46.67477780643055,21.073450471778443,53.519544764538416,1.0,15.939948436047203,32.195180999233614,40.79861781432866,10.5061,31.03741584975217,7.086582045745951,202.4215
17.650000000000002,55.40948141300841,46.678410944480575,21.093862199942627,53.497074613459965,1.0,16.089342506738735,32.20591613479843,40.8379682077171,10.5061,30.82539163861362,7.893142882164953,202.4215
17.7,55.39300011779748,46.648744573232875,21.097155345718335,53.40867954715722,1.0,16.32362729335919,32.158934080401146,40.78990634060898,10.5061,30.87859846413359,8.420180254681554,202.4215
17.75,55.3862462508972,46.643555482055355,21.132776650033612,53.28559766046793,1.0,16.694902800297047,32.16461937593368,40.80716638875904,10.5061,31.00114135340017,9.765798580447234,202.4215
17.8,55.400695207953945,46.65173474482808,21.15801165567686,53.20240052305161,1.0,16.85448496177219,32.189792457089965,40.844328049554115,10.5061,30.89608421104866,7.419984968594172,202.4215
17.85,55.398557624012156,46.63703563060545,21.147809181355115,53.37931970979693,1.0,16.823080149319512,32.19879571367507,40.80934766552025,10.5061,31.012789770204478,9.775072086334761,202.4215
17.900000000000002,55.40941015676343,46.65993029737187,21.142376627951077,53.410988361765604,1.0,16.933285021539717,32.21439954861231,40.86004346874536,10.5061,30.920803774076752,7.2294537518520245,202.4215
17.95,55.405358901994944,46.64059757638639,21.036850346306863,53.429360687577045,1.0,17.213389582850386,32.20959439619329,40.816687476716105,10.5061,30.88474931460599,7.641780831002443,202.4215
18.0,55.39518049490415,46.635520137221945,20.965792350974077,53.46651517823304,1.0,17.522950212969395,32.22339295339812,40.81245420014672,10.5061,30.963238365964045,10.418778133548651,202.4215
18.05,55.35405764736012,46.71880620987971,21.086050522717006,53.44914588224114,1.0,17.739281965377792,32.21251793621232,40.84204477744179,10.5061,30.992120436789044,9.924901159781522,202.4215
18.1,55.30814994926767,46.768130101113364,21.17632906092306,53.43966341668422,1.0,17.92667917384685,32.20809153170794,40.82512878486812,10.5061,30.869721393559725,10.254772386301008,202.4215
18.150000000000002,55.28110331652071,46.79456567413841,21.321832725027257,53.37473807626917,1.0,18.24788838983909,32.222721687090285,40.8394158481552,10.5061,30.88639039493971,8.056052713681716,202.4215
18.2,55.25029908474354,46.805748467915386,21.42327866707936,53.35020970531182,1.0,18.66226413106456,32.20320907511119,40.82933492290309,10.5061,30.879268230815523,9.98222914040946,202.4215
18.25,55.22599420619587,46.82898894777037,21.093582640907577,53.39331413658188,1.0,18.839476322733155,32.20524394709707,40.84331143275145,10.5061,30.865569841425803,10.161855465721324,202.4215
18.3,55.214475527864856,46.78431885846025,20.846302624385977,53.38820728346688,1.0,19.217031551761085,32.186573080278535,40.81765516176499,10.5061,30.731396157159047,8.585796872272615,202.4215
18.35,55.22786987755402,46.79170666611478,21.027319538917897,53.41507214147251,1.0,19.561554690278264,32.23411514280446,40.83826411167968,10.5061,30.834498996532254,6.664596787911066,202.4215
18.400000000000002,55.214283199380496,46.77948303625472,21.15560200118379,53.36956338409835,1.0,20.180628422877767,32.21976473857536,40.848657884086464,10.5061,30.68689613598259,12.286651491630629,202.4215
18.45,55.21305201187377,46.789137921778476,21.032614012135294,53.44051588070993,1.0,20.50064581747811,32.21434331793181,40.85879911297602,10.5061,30.79733616617517,11.015230880835368,202.4215
18.5,55.20325125291748,46.75463451717718,20.93318091899629,53.46826294946947,1.0,20.868282945539715,32.19620631833586,40.83612911794177,10.5061,30.77310549981149,10.687821404763008,202.4215
18.55,55.235105643216144,46.727166709554794,20.796420303594722,53.490302980228584,1.0,21.240435123141662,32.20711133355532,40.8345420740646,10.5061,30.84989883840293,7.988603682782273,202.4215
18.6,55.232954199329406,46.691826830555605,20.693580258207906,53.43210830776611,1.0,21.760395540627666,32.20378626103355,40.82584052989054,10.5061,30.733670115948428,7.68473866905032,202.4215
18.650000000000002,55.243398507559604,46.674436561880924,21.13985134026029,53.29443284248726,1.0,22.179290753465114,32.18698654355808,40.81076004116072,10.5061,30.987103024462172,12.101240017642702,202.4215
18.7,55.260452290138204,46.65932952255649,21.470662877456935,53.269882124310975,1.0,22.261503906101968,32.21329961421743,40.81410880354563,10.5061,30.82846156784316,8.507624879963542,202.4215
18.75,55.2758227766514,46.66241225342773,21.516506620027425,53.31060822056844,1.0,22.21600616682627,32.23205110001898,40.831005035678366,10.5061,30.811684097904877,11.13740694410792,202.4215
18.8,55.238821571265404,46.704549157960855,21.54126044783731,53.394009436850105,1.0,22.266562535738238,32.19867079370364,40.83033436880603,10.5061,30.71532129580267,9.131413816869035,202.4215
18.85,55.21562700809304,46.71855456168582,21.886448239499572,53.31690075540757,1.0,22.076493432699664,32.19657708686468,40.8212823308947,10.5061,30.785664674637104,10.334907771988115,202.4215
18.900000000000002,55.20254081053495,46.72811774993463,22.14276226409416,53.27763861364698,1.0,22.145707442307515,32.2142380424117,40.83513269325564,10.5061,30.93122857667859,11.31152768963359,202.4215
18.95,55.18234903775612,46.744348029846336,21.97598021650933,53.392018103994914,1.0,22.087079504548658,32.19558383461221,40.84451318873644,10.5061,30.737074440124555,5.825966445527124,202.4215
19.0,55.16216838034188,46.776133928185054,21.859925282100686,53.40370142774024,1.0,22.142228357167237,32.214269009592265,40.857509478352874,10.5061,30.845149080312066,9.024688275005076,202.4215
19.05,55.17988383841212,46.71094457646545,21.85293210976128,53.347906627450456,1.0,22.072644972531023,32.20740591527989,40.84829225032721,10.5061,30.85289590300682,10.694933098312777,202.4215
19.1,55.186100639699035,46.64853359882162,21.850836808230728,53.32893915855214,1.0,21.977602926421223,32.22058520013054,40.84255780759896,10.5061,30.976476032986977,11.085123385664513,202.4215
19.150000000000002,55.20277416989804,46.61848486003984,22.126765240021882,53.211437666460796,1.0,21.83770820647703,32.209625853628694,40.8342508005128,10.5061,30.737558406120318,7.525472719685522,202.4215
19.2,55.21112351113204,46.6090055926952,22.33094849064286,53.231808557412045,1.0,21.743310216906334,32.20304449613081,40.85328857055039,10.5061,30.76644366213455,7.9638414485103155,202.4215
19.25,55.23956804800985,46.609565836842506,22.23956404168738,53.27181128553364,1.0,21.74199025411034,32.186995133502485,40.87290085809397,10.5061,30.774063482011652,8.027384797460392,202.4215
19.3,55.20357704308912,46.66377696906603,22.166725737329852,53.325964586381104,1.0,21.391741904128914,32.18935860476829,40.84594530892787,10.5061,30.769332524171954,9.842888333913713,202.4215
19.35,55.177287507379624,46.68236722996352,22.066504136853705,53.38847814603438,1.0,21.210316820999385,32.1749638922543,40.8278840724364,10.5061,30.890348661565213,9.213978504966228,202.4215
19.400000000000002,55.1642289877093,46.70667403334056,21.991916785569135,53.39147222472884,1.0,21.10765458826907,32.206230302247874,40.86455193651669,10.5061,30.803138862044634,5.80252786796898,202.4215
19.45,55.13893335327298,46.70058233708593,22.256737483869358,53.211677198459796,1.0,21.1559676612005,32.20611327319613,40.849261540674945,10.5061,30.932982962853224,10.222319734901777,202.4215
19.5,55.12956709770657,46.69729646500941,22.457733742222917,53.18122069400422,1.0,21.023919835327614,32.18546246253044,40.8541750161657,10.5061,30.893586286351155,8.538785004340438,202.4215
19.55,55.165875441140386,46.644096214153215,22.17999696559414,53.3502435378527,1.0,21.004607620694056,32.180680016836,40.85095225514547,10.5061,30.75667316536102,8.793337045225773,202.4215
19.6,55.19778569502633,46.627245731628726,21.973914695612518,53.375334865884,1.0,21.031534969543344,32.17349617176818,40.85204684118141,10.5061,30.67087018970877,7.897630736729573,202.4215
19.650000000000002,55.212929743040554,46.61015854344723,22.31669689672865,53.21054807221847,1.0,21.11054663377232,32.188006292681585,40.84418430423179,10.5061,30.78229048308216,8.633314559666431,202.4215
19.7,55.2258418295327,46.59542223795492,22.56985708145194,53.184407910095594,1.0,20.963329915473906,32.21131177274417,40.84255349813454,10.5061,30.697992471284085,10.454907961411772,202.4215
19.75,55.22895718511086,46.58226264623999,22.85674171729546,53.17594344004354,1.0,20.9291449874556,32.199138704187384,40.8583930634992,10.5061,30.811621937221172,8.660675118658219,202.4215
19.8,55.24746397513782,46.53018529817655,23.059104981372318,53.11899437790322,1.0,20.712075518947678,32.19655441159314,40.844453699994986,10.5061,30.814278297922595,10.75992226762372,202.4215
19.85,55.282030182684544,46.51733845823537,23.113800700135805,53.160869329474025,1.0,20.413240039584963,32.19885782780379,40.86901723914795,10.5061,30.628571492667426,8.314539807720518,202.4215
19.900000000000002,55.287175446597914,46.47926796522352,23.15088910797628,53.12124704692664,1.0,20.127146592625405,32.17286544262063,40.84644702699577,10.5061,30.922515904413366,6.5010563838396465,202.4215
19.95,55.306756586468246,46.46664559874609,23.096000184424803,53.19346712909497,1.0,19.78085027802717,32.186163586572704,40.8474373895458,10.5061,30.784701767425133,9.730105715420867,202.4215
20.0,55.31596948833994,46.44386382532142,23.055854095975246,53.191429391604856,1.0,19.52886518369306,32.20014045756581,40.84646784296047,10.5061,30.865652210805663,6.157711311555472,202.4215
20.05,55.258477659358135,46.52038187020741,23.077566803930026,53.27262848446998,1.0,19.338943003800726,32.18273229235732,40.85886869731944,10.5061,30.76664928369119,5.126659654506828,202.4215
20.1,55.235453010234416,46.594651006277104,23.095218953193463,53.26222651954694,1.0,19.053114258069673,32.20339776418747,40.883638037842566,10.5061,30.90379030660482,8.592909730285328,202.4215
20.150000000000002,55.19813795048221,46.60644677572872,22.833141137980615,53.309424223005344,1.0,19.188480671982727,32.18707076867533,40.86051791132458,10.5061,30.77263167057608,7.53497430509679,202.4215
20.2,55.181405307335545,46.618734112896185,22.641968430425013,53.33977070416321,1.0,19.42932535302876,32.15941237315864,40.85522378739044,10.5061,30.847780276665436,10.005858531021627,202.4215
20.25,55.162308544642265,46.63477498945145,22.558786781659634,53.33276028180311,1.0,19.62929590185738,32.16688633896526,40.86484919374453,10.5061,30.716739150474837,8.750787656507677,202.4215
20.3,55.136928284649066,46.64285853733845,22.49251820153213,53.30042881358729,1.0,19.872332636649524,32.15848160977549,40.854345552674445,10.5061,30.806763878438336,10.530282249044454,202.4215
20.35,55.13035919336478,46.65171878313182,22.823205590832373,53.179367432878,1.0,20.114576717794495,32.1735966582879,40.852245124047336,10.5061,30.806525726399393,7.66186939450481,202.4215
20.400000000000002,55.11975429136196,46.66322967547109,23.070300800094298,53.13903835703223,1.0,20.328955843434272,32.18208416833471,40.854976434192594,10.5061,30.60951851939186,8.41640969676517,202.4215
20.45,55.09059319822133,46.65514352774263,22.93236695536736,53.13522801478798,1.0,20.464185273616472,32.18351674095173,40.82716773301509,10.5061,30.60808070286732,11.775865455286002,202.4215
20.5,55.07857605035607,46.66512149929046,22.835035740689992,53.18287026967741,1.0,20.963136655351132,32.20210750643416,40.83879106465044,10.5061,30.8390754035881,8.87814035241865,202.4215
20.55,55.11494548299321,46.6036584554772,22.746178929359115,53.22188032348384,1.0,21.261289215167054,32.204632767187434,40.8452077594132,10.5061,30.739882980931547,8.7198586676906,202.4215
20.6,55.14220494455411,46.54935071179956,22.672488456889504,53.215984538641464,1.0,21.426423457440126,32.1723400148869,40.83390784293609,10.5061,30.803238325530266,8.006985493666816,202.4215
20.650000000000002,55.164262421540734,46.49894920757603,22.775466100922912,53.18488456265765,1.0,21.722988596868046,32.16986338760207,40.82934339176889,10.5061,30.602592497189956,8.185032215255465,202.4215
20.7,55.201198014215244,46.49505172440051,22.849556983131855,53.2693937246044,1.0,21.774816215840254,32.19347648292133,40.85441456640908,10.5061,30.78919382582895,10.024807936017499,202.4215
20.75,55.20785124945518,46.47660430054826,22.934398583329976,53.207686233315826,1.0,21.901716605895395,32.175992769903026,40.83406577234136,10.5061,30.852493814793853,9.87272395663554,202.4215
20.8,55.19950304816435,46.49501114415234,23.008150823910885,53.211798256394005,1.0,21.788396414837923,32.1701279413928,40.83825339848399,10.5061,30.93925570148866,6.770850145405627,202.4215
20.85,55.19646581526871,46.53133069306541,22.93770751996579,53.24855238692686,1.0,21.875590903423497,32.17586377014819,40.87183749658803,10.5061,30.794217838478698,8.866445887042474,202.4215
20.900000000000002,55.18862811275929,46.525078961165505,22.881589124157262,53.26538828960966,1.0,21.82710973821567,32.19685117276517,40.860313113160515,10.5061,30.676395705454595,9.561905664518363,202.4215
20.95,55.1819769818277,46.52174327916562,23.038238189950185,53.221599111683865,1.0,21.771845021820063,32.186840134938045,40.84850775566436,10.5061,30.619586853773598,8.580624483867087,202.4215
21.0,55.20556131466129,46.525674071717404,23.160775958677757,53.17483036552176,1.0,21.815391084563142,32.19560749401645,40.84070630119801,10.5061,30.61176815072803,9.174194914183143,202.4215
21.05,55.22112585604156,46.506017553010615,23.02533752270417,53.33022296942741,1.0,21.787923368112445,32.182012258685894,40.85901780477876,10.5061,30.732212232555156,8.422083971414938,202.4215
21.1,55.21504093811842,46.51025717522564,22.926941411985574,53.30360604686516,1.0,21.960041044792813,32.178831761595134,40.874354418132256,10.5061,30.78530780957447,7.548507030244822,202.4215
21.150000000000002,55.22336088452074,46.50461841261096,22.87355763672293,53.35286996061528,1.0,22.18733864465779,32.192834640360694,40.86950494718713,10.5061,30.660681487254994,7.841902040617715,202.4215
21.2,55.237395599420125,46.48187948755982,22.824068704425546,53.359308902803996,1.0,22.432388255270443,32.20711333321816,40.858313094747025,10.5061,30.831738464680264,6.947722990028603,202.4215
21.25,55.237792504606325,46.46299640958379,23.19172606374684,53.12983202347592,1.0,22.51040925340191,32.17943052422021,40.848384431942314,10.5061,30.838165620279,8.084900463537354,202.4215
21.3,55.180084883498125,46.55019864762773,23.466744429529765,53.11920286805023,1.0,22.622622507462648,32.19677583931573,40.85570959635686,10.5061,30.88711581127205,7.815823533592545,202.4215
21.35,55.1159887346087,46.60249200284849,23.27396756185198,53.29917495888658,1.0,22.672486551585003,32.16207386119995,40.829934204577945,10.5061,30.776294402932404,7.89763562478407,202.4215
21.400000000000002,55.07128373661042,46.65406370997705,23.129868123074573,53.303672435937706,1.0,22.608723018485797,32.16278076003283,40.832080839279435,10.5061,30.670335573980594,7.391294088618783,202.4215
21.45,55.051516827348706,46.67964620560173,22.735581213213933,53.28994773748074,1.0,22.74865366225498,32.19421365001016,40.81732627589594,10.5061,30.65018467164959,8.069405312616427,202.4215
21.5,55.030763378760646,46.707013146753674,22.44533876135337,53.308930914114825,1.0,22.76739354138592,32.202293241665394,40.84095410902873,10.5061,30.666620122504913,8.127705325578702,202.4215
21.55,55.02248742203542,46.70000602458596,22.726463728219247,53.2098544647961,1.0,22.812530296867976,32.169444237367465,40.83557677130643,10.5061,30.737282833158485,10.23185733958129,202.4215
21.6,55.028637476062194,46.69373218322077,22.93942956947397,53.18959768388253,1.0,22.88105606982124,32.20494851561398,40.84868201270579,10.5061,30.582674212655473,9.540163333470325,202.4215
21.650000000000002,55.01201179204193,46.69888213940616,22.76943944320181,53.20452883547431,1.0,22.986305263512833,32.20972884387606,40.83690288174011,10.5061,30.79059150614145,8.960175881482419,202.4215
21.7,55.000407374317575,46.69325314438327,22.654688927926912,53.23558729744929,1.0,23.168694287070554,32.17796060337234,40.855896465731675,10.5061,30.73528376455346,10.862545585913889,202.4215
21.75,54.983215012754464,46.697778778118156,22.608621556659333,53.221795309101964,1.0,23.3410122496412,32.183256128822634,40.8386839486802,10.5061,30.54001171026242,8.670199614651905,202.4215
21.8,55.03002267507816,46.64945648104015,22.58866587016762,53.243650706691454,1.0,23.496245521072026,32.21197784394859,40.87634675895913,10.5061,30.680628370250467,11.501109005239204,202.4215
21.85,55.047334538672835,46.60280486456848,23.089526855728707,53.19955988214663,1.0,23.53708403492497,32.18590322139491,40.8463595972263,10.5061,30.706967976611928,8.681114295994256,202.4215
21.900000000000002,55.05603179058268,46.5865050368784,23.46303170018885,53.258673436929456,1.0,23.551269075830255,32.162230134322485,40.85530104665111,10.5061,30.68877728710773,7.931647147401827,202.4215
21.95,55.07350351763742,46.563064810201006,23.111379864112877,53.319591303173176,1.0,23.54588444859828,32.16848690005055,40.86210529067216,10.5061,30.64505696155795,8.5998656152804,202.4215
22.0,55.10292665168984,46.553532223621076,22.852045960935357,53.31925852578692,1.0,23.643830656697975,32.18935496485643,40.86529920772403,10.5061,30.70146745088292,10.020977893289636,202.4215
22.05,55.02715402228285,46.659212831396225,22.87546700446971,53.20388733516828,1.0,23.861596784603876,32.16701634746498,40.85153831053835,10.5061,30.67421682914147,5.778310424933061,202.4215
22.1,54.97017942925469,46.71401675842689,22.89655557306786,53.16413178515267,1.0,23.857551209204953,32.1501567535318,40.82681545342322,10.5061,30.62597559507709,3.948322496818645,202.4215
22.150000000000002,54.92293388579664,46.74540891602102,22.83255023831462,53.164961895066824,1.0,23.760019368159348,32.130223894615895,40.804548233773964,10.5061,30.6588120666453,6.87225156409676,202.4215
22.2,54.89673094916816,46.790286168038456,22.784142948062424,53.215271724798065,1.0,23.863341312847155,32.14585154685395,40.817389175048284,10.5061,30.632769993830216,14.24411592611354,202.4215
22.25,54.859056272032234,46.813165076547335,22.578287791721756,53.40685863120393,1.0,24.055284115261802,32.12886655385349,40.82276230182689,10.5061,30.681855067865985,10.589598075422321,202.4215
22.3,54.94040363971193,46.67117113584876,22.423821721333937,53.441334955043835,1.0,24.316803307244495,32.1337565517214,40.82399490588787,10.5061,30.606146417037873,8.013695596235378,202.4215
22.35,54.9982208154695,46.56411288627643,22.73983524133831,53.24408174136753,1.0,24.61547034217198,32.108862121201774,40.813820285361416,10.5061,30.622240961507035,10.206076107835276,202.4215
22.400000000000002,55.0447329328198,46.53203013473277,22.973720199153966,53.15610759267065,1.0,24.79333522309994,32.10508777857556,40.81427319091754,10.5061,30.54752013778549,9.311527182648653,202.4215
22.45,55.100989308114976,46.4836048443862,23.096223936936507,53.17628280436059,1.0,24.76928373477958,32.115412792278256,40.79712036889798,10.5061,30.792301821126518,11.50249962703448,202.4215
22.5,55.1288251345406,46.442645616185274,23.194088051755116,53.207419346891065,1.0,24.69919098760275,32.12341403222622,40.79428675420109,10.5061,30.627601514588562,7.770520113941209,202.4215
22.55,55.11767699129828,46.484216425161954,23.737252815505986,53.15945910462545,1.0,24.484699340061603,32.147193336692396,40.813134257106874,10.5061,30.746931771162924,8.823291417166653,202.4215
22.6,55.11597858308396,46.47879874524506,24.133798190887102,53.06587972827806,1.0,24.269639466732123,32.15079738568069,40.79854484956682,10.5061,30.788401762468506,10.089651192159852,202.4215
22.650000000000002,55.12079090461169,46.47931291515878,23.891909187276017,53.24037310679483,1.0,23.82841612631916,32.15576702978671,40.79799122333121,10.5061,30.795116406868264,7.119345103068032,202.4215
22.7,55.12676864637502,46.50754254131604,23.709437796442497,53.28779679463172,1.0,23.566712348497912,32.174151268332395,40.808259781862944,10.5061,30.698962785444646,9.203937115584607,202.4215
22.75,55.13281738530121,46.49315783899354,23.341595782487392,53.35966575251623,1.0,23.370834260875363,32.12966444011709,40.79411908661475,10.5061,30.823299992397985,7.894022056089971,202.4215
22.8,55.152769226755424,46.481999964344496,23.075236515547598,53.3842905539539,1.0,23.243108333619112,32.13333544824479,40.78766664293432,10.5061,30.729890190605538,10.802287249967355,202.4215
22.85,55.17256159026938,46.45900984328335,23.173014704923308,53.37607117580552,1.0,23.261140446759153,32.15438622418077,40.78594433730447,10.5061,30.712616797089844,9.890625725442414,202.4215
22.900000000000002,55.19150759976534,46.46641674281061,23.251923656200255,53.39433507671,1.0,23.35855695156915,32.14451757039785,40.80461862558421,10.5061,30.866588741034835,8.23612054657044,202.4215
22.95,55.20156900040776,46.45849255415463,23.371907494251996,53.33121665759367,1.0,23.542045470427844,32.12835860068024,40.79444307554763,10.5061,30.769365708833643,10.926027362454146,202.4215
23.0,55.19160230252914,46.43581267241778,23.453941083848054,53.3301659334383,1.0,23.666663888875565,32.14016186484055,40.76905255610543,10.5061,30.777678061543234,7.704092526353473,202.4215
23.05,55.13616530959842,46.506155878856376,23.285222326840454,53.382911749903435,1.0,23.806430374830665,32.151838979295036,40.78662647904174,10.5061,30.729697754289397,8.628877752553716,202.4215
23.1,55.094467207030526,46.56217017740961,23.16212252382087,53.38417273105074,1.0,23.93213875222068,32.15293281000147,40.7806722883165,10.5061,30.7193476485165,12.292972762330983,202.4215
23.150000000000002,55.07172732785454,46.59771885364016,23.00120012054069,53.33887651755296,1.0,24.211811642032785,32.15412449262426,40.78427561917151,10.5061,30.538498198768842,8.851438956505362,202.4215
23.2,55.057644809527154,46.628802438912416,22.88119508590977,53.28389641911779,1.0,24.619399850704895,32.144866046026806,40.78349555603692,10.5061,30.733208187656604,8.082785072276033,202.4215
23.25,55.042136998210744,46.646403349810484,23.08165800846784,53.24309601739866,1.0,24.892103368137292,32.1398031440387,40.79118630917738,10.5061,30.690094201648524,7.184218706660687,202.4215
23.3,55.032983717513524,46.63534624948475,23.234658945140282,53.2380342845589,1.0,24.91172232953974,32.14501293581762,40.78581523380336,10.5061,30.587511405161735,6.9858689217492635,202.4215
23.35,55.03891805403,46.63226755456567,23.388615337503747,53.21994675305719,1.0,25.088734366203916,32.1180780652976,40.771542679315914,10.5061,30.72125388478587,7.709913378434275,202.4215
23.400000000000002,55.02740745358218,46.62233136007526,23.502837727594734,53.17445933222993,1.0,25.183539133794383,32.107013342726646,40.77115003615652,10.5061,30.683586143908013,8.146931475907017,202.4215
23.45,55.01978620661487,46.61777318976764,23.374442936290812,53.22686148492859,1.0,25.407851549789864,32.1392393386244,40.75955433319247,10.5061,30.895383293771307,6.419276667623132,202.4215
23.5,55.013518510750636,46.61802176271077,23.28243804642479,53.2985547479003,1.0,25.62852126422917,32.11008613593118,40.745692898632235,10.5061,30.669972224753256,8.036654899269092,202.4215
23.55,55.049972485403565,46.57793185333852,23.38451191050909,53.21078417830546,1.0,25.682703321772866,32.137117807415805,40.751603256500644,10.5061,30.65883919487422,9.496522139474923,202.4215
23.6,55.075034734951075,46.56876177519891,23.467536860225326,53.28569198923152,1.0,25.530059135123132,32.13824509138175,40.79308852257412,10.5061,30.69341972285763,8.839423597599676,202.4215
23.650000000000002,55.097397193192975,46.53857115508927,23.33298390485352,53.33042721456714,1.0,25.519763252220205,32.114634895259734,40.77938803564443,10.5061,30.58995232563342,11.49982119192791,202.4215
23.7,55.11325130471537,46.50938677659262,23.236007734465407,53.35939090259732,1.0,25.374816304792,32.120431615063794,40.783193209419,10.5061,30.797349518695775,8.771918293945072,202.4215
23.75,55.11625456133589,46.47763086048658,23.42114659587598,53.19831726478782,1.0,25.21493270005735,32.111810885531405,40.76685756417326,10.5061,30.69780480871842,9.281188835831978,202.4215
23.8,55.10628471530682,46.479863753249795,23.5565265534286,53.19236470352472,1.0,25.084658641930226,32.120505001572624,40.76424257850958,10.5061,30.74784247282358,10.503973420319944,202.4215
23.85,55.095157363090436,46.5070085223755,23.414564706068866,53.18583445937768,1.0,25.03438619022659,32.112691630942926,40.75434502119173,10.5061,30.789086448945323,6.058450792854281,202.4215
23.900000000000002,55.1006191137491,46.54408416375958,23.309326999518543,53.19352686237513,1.0,24.80336750285298,32.104138750291945,40.777948704433506,10.5061,30.705194462060305,7.392572327267526,202.4215
23.95,55.086826311868705,46.55890999165878,23.387655643474055,53.21664788936778,1.0,24.348687493466674,32.10060735016019,40.77073807212916,10.5061,30.5900251469423,7.8311101966696395,202.4215
24.0,55.074238087361074,46.54956678774957,23.44514849107977,53.23976951634218,1.0,24.23086668892889,32.08912348573341,40.7503619918011,10.5061,30.72494157350604,7.730509960382523,202.4215
24.05,55.065586365084755,46.55067444079135,23.35471070486999,53.29909917947996,1.0,23.9326722630181,32.10631157774114,40.74698624488522,10.5061,30.572250161973184,9.156651195257053,202.4215
24.1,55.07313640474158,46.55931533432043,23.285988577568187,53.29754555465629,1.0,23.752059563242373,32.111963182069886,40.740807722915775,10.5061,30.642247955305443,9.797233686085443,202.4215
24.150000000000002,55.08705272788125,46.56763599347854,23.238788330805473,53.30188575627546,1.0,23.5455175273006,32.131592495778634,40.776684114242215,10.5061,30.70569531691609,8.26454133189063,202.4215
24.2,55.07676638862586,46.55080362983402,23.198992363037686,53.33067977751441,1.0,23.577804684619796,32.13190010360229,40.75654901801091,10.5061,30.8783326696976,10.704703877513921,202.4215
24.25,55.073110587715924,46.56792159686888,23.32150498853762,53.26711475602099,1.0,23.5839958356684,32.17779325476771,40.7905381911673,10.5061,30.646047744154444,8.802985609143295,202.4215
24.3,55.0587543795844,46.57586243557635,23.40840240003328,53.25833399346069,1.0,23.591618228777307,32.153171603234,40.75944446618229,10.5061,30.73496732390925,9.400909809548489,202.4215
24.35,55.056058834579495,46.57084451845436,23.49611043761,53.26153511125605,1.0,23.752335803723994,32.14217223550013,40.72850719575503,10.5061,30.57879946450707,9.058608618963245,202.4215
24.400000000000002,55.05726574464795,46.61419797566419,23.572442513291072,53.32642046705496,1.0,23.902943387957556,32.14937539421821,40.76192886197303,10.5061,30.601125250874325,7.489135625915731,202.4215
24.45,55.05864661374429,46.61858745419192,23.469617650600796,53.275979359248595,1.0,24.021151468862655,32.149357356892445,40.752457126204966,10.5061,30.729310928527042,8.854905663138217,202.4215
24.5,55.06708463175414,46.610533079505345,23.392027336997373,53.21614702251474,1.0,24.07811596595875,32.10383128572726,40.734591839738215,10.5061,30.59462120741476,9.121276887742322,202.4215
24.55,55.07166281222162,46.606036271890005,23.83151154429729,53.25702645773673,1.0,24.170141903792025,32.123584505313424,40.747086418243576,10.5061,30.586286611710698,7.716141474335706,202.4215
24.6,55.07657759228705,46.57088774588279,24.14954572520199,53.22000118596686,1.0,24.037473610616452,32.11096183905079,40.73327938426233,10.5061,30.82265962924835,6.900083299581842,202.4215
24.650000000000002,55.08171774743433,46.55401768260496,23.911969128432638,53.198889727452986,1.0,24.082593115614166,32.128192511683935,40.735550738372275,10.5061,30.57006018761655,8.679896401697194,202.4215
24.7,55.09092900066627,46.56695167625032,23.734937733308502,53.24926043335072,1.0,23.95491535891627,32.14649398926769,40.76198635797081,10.5061,30.636021293511313,9.231627161388124,202.4215
24.75,55.09662767424023,46.553787857512766,23.79846734074471,53.38329132279898,1.0,24.05126461253813,32.127692369435415,40.74339604635286,10.5061,30.71638322269616,10.027186669676798,202.4215
24.8,55.04894589649378,46.60961610373717,23.85369273079162,53.40665495371203,1.0,24.208044505589555,32.14095079767618,40.76107840680431,10.5061,30.66960852092887,10.002027345493852,202.4215
24.85,55.0325565753343,46.65257407838993,24.104896072460075,53.14547939371873,1.0,24.410178813974245,32.128855913035984,40.77202351666321,10.5061,30.696362630542314,6.956355191167763,202.4215
24.900000000000002,55.004908640449585,46.67478915296433,24.285562057550035,53.15837911127948,1.0,24.631388644479387,32.11316502305902,40.75464471583947,10.5061,30.604882127386784,9.124386296775533,202.4215
24.95,54.988944667502444,46.695213424900096,24.29707635367838,53.20230782279169,1.0,24.78056068520013,32.13669212123117,40.7500544654608,10.5061,30.647443704055103,7.201308238332629,202.4215
25.0,54.990993449185495,46.735958854698865,24.313395140630064,53.219720282474256,1.0,24.739585729811303,32.1375734515833,40.787924463767894,10.5061,30.664126929102945,7.4695297443383115,202.4215
25.05,54.99767215288243,46.657687172139006,23.843119458761755,53.407700134000265,1.0,24.918265373804573,32.10353376054017,40.72658199742568,10.5061,30.772545289108997,7.553167678578333,202.4215
25.1,55.02171872635943,46.63819911356818,23.510711803559694,53.499296409185,1.0,25.03861769406267,32.13335375830979,40.72228371252121,10.5061,30.653353814896462,8.63093851084223,202.4215
25.150000000000002,55.030661627729856,46.619672261869866,23.57863503182503,53.304232514009136,1.0,25.285916800349597,32.147518908200475,40.743107790304286,10.5061,30.929853472419822,8.75597877562235,202.4215
25.2,55.037339157911426,46.59173482663951,23.627588335276023,53.219572329866786,1.0,25.562713037004887,32.159377188045816,40.71741927411412,10.5061,30.79584629808596,10.295912229275242,202.4215
25.25,55.041540085576095,46.57945794750644,23.722574992391653,53.28657930831814,1.0,25.70421290765119,32.151960575073744,40.72295335354117,10.5061,30.63072093522775,11.708244415429562,202.4215
25.3,54.9968890148112,46.66618684878091,23.793453697729397,53.31469271954064,1.0,25.92691059011815,32.13170106975005,40.71863232358947,10.5061,30.556147328536575,9.461130936057529,202.4215
25.35,54.96557666242972,46.73116557115267,23.805599792127524,53.29982387128307,1.0,25.95311040979314,32.13725275486329,40.73373235598932,10.5061,30.617353763423573,5.345864285228103,202.4215
25.400000000000002,54.93252535526251,46.77855467272909,23.81593961151611,53.25817952970944,1.0,26.08960042386504,32.127050655410734,40.72710802795836,10.5061,30.686790256721306,7.3249920333759135,202.4215
25.45,54.90690346039776,46.78909257167453,23.92247438351225,53.301349857052,1.0,26.17828149054207,32.111469896037484,40.72788670542078,10.5061,30.782786511051736,7.111319974461631,202.4215
25.5,54.87857674806183,46.83168376501633,23.99583562810372,53.297985049065474,1.0,26.15974624383221,32.08959978084163,40.700011984186524,10.5061,30.608526744931847,8.232242192613642,202.4215
25.55,54.9476164619838,46.71019013298302,23.6663386142518,53.39008809746444,1.0,26.242098220691265,32.08607368566267,40.71260407490743,10.5061,30.574354815940843,10.048751199182426,202.4215
25.6,54.99955493764107,46.62299932913232,23.41505784056901,53.36923899693976,1.0,26.415284816864187,32.10416760180935,40.688587063711935,10.5061,30.740527985823395,6.846113400847176,202.4215
25.650000000000002,55.06602499653365,46.57756143479071,23.191990805669636,53.363585608452226,1.0,26.61289256883697,32.10867229770094,40.71480580378575,10.5061,30.739864491790215,8.481585184204807,202.4215
25.7,55.100530248588576,46.548683678257,23.019127242301057,53.39458970324942,1.0,26.69934598557973,32.123355742893324,40.72845013106304,10.5061,30.80318951945652,9.433367742017253,202.4215
25.75,55.126417539593845,46.54190833521118,22.996157712895034,53.25042613363039,1.0,26.579208269671156,32.12697980141086,40.69734375735271,10.5061,30.602779701045012,5.666863704486697,202.4215
25.8,55.10129554441032,46.581034065704316,22.979551386987044,53.29197488644558,1.0,26.42965889602107,32.12723300759081,40.724838199208705,10.5061,30.66189342375704,10.298294471742791,202.4215
25.85,55.06737507554971,46.62432881739192,23.212253686305722,53.26406249266332,1.0,26.191194363539292,32.106077063424785,40.684669345790965,10.5061,30.765586827446658,7.024203642621096,202.4215
25.900000000000002,55.059532211644346,46.64420839613553,23.39457072759077,53.28738148377353,1.0,26.09749416947852,32.105718616191155,40.71173067879129,10.5061,30.661543722535573,7.148739922281778,202.4215
25.95,55.053972003560276,46.66605004719843,23.67100840838618,53.22775197370216,1.0,25.85808258306514,32.104008911859566,40.72584177354456,10.5061,30.64272850137195,8.680217472465934,202.4215
26.0,55.04957210957512,46.65656082313992,23.86814788198047,53.24404813330794,1.0,25.45803699402254,32.122161624445205,40.71443503947479,10.5061,30.679344281480876,7.012637046435941,202.4215
26.05,55.068052230599825,46.59470975528035,24.340966555990267,53.0865623827748,1.0,25.111707840581662,32.102429458477125,40.709013460717344,10.5061,30.69003479652591,11.955753007667107,202.4215
26.1,55.095569822522144,46.57937030413045,24.685535030582756,53.136161039914086,1.0,24.554256134824588,32.09675413740695,40.71991634510038,10.5061,30.76159975310364,7.12016777281709,202.4215
26.150000000000002,55.11755240593582,46.573124059031215,24.43323412500025,53.30946259647281,1.0,24.16003117633087,32.08101015718904,40.73762968195022,10.5061,30.67983298254757,7.024151431451612,202.4215
26.2,55.12968915782399,46.55642493879871,24.23890684438477,53.294744510936376,1.0,23.827990535286347,32.07966593111647,40.70115472867695,10.5061,30.730157716296844,9.985446601413464,202.4215
26.25,55.14302929139514,46.5437326225819,23.62302747231527,53.60252003707608,1.0,23.527187407442614,32.112834129433885,40.71014953092707,10.5061,30.771231002208822,10.268507750055065,202.4215
26.3,55.114710916497636,46.59719024156383,23.173983295648064,53.63338852788342,1.0,23.42799828934038,32.11584330627605,40.71090769112266,10.5061,30.813055275998995,7.129221855431417,202.4215
26.35,55.082441153737705,46.621834739323276,23.377700020270776,53.35476709109871,1.0,23.44256643907649,32.103888442240404,40.65822139058786,10.5061,30.883308253686224,4.783672638330892,202.4215
26.400000000000002,55.07383389716779,46.66662903319539,23.536773191533456,53.39303978370663,1.0,23.495345574770262,32.129264101847006,40.67183117887436,10.5061,30.785702143140657,8.837212675393728,202.4215
26.45,55.05971797780358,46.675947224743,23.48647765494324,53.33427270547139,1.0,23.74319524600153,32.124325552368646,40.67471014569118,10.5061,30.75327257379937,7.342069711096523,202.4215
26.5,55.05899689862005,46.67678748061512,23.4466027373394,53.28097978212056,1.0,23.99314242435568,32.135146948087844,40.68318829209662,10.5061,30.689989506037783,5.231451953645966,202.4215
26.55,55.03677946889564,46.68329491752778,23.57792093991725,53.34463730458704,1.0,24.29413816594625,32.141163863959584,40.70531002625227,10.5061,30.791842550929598,7.13380384528485,202.4215
26.6,55.037227409162256,46.71291309594504,23.672040655502546,53.39941021946758,1.0,24.383651672101635,32.12017464084005,40.69028025935274,10.5061,30.750110532962736,6.830281832919931,202.4215
26.650000000000002,55.04131982766391,46.7309189279739,23.798773223027197,53.37593279989752,1.0,24.73527203274914,32.162775437028635,40.71374611404014,10.5061,30.758508252058537,9.755334225292668,202.4215
26.7,55.01791470012899,46.728064091762654,23.892012303058255,53.30798055781685,1.0,25.229975056511915,32.11943224753425,40.68998851796525,10.5061,30.795564753043042,6.191176738093841,202.4215
26.75,55.00417898570614,46.7220293587051,24.233144128199406,53.12740218942167,1.0,25.510536258180156,32.100044783556406,40.66329845319411,10.5061,30.635958566210128,10.26637708458555,202.4215
26.8,54.99296467533793,46.72568596276661,24.492643989985066,53.16533496383185,1.0,25.640006221973255,32.11594464332355,40.66942256491261,10.5061,30.671327630879677,9.687529463546495,202.4215
26.85,54.99587928390323,46.73120130578451,24.419769688018604,53.241609261770115,1.0,25.66975596008968,32.12077024820691,40.66972428707665,10.5061,30.781777004207054,8.36492442425768,202.4215
26.900000000000002,55.00061819284887,46.75459076006805,24.36704273275046,53.2959522701695,1.0,25.71058453983142,32.12773815956197,40.707600994216875,10.5061,30.713916205802015,8.705312819487615,202.4215
26.95,55.00415217382059,46.755361930903824,24.32390164970406,53.411712724401845,1.0,25.808750328002354,32.14894370457821,40.72512197292103,10.5061,30.720570897646862,9.051128427844981,202.4215
27.0,55.00137695025777,46.745055662640254,24.282504390517502,53.37967981005075,1.0,25.827603639323662,32.12170743459132,40.70888658282879,10.5061,30.73187875410299,9.889404607381312,202.4215
27.05,55.00483596753478,46.69984227448135,24.00250022704713,53.466483958214326,1.0,26.03068280572644,32.111532783931274,40.71333259479756,10.5061,30.747547520188803,7.553816164214883,202.4215
27.1,55.018305372113176,46.69013792685096,23.79530626253522,53.493871912491215,1.0,26.096088992618725,32.14132151074452,40.74104329916504,10.5061,30.699578401619902,7.656387650659151,202.4215
27.150000000000002,55.02308744600047,46.67345873659366,23.993304841133778,53.32527108190503,1.0,26.233818024728876,32.14112867641938,40.71824650104853,10.5061,30.659078948826995,6.438271831717108,202.4215
27.2,55.043348883710635,46.64689191274874,24.133662711028915,53.322035943839694,1.0,26.40542095069542,32.12231486441251,40.69069324563444,10.5061,30.77199844029207,8.09157090817431,202.4215
27.25,55.027352547890374,46.6503786027655,24.030837925833985,53.3126659857567,1.0,26.601115927424367,32.13077329540902,40.667034067946474,10.5061,30.61802306066723,9.54045237225631,202.4215
27.3,55.055490167611104,46.664745797640876,23.96257182445953,53.427377725905586,1.0,26.607660172346648,32.147697424137604,40.72430347048983,10.5061,30.656175331303203,8.518539255274748,202.4215
27.35,55.071415581098734,46.64051680012155,23.838404669221067,53.407145071150374,1.0,26.61222666206707,32.152313269495,40.72691277646933,10.5061,30.7123534025354,10.661485651642815,202.4215
27.400000000000002,55.080182400916655,46.6230260419791,23.74447736583019,53.38792111344698,1.0,26.79308876554158,32.13792991311608,40.72528907768421,10.5061,30.660026028068362,9.097365475490054,202.4215
27.45,55.083671653347196,46.61563361588471,23.70988890590686,53.421308720866314,1.0,26.70355161162874,32.1204570417925,40.71455226415642,10.5061,30.684069245167215,9.40448266781482,202.4215
27.5,55.08529167718134,46.616535767032595,23.680445595037764,53.49982864132474,1.0,26.65156503955717,32.13896792213528,40.72273129462486,10.5061,30.751290381483745,7.2756847857429126,202.4215
27.55,55.073851123436896,46.62445006793342,23.721827299033954,53.36219841417093,1.0,26.556600701034625,32.12360021528764,40.68069695757102,10.5061,30.5408947408192,9.437013940654447,202.4215
27.6,55.075213169993354,46.628506935180184,23.754843869486965,53.3721160406397,1.0,26.585672189882207,32.14249064492972,40.68924978137338,10.5061,30.777584087141033,5.967884810103489,202.4215
27.650000000000002,55.085624197965835,46.630424673882786,23.68455695708265,53.39393199991232,1.0,26.48191143560882,32.14982068835045,40.68320478685315,10.5061,30.55759324913717,8.706713224292333,202.4215
27.7,55.09531542508483,46.624100340809036,23.622273199285914,53.425554904218025,1.0,26.58769162604549,32.13129060959057,40.68324967371545,10.5061,30.761199089514324,10.870828893178935,202.4215
27.75,55.10137923643202,46.63621705694826,24.041457801826883,53.27629320950346,1.0,26.51978185588059,32.128749911392795,40.69833533572537,10.5061,30.75383606288848,9.632842005465784,202.4215
27.8,55.084796699966894,46.662617244447055,24.339445326307107,53.21206031330472,1.0,26.556804226798434,32.13288270522068,40.684365922463,10.5061,30.7946961070875,9.847579000363464,202.4215
27.85,55.0700407906896,46.70043227209372,23.785011307179694,53.43855230340931,1.0,26.4057850175828,32.11994115511813,40.677248135036194,10.5061,30.6381093368492,8.210695323326595,202.4215
27.900000000000002,55.060963336665765,46.704441510902285,23.378821967742674,53.54057090784358,1.0,26.288271794332367,32.107323405219994,40.6996586893583,10.5061,30.76150374667892,9.715682639983461,202.4215
27.95,55.05094723730744,46.717824289367876,23.68002926319489,53.27295251064925,1.0,26.26145805018613,32.11235918386285,40.71953816224466,10.5061,30.755204993550265,9.151049785727826,202.4215
28.0,55.015363382221494,46.726906060592796,23.8927725595366,53.222895996674644,1.0,26.339285800732405,32.07705547527325,40.66357104823268,10.5061,30.817649146938283,9.974604159427331,202.4215
28.05,55.03443757042338,46.70548984353383,23.612960899649792,53.35570552128089,1.0,26.286038937963667,32.10960663656768,40.682830526054275,10.5061,30.683956655259834,8.742890625408092,202.4215
28.1,55.03870508249194,46.699783880074555,23.40007924016075,53.36864390522416,1.0,26.24017587588807,32.11302499277454,40.688422202666786,10.5061,30.800204616492728,9.893519020131352,202.4215
28.150000000000002,55.07101834783661,46.68059567067153,23.361497297154113,53.42498327182498,1.0,26.051803343035683,32.10412070739441,40.707705820734766,10.5061,30.769121045206354,8.143497610900399,202.4215
28.2,55.09288658892785,46.65743050156255,23.32893981522351,53.45644196450429,1.0,25.87981047928692,32.11793089913331,40.714789498719355,10.5061,30.82575343823012,8.93338446957484,202.4215
28.25,55.10921993301448,46.6268965692087,23.25910134688491,53.42986943778602,1.0,25.61239640608999,32.11460120583099,40.688271821615054,10.5061,30.611403563256363,9.255530332524247,202.4215
28.3,55.13521146828261,46.57467682674697,23.214629512207352,53.41743639445965,1.0,25.632017103170803,32.10412793693008,40.70876147800966,10.5061,30.798177179356465,7.9608887742399945,202.4215
28.35,55.168554181159976,46.54195471090069,22.928143860510026,53.5605908226867,1.0,25.545780830008084,32.08498685322643,40.69743164405573,10.5061,30.78963449058046,6.967743677139515,202.4215
28.400000000000002,55.18542653507785,46.51328681423265,22.714349598419055,53.56717946755768,1.0,25.61950202242886,32.08575124699676,40.685703650423704,10.5061,30.81287071682873,7.62914945208926,202.4215
28.45,55.208761988885094,46.495150122911035,23.18974072963732,53.33353646580548,1.0,25.493433504158048,32.10765288283491,40.659390641756026,10.5061,30.726826914978325,7.354673838673875,202.4215
28.5,55.21307188570818,46.486428241519,23.541729813274326,53.300339824860636,1.0,25.413623097600734,32.0994604334347,40.65575980223625,10.5061,30.736812025616963,8.145006301846234,202.4215
28.55,55.17928649724641,46.571914614500436,23.377153709612067,53.39979054569719,1.0,25.21214971532022,32.09977644895501,40.664849950263616,10.5061,30.702654125398748,11.570695107510165,202.4215
28.6,55.14963760378613,46.6118095779638,23.26107408721922,53.43452296729698,1.0,25.107512792366727,32.09896278528972,40.688970212693995,10.5061,30.833656146166792,9.815922332588851,202.4215
28.650000000000002,55.1243135799277,46.63444633919092,23.641665916851014,53.28280978461795,1.0,25.031494125655836,32.09767391939345,40.678709230533784,10.5061,30.651526274541215,8.173908348480179,202.4215
28.7,55.10109928773067,46.683119721631826,23.929788421015846,53.28804348813647,1.0,24.8142698745585,32.09162117556593,40.69514987601341,10.5061,30.800812434309016,6.936037131108647,202.4215
28.75,55.096721209574575,46.696463398146335,23.872507195394576,53.37476327461839,1.0,24.846313641279863,32.10437685387061,40.70295544044636,10.5061,30.78605665924534,9.386469820106134,202.4215
28.8,55.12769908228911,46.658165835481356,23.8254810775229,53.33091597594126,1.0,24.81782400162623,32.07995734412864,40.69692744806454,10.5061,30.78411150880708,7.913440263466802,202.4215
28.85,55.16142625660204,46.61120765147762,24.027395034854987,53.3439775908415,1.0,24.810080700178485,32.07155990119971,40.68118558920647,10.5061,30.59957103969664,11.082980134374491,202.4215
28.900000000000002,55.17639475110828,46.57899594375602,24.169780963205614,53.32538780653867,1.0,24.59381921571875,32.08141435396928,40.655447917900574,10.5061,30.83230236662147,10.663725368016541,202.4215
28.95,55.194638471405504,46.56118669752986,23.768361755052915,53.49936202831906,1.0,24.610668592165045,32.11232956242988,40.686353689739505,10.5061,30.7624944484024,9.775777422147357,202.4215
29.0,55.213989281591985,46.562005702313165,23.470787729938138,53.5580099939215,1.0,24.744094286313807,32.124362877967506,40.69578987517806,10.5061,30.86479043735174,6.519305496358112,202.4215
29.05,55.19238926788059,46.58572011293776,23.52836131685198,53.40151920226543,1.0,24.99366885365393,32.121688308958284,40.67806154941017,10.5061,30.731287651032297,5.639163076394234,202.4215
29.1,55.170941557481584,46.6059099134094,23.566085793958084,53.33284455065763,1.0,24.951848067372556,32.11652054589895,40.680433055164336,10.5061,30.73858869837004,6.697667885719177,202.4215
29.150000000000002,55.18287530067157,46.62549488049593,23.386861232891597,53.42621746982614,1.0,24.87787997704262,32.121652313299435,40.688312789416116,10.5061,30.703363220176154,8.842954019930836,202.4215
29.2,55.173969715004034,46.63601967087731,23.25398583800008,53.44244918702936,1.0,24.7378832531832,32.14030071439813,40.693803220281275,10.5061,30.761699934922913,7.351202513579412,202.4215
29.25,55.17179121857647,46.63811359043748,23.444381373997558,53.422965904657104,1.0,24.932369757838575,32.12957725472577,40.692764288631956,10.5061,30.789359400097503,6.636813876117726,202.4215
29.3,55.135339877456246,46.690844700464716,23.580528070311285,53.44417635910834,1.0,25.15964945411807,32.12598406440946,40.695996240290306,10.5061,30.812264331944835,9.079893958115242,202.4215
29.35,55.11093853778297,46.71250137426524,23.691059653011916,53.38806221179273,1.0,25.284596045558953,32.12234963993387,40.70219923690746,10.5061,30.73765967103267,9.292320029693354,202.4215
29.400000000000002,55.08493094641208,46.74709936959462,23.765900381459875,53.35382791134721,1.0,25.3777090282863,32.10756730034544,40.70086401846336,10.5061,30.683905252760546,8.402711803353153,202.4215
29.45,55.052873800521446,46.7549528963307,23.587769160243887,53.52977564856104,1.0,25.543572401484436,32.08520023522075,40.695824123623076,10.5061,30.551021624284278,6.308852879697181,202.4215
29.5,55.05118538094578,46.77186783985723,23.46142002659907,53.60974739320715,1.0,25.759239418722913,32.10157408301776,40.677521869883805,10.5061,30.790842419145037,6.799505129937986,202.4215
29.55,55.06862544372824,46.74483600736418,23.592022198485655,53.38602991333231,1.0,26.13868688720983,32.09732882769459,40.64138922632671,10.5061,30.723271242623316,6.19518109980141,202.4215
29.6,55.075772814051504,46.73592855451507,23.696424249711708,53.37538014911508,1.0,26.537725533493298,32.09832952668182,40.65079142280074,10.5061,30.70609320797745,7.887503815691836,202.4215
29.650000000000002,55.088032453983814,46.72019675380657,23.445533423114124,53.41962670287733,1.0,26.984965085399384,32.10329945137848,40.67133923691157,10.5061,30.709872653705652,7.651708909863637,202.4215
29.7,55.08228210538052,46.72269241058485,23.25821805348187,53.432508315186,1.0,27.310222237056777,32.09068507836765,40.649980442701136,10.5061,30.77606716377886,8.09137103279649,202.4215
29.75,55.09943437601707,46.73538286405911,23.406050836295776,53.45716856693156,1.0,27.537775531507666,32.110523448088216,40.68633381761868,10.5061,30.80486954335166,7.152700610433468,202.4215
29.8,55.12356957386794,46.697299654881284,23.509873496662077,53.5182455694165,1.0,27.73017288865828,32.10036352844173,40.67661747930093,10.5061,30.691559440748996,8.793858072838269,202.4215
29.85,55.133671145267826,46.661084796131306,23.959604524236546,53.31496843305489,1.0,27.71325197404714,32.127450167692636,40.677576682521604,10.5061,30.81664131670978,8.429707005194235,202.4215
29.900000000000002,55.14593890086688,46.649539119412715,24.280205767047217,53.26557580253107,1.0,27.62066914593036,32.091586016709975,40.65853581208755,10.5061,30.7400370886859,9.736907773267587,202.4215
29.95,55.14463238967677,46.66960857482638,24.098272157065335,53.39281924539186,1.0,27.497087008177388,32.100052263585866,40.668991000331204,10.5061,30.851640845968454,11.246983486710636,202.4215
30.0,55.1432571069032,46.68316426235695,23.969305454247962,53.381197837724585,1.0,27.249925425290044,32.07738444668993,40.68244122455688,10.5061,30.675278839144383,9.934744130630355,202.4215
