time,A Feed,D Feed,E Feed,A and C Feed,Recycle Flow,Reactor Feed Rate,Reactor Pressure,Reactor Level,Reactor Temperature,Purge Rate,Product Sep Temp,Product Sep Level,Product Sep Pressure,Product Sep Underflow,Stripper Level,Stripper Pressure,Stripper Underflow,Stripper Temp,Stripper Steam Flow,Compressor Work,Reactor Coolant Temp,Separator Coolant Temp,Component A to Reactor,Component B to Reactor,Component C to Reactor,Component D to Reactor,Component E to Reactor,Component F to Reactor,Component A in Purge,Component B in Purge,Component C in Purge,Component D in Purge,Component E in Purge,Component F in Purge,Component G in Purge,Component H in Purge,Component D in Product,Component E in Product,Component F in Product,Component G in Product,Component H in Product
0.0,0.0,0.0,0.0,0.0,0.0,0.0,0.0,0.0,0.0,0.0,0.0,0.0,0.0,0.0,0.0,0.0,0.0,0.0,0.0,0.0,0.0,0.0,0.0,0.0,0.0,0.0,0.0,0.0,0.0,0.0,0.0,0.0,0.0,0.0,0.0,0.0,0.0,0.0,0.0,0.0,0.0
0.05,0.26608899808275144,3633.597193001072,4474.338749247208,9.182588772196876,31.827664966732087,47.592999218280326,2799.3421933856844,64.61252639335038,122.42062371748342,0.22647008493880064,91.6635183642587,48.72227447473576,2705.8151219841657,25.291814082775055,52.98186417799158,3325.2221270326536,22.754937329093785,66.58847209084624,4.093909966044652,279.43656830314217,101.98515662269956,92.12073770237397,32.199814660419335,14.907823554990681,18.800171335167253,6.026521643830598,16.6857983665812,4.05160258927819,32.71289246688633,21.799533727636934,13.178278794056878,0.8980032289879478,16.15517625971376,5.399005669839365,6.623627439158525,3.2334824137202705,0.010796565634358608,0.5795752179855835,0.18753892253562657,53.80002547633202,43.94117408105573
0.09999999999999883,0.26650988353227895,3674.0542927360757,4450.839210683535,9.139413781451637,32.08429125217601,47.29634754434696,2803.913131599843,65.16905274617744,121.94692949450463,0.284774192400782,91.69430941408187,50.434357086558606,2710.5258039203623,25.345191393586628,51.06109344500473,3330.4693666903004,23.003823134288265,66.560252198401,4.9736427662215945,279.9455766076246,101.56299610741509,92.17434230920733,32.199814660419335,14.907823554990681,18.800171335167253,6.026521643830598,16.6857983665812,4.05160258927819,32.71289246688633,21.799533727636934,13.178278794056878,0.8980032289879478,16.15517625971376,5.399005669839365,6.623627439158525,3.2334824137202705,0.010796565634358608,0.5795752179855835,0.18753892253562657,53.80002547633202,43.94117408105573
0.15,0.26530354055286715,3613.7862627709756,4436.348490427424,9.211212425115043,32.20303120519384,47.28159533316848,2806.5277384252026,64.19983031588531,121.9416514959411,0.3683855158182963,91.48285373518834,50.37507487018225,2712.722257242267,24.98518133050508,49.27048491672936,3333.9580768352744,22.517437966705337,66.50001656357922,4.320575533229389,279.3898033084304,101.657028765731,92.05539027640064,32.241608256418814,15.003819629369172,18.705707163489425,5.9036309136284,16.98945066428661,4.001547533585398,32.76287824447303,21.647672183683515,13.27337658546041,0.8340068946139969,16.05644487230717,5.413225986174924,6.5871268920772925,3.300464721005341,0.010796565634358608,0.5795752179855835,0.18753892253562657,53.80002547633202,43.94117408105573
0.2,0.26641428360670405,3625.104780227129,4424.640751654136,9.181559979218852,32.15404498818206,47.41812613936737,2807.043880888024,64.89105697625875,121.91489038487046,0.44890290855895537,91.4508851292228,49.53648630340158,2713.1083883675997,25.238055973359362,49.03151551416892,3333.18930014247,22.866340051602847,66.42025354588047,3.8479233162669155,279.40689199195947,101.67816474351754,92.38896323147476,32.241608256418814,15.003819629369172,18.705707163489425,5.9036309136284,16.98945066428661,4.001547533585398,32.76287824447303,21.647672183683515,13.27337658546041,0.8340068946139969,16.05644487230717,5.413225986174924,6.5871268920772925,3.300464721005341,0.010796565634358608,0.5795752179855835,0.18753892253562657,53.80002547633202,43.94117408105573
0.25,0.26391924561697555,3633.25322247227,4447.856333731892,9.214327595745885,32.31682312284864,47.34140464794348,2803.9362797177264,65.11113631153958,121.93638919492173,0.5207627311259967,91.35225027306916,48.929447543176714,2709.862174243668,25.08433614657983,48.29031143231672,3330.509633909262,22.85093711041732,66.34939284746919,4.006017946465281,279.1653371366612,101.68436944100152,92.036929692887,32.40702663182129,14.981917160322643,18.79104188561735,5.966814677452197,16.696608470633898,4.067028465744392,32.6659280823491,21.765572028254297,13.67718355189872,0.985803989907739,16.345436183152444,5.299291928248999,6.66229672193626,3.2888942722181294,-0.0021694373365753056,0.5735264890129101,0.18202574606463162,54.35519663077147,43.88083083787402
0.3,0.2640853809214373,3615.681288290326,4401.398486046806,9.299796163033433,32.244980995980576,47.41371910537773,2800.3284767703517,65.42921912845156,121.90645131876452,0.5822629575434847,91.34449164783335,47.282837932016896,2706.999732506684,24.884530005810085,51.05782365487748,3326.1946486097277,22.94201245091019,66.28892414913767,2.7760980403856665,278.5985969607761,101.72260121782287,92.28903482701466,32.40702663182129,14.981917160322643,18.79104188561735,5.966814677452197,16.696608470633898,4.067028465744392,32.6659280823491,21.765572028254297,13.67718355189872,0.985803989907739,16.345436183152444,5.299291928248999,6.66229672193626,3.2888942722181294,-0.0021694373365753056,0.5735264890129101,0.18202574606463162,54.35519663077147,43.88083083787402
0.35000000000000003,0.2657634752869001,3625.234968752758,4440.399129206091,9.176545015436746,32.20739613487238,47.56235047833662,2796.1205563614935,65.16009773223206,121.90038861795601,0.6326134444210382,91.2875430168335,47.336929572621024,2701.657227641582,24.947988866441168,49.76206446895804,3322.1918931739133,22.941245612504282,66.2463626165092,4.617689921561826,278.4879796492827,101.77059937511261,92.07210011223926,31.873065769291408,14.545237023023821,19.030379258274223,6.0546829339158945,17.075999896641374,4.017007473463166,32.78536278010262,21.535035908682172,13.477910627931177,1.0030209864056197,16.356628538838965,5.332803561284306,6.569708035882264,3.227105223381489,-0.0021694373365753056,0.5735264890129101,0.18202574606463162,54.35519663077147,43.88083083787402
0.4,0.26402314031890467,3631.495612132849,4451.28564199541,9.270802796811264,31.879245563794854,47.26145516725704,2791.642576120899,65.4618671325019,121.90286085786921,0.6697479985425658,91.3102494274952,48.252615603354414,2697.583449325083,24.941657550190815,50.27162202020417,3316.514757162524,22.848600534813635,66.18166099771011,5.781073378265584,277.99077875122424,101.81679142829142,91.929027089894,31.873065769291408,14.545237023023821,19.030379258274223,6.0546829339158945,17.075999896641374,4.017007473463166,32.78536278010262,21.535035908682172,13.477910627931177,1.0030209864056197,16.356628538838965,5.332803561284306,6.569708035882264,3.227105223381489,-0.0021694373365753056,0.5735264890129101,0.18202574606463162,54.35519663077147,43.88083083787402
0.45,0.2655807260308246,3631.641886097826,4455.026815320375,9.185892763416138,31.813689589582346,47.32232958109788,2787.286246871631,65.02882472487197,121.89434637260653,0.6978808506829768,91.29404210630788,46.935029427128576,2692.928264360098,24.71622989794923,48.532649385535485,3310.049327478609,22.842366790923176,66.15190457170422,6.444023522437883,277.9620749987863,101.87080027255404,92.36888434410672,32.76042405802858,14.675797594627728,18.990153654699093,6.145614307388466,17.122234300823138,3.9691378489544427,32.69073065322105,21.5778860954888,13.899324712285798,1.157747154874618,16.251936589712265,5.30559825229838,6.562638032549369,3.136664716912441,-0.0021694373365753056,0.5735264890129101,0.18202574606463162,54.35519663077147,43.88083083787402
0.5,0.2703394656836475,3645.8162967649732,4468.714898776875,9.19200415997262,31.97277635404344,47.25499845651413,2782.6115682306204,66.04407485199093,121.90603126765839,0.7158575878708668,91.36178936861715,48.698185095395175,2688.0356137942877,24.75820669562393,47.07307478695329,3305.695072323004,22.78545019158204,66.15911288929753,6.748971521548141,277.37330955998567,101.8798900040589,91.83872877089664,32.76042405802858,14.675797594627728,18.990153654699093,6.145614307388466,17.122234300823138,3.9691378489544427,32.69073065322105,21.5778860954888,13.899324712285798,1.157747154874618,16.251936589712265,5.30559825229838,6.562638032549369,3.136664716912441,0.0119180620451604,0.5912347696650505,0.20178446100701897,54.073175185318775,44.595091031335954
0.55,0.2712404277915453,3621.702318360873,4437.816242735,9.278537643548447,32.134372148052684,47.50699302366711,2777.1322887242636,65.46229501492053,121.90624923490671,0.7229375064664244,91.2900625941939,46.534049128783295,2683.06729708048,24.79131281298523,47.59973541792535,3299.4769744136565,22.997701199452408,66.13995605318893,5.341405973617353,276.89578861309036,101.91615862492505,91.81794801010362,31.846562535826124,14.592576242702178,19.077186062637143,5.981986202190906,16.653179369407958,3.9667686356867584,32.82522386640825,21.392791104114565,14.029329131413602,1.0425640126072624,16.328143305069368,5.24324203142943,6.595786624390119,3.199915894950687,0.0119180620451604,0.5912347696650505,0.20178446100701897,54.073175185318775,44.595091031335954
0.6,0.267976130406669,3627.0061056637624,4406.5974376304775,9.14206550178011,32.06757137476548,47.25406584770456,2772.217761708263,65.2340711826618,121.93483629374944,0.7198711355398624,91.33183984066858,46.20450849029542,2677.764934449184,24.637598501909878,47.71420755434114,3293.1055998475554,22.9762588824609,66.10692798971519,3.331623878169082,276.8100625188989,101.9054039458725,91.9452100542088,31.846562535826124,14.592576242702178,19.077186062637143,5.981986202190906,16.653179369407958,3.9667686356867584,32.82522386640825,21.392791104114565,14.029329131413602,1.0425640126072624,16.328143305069368,5.24324203142943,6.595786624390119,3.199915894950687,0.0119180620451604,0.5912347696650505,0.20178446100701897,54.073175185318775,44.595091031335954
0.65,0.27067593600905687,3620.307200773182,4444.819605903879,9.177918790035099,31.783646141467127,46.81329213455357,2768.6190996496675,64.6760602655933,121.9181227770792,0.711573036573526,91.46384589071111,44.6699135255476,2674.7939915836987,24.78041745232081,47.69444979701531,3288.801763061353,22.896001731765132,66.13994031834561,6.139057507297385,276.19914496914197,101.90985635582689,91.83844511848699,32.06488167954085,14.579866365454748,18.61226384753676,6.0755849015513,17.03466787907711,3.8865870584818674,32.60776738947544,21.131728689903557,13.286287448625739,1.1824033773794103,16.834038217865277,5.1805491464457365,6.632258049621343,3.1919053314981647,0.0119180620451604,0.5912347696650505,0.20178446100701897,54.073175185318775,44.595091031335954
0.7000000000000001,0.272242663842271,3639.5800208339706,4455.366452023235,9.211035529660693,31.77006615536938,46.92864281406615,2765.1601712250576,65.4115073054139,121.92685135342816,0.6957925269430456,91.4136350875603,46.17823853911681,2670.4526456165636,24.61951174686536,48.10986631511766,3284.369585554965,22.66780761806876,66.16003105049866,5.27059733649755,276.07831917744056,101.92508192824299,91.78432267251144,32.06488167954085,14.579866365454748,18.61226384753676,6.0755849015513,17.03466787907711,3.8865870584818674,32.60776738947544,21.131728689903557,13.286287448625739,1.1824033773794103,16.834038217865277,5.1805491464457365,6.632258049621343,3.1919053314981647,0.0119180620451604,0.5912347696650505,0.20178446100701897,54.073175185318775,44.595091031335954
0.75,0.2701545366357214,3661.537080978788,4443.319867487852,9.202777188359711,31.81467782171329,47.260016961954534,2760.8890141308607,65.74901095163952,121.93816089045944,0.6755828196606832,91.45974928515372,45.597523514543745,2667.314856925425,24.81069672282553,45.87213679208363,3281.1023285632073,22.74182235216536,66.1668239086828,4.582534436582048,275.47094067916436,101.9088657792948,91.64334806007024,32.03909076570886,14.424540405011498,19.23737538915351,5.987992653205726,16.85778655375426,3.953595491063973,32.26175027057389,21.049214734185554,13.714507763846248,0.9666121967810956,16.503171864043615,5.2045505854409315,6.630543661324084,3.1669005361251097,-0.0051696289877232685,0.5965830655362864,0.16927455472118944,53.989855000988754,43.16488304936647
0.8,0.26748030921391414,3619.2788347461983,4434.886002335609,9.117497966441798,31.87390135496163,46.84930459498224,2759.279180692127,65.41053470429041,121.94176741896429,0.6504495995175122,91.60409124564893,45.610276893694774,2666.2816796555617,24.659399708375,45.97626889457104,3279.2695332728867,22.715095412299924,66.18241834963169,6.630868419093484,275.40349928910416,101.87820030076732,91.79243157311207,32.03909076570886,14.424540405011498,19.23737538915351,5.987992653205726,16.85778655375426,3.953595491063973,32.26175027057389,21.049214734185554,13.714507763846248,0.9666121967810956,16.503171864043615,5.2045505854409315,6.630543661324084,3.1669005361251097,-0.0051696289877232685,0.5965830655362864,0.16927455472118944,53.989855000988754,43.16488304936647
0.85,0.27069536116849346,3659.269760245831,4409.956161495512,9.301190654368488,31.51234443041283,46.96016010397882,2756.116790942322,65.18269969216233,121.94423059782768,0.6278355605794129,91.58024611443118,45.89587396821514,2663.3884292350576,24.728238687776777,46.67143208203589,3276.58202794367,22.790564860019337,66.20568667051148,6.042747415227397,275.6481893044772,101.8933314687394,91.71632663489288,32.63773760812812,14.507131475972429,18.868737465321356,6.226834915296328,16.82326286289943,3.8475457737103413,32.36243290637895,20.96624827625736,13.675418474669828,0.9203689387772827,17.10640084369537,5.173602535748672,6.615002263451203,3.172695880679465,-0.0051696289877232685,0.5965830655362864,0.16927455472118944,53.989855000988754,43.16488304936647
0.9,0.27300795206541306,3669.0195206161243,4439.797070877872,9.222332827007579,31.81686483024909,46.339506087645276,2752.893109751703,64.22895758339746,121.93524529814633,0.5934513769046686,91.50512685105583,46.59578183209835,2659.8872029771846,24.565430014530698,45.970932431996445,3272.6220532205607,22.729824491024825,66.2228606464741,5.282840224825372,275.4575549942245,101.86961374832973,91.47642802218841,32.63773760812812,14.507131475972429,18.868737465321356,6.226834915296328,16.82326286289943,3.8475457737103413,32.36243290637895,20.96624827625736,13.675418474669828,0.9203689387772827,17.10640084369537,5.173602535748672,6.615002263451203,3.172695880679465,-0.0051696289877232685,0.5965830655362864,0.16927455472118944,53.989855000988754,43.16488304936647
0.9500000000000001,0.27157334873469957,3627.382954042643,4454.247577562617,9.170942641294767,31.368850598098863,46.643448248758126,2752.136022158067,65.89016067383702,121.93721489182617,0.5575045193523707,91.57215150768643,46.02069150244552,2658.622718930345,24.67853405829326,47.66916546259976,3270.61347532414,22.69991459059939,66.21567195490417,4.575276905541328,275.0686732514169,101.84457525995148,91.59811844264745,31.793964617090687,14.257162042887416,19.27888587694186,6.086147228880564,17.075815856968994,3.8357471123724425,32.62111152833732,20.855060080629436,13.97556858145668,0.8218449467577932,16.704769948194695,5.119097762349795,6.75535931224796,3.3372523660030766,-0.0051696289877232685,0.5965830655362864,0.16927455472118944,53.989855000988754,43.16488304936647
1.0,0.2693678657156133,3651.7172597355793,4448.260476952598,9.295887150978864,31.703299263796485,46.98266527882498,2750.1800174207992,64.81093338619759,121.95286704642562,0.5242222688153167,91.53341185704802,45.438304997185284,2657.670131549829,24.874648725414033,44.42467692852161,3268.7201123156556,22.854441938106895,66.2146817267342,4.367484199474304,274.8137816860713,101.81940059545815,91.38499544499119,31.793964617090687,14.257162042887416,19.27888587694186,6.086147228880564,17.075815856968994,3.8357471123724425,32.62111152833732,20.855060080629436,13.97556858145668,0.8218449467577932,16.704769948194695,5.119097762349795,6.75535931224796,3.3372523660030766,0.006357996540661079,0.6044329540449388,0.17215083856560956,54.42601775146183,43.789326676039636
1.05,0.2739138887894586,3622.814234553634,4426.538535306169,9.281687071435085,31.655444313952955,46.6483084089731,2748.913634854876,65.1663815522633,121.93547087635487,0.4890954318691389,91.4868237315011,46.28634727759598,2656.361019255353,24.998248591608494,45.088642420389505,3266.9142985618323,22.75116804160077,66.20395189620271,4.724213359900498,275.1227197011717,101.81494264811506,91.47825629108283,31.733081479675782,14.135235238107771,19.397757991849836,6.212433598300232,17.204900207778703,3.7967060795919596,32.25412973182308,20.635675509525004,14.3018081975752,1.1614669545830483,16.678246981327238,5.1024928081187015,6.649553637569383,3.229181606210071,0.006357996540661079,0.6044329540449388,0.17215083856560956,54.42601775146183,43.789326676039636
1.1,0.27869035699969413,3646.2303036372323,4455.26309951341,9.151850503634694,31.760845238800446,46.885992778537464,2748.863081144478,65.92446077764843,121.93113496563613,0.4529889990401923,91.50405767507937,45.193105444037904,2656.182825501457,24.56431370954561,46.38838226988977,3266.854244415706,22.81956200402461,66.18585437964751,6.520018766354693,274.8825398785792,101.76045169565336,91.48035802251137,31.733081479675782,14.135235238107771,19.397757991849836,6.212433598300232,17.204900207778703,3.7967060795919596,32.25412973182308,20.635675509525004,14.3018081975752,1.1614669545830483,16.678246981327238,5.1024928081187015,6.649553637569383,3.229181606210071,0.006357996540661079,0.6044329540449388,0.17215083856560956,54.42601775146183,43.789326676039636
1.1500000000000001,0.28202574912594913,3633.3524828726677,4435.952385158076,9.243735425103637,31.885662778431012,47.070349983207926,2748.831486778471,64.60140533530128,121.95095281865262,0.4197537375869475,91.49062752779521,45.52756395512745,2656.2440196319526,24.67880269645114,41.6162629942495,3267.3269924474275,22.845899415234523,66.16613451559938,5.591818413810441,275.2340858196291,101.74792014004748,91.31577575500829,32.14104886904721,14.024821348812974,19.199049950999132,6.208303116355178,17.00225102969306,3.767888766973369,32.32497085190123,20.617953800264086,13.738153160734154,1.0245455888008654,16.52709165319053,5.04002982731336,6.686567962838919,3.2809632595411857,0.006357996540661079,0.6044329540449388,0.17215083856560956,54.42601775146183,43.789326676039636
1.2,0.28511142535057127,3647.944435745256,4441.330280064439,9.128593466511285,31.64154780405558,47.018742673021336,2749.616996822264,64.47307279087492,121.94830928874673,0.3869010312057706,91.44840776059299,43.861938051319264,2656.493236027038,24.55826872341494,42.89498923950699,3267.973744368355,22.855121201707398,66.14187529849694,5.506135730404549,275.1930360707273,101.73533981763121,91.2719440405669,32.14104886904721,14.024821348812974,19.199049950999132,6.208303116355178,17.00225102969306,3.767888766973369,32.32497085190123,20.617953800264086,13.738153160734154,1.0245455888008654,16.52709165319053,5.04002982731336,6.686567962838919,3.2809632595411857,0.006357996540661079,0.6044329540449388,0.17215083856560956,54.42601775146183,43.789326676039636
1.25,0.28561294007932575,3647.177135849208,4440.383959696393,9.18435248957225,32.094359969501646,46.539218171476094,2749.7569142257553,65.29084773153396,121.93492864919929,0.35799107310636175,91.38673780872192,46.28510820148187,2657.5933898808285,24.660091607537403,41.25173998709337,3268.43502681574,22.77783074751738,66.10119914999832,6.54550975693615,275.7118146743823,101.67132541591523,91.28791391441706,31.834128408754083,13.936494778799883,19.381303426565722,6.165726028120794,17.296911134252543,3.7722288520667173,32.54135031254416,20.43258831366465,14.128863484304283,1.0209491818612775,16.87082842244698,5.034109295167967,6.743827006529259,3.202430512527113,0.0018190478657453737,0.6114189904585378,0.1718309631692784,53.84533261011893,43.463008024568694
1.3,0.28544315076305476,3634.823136493118,4480.9616773123025,9.13252780417195,31.703250157423913,46.93803823492942,2749.8569009367216,64.92464708460679,121.94841366661578,0.32707606538276907,91.27190308043666,43.215206452033456,2657.894554775776,24.77956617061481,41.2228651399908,3268.494068882118,22.622941403562532,66.0707702746527,6.277606605162511,274.9776168125046,101.679926416584,90.96077238760002,31.834128408754083,13.936494778799883,19.381303426565722,6.165726028120794,17.296911134252543,3.7722288520667173,32.54135031254416,20.43258831366465,14.128863484304283,1.0209491818612775,16.87082842244698,5.034109295167967,6.743827006529259,3.202430512527113,0.0018190478657453737,0.6114189904585378,0.1718309631692784,53.84533261011893,43.463008024568694
1.35,0.2881894849753501,3680.741921673508,4484.558196321644,9.165877617356758,31.60704826422196,46.61957019911626,2750.5901589667687,66.06827534877343,121.94610741249214,0.3014295751822217,91.23809744816302,44.16854843560427,2658.3585433924254,24.78231784059609,43.16633102631564,3269.602885408263,22.779300797218784,66.01931320676833,4.3136613772493,275.1103227612997,101.64557165079083,91.14612718492897,32.20027894092084,13.770009930981507,19.40339952375004,6.14685891260737,17.389149460040827,3.774943903114682,32.01014164895673,20.06938101574474,14.039087681199655,0.9876596832754733,16.99229638037299,4.998371671195671,6.742008321803981,3.239524030581603,0.0018190478657453737,0.6114189904585378,0.1718309631692784,53.84533261011893,43.463008024568694
1.4000000000000001,0.28916428851974846,3638.8152001437684,4433.382028488209,9.201377663787753,31.931481232579227,47.071192137341484,2752.911986798455,64.68631455517651,121.9430266427335,0.2801375705786874,91.2262731206547,44.53718522179528,2660.2258369789565,24.659194640191163,43.04803122550671,3272.5976955538267,22.735021075414107,65.96853920197532,4.38223742029611,275.1117579987321,101.6047774478824,90.94559938527027,32.20027894092084,13.770009930981507,19.40339952375004,6.14685891260737,17.389149460040827,3.774943903114682,32.01014164895673,20.06938101574474,14.039087681199655,0.9876596832754733,16.99229638037299,4.998371671195671,6.742008321803981,3.239524030581603,0.0018190478657453737,0.6114189904585378,0.1718309631692784,53.84533261011893,43.463008024568694
1.45,0.28973113359787184,3624.7500312808957,4444.170568115162,9.20409998663489,31.672348207255716,46.781131250366485,2752.4695107781563,65.05841503947232,121.9149658709569,0.25875106092956984,90.99195355018922,46.20718729152865,2659.935778755418,24.694271569126826,42.73439093000467,3272.20097865806,22.851771150898465,65.90918040570293,4.4347606044395596,275.427509017529,101.60305915473137,90.77170273367356,31.850668246816838,13.739329900800122,19.325438134755043,6.287893298883744,17.237619733173567,3.7287475781630994,32.61237456475717,20.25961237676329,13.969669372312811,0.9818738788566008,17.25824249628595,4.900455575450961,6.710537592608873,3.256716262420282,0.0018190478657453737,0.6114189904585378,0.1718309631692784,53.84533261011893,43.463008024568694
1.5,0.2918369799219687,3638.7201418179943,4459.367319187776,9.22736146514103,32.09655048101348,47.056075754906786,2755.0306862808475,64.32833691462001,121.93878048554814,0.2350029681581673,91.06344452347155,46.31908147914391,2662.798932660867,24.70997338140516,41.18365181142519,3274.352363531262,22.840788570292112,65.81009321025681,7.056752095251052,275.66418435127844,101.58385699526632,91.06485267103861,31.850668246816838,13.739329900800122,19.325438134755043,6.287893298883744,17.237619733173567,3.7287475781630994,32.61237456475717,20.25961237676329,13.969669372312811,0.9818738788566008,17.25824249628595,4.900455575450961,6.710537592608873,3.256716262420282,0.02518067426433873,0.5922561607492187,0.1594849644261358,53.80089053161135,43.363498442655214
1.55,0.29287407269224114,3633.2674149778554,4484.85155884636,9.267638663773047,31.81923224440225,46.7541912993323,2756.130143027334,65.82264459544791,121.93742853019184,0.2214804324662367,90.98178583686627,46.948729552077154,2663.4696161354623,24.586800062355923,40.20739493137806,3275.93508955428,22.66373398749945,65.77776625275557,6.29138898947589,275.43608700067443,101.56065273709368,90.79131488106674,32.03673043072619,13.855328000065596,19.079102707595403,6.168584130703392,17.425088407766584,3.675746182071609,32.307723666209604,20.25482596989665,14.184127650975894,0.9969242396678804,17.117930835751086,4.929013606073291,6.666234677311918,3.2416062084195434,0.02518067426433873,0.5922561607492187,0.1594849644261358,53.80089053161135,43.363498442655214
1.6,0.2950564950695601,3641.666062020816,4452.250063277135,9.169785862637008,32.0899969400393,47.17580262463965,2757.1806535786545,65.82495793170833,121.93749165000071,0.21204902478117363,90.84634500963088,45.77371487024311,2664.769800012324,24.849625573304895,39.12184077838964,3277.2312988255853,22.812346019984545,65.73498048183976,5.6809266155891684,275.78248466640974,101.55065807975708,90.79409091245883,32.03673043072619,13.855328000065596,19.079102707595403,6.168584130703392,17.425088407766584,3.675746182071609,32.307723666209604,20.25482596989665,14.184127650975894,0.9969242396678804,17.117930835751086,4.929013606073291,6.666234677311918,3.2416062084195434,0.02518067426433873,0.5922561607492187,0.1594849644261358,53.80089053161135,43.363498442655214
1.6500000000000001,0.2911059078097571,3651.8787507265356,4424.612265974134,9.289969051089011,31.988248179144207,46.95639548308626,2759.0216029959834,65.51279721342001,121.94621517077707,0.19519273775726015,90.87413416200317,45.92425303384697,2666.629183170056,24.50212703980321,40.105151156388395,3279.271189447964,22.763598285826546,65.66999939546604,5.472326356741319,275.8570755115368,101.53250443904464,90.89152968672707,32.04354320906491,13.789955580713658,19.22132053421496,6.063899524700372,17.067476841146934,3.6720225396681703,32.49170061721063,20.16547726128845,13.715365265824005,0.9037635566263755,16.828575473379228,4.932849481534223,6.627366191012104,3.17072998691159,0.02518067426433873,0.5922561607492187,0.1594849644261358,53.80089053161135,43.363498442655214
1.7,0.2937951475746486,3662.7282218693595,4461.464020274805,9.233725821779,31.93885381139157,46.41948390007394,2759.431951244091,65.71966260463847,121.93037100656473,0.18745127356705923,90.70194976245638,44.74672858702788,2666.86939814409,24.616532062790267,39.40536064928918,3280.416138651658,22.76045096545151,65.623344666753,4.554045553252498,275.80577111171624,101.53256461998762,90.33610113537299,32.04354320906491,13.789955580713658,19.22132053421496,6.063899524700372,17.067476841146934,3.6720225396681703,32.49170061721063,20.16547726128845,13.715365265824005,0.9037635566263755,16.828575473379228,4.932849481534223,6.627366191012104,3.17072998691159,0.02518067426433873,0.5922561607492187,0.1594849644261358,53.80089053161135,43.363498442655214
1.75,0.29369454482181173,3671.127745986005,4430.12634064093,9.218071031008666,32.019904896151445,46.54689626785695,2760.5162490476164,66.11612076622924,121.91690096707026,0.17848051426202372,90.60600010699058,46.01200411433215,2667.8319642785204,24.85072187380583,39.71858189240261,3280.608510996588,22.56988577177393,65.53020990858865,3.5329780801542725,276.33745085206345,101.51902069383893,90.70397849916475,31.950720127988,13.845298628355867,19.942148288980192,6.1542725074723945,17.796024028495527,3.6967440754944256,32.46212769278715,20.264086970080434,14.346529506818587,0.9499480975567431,16.988689723806413,4.874898593118053,6.642287738127402,3.1217539544315813,-0.0011281062205508799,0.6226478423203363,0.15652353812620262,53.65100599496382,42.79396679786357
1.8,0.2912859393274631,3675.7182770280115,4468.95226224418,9.141521791704978,31.996721626886117,46.7034657380994,2762.516391472455,66.6137506915181,121.92743540147893,0.17499787753447948,90.57211233752878,46.30331869572497,2669.1775515436643,24.628675702627433,41.25334317154309,3282.225605912413,22.76223562374402,65.49297458827512,3.4794001902839398,276.4872502381707,101.50094074832342,90.48737488080155,31.950720127988,13.845298628355867,19.942148288980192,6.1542725074723945,17.796024028495527,3.6967440754944256,32.46212769278715,20.264086970080434,14.346529506818587,0.9499480975567431,16.988689723806413,4.874898593118053,6.642287738127402,3.1217539544315813,-0.0011281062205508799,0.6226478423203363,0.15652353812620262,53.65100599496382,42.79396679786357
1.85,0.29894556851710835,3653.5184326693293,4418.679037655374,9.269531145066304,32.14129782412949,46.90742764720289,2762.822834764406,65.94966982026433,121.93474581677123,0.16690887400179188,90.53635643239757,46.68604862900677,2669.2947842200956,24.933198100330078,38.07343188680527,3282.7348276880157,22.774296250799033,65.4220368204962,5.299943793112548,276.65850763339495,101.48820523850033,90.57080783175257,32.366217822734384,13.88450696660237,19.342990882999405,6.092538890477936,17.7176925725028,3.6473846751351604,33.19275189266022,20.17930740495144,14.599625440962454,1.1084006612019344,17.52877967202595,4.9046744938743725,6.498395058260148,3.0662456180207873,-0.0011281062205508799,0.6226478423203363,0.15652353812620262,53.65100599496382,42.79396679786357
1.9000000000000001,0.3032096767836409,3642.71544538541,4486.599605184477,9.082409452323695,31.75397554866828,47.17372447581476,2762.4286098675248,65.66772652886729,121.90912592505333,0.166009613144983,90.37202987384501,47.97617540206254,2669.5249048846667,24.895541146317946,37.99308449978006,3283.5260717717606,22.601874428500253,65.37765713141964,4.399238923086269,276.518115702257,101.52762079054038,90.28700693236011,32.366217822734384,13.88450696660237,19.342990882999405,6.092538890477936,17.7176925725028,3.6473846751351604,33.19275189266022,20.17930740495144,14.599625440962454,1.1084006612019344,17.52877967202595,4.9046744938743725,6.498395058260148,3.0662456180207873,-0.0011281062205508799,0.6226478423203363,0.15652353812620262,53.65100599496382,42.79396679786357
1.95,0.30020161536173356,3677.17451157858,4430.860396766386,9.161111103615147,31.834918765544707,47.02416091018308,2763.652493395085,65.26140685323148,121.94363558902148,0.16540828632798424,90.40099587018754,46.47351580605236,2671.2848089202525,24.679725400520997,37.62947945766933,3284.2745496455964,22.626326971212535,65.30569064525628,6.425336623918454,276.9327923725218,101.51978771583703,90.62995373817432,32.08602373346155,13.700219061222903,19.76468678990956,6.254218805318623,17.86440537207969,3.642026121512966,32.59979803843276,20.142152861250313,14.448542084987292,0.9446176836827528,16.949945158462587,4.903062531853572,6.530598418193069,3.0482493041757825,-0.0011281062205508799,0.6226478423203363,0.15652353812620262,53.65100599496382,42.79396679786357
2.0,0.300042889770808,3628.080282219926,4453.3198172592265,9.21889197623441,32.257746255265,47.29858976473581,2764.267298274847,66.4736437668755,121.94175632893332,0.16206293761523644,90.28086510173131,46.89985417711178,2671.320118578188,24.726790588148695,38.2621210870137,3285.404448640884,22.680864529435183,65.26714066960733,2.3428214940578176,277.3442372497555,101.49002140722973,90.43570559775227,32.08602373346155,13.700219061222903,19.76468678990956,6.254218805318623,17.86440537207969,3.642026121512966,32.59979803843276,20.142152861250313,14.448542084987292,0.9446176836827528,16.949945158462587,4.903062531853572,6.530598418193069,3.0482493041757825,0.007048226243892587,0.6283499128905522,0.17537620390132364,54.58972199188138,43.750623823306206
2.05,0.3031701956505585,3649.5485118279307,4463.72945561403,9.177408727849695,31.81992906746913,47.30539998618413,2765.1306518282495,66.13244042457866,121.9179594965282,0.15962443810646107,90.25657369733361,49.262296196499605,2671.7552023316775,24.96782571958644,39.57414159310341,3286.0537299085354,22.779495759213983,65.24137800132888,4.273979934547388,277.09978900829077,101.48597526297299,90.23503305633324,32.01359016845618,13.818356631339272,19.646425275530262,6.158787549396276,17.944008700962677,3.662923428588739,32.8878401875521,20.09806498743919,14.069849711733703,1.044703844002291,17.224283398509968,4.830450243584291,6.449359905271785,3.014460560881249,0.007048226243892587,0.6283499128905522,0.17537620390132364,54.58972199188138,43.750623823306206
2.1,0.3077495469595317,3643.1708651211775,4480.596309112817,9.180518576880994,31.867407486846325,46.94385298055704,2765.905285083454,65.83354128562881,121.90779817892304,0.1609306006197632,90.22085963639506,49.229628191526984,2672.950359813521,24.97298968127701,40.186045674438,3287.321843609392,22.646598467304003,65.18034589909114,6.116091581807911,277.6433642618432,101.5103221766215,90.58211030613087,32.01359016845618,13.818356631339272,19.646425275530262,6.158787549396276,17.944008700962677,3.662923428588739,32.8878401875521,20.09806498743919,14.069849711733703,1.044703844002291,17.224283398509968,4.830450243584291,6.449359905271785,3.014460560881249,0.007048226243892587,0.6283499128905522,0.17537620390132364,54.58972199188138,43.750623823306206
2.15,0.30869962323554384,3647.488055626349,4491.857267688737,9.295156934898687,31.873973261555545,47.36415911178106,2766.4407322471106,65.9175732295069,121.92850017334621,0.1580695802834661,90.17676869172978,48.56030377387093,2672.9669099566167,24.918562491168032,38.98289185388297,3287.932388640824,22.774714746597297,65.17344119968247,5.775233180701445,277.48739190773995,101.48534379437649,90.31552198081219,32.22799779058347,14.016313974897626,19.434007771919138,6.289634325582291,17.594120701386892,3.6238369347999244,32.5055036152572,20.230194991334372,14.109418365445878,1.0102483996498348,17.30096271619091,4.857362576265493,6.53811272801478,3.0671277288481438,0.007048226243892587,0.6283499128905522,0.17537620390132364,54.58972199188138,43.750623823306206
2.2,0.3087919400488812,3662.2958870552193,4456.964491998279,9.205299671173666,32.006361318110336,47.24525450039734,2767.0940216671484,65.83189692427833,121.92427562547063,0.1626704164056668,90.10665074284626,47.45402183503468,2673.460847083043,24.915042071680407,38.312639240286586,3288.6325561301396,22.610082880149587,65.14393634682057,5.930253534884152,277.49304809474745,101.51057663668735,90.29552528867796,32.22799779058347,14.016313974897626,19.434007771919138,6.289634325582291,17.594120701386892,3.6238369347999244,32.5055036152572,20.230194991334372,14.109418365445878,1.0102483996498348,17.30096271619091,4.857362576265493,6.53811272801478,3.0671277288481438,0.007048226243892587,0.6283499128905522,0.17537620390132364,54.58972199188138,43.750623823306206
2.25,0.3107484136496715,3677.1352400139967,4498.213490219935,9.166494753794575,31.840264034590277,47.09372219963603,2768.038987633348,66.38886403323623,121.93100611563386,0.16205963574170432,90.14290041709701,49.56076680390344,2674.5290084064077,24.97492638132288,37.17264336070865,3289.3897775705427,22.643596390723236,65.10563259483824,4.499913503581324,277.3803303549406,101.49273781097548,90.61239510251798,32.50814914538086,13.7951766834462,19.188143371942672,6.167664361341118,17.612932995043618,3.643102053517581,33.26882873856834,20.12022326856067,14.016505768661586,0.9000293932829879,17.080706763872723,4.85402836828642,6.467626192383177,3.073475880144912,0.007191363317548021,0.6275356918296581,0.16917081457212688,53.53439194749855,43.52380808858972
2.3000000000000003,0.3112193290278152,3649.086996077131,4425.612605663784,9.18471700119955,31.97828433498085,47.498005134771574,2768.625358411333,66.17171091575395,121.91573958440677,0.1694347262440476,90.0807745995051,48.0401699508909,2675.1807616401757,24.887382376894557,36.666421569276885,3290.1454788811347,22.47052018903058,65.11522615628024,5.500417077709473,277.7317243387499,101.49854159853328,90.33264084608626,32.50814914538086,13.7951766834462,19.188143371942672,6.167664361341118,17.612932995043618,3.643102053517581,33.26882873856834,20.12022326856067,14.016505768661586,0.9000293932829879,17.080706763872723,4.85402836828642,6.467626192383177,3.073475880144912,0.007191363317548021,0.6275356918296581,0.16917081457212688,53.53439194749855,43.52380808858972
2.35,0.30727799557554875,3655.7262199245356,4428.443054761354,9.1861073042021,32.25841275386526,47.560620769928846,2768.11957537531,66.61401866637519,121.94817224027192,0.16876733830598717,90.00848216271967,48.23137025439418,2674.741673125528,25.061179956946365,37.788485155805056,3289.4783735962696,22.777435607750306,65.07360846984969,4.446077223760456,277.5445861859992,101.49360921487289,90.36601757660199,32.15231962245401,13.779782237033894,19.72238735875867,6.006864875145637,17.42639590949282,3.6033279331004926,33.27478256497273,20.095207072397564,14.03296045055887,0.9435966846074727,17.257307788819816,4.852608072020839,6.487573783585097,3.0492343382242937,0.007191363317548021,0.6275356918296581,0.16917081457212688,53.53439194749855,43.52380808858972
2.4,0.3051360902047768,3654.337735995487,4456.238984901501,9.223233685279384,32.06162119000184,47.553748144340496,2768.3653764960122,65.28348813012161,121.92259282927523,0.1721113889073296,89.9537472414439,48.04882658133792,2675.6702355388366,25.077969285106402,37.97740380435307,3289.923255893596,22.77092944124411,65.01842403852602,3.3656220817441422,277.9601115912858,101.51214846082365,90.26316834766035,32.15231962245401,13.779782237033894,19.72238735875867,6.006864875145637,17.42639590949282,3.6033279331004926,33.27478256497273,20.095207072397564,14.03296045055887,0.9435966846074727,17.257307788819816,4.852608072020839,6.487573783585097,3.0492343382242937,0.007191363317548021,0.6275356918296581,0.16917081457212688,53.53439194749855,43.52380808858972
2.45,0.3106692626760102,3662.8602063523235,4459.423895988609,9.198435065675872,32.06394846101001,47.466586361612784,2768.0799021742264,67.0201533114996,121.92681921500737,0.17457949081539947,89.92460968633675,49.49773558216394,2674.928862450395,25.10449122187862,37.54603147890368,3289.8591298851416,22.67571879927202,65.01225796756633,5.032154968864763,277.83737504383544,101.47179519220016,90.18637090682789,32.08250910487031,13.795842449625846,19.221196830099423,5.987163918290478,17.7482359993394,3.6148472713111497,33.401609359501364,20.39839929369274,13.729682174280452,1.1062792802562853,17.44465482714884,4.810460949223375,6.440800490990009,3.083554435006171,0.007191363317548021,0.6275356918296581,0.16917081457212688,53.53439194749855,43.52380808858972
2.5,0.3114073330511813,3640.7820339388336,4534.233003692942,9.149205684902308,32.1645310033927,47.31523046861089,2768.82006590235,66.59852428196683,121.92555456659024,0.1785663739983916,90.00720315262517,49.561188428742774,2675.0590384786374,25.17919421531343,39.836278092085735,3290.229292410922,22.671572406746357,65.02372383415741,3.841225665221443,277.70545174471516,101.47108686642392,90.44894071773624,32.08250910487031,13.795842449625846,19.221196830099423,5.987163918290478,17.7482359993394,3.6148472713111497,33.401609359501364,20.39839929369274,13.729682174280452,1.1062792802562853,17.44465482714884,4.810460949223375,6.440800490990009,3.083554435006171,0.019197478708418866,0.6511703826888223,0.17268580500093644,54.59127376386051,43.91423457559746
2.5500000000000003,0.3112505508531981,3694.402509094466,4476.125526691676,9.219936834124036,32.28538598065458,47.48271734244663,2768.416108124038,65.46930278282683,121.92585398842029,0.1803870020024351,89.91988972155463,50.242217150894675,2674.2745864102285,25.312764605607356,38.00620386563993,3289.9222316902997,22.850191522536818,65.01658078450696,5.1931141183167595,278.16146126334337,101.47927179330728,90.16922578806853,32.32488567710953,13.809430653131479,19.36666770530388,6.001350015925375,18.03766910429922,3.641393684923414,32.93862478680317,20.30012746566784,13.505104041774532,1.0247614337784545,17.574831192218543,4.839520950458326,6.3463293163594345,3.0924592683503,0.019197478708418866,0.6511703826888223,0.17268580500093644,54.59127376386051,43.91423457559746
2.6,0.30940756060567925,3671.6552671906948,4476.725723873244,9.162720408402071,32.09491028889617,47.411297782749884,2768.7066155071616,65.48346671450439,121.94050591713149,0.18169935711389676,89.94280514050838,49.50010317653447,2674.79651419785,25.162977303738288,36.52382084616448,3290.460570660204,22.55382651892514,65.00991454654279,5.243705490501674,278.1809409685126,101.48370579131397,90.27812363286229,32.32488567710953,13.809430653131479,19.36666770530388,6.001350015925375,18.03766910429922,3.641393684923414,32.93862478680317,20.30012746566784,13.505104041774532,1.0247614337784545,17.574831192218543,4.839520950458326,6.3463293163594345,3.0924592683503,0.019197478708418866,0.6511703826888223,0.17268580500093644,54.59127376386051,43.91423457559746
2.65,0.307509553709512,3680.2261112634405,4457.596934004848,9.243634817266663,32.335559047648466,47.49046673881486,2767.947949918529,66.26948967326679,121.9268127918708,0.18311502497036372,89.90510604955696,49.68405241571775,2674.8138035381708,25.270690651660846,37.41896923954059,3289.456678641318,22.658650683750498,64.99998145682008,3.587983433119718,278.5099031850396,101.47056652479534,90.42002305068179,32.68372461519907,13.690561301479347,19.40157152134466,6.181911002210142,17.527891949566296,3.624866901364109,32.793307389915405,20.327395831968012,14.001763420017609,1.0608656543930588,17.30300540472823,4.829767334719163,6.362856553126743,3.0348818227115184,0.019197478708418866,0.6511703826888223,0.17268580500093644,54.59127376386051,43.91423457559746
2.7,0.31047121731805966,3702.187449029074,4479.496677346951,9.087733359566442,31.971546558826248,47.31569469391434,2768.3681481265367,66.0290018337169,121.93393740322381,0.18815163479481528,89.92427680965893,51.178470112591064,2674.7882610257216,25.130429994066777,37.41489436571469,3289.6171422062257,22.640087889800494,65.0100117558739,4.79480109604384,278.3279227955858,101.4662988694949,90.21915811613634,32.68372461519907,13.690561301479347,19.40157152134466,6.181911002210142,17.527891949566296,3.624866901364109,32.793307389915405,20.327395831968012,14.001763420017609,1.0608656543930588,17.30300540472823,4.829767334719163,6.362856553126743,3.0348818227115184,0.019197478708418866,0.6511703826888223,0.17268580500093644,54.59127376386051,43.91423457559746
2.75,0.3103033909647473,3657.989795677154,4463.639578578784,9.244613235459775,32.3086937737193,47.554729250566794,2768.621685111717,66.26593935022954,121.92071889166249,0.18575687472115304,89.9294893188861,53.31385237168015,2674.2389985464993,25.169841563807726,38.32167615122259,3290.151506990883,22.6084918922695,65.02911438113829,5.4930447965202625,278.49017610756476,101.49779413458536,90.3905483836624,32.6450373106906,13.744396334980433,19.264321700345405,6.18124619726707,17.537774784089084,3.675813636065045,32.708276004668946,20.355730958239214,14.116376079352536,1.0917807978382585,17.11691834462202,4.82947715754669,6.401262192110353,3.044311424645107,0.012865661089332264,0.6491128317962314,0.18203062924329158,54.19412996887969,44.60426503703646
2.8000000000000003,0.3095633110208701,3652.7969468124547,4544.738410074399,9.282851351934795,31.941676370594212,47.53912929435787,2768.088771897396,65.84304779412305,121.93449272062523,0.19168802868450452,89.85859667336716,50.23091062880024,2674.032263606866,25.573879636340006,37.9556263155535,3289.4209038887216,22.8860977984963,65.02333656621325,4.131932372273073,278.150260028666,101.49473128032105,90.25358342148023,32.6450373106906,13.744396334980433,19.264321700345405,6.18124619726707,17.537774784089084,3.675813636065045,32.708276004668946,20.355730958239214,14.116376079352536,1.0917807978382585,17.11691834462202,4.82947715754669,6.401262192110353,3.044311424645107,0.012865661089332264,0.6491128317962314,0.18203062924329158,54.19412996887969,44.60426503703646
2.85,0.30946329766432773,3653.0016469426637,4505.843748436238,9.249242921501041,32.08660174557354,47.75579133386034,2768.920921624681,65.74282201119338,121.92265131303107,0.18973045930493823,89.98252512221677,52.34466524611098,2675.0981263181966,25.27258668582064,40.14347716306631,3290.511484577863,22.567121887785337,65.04665017650956,5.0276169002592255,278.6230770908793,101.48193261323212,90.61845748704644,32.743040073753996,13.810342433108813,20.069627379749896,6.139603074836974,17.791983591021015,3.606447060134489,33.24981914256535,20.373318552442704,13.923684819488747,1.1438837532695674,17.591770769303647,4.823642854997995,6.291388728346825,3.0205432665162326,0.012865661089332264,0.6491128317962314,0.18203062924329158,54.19412996887969,44.60426503703646
2.9,0.3063996796782366,3662.119971507514,4448.5952763512505,9.182099904239086,32.28568987940464,47.772381481773394,2767.613705416417,65.17590797233731,121.91621529576531,0.18996814624605698,89.86363504762554,50.748207266329665,2674.226213194689,25.27153349017469,37.70684233353324,3288.1512214118475,22.721269206272535,65.06024259478318,5.403844547823307,278.3121453792309,101.48807866434902,90.17160991406641,32.743040073753996,13.810342433108813,20.069627379749896,6.139603074836974,17.791983591021015,3.606447060134489,33.24981914256535,20.373318552442704,13.923684819488747,1.1438837532695674,17.591770769303647,4.823642854997995,6.291388728346825,3.0205432665162326,0.012865661089332264,0.6491128317962314,0.18203062924329158,54.19412996887969,44.60426503703646
2.95,0.3103295895724956,3664.578949968036,4494.661211524336,9.14827384111971,31.96246055475867,47.50775483587477,2767.514796039486,65.62418560947776,121.92685394387752,0.19097271647452385,89.92723806214047,52.191902277224685,2673.9273725073,25.255521214826594,40.48846320795548,3288.211272199173,22.378092878585925,65.06125202760077,5.619141713582341,278.5389307704381,101.49512732932789,90.53686067097172,32.69673105448993,13.742555775482087,18.99164868563522,6.180083764342869,17.039830093049588,3.6319012214931665,33.232463625086304,20.346815687958983,13.714795530745834,1.1286571790195277,17.273916365168212,4.757605526966067,6.4252614696690875,3.089861310914606,0.012865661089332264,0.6491128317962314,0.18203062924329158,54.19412996887969,44.60426503703646
3.0,0.31410579622932033,3659.5546144868063,4489.581147633178,9.179604325102087,31.946203026402575,46.9851056120482,2766.778267456183,66.12054237418182,121.92000952017892,0.19015809608219397,89.97746101539003,53.22667690849216,2672.632586683285,25.415400124826323,40.65404420975492,3287.756473763838,22.536630721442222,65.10825895236111,5.075106401414894,278.5959478522355,101.46854998919873,90.25947871869377,32.69673105448993,13.742555775482087,18.99164868563522,6.180083764342869,17.039830093049588,3.6319012214931665,33.232463625086304,20.346815687958983,13.714795530745834,1.1286571790195277,17.273916365168212,4.757605526966067,6.4252614696690875,3.089861310914606,0.015567285775141668,0.6656567205760855,0.1642809962086474,54.210353892031186,43.98853326950204
3.0500000000000003,0.3103520712863455,3676.0297822762936,4482.277439938462,9.267320883265166,32.27329038654839,47.275686792265645,2766.4576889982695,65.01706794906491,121.93580402630678,0.19029569735525176,90.0159496229432,51.57586349638803,2673.437670292598,25.459288287187363,38.286484471439294,3287.4121578879012,22.63108479467925,65.11258843967329,4.472040321017141,278.34086238783186,101.48457204294314,90.54238296454496,32.55992774306208,14.073208201222434,19.66969274677134,6.205302453169136,17.236866184724356,3.6382648286247923,33.495750444208475,20.419169695109787,13.366930714003558,1.12787982114726,17.057427850694502,4.817236278051896,6.361803818436045,2.966737201923146,0.015567285775141668,0.6656567205760855,0.1642809962086474,54.210353892031186,43.98853326950204
3.1,0.30852833423722736,3642.5425728462624,4468.345312842169,9.131466130829729,32.04235934602225,47.771476757031785,2767.687318014432,65.25116348811724,121.94802712086381,0.1840681684633411,90.11826923528751,50.932031660258374,2673.736683298288,25.204165210665057,40.54100466248045,3288.7358368727587,22.665049269581253,65.13972892455094,4.113844206188259,278.51677256251253,101.46381108759918,90.46007848103203,32.55992774306208,14.073208201222434,19.66969274677134,6.205302453169136,17.236866184724356,3.6382648286247923,33.495750444208475,20.419169695109787,13.366930714003558,1.12787982114726,17.057427850694502,4.817236278051896,6.361803818436045,2.966737201923146,0.015567285775141668,0.6656567205760855,0.1642809962086474,54.210353892031186,43.98853326950204
3.15,0.30948314815060796,3666.7473034184445,4490.704069492725,9.225407831461437,31.800557456098147,47.42548030272062,2766.361686471671,65.17880438607703,121.93855759065265,0.18265867996716992,90.01283334264329,51.25781544077688,2672.7999951397082,25.55120642214102,39.95225887625597,3288.157936487894,22.638946958610713,65.18809885442013,4.940496336252929,278.2705255697976,101.46573143758144,90.36084398447676,32.47101107876981,14.11758624281681,18.771566112529182,6.243152676394363,18.116902057810638,3.610555685906615,33.26751446579741,20.45465744905872,13.635227437151014,0.9416317793309794,17.261921610812763,4.848274270894379,6.282663248989893,3.026351638542958,0.015567285775141668,0.6656567205760855,0.1642809962086474,54.210353892031186,43.98853326950204
3.2,0.311721116540818,3688.244721292565,4467.2776832585205,9.16643805135452,31.89527069886041,47.08228225681152,2766.070145796457,66.10702647792743,121.91799453571885,0.18310226333821095,90.00875962857307,52.63763394529606,2672.4471770203254,25.4975232787587,40.32010333022899,3286.6836249779312,22.727368048627042,65.16258671095743,4.96904943035075,278.4087333242424,101.49750682227959,90.51558776408972,32.47101107876981,14.11758624281681,18.771566112529182,6.243152676394363,18.116902057810638,3.610555685906615,33.26751446579741,20.45465744905872,13.635227437151014,0.9416317793309794,17.261921610812763,4.848274270894379,6.282663248989893,3.026351638542958,0.015567285775141668,0.6656567205760855,0.1642809962086474,54.210353892031186,43.98853326950204
3.25,0.3087392223090279,3684.116771971805,4482.422783919794,9.151053710981786,32.17405894329496,47.5580049973779,2767.16815240556,65.50275360172498,121.94454125666425,0.17712922838562306,90.01782450095213,53.28986896615622,2673.3978874059667,25.43573449535546,42.536043380480905,3287.379388859509,22.77450318154716,65.1733616391123,4.843028893494509,278.2971805643208,101.46448519135083,90.44504735400237,32.396881426684345,13.937323266370647,19.18136065874646,6.070664506589076,17.624458188945447,3.636486551180354,33.41036657270298,20.57115214187939,13.847156000542332,1.1735771867550135,17.426141840139582,4.793820896599723,6.322682392698911,3.0984767981809385,0.00273422988379916,0.6692338173018877,0.1729835660920625,54.04435684382605,43.4327766568425
3.3000000000000003,0.30559513407454597,3644.3096962106706,4460.247939646033,9.300903765205234,32.22187002125051,47.74575676442713,2766.218509742432,65.30210276446113,121.92680317857611,0.1733418385538586,89.9934912440654,51.546131001940786,2672.7644948710754,25.24920199250586,40.460590969424345,3288.0528554679404,22.68226087131607,65.17010918219299,3.4432934148618406,278.23731298613,101.45617982440982,90.44329686944255,32.396881426684345,13.937323266370647,19.18136065874646,6.070664506589076,17.624458188945447,3.636486551180354,33.41036657270298,20.57115214187939,13.847156000542332,1.1735771867550135,17.426141840139582,4.793820896599723,6.322682392698911,3.0984767981809385,0.00273422988379916,0.6692338173018877,0.1729835660920625,54.04435684382605,43.4327766568425
3.35,0.30775943320974963,3683.3561591672924,4475.035604376086,9.2629297168345,32.323461874296086,47.468128687253966,2766.976880489032,65.3388055341068,121.93150327785757,0.17310586023868452,90.00611667489652,51.30938110095995,2672.981042464989,25.553483376594365,41.97046511833686,3288.0600651046843,22.651298466909513,65.15727737811908,5.389518899725073,278.5071805176117,101.47034907037055,90.38244019378276,33.04317706668831,13.847032503430711,18.958010732334028,6.1554839813404145,17.1414352794027,3.625603973954059,33.217954259802504,20.465185380746668,13.312118259986049,1.0868874689326424,17.023905710424994,4.843952401664111,6.397323924207033,3.1275793967859595,0.00273422988379916,0.6692338173018877,0.1729835660920625,54.04435684382605,43.4327766568425
3.4,0.3075739338840476,3637.8680985592605,4490.172343234121,9.21101245361974,32.072871428750496,47.23427457156423,2767.61810062489,65.22977182564614,121.91641990567851,0.17327561358832885,90.02770336556479,52.714586037137884,2673.1403727996703,25.23875673269948,42.461757931411455,3287.994245854513,22.698895427065256,65.15515769883824,3.7843519421736893,278.99061780564335,101.46299605040977,90.54712335899848,33.04317706668831,13.847032503430711,18.958010732334028,6.1554839813404145,17.1414352794027,3.625603973954059,33.217954259802504,20.465185380746668,13.312118259986049,1.0868874689326424,17.023905710424994,4.843952401664111,6.397323924207033,3.1275793967859595,0.00273422988379916,0.6692338173018877,0.1729835660920625,54.04435684382605,43.4327766568425
3.45,0.3073497886451633,3671.784046870528,4482.521507421863,9.264817202764295,32.080928726712585,47.07375572305114,2767.5150304974995,64.87565184120372,121.93108672696486,0.17234988655140865,90.1333161401678,52.98845831633478,2673.6407226124256,25.290390638759465,43.791930203610676,3288.863003431466,22.683577829041244,65.18161496313228,6.583289826476652,279.1120356652908,101.43902173889582,90.58206390295815,32.54273047268755,13.892487143710644,18.759151266824684,6.10913613316968,17.217777789559328,3.609023237939255,33.79922593557848,20.361144296383788,13.12947594216987,0.9642958299804429,17.290969026968824,4.758057861918823,6.294037824612621,3.1250367348318173,0.00273422988379916,0.6692338173018877,0.1729835660920625,54.04435684382605,43.4327766568425
3.5,0.3012001762979844,3605.7963474867074,4500.182641830437,9.18403875385723,32.27990471905644,47.330301775446195,2767.0749994447283,65.54722917960596,121.93116000185947,0.17204515411148705,90.0444703502182,51.09675900277291,2672.7764177760027,25.53640106997937,40.881373077271775,3287.925187372443,22.724913361974913,65.1931745131436,7.020367503899765,278.7304542475258,101.44171715638362,90.26823083904097,32.54273047268755,13.892487143710644,18.759151266824684,6.10913613316968,17.217777789559328,3.609023237939255,33.79922593557848,20.361144296383788,13.12947594216987,0.9642958299804429,17.290969026968824,4.758057861918823,6.294037824612621,3.1250367348318173,0.011333589217610296,0.6647239442616589,0.18897483974951162,54.44641366916764,43.77376458902382
3.5500000000000003,0.30068966324656426,3651.632464812904,4457.513197363767,9.293954121074227,32.18535109086417,47.359283088162044,2766.380601928486,65.34937283836798,121.92054658024124,0.17081039248546448,89.99268193224714,53.429563550175175,2672.687664075557,25.28154153215054,44.91252797102639,3287.8377233560122,22.697829063300386,65.1937777395665,5.025469472411185,278.89282846325017,101.45450077832002,90.47141259998736,32.88446432680862,13.931187819145126,19.238642819409137,6.078086249258983,17.962518384318955,3.611175112008846,34.030272544694434,20.45776135629672,13.519367979415298,0.948077539367758,17.179738277686248,4.79120403394734,6.3255496298660585,3.100949737569338,0.011333589217610296,0.6647239442616589,0.18897483974951162,54.44641366916764,43.77376458902382
3.6,0.30124542698665197,3663.5615898806977,4504.280553318143,9.200593621975433,32.24262887036586,47.66809088469571,2766.93348324694,63.91977123348974,121.92544164777642,0.16471547338213569,89.98916701376378,52.72448640309872,2673.017572150149,25.42616669980851,43.98393322151191,3287.7004440723067,22.69171798810386,65.17909502405593,3.4531273536417566,279.0078044897671,101.4550977240355,90.37272365470352,32.88446432680862,13.931187819145126,19.238642819409137,6.078086249258983,17.962518384318955,3.611175112008846,34.030272544694434,20.45776135629672,13.519367979415298,0.948077539367758,17.179738277686248,4.79120403394734,6.3255496298660585,3.100949737569338,0.011333589217610296,0.6647239442616589,0.18897483974951162,54.44641366916764,43.77376458902382
3.65,0.299092995751215,3652.050033997876,4512.048922762934,9.211396027618314,32.1887063658995,47.45257251263536,2768.2980456525947,64.42697776711626,121.92443311490061,0.16766472283602732,90.18834028165759,51.688239527593126,2674.1179396262805,25.36078477826037,44.50069760624691,3290.278166127868,22.731680000629233,65.21256253328927,4.810938179200019,279.0100738199084,101.44205940911753,90.69734391516408,32.94796592472597,13.961250041189434,19.11913881468492,5.971176943088418,17.781632531566828,3.6525366925562595,33.62140117861725,20.686135441597347,13.230007712060518,1.0743711088213679,17.544965339725277,4.799529501671185,6.35570568727409,3.052204135919749,0.011333589217610296,0.6647239442616589,0.18897483974951162,54.44641366916764,43.77376458902382
3.7,0.3014200099568674,3660.879880978267,4527.317040996805,9.216283522507673,32.34277555771558,47.44118280783658,2766.39152631745,65.0372238637185,121.92449307256496,0.16949059368423366,89.99103511734252,50.92409992148166,2672.587632135734,25.634591503498644,44.73110995533332,3287.738472773809,22.536587598849355,65.21626311371172,6.076192931522311,279.0610662183473,101.46358930360944,90.2399113462833,32.94796592472597,13.961250041189434,19.11913881468492,5.971176943088418,17.781632531566828,3.6525366925562595,33.62140117861725,20.686135441597347,13.230007712060518,1.0743711088213679,17.544965339725277,4.799529501671185,6.35570568727409,3.052204135919749,0.011333589217610296,0.6647239442616589,0.18897483974951162,54.44641366916764,43.77376458902382
3.75,0.29887998017212897,3639.5038573920992,4493.552115799452,9.232232322867013,32.389394645001616,47.254322624126125,2766.859642017337,65.7250587646626,121.91336666905399,0.16876349323534817,90.04566561758497,51.77801808366701,2673.866607395282,25.282498991850435,43.78222556193866,3287.8739958321507,22.861926389475805,65.2004584717803,5.268388503399663,278.9864761681467,101.49026261833312,90.69986597374597,32.754768695666165,13.983604419569348,19.162819686861866,6.138333987721824,17.30220366852114,3.604452160690586,33.97540213629201,20.633071740209704,13.534178327184046,0.8844375418777058,17.438125283393237,4.820586574418685,6.3927386108654725,3.0453247289207384,0.0038880460820077106,0.6589943555362768,0.18736778902559012,53.22400991544717,43.618165094588214
3.8000000000000003,0.30171887534342906,3677.477659089333,4502.339379502481,9.203275058685147,32.6289932755934,47.24013976622221,2767.1180938581088,64.61184073746975,121.93323447210288,0.16609157754236317,90.12816354583309,52.949772100161034,2674.097807186436,25.608131425800842,45.160330197556156,3288.847683481007,22.729659557473074,65.25130499429163,3.840713452394974,279.16596500020086,101.45451942199914,90.37690012245537,32.754768695666165,13.983604419569348,19.162819686861866,6.138333987721824,17.30220366852114,3.604452160690586,33.97540213629201,20.633071740209704,13.534178327184046,0.8844375418777058,17.438125283393237,4.820586574418685,6.3927386108654725,3.0453247289207384,0.0038880460820077106,0.6589943555362768,0.18736778902559012,53.22400991544717,43.618165094588214
3.85,0.30251859424224126,3676.9637333746837,4474.670184092681,9.256927138595229,32.153551628888785,47.440511228041245,2767.0322062535897,65.41660173517468,121.9200203329901,0.1613668569032258,90.06332380094302,51.958179045467354,2673.0606105108254,25.414360346297975,44.80208142457925,3287.925961267306,22.71301284510327,65.2492554970494,4.893946655786949,278.84904196775744,101.44387152875863,90.40529195287311,33.15468569803667,14.0137545237357,18.71868854002237,5.9879506477879865,17.567048974931758,3.6405016177166756,33.74567264766391,20.74314535045279,12.802969405392236,1.1568945991011106,17.273686157242384,4.868074470018736,6.3612908614056405,3.1558480768600194,0.0038880460820077106,0.6589943555362768,0.18736778902559012,53.22400991544717,43.618165094588214
3.9,0.3013872233660979,3652.077538112687,4462.282035107282,9.136274135324356,32.204259997593056,47.144037159817856,2766.4542043247857,66.07994940135956,121.9193274024551,0.1646031582392919,90.06317418066777,52.09119540494544,2672.746228225297,25.603277554117483,43.85112532500018,3287.968926643857,22.63286757107166,65.24205784688262,3.441092836401616,278.8834015217638,101.43750073975738,90.47851438420128,33.15468569803667,14.0137545237357,18.71868854002237,5.9879506477879865,17.567048974931758,3.6405016177166756,33.74567264766391,20.74314535045279,12.802969405392236,1.1568945991011106,17.273686157242384,4.868074470018736,6.3612908614056405,3.1558480768600194,0.0038880460820077106,0.6589943555362768,0.18736778902559012,53.22400991544717,43.618165094588214
3.95,0.2961416609236468,3707.3694425326476,4505.112846097365,9.175500457252028,32.18521764783389,47.77273806787389,2765.902680098321,64.59425218569238,121.9166788357453,0.15875120243473326,90.00599761602768,53.418522445491746,2672.225297390275,25.285888785189627,45.46910821352861,3287.4551187274005,22.63616680961283,65.22857400857352,5.455372948872772,279.0758419498068,101.4567248642736,90.18930069955799,32.75462528876166,13.973663868171037,18.261104012193893,6.165880478131765,17.698025207769785,3.648795307025031,33.77878296841531,20.79730269029943,12.59331292263288,1.0347237670425968,16.577274233229016,4.852787688552195,6.435036470210125,3.062001639198594,0.0038880460820077106,0.6589943555362768,0.18736778902559012,53.22400991544717,43.618165094588214
4.0,0.29217495107192737,3702.404956643518,4426.004255849565,9.20594670795819,32.22895752283257,47.66453370192656,2766.2756409161902,65.20407042679956,121.94500892266433,0.15533980888299753,90.06085829358628,52.296234593701065,2672.700522008472,25.540705255644767,46.45240201079716,3287.5486937101446,22.84736078310303,65.19919205870572,5.82268211417805,278.93255379091505,101.43873625323181,90.50729126708306,32.75462528876166,13.973663868171037,18.261104012193893,6.165880478131765,17.698025207769785,3.648795307025031,33.77878296841531,20.79730269029943,12.59331292263288,1.0347237670425968,16.577274233229016,4.852787688552195,6.435036470210125,3.062001639198594,0.013941126181889259,0.6692142879400714,0.17106617518652814,53.60295536250133,43.8879576873681
4.05,0.28830177146207564,3680.424967530197,4465.211035600925,9.268328303925411,31.92105366410909,47.620015199672416,2767.2887621671935,64.65392297481691,121.94125435633121,0.15411420276398727,90.19351017278335,52.041860184005536,2673.8889200406634,25.591155869447597,45.23076824019333,3288.6540118290663,22.879284476562383,65.2198149228936,5.4296649549775235,278.9797306627722,101.41995596489045,90.55230194296921,32.81327135104324,14.049871622438213,18.616863286384202,6.043101037228506,17.65557132266933,3.661961642920052,33.83317915456979,20.67655835394398,13.190515458749736,1.0778001988753803,17.45464015458524,4.845082398678997,6.372917898292821,3.0951400597300394,0.013941126181889259,0.6692142879400714,0.17106617518652814,53.60295536250133,43.8879576873681
4.1,0.2860196187887402,3672.940835964677,4471.491730601955,9.268610282195084,32.28976567770247,47.58806575339594,2768.232993141443,65.3204919703971,121.94907719502105,0.1555306362239258,90.16280491623479,53.261510441823106,2673.9043271057662,25.51732320974111,47.445937744791244,3289.638457756705,22.819953195341,65.24552152398988,6.852834894085548,279.29887687287555,101.4070885345345,90.3310466846193,32.81327135104324,14.049871622438213,18.616863286384202,6.043101037228506,17.65557132266933,3.661961642920052,33.83317915456979,20.67655835394398,13.190515458749736,1.0778001988753803,17.45464015458524,4.845082398678997,6.372917898292821,3.0951400597300394,0.013941126181889259,0.6692142879400714,0.17106617518652814,53.60295536250133,43.8879576873681
4.15,0.28439992151728527,3657.984303971576,4508.775129685392,9.191272071308292,32.04343771132409,47.623579987110126,2767.68952006097,64.613932816366,121.93058729349109,0.15176443758362573,90.07718675491253,53.10718560438851,2674.0407578639765,25.622880848801678,46.551386500423696,3288.6848325007213,22.685716488598302,65.20875298456187,4.699882522972148,279.08096458275446,101.43100406201219,90.65300580112917,32.83982841084088,14.011065400667652,18.950007270691952,5.952380919131188,17.458408556769374,3.618670437002208,33.476497588178205,20.686389042419787,12.677546025718517,0.8507494434245707,17.16764887469363,4.822746354670045,6.321177778302017,3.094752709518881,0.013941126181889259,0.6692142879400714,0.17106617518652814,53.60295536250133,43.8879576873681
4.2,0.2860624251045283,3662.340396170061,4478.282858045281,9.359081353969769,32.05892272446089,47.552406439161715,2767.86054302332,65.25727511847579,121.93955983548277,0.15549149022668748,90.13989413007653,51.960899402192204,2674.7823394957445,25.64759451180405,47.383861041076926,3289.1715787675817,22.8327653728225,65.23216895320775,3.8741284365541526,279.2013916827147,101.428590017218,90.48381816744404,32.83982841084088,14.011065400667652,18.950007270691952,5.952380919131188,17.458408556769374,3.618670437002208,33.476497588178205,20.686389042419787,12.677546025718517,0.8507494434245707,17.16764887469363,4.822746354670045,6.321177778302017,3.094752709518881,0.013941126181889259,0.6692142879400714,0.17106617518652814,53.60295536250133,43.8879576873681
4.25,0.2866982106762747,3675.352960870651,4475.624035829731,9.213662104146362,31.993670382160282,47.582488333344564,2767.2282498617533,64.52293527345049,121.93579622365128,0.15203321650894608,90.08098436300568,52.51011232647901,2673.091374033651,25.61802348788216,46.47246436286454,3289.2378810993564,22.70353806609743,65.21040380210503,8.448910830575123,278.93378082179953,101.42513941264768,90.43286320981933,33.212301931160496,14.17861669486488,18.406319353127344,5.970807615292553,17.923842345144823,3.618106760069172,34.00376650348827,20.680555986039003,13.075403263327775,1.0660067922026824,17.18269476729419,4.813669840483452,6.433033536812089,3.0047033558968064,-0.01043441225175753,0.6639457418680018,0.1863095699223445,53.8717010554189,43.774709867081775
4.3,0.2867262286175085,3654.943957101161,4438.930584696651,9.15943133067811,32.258867858989255,47.58146631182725,2767.390820523896,64.67565435651173,121.93278192448797,0.15452036273920106,90.09774995199433,52.746473550679355,2674.003780594926,25.495120540593543,48.98278996177634,3288.6114329274155,22.77187487954561,65.2274424644848,4.509775627050755,278.9905979794398,101.4629869699022,90.5200382215252,33.212301931160496,14.17861669486488,18.406319353127344,5.970807615292553,17.923842345144823,3.618106760069172,34.00376650348827,20.680555986039003,13.075403263327775,1.0660067922026824,17.18269476729419,4.813669840483452,6.433033536812089,3.0047033558968064,-0.01043441225175753,0.6639457418680018,0.1863095699223445,53.8717010554189,43.774709867081775
4.3500000000000005,0.28097744305428207,3681.6932121450172,4482.650606678095,9.170103078617034,31.8837456928071,47.69669899211198,2767.018536850289,65.47832958144215,121.92564060706056,0.15451647031213211,90.0559550772338,54.393290696019,2673.7449629668918,25.54034508615827,49.39174767711767,3288.212279408849,22.99553498871048,65.21365650730579,3.7562415815572807,279.2852605772662,101.45772402055442,90.55011392819921,33.17286095280999,14.150167489567828,18.20094217447379,6.2330550018877195,17.503776958021184,3.644752801972156,34.01253404025749,20.721566142066745,12.709121868593513,1.109641879872519,17.230737642172176,4.841824050990498,6.294384878978164,3.2200515937510983,-0.01043441225175753,0.6639457418680018,0.1863095699223445,53.8717010554189,43.774709867081775
4.4,0.2806072908819121,3693.8703736850925,4480.383243191762,9.255026609674276,32.21389445611749,47.79051648625345,2768.267539095653,65.71087566026196,121.9235417653437,0.15501809180756815,90.17030976793784,53.137310902934054,2674.0174409382344,25.667197750907654,50.46234030646826,3289.4901257964693,22.686851336111687,65.2172544829962,4.875921555210254,278.9221674469572,101.42794821957898,90.69610566805603,33.17286095280999,14.150167489567828,18.20094217447379,6.2330550018877195,17.503776958021184,3.644752801972156,34.01253404025749,20.721566142066745,12.709121868593513,1.109641879872519,17.230737642172176,4.841824050990498,6.294384878978164,3.2200515937510983,-0.01043441225175753,0.6639457418680018,0.1863095699223445,53.8717010554189,43.774709867081775
4.45,0.27442216890423876,3679.0431018605123,4478.80098412523,9.220001072770701,32.43028419222951,47.30531189260665,2767.877155684571,65.26588743389048,121.92616222765984,0.1549051411378546,90.12984509746083,52.41856873528258,2674.712895285308,25.437440143587207,49.14420649109238,3289.8475941300126,23.003434933643444,65.22343045155897,6.420864498218316,278.7599490116918,101.45656200833858,90.48387254348164,32.74572235698195,14.044931860981329,18.315569208757793,6.055885116000894,17.260636409875882,3.6188459853805117,33.721314738682864,20.788096339138434,13.00377597233108,1.0959825300166435,17.534776720156565,4.873429179489644,6.269347416982134,3.0209139486869923,-0.01043441225175753,0.6639457418680018,0.1863095699223445,53.8717010554189,43.774709867081775
4.5,0.2730712514286794,3670.7097779871347,4444.800632870862,9.224468752382752,32.25099222806226,47.534417819259765,2768.4209738725813,64.84509763400384,121.92337239239666,0.1549453227860566,90.1133828635211,52.73760568791795,2674.609896279625,25.684546479046894,48.3153594631908,3289.523281334611,22.667887650998182,65.2073635757543,5.457825324306473,279.44257913358206,101.44513055265956,90.64592365150911,32.74572235698195,14.044931860981329,18.315569208757793,6.055885116000894,17.260636409875882,3.6188459853805117,33.721314738682864,20.788096339138434,13.00377597233108,1.0959825300166435,17.534776720156565,4.873429179489644,6.269347416982134,3.0209139486869923,0.019974562250914932,0.6914043534534007,0.19185281979267682,54.243355358851574,43.011819175952674
4.55,0.27099151209301786,3673.6051404329696,4464.2715976427635,9.089898394769904,32.220737883360975,47.502704381448126,2768.083640748374,64.89119423389747,121.92055813945214,0.15619182113607327,90.09780283318906,54.128184126204154,2674.353929775965,25.506865608070658,48.11801838882365,3289.5940332650835,22.671596578496956,65.23965099350436,5.2044068017430964,278.8247527486552,101.46503028642478,90.33213298029344,32.52774148903416,14.257154922250674,18.23719851725491,5.96309890822435,17.575841039997115,3.6308631171987247,33.304941348462854,20.743130058567342,12.597809480560256,1.0068369389291612,17.703830547711004,4.826660630967055,6.3882335221837465,3.083064877556916,0.019974562250914932,0.6914043534534007,0.19185281979267682,54.243355358851574,43.011819175952674
4.6000000000000005,0.269222820520264,3621.9470315621925,4478.666527348972,9.209142066562183,32.0669768277751,47.68021067394627,2768.6832661242715,65.09269794776348,121.92878415497857,0.15783620578915514,90.06546062814931,53.339330623300675,2674.20657346585,25.528222353640725,49.06511339312042,3289.535359809324,22.726955621640116,65.21559521314155,8.271441041949746,279.5485950224344,101.45681167353638,90.60244322711448,32.52774148903416,14.257154922250674,18.23719851725491,5.96309890822435,17.575841039997115,3.6308631171987247,33.304941348462854,20.743130058567342,12.597809480560256,1.0068369389291612,17.703830547711004,4.826660630967055,6.3882335221837465,3.083064877556916,0.019974562250914932,0.6914043534534007,0.19185281979267682,54.243355358851574,43.011819175952674
4.65,0.2700043799838608,3647.850465248681,4460.852024311875,9.160163467691763,32.31318570224547,47.45737411724726,2770.295834751888,64.92074015525672,121.95281232330379,0.16193204867924096,90.25854303355621,51.709102428013914,2676.5175442643094,25.60157519958931,49.94331809549211,3291.6845795899094,22.949630399895447,65.22506981441416,4.5774051214461045,278.89935183399786,101.45157016135182,90.55835467913745,33.129115618539494,14.200354320930836,18.158299402061715,6.293793604202129,17.668509063552335,3.6332506975776027,33.69022961631018,20.66786219768744,12.87279423773596,0.9446617801402916,17.73611116554782,4.831397208536076,6.472667585729393,3.031898931072691,0.019974562250914932,0.6914043534534007,0.19185281979267682,54.243355358851574,43.011819175952674
4.7,0.2696397896662368,3665.978418268849,4505.214925549263,9.299748151392878,32.301556922524455,47.13550844722612,2770.038118028832,65.04070207570867,121.9320183700259,0.1665887740411688,90.15721573223429,53.10007712064466,2675.85872932816,25.531622854026924,49.71351467332923,3291.233835090442,22.80128888146961,65.2287226523075,4.6335667286890265,279.24987791181417,101.45073644990674,90.40257003213857,33.129115618539494,14.200354320930836,18.158299402061715,6.293793604202129,17.668509063552335,3.6332506975776027,33.69022961631018,20.66786219768744,12.87279423773596,0.9446617801402916,17.73611116554782,4.831397208536076,6.472667585729393,3.031898931072691,0.019974562250914932,0.6914043534534007,0.19185281979267682,54.243355358851574,43.011819175952674
4.75,0.26700500601235605,3654.756526077831,4487.975849869809,9.233483019521737,32.545732110254356,47.54920369011069,2769.262887166127,64.9434724063294,121.92320126767657,0.16898731715859408,90.07046627466532,51.27697937085456,2675.832629166302,25.83654217709093,51.01825670329963,3290.8349266610066,22.71937187278389,65.19036487643199,5.349743463515176,279.2225935776624,101.46314142696276,90.5688372601182,32.90955066606877,13.992891204713262,18.30989120575487,6.034252751845033,17.901030153947982,3.654706488844951,33.95181482534713,20.764776357313924,12.828760081194114,1.1319390438387864,17.721224881773345,4.867301417811459,6.347550099877739,3.10269331771592,0.03348285406398541,0.6792164939042955,0.19254671484172872,54.055476392145955,44.12474664680448
4.8,0.26426715196134937,3640.215202124043,4476.1975497571675,9.275455396765413,31.828176525638263,47.635677593809795,2770.4215599720956,65.50102801737157,121.93437699323145,0.17115757178341584,90.19144543511145,53.41167292486309,2677.1112557044166,25.584995957953304,48.96957133862941,3292.1601825352745,22.620106570945754,65.1998015677667,2.8258470117165357,279.3773148798648,101.48486128254622,90.5345331230731,32.90955066606877,13.992891204713262,18.30989120575487,6.034252751845033,17.901030153947982,3.654706488844951,33.95181482534713,20.764776357313924,12.828760081194114,1.1319390438387864,17.721224881773345,4.867301417811459,6.347550099877739,3.10269331771592,0.03348285406398541,0.6792164939042955,0.19254671484172872,54.055476392145955,44.12474664680448
4.8500000000000005,0.2624131141684797,3650.293632957751,4475.013288065318,9.196722813314052,32.44656306196432,47.25712383891532,2769.4508559890896,64.57218887566967,121.90811900539465,0.17614156515265567,90.12309711437467,52.21990978059396,2675.963416483987,25.346058345245186,49.93603818743007,3291.643616239726,22.879357154812354,65.19676066099665,3.2357416197847924,278.96797266022423,101.49413579114383,90.49324909969287,33.13908979288453,14.355984821959321,18.666468719798736,6.036064839064562,17.776157531300335,3.7268198992981736,33.85971644004826,20.71477838059194,12.496592583706054,0.9514619164827319,17.52143772912736,4.914001784506828,6.353650975846501,3.098510658412319,0.03348285406398541,0.6792164939042955,0.19254671484172872,54.055476392145955,44.12474664680448
4.9,0.2626063081438627,3676.1221892551057,4476.086462195469,9.251055761452347,32.493642351386086,47.86486939776759,2770.5340769985305,64.70950074302195,121.91164163866382,0.1837410764535953,90.18171340461251,52.839238778802944,2676.8437050026478,25.6372057320145,51.84637677529356,3291.389051549808,22.68337150948747,65.19286246576115,5.782078103717632,279.1546894582811,101.48552760374973,90.73793215616769,33.13908979288453,14.355984821959321,18.666468719798736,6.036064839064562,17.776157531300335,3.7268198992981736,33.85971644004826,20.71477838059194,12.496592583706054,0.9514619164827319,17.52143772912736,4.914001784506828,6.353650975846501,3.098510658412319,0.03348285406398541,0.6792164939042955,0.19254671484172872,54.055476392145955,44.12474664680448
4.95,0.26131574327135165,3670.03927155993,4450.159860566407,9.233044029960984,31.85399164285811,47.53525044198306,2769.729784885604,65.00166962251693,121.93239897123799,0.1857511724188574,90.1747233877084,52.21021416490742,2675.7058195007758,25.625794069887917,52.512755751844075,3290.8484798119525,22.67355119850552,65.21553369935677,5.046939249608611,279.1372652036483,101.50522787461745,90.52206557909439,33.18220426219141,14.230010246442548,17.950862704887847,5.992256241302713,17.53889138029236,3.6466522714481613,33.44067080007043,21.00880417734165,13.067804496475027,1.0830018948972482,17.438169121150885,4.845482438171696,6.320661406082172,3.0806893985976767,0.03348285406398541,0.6792164939042955,0.19254671484172872,54.055476392145955,44.12474664680448
5.0,0.26228664349269704,3681.363743920278,4470.213167357894,9.225134412695464,32.661033134856964,47.21541124858111,2769.5592171586354,64.07482624224747,121.92193451534392,0.18749723228133608,90.23169687058903,51.69845521610046,2676.2192465017188,25.367641824147743,53.64631706759078,3290.5286706277802,22.783580474031208,65.2363747744176,6.3044503059762365,279.4597574340562,101.50371771342334,90.79034643882444,33.18220426219141,14.230010246442548,17.950862704887847,5.992256241302713,17.53889138029236,3.6466522714481613,33.44067080007043,21.00880417734165,13.067804496475027,1.0830018948972482,17.438169121150885,4.845482438171696,6.320661406082172,3.0806893985976767,0.017842823395837426,0.6706735132768766,0.16810316729716984,53.79286473934715,44.49119791881008
5.05,0.2582141320161361,3636.992514278509,4468.604748565016,9.2415975946452,31.968879075438906,47.17836044478455,2768.1726578967437,65.79767399259167,121.9144537745205,0.18822739149991638,90.11396474702023,52.12896248194755,2674.8166323414025,25.463791445735552,52.66462768679019,3289.42689146825,22.795291734075708,65.2365888315074,2.456578767974576,278.738424509808,101.51291340200596,90.51464070129401,33.31425915204498,14.366311154036639,17.75501005546012,6.051818593679633,17.887549784995418,3.696494707284728,33.258619041438386,20.873828191593933,12.407787720821402,0.9296783872813948,17.109820832682367,4.91630069131825,6.3549249335531615,3.0732842776971996,0.017842823395837426,0.6706735132768766,0.16810316729716984,53.79286473934715,44.49119791881008
5.1000000000000005,0.2511225646111127,3670.716305436668,4469.122274808933,9.256912482445594,32.04487071517279,47.222785145533045,2768.7290989441435,64.20827729180216,121.93537039458717,0.1887453567166087,90.17522692808113,50.1300484286887,2675.263981635835,25.475961003473074,52.95215032938673,3290.622415475937,22.960982852584753,65.21266610501502,4.719012108254793,278.6040991535681,101.47883452294653,90.58993893676785,33.31425915204498,14.366311154036639,17.75501005546012,6.051818593679633,17.887549784995418,3.696494707284728,33.258619041438386,20.873828191593933,12.407787720821402,0.9296783872813948,17.109820832682367,4.91630069131825,6.3549249335531615,3.0732842776971996,0.017842823395837426,0.6706735132768766,0.16810316729716984,53.79286473934715,44.49119791881008
5.15,0.24550758878231918,3663.223459450207,4464.440350002737,9.182189858744009,31.7823412976553,47.508947382121434,2769.1900160895507,65.69607703518214,121.90987293378652,0.19277686930762908,90.1694462043969,52.79316779148158,2675.6226064555676,25.51059528857587,53.193521438459385,3290.440793776312,22.68944906299672,65.19128314068642,2.8907135160075272,278.5153311757384,101.49797739013758,90.51556655686379,32.85948623098402,14.230854950731304,18.07952334408017,6.059111641513821,17.648589310281455,3.6957302062397823,33.40067457980086,20.9638969588577,12.527983546682448,0.9385680754218232,17.72395837052564,4.891569719570117,6.27165610789019,3.0958534594853195,0.017842823395837426,0.6706735132768766,0.16810316729716984,53.79286473934715,44.49119791881008
5.2,0.24086643961372647,3671.451435914537,4485.418194197122,9.232179925230946,32.68259813136724,47.21806159694156,2769.2223960232755,64.95401580581385,121.94458103548433,0.1922031101826671,90.2382520165133,52.84802012251809,2675.6577366332003,25.46454268221639,52.66987940664288,3291.209970848277,22.7027587869427,65.21016674802894,4.23551964055336,278.76517802043014,101.52511851582517,90.56992807606292,32.85948623098402,14.230854950731304,18.07952334408017,6.059111641513821,17.648589310281455,3.6957302062397823,33.40067457980086,20.9638969588577,12.527983546682448,0.9385680754218232,17.72395837052564,4.891569719570117,6.27165610789019,3.0958534594853195,0.017842823395837426,0.6706735132768766,0.16810316729716984,53.79286473934715,44.49119791881008
5.25,0.24092100285850454,3672.516533527834,4486.082372867697,9.259049868994419,32.21005314318435,47.14190083041674,2768.8633331464143,65.1344624634659,121.92697931574683,0.193960420929114,90.16175129480045,51.354129799628645,2674.936834065633,25.47935530320237,51.621283525423294,3290.1294719297634,23.03337543243313,65.20507279954444,5.178692605471082,278.4489995939688,101.50150496837297,90.35041642475363,32.615453943312154,14.443756162708537,18.562358453273294,5.991433505849315,17.91211027928791,3.7065577025030843,33.88065056139611,20.77916179901915,12.655216335400905,0.9111437735739095,17.859904638608302,4.879244745317496,6.382042311435286,3.122374551508462,0.0024606472307666435,0.6661936097024477,0.18950096461503382,53.60670900582463,43.78205202361726
5.3,0.24217917780129278,3646.5594128417647,4437.853633176585,9.152940172669592,32.30422015488752,47.365718999589404,2768.72118575218,65.21718644069989,121.93240330831527,0.19558360561086094,90.16852861733207,52.27718148819584,2675.3006027792585,25.512877109246897,52.07130649238597,3290.2199299665813,22.553204126409042,65.17055832463636,7.66281210299733,278.7601429624395,101.51147136607011,90.78693155445144,32.615453943312154,14.443756162708537,18.562358453273294,5.991433505849315,17.91211027928791,3.7065577025030843,33.88065056139611,20.77916179901915,12.655216335400905,0.9111437735739095,17.859904638608302,4.879244745317496,6.382042311435286,3.122374551508462,0.0024606472307666435,0.6661936097024477,0.18950096461503382,53.60670900582463,43.78205202361726
5.3500000000000005,0.24329356468797333,3665.7192412731993,4489.813549126506,9.277042551260413,32.14292554789366,47.145647816039165,2768.7340919006806,64.25225987975475,121.93985329309636,0.19758996394919606,90.25475352800727,52.92327174318057,2675.5700143706836,25.706176158563935,53.46558248324801,3290.8642650790034,22.854420661448096,65.2226486717472,2.111474194528923,278.08596528337455,101.50548984184665,90.32479197228552,32.91633682405954,14.459219746737551,18.139837795068143,6.042795012285825,17.716189270207177,3.6635353250792497,34.03460005994329,20.774079212091014,12.73712264844086,1.1703395836515729,17.658967732201194,4.896383980115582,6.293751666377088,3.0562002726956705,0.0024606472307666435,0.6661936097024477,0.18950096461503382,53.60670900582463,43.78205202361726
5.4,0.24775006829658291,3683.775575128932,4471.867493486605,9.098628703111299,32.494937074453155,47.35949064990453,2768.2413903959146,64.49300128705919,121.92850863650764,0.1945696127992688,90.20234019448307,52.664726268493574,2673.943447308575,25.566465237448725,53.305872372047126,3289.2878353575743,22.64509472496157,65.21233460438877,5.085808494441771,278.1292680783097,101.52708351181379,90.54112404101356,32.91633682405954,14.459219746737551,18.139837795068143,6.042795012285825,17.716189270207177,3.6635353250792497,34.03460005994329,20.774079212091014,12.73712264844086,1.1703395836515729,17.658967732201194,4.896383980115582,6.293751666377088,3.0562002726956705,0.0024606472307666435,0.6661936097024477,0.18950096461503382,53.60670900582463,43.78205202361726
5.45,0.24537309562508666,3665.283416375657,4464.856443676354,9.267314422793014,31.609065581090398,47.31584872261773,2768.805681866138,65.39896994068876,121.92539710989388,0.1974737086120899,90.24483610610584,52.1223871367709,2675.0633359540657,25.42044551923853,53.373740928690864,3290.66128715704,22.729633714402794,65.21009481453078,6.2414216418200175,278.3716018541087,101.5256700365174,90.59486213851702,32.847578904159406,14.415553032123404,18.43224187856177,6.291666251217505,17.912187132711782,3.6632750599398425,33.388192512128086,20.95895595740396,12.563786805990631,1.1296874785071054,17.60060257515527,4.857077635166611,6.323947603819438,2.9951551567268724,0.0024606472307666435,0.6661936097024477,0.18950096461503382,53.60670900582463,43.78205202361726
5.5,0.24368124759287277,3667.7944952455805,4459.272262939552,9.192145311968309,32.52719999474763,47.13792146129537,2767.4223377013654,64.98291252045078,121.92792704436059,0.19674991809195616,90.1412041088926,52.07292671781804,2673.35392471629,25.543607219358954,53.87459302252562,3289.1392624314835,22.969727651489812,65.22939780886571,5.523419547044895,278.06962038466565,101.50603973732869,90.41534067736296,32.847578904159406,14.415553032123404,18.43224187856177,6.291666251217505,17.912187132711782,3.6632750599398425,33.388192512128086,20.95895595740396,12.563786805990631,1.1296874785071054,17.60060257515527,4.857077635166611,6.323947603819438,2.9951551567268724,0.008471472695432879,0.6822100133043169,0.17042680146476522,53.59727937908085,43.412564801119466
5.55,0.24412327232593353,3656.1775350330126,4449.176011537343,9.29737619115862,32.11859187732226,46.91820959136012,2768.4760762757346,64.87956284023171,121.9295822998949,0.1974376017525568,90.25132475058683,53.066342660816524,2674.8332551835942,25.37891178388827,53.595914429426855,3289.758657233707,22.983752479018293,65.22665540140815,3.088951712418036,278.2333274209084,101.51846573371611,90.36204470851251,32.654513630877,14.239269801761155,18.433440037323734,5.9977652875390355,17.71957205742434,3.6247919108869966,33.58087594826951,20.830962441092677,12.334385828705623,1.0224590815506285,17.907249709222796,4.89168941962402,6.412943746447181,3.072112821784622,0.008471472695432879,0.6822100133043169,0.17042680146476522,53.59727937908085,43.412564801119466
5.6000000000000005,0.24480788481027052,3660.621657252398,4491.26508396824,9.174601204607338,32.13369510396162,47.72177122196755,2767.7177498457895,65.76244513221327,121.92791480643169,0.1962789173577662,90.19439244776407,52.80694198202726,2674.420727918624,25.155530807289345,53.856393269766684,3288.879068798582,22.777233070794747,65.21932940927346,4.623966295060797,278.13052367906675,101.4982667262867,90.4908685295407,32.654513630877,14.239269801761155,18.433440037323734,5.9977652875390355,17.71957205742434,3.6247919108869966,33.58087594826951,20.830962441092677,12.334385828705623,1.0224590815506285,17.907249709222796,4.89168941962402,6.412943746447181,3.072112821784622,0.008471472695432879,0.6822100133043169,0.17042680146476522,53.59727937908085,43.412564801119466
5.65,0.24338480047700461,3663.5089025761836,4478.21737765305,9.208517620452138,32.222822180203316,47.53754842824453,2767.6135332897297,64.84058667090625,121.92482789733342,0.19619051146913427,90.22244192235841,51.941225058493465,2673.9765863146586,25.636364386885862,53.67224761357964,3288.801505957085,23.15338079134904,65.19478209595471,3.403129115709683,278.44411358516504,101.5187718857451,90.70277968699263,32.97871385519733,14.230018238550873,17.917314921255045,6.189942634674069,17.606499634308115,3.6618867950548437,33.45274605377149,21.01886805968745,12.052774379092577,1.0327203079830556,18.075768745496962,4.885646066519532,6.3886320874428995,3.0699946869504484,0.008471472695432879,0.6822100133043169,0.17042680146476522,53.59727937908085,43.412564801119466
5.7,0.24439718597858032,3644.8369994509926,4436.22257148822,9.21139267181281,32.18780843916056,47.24378588282173,2767.5342850234465,65.08890732243079,121.92764390095441,0.19560102576650948,90.16601293422067,51.54827144196903,2673.8337396558327,25.51558372161168,54.73680799223541,3288.114535377906,22.984270509762716,65.21956720417235,4.821572525224161,277.74195778806114,101.50612023786708,90.10005323396737,32.97871385519733,14.230018238550873,17.917314921255045,6.189942634674069,17.606499634308115,3.6618867950548437,33.45274605377149,21.01886805968745,12.052774379092577,1.0327203079830556,18.075768745496962,4.885646066519532,6.3886320874428995,3.0699946869504484,0.008471472695432879,0.6822100133043169,0.17042680146476522,53.59727937908085,43.412564801119466
5.75,0.23955366020130342,3650.2514548725885,4448.185986003535,9.237090135792233,32.61801463546632,46.950357856313225,2767.9627165635256,66.01049924039769,121.93404852185763,0.1922200994678233,90.23553531137978,50.918053225639326,2674.1298576075324,25.576820638846147,53.15049302277289,3288.5117563953436,22.728140932877825,65.19475582788655,3.2874992268951395,278.5164886407742,101.52746637405669,90.88575802497556,32.82928531452616,14.23498638747414,18.06758281821376,6.037379392851601,17.733733230446923,3.7152017795282144,33.28154908348051,20.76805456179197,12.174284522296718,0.8930842937304662,18.02543314568983,4.942832532984766,6.4063503638714945,3.085679936058089,0.028016268104993088,0.6786989568145375,0.1738067709052183,53.647664832589754,44.00009932779147
5.8,0.23725674270524136,3662.416919120251,4457.215352992594,9.244390577054011,31.994019400219788,47.28428484972308,2767.9860774494928,64.8858873152162,121.91755244266407,0.19502246249575766,90.29259038064217,50.99787498195051,2674.5112312935853,25.740001060692432,53.413632068785276,3289.492980787104,22.78862999849828,65.21363654156204,4.5190696303017,278.069778385718,101.50604252358025,90.43956782304818,32.82928531452616,14.23498638747414,18.06758281821376,6.037379392851601,17.733733230446923,3.7152017795282144,33.28154908348051,20.76805456179197,12.174284522296718,0.8930842937304662,18.02543314568983,4.942832532984766,6.4063503638714945,3.085679936058089,0.028016268104993088,0.6786989568145375,0.1738067709052183,53.647664832589754,44.00009932779147
5.8500000000000005,0.23391158270824147,3674.521637068062,4477.485417516588,9.345585498062954,31.853362055053285,47.842935304324506,2767.9797591270294,64.81388326039675,121.93863340124948,0.19561309639147179,90.23491574735228,52.37912897259687,2674.2663249314414,25.367104960087424,57.09829522176862,3289.587356424821,22.89112432578011,65.21095783873037,4.360973586123448,277.8767479681949,101.51429791509211,90.66581493251155,32.699760650397344,14.357162123237071,18.3670228233552,6.341964037058669,17.528002212178045,3.6905076028958494,33.89323723657919,21.034685344397456,12.777004127830656,0.8849365678151908,17.846986818526037,4.8982428329276395,6.330003332947521,3.1399863346972174,0.028016268104993088,0.6786989568145375,0.1738067709052183,53.647664832589754,44.00009932779147
5.9,0.23001470020932174,3650.207531898633,4466.4771629126935,9.248724762170227,32.30883050655064,47.29465401081014,2767.6703632266094,65.23872093228567,121.9256470936299,0.19307708751023436,90.16695735375352,50.73277890952957,2674.012291237826,25.66315175492023,55.38770090448121,3288.938481184775,22.667255966129325,65.19934266507927,4.574319378320261,278.0400605670451,101.53076863556508,90.12315597027263,32.699760650397344,14.357162123237071,18.3670228233552,6.341964037058669,17.528002212178045,3.6905076028958494,33.89323723657919,21.034685344397456,12.777004127830656,0.8849365678151908,17.846986818526037,4.8982428329276395,6.330003332947521,3.1399863346972174,0.028016268104993088,0.6786989568145375,0.1738067709052183,53.647664832589754,44.00009932779147
5.95,0.2350295762013116,3652.2032494488158,4432.392900024037,9.210588867840013,32.04130888791525,47.646379485336844,2767.7623680391093,64.5420841794789,121.92208942485411,0.18757538574080637,90.14034125783614,50.63146479146712,2673.9123555597516,25.50456693172195,55.42702278484353,3288.3993540588067,22.909077547523452,65.15468202242903,4.5430671946513375,277.9018288013962,101.51853494992498,90.64422099855605,32.07191137562421,14.42238017870542,18.651465511903545,6.101857719914109,17.842087956622628,3.707125071897279,33.853248888880564,20.962004888506392,12.672436073445443,1.178406244104518,17.32596815266584,4.883751582355115,6.389240079766137,3.136831948562506,0.028016268104993088,0.6786989568145375,0.1738067709052183,53.647664832589754,44.00009932779147
6.0,0.2352506416115416,3656.329480603751,4403.996900879349,9.271055127029069,32.139904171034026,47.45838705561333,2767.643432154002,64.71672654682904,121.9055313044653,0.189801549171798,90.15290677309335,50.88617196423719,2673.638786524602,25.531809589996442,53.98559742148475,3288.685785432735,22.784204563409556,65.15246460626717,5.460750848525379,277.6716096664732,101.53090880142405,90.38374874685344,32.07191137562421,14.42238017870542,18.651465511903545,6.101857719914109,17.842087956622628,3.707125071897279,33.853248888880564,20.962004888506392,12.672436073445443,1.178406244104518,17.32596815266584,4.883751582355115,6.389240079766137,3.136831948562506,0.0036153457253114574,0.6611319205629143,0.18456837261292194,54.12197863448078,44.218218732261946
6.05,0.238693188592886,3639.054807378381,4449.938000343015,9.158098316042544,32.083949866588576,46.909143084100414,2768.4576638280832,66.27268452168948,121.94502252102029,0.190119270538773,90.31217908887555,50.86965888115833,2674.9359499105017,25.56825754494436,55.59393572914834,3289.639326167219,23.022892750704333,65.17110405614852,3.674596977915626,278.0949721646592,101.5248466180927,90.72288540587274,32.56172979433878,14.399880247997718,18.054733236044576,6.066449817086263,17.443491761258503,3.6527306520533505,33.75455895806974,21.180453651083155,12.668272491001867,0.9976278029233157,17.202261954754466,4.872380647667387,6.392872528017685,3.0579404000920016,0.0036153457253114574,0.6611319205629143,0.18456837261292194,54.12197863448078,44.218218732261946
6.1000000000000005,0.24297444882631522,3649.303595944039,4457.36040283418,9.231583211445347,32.22196477794292,46.96916144844948,2768.0264609526416,65.03640462547624,121.9260026126053,0.19096487920291702,90.25308425356597,49.72081883787142,2674.876338312532,25.434232037006154,52.54395363259968,3289.7103766587784,22.846297051001876,65.19866485994343,4.346586778296827,277.54575642642226,101.51685446632432,90.53049209218719,32.56172979433878,14.399880247997718,18.054733236044576,6.066449817086263,17.443491761258503,3.6527306520533505,33.75455895806974,21.180453651083155,12.668272491001867,0.9976278029233157,17.202261954754466,4.872380647667387,6.392872528017685,3.0579404000920016,0.0036153457253114574,0.6611319205629143,0.18456837261292194,54.12197863448078,44.218218732261946
6.15,0.2404305043505007,3671.427679809054,4478.939933645264,9.26636829282315,31.993031913380463,47.46661931715911,2767.5214143285057,64.25829854952501,121.9269644849083,0.1947320166349468,90.16154074209783,51.999604023699355,2673.534139026089,25.5382488415745,56.453069857387426,3288.7810982784786,22.843587463255624,65.20373769317166,5.269170624751252,277.552867708837,101.53082543279112,90.2889869572584,32.92562491291002,14.30603263365302,18.788120142559194,6.256876772387446,17.51926744510711,3.6555823781829977,32.986150601756314,20.979236428693362,12.632830228328029,0.9718929643570517,17.620593441139643,4.9221518102834,6.292370879669393,3.1518016596131315,0.0036153457253114574,0.6611319205629143,0.18456837261292194,54.12197863448078,44.218218732261946
6.2,0.2353530640251919,3635.4449914590205,4455.935417886248,9.265354117505698,32.085887861812495,47.265014531885775,2767.813146082299,64.42189122534401,121.91921020597303,0.19312682518198435,90.11192778414423,50.416656527844424,2673.907373028514,25.19692575265606,53.46895102305993,3288.7361875365987,22.627028419354442,65.14504214582584,2.731043312650546,277.45592736762615,101.53835812113407,90.3464519621929,32.92562491291002,14.30603263365302,18.788120142559194,6.256876772387446,17.51926744510711,3.6555823781829977,32.986150601756314,20.979236428693362,12.632830228328029,0.9718929643570517,17.620593441139643,4.9221518102834,6.292370879669393,3.1518016596131315,0.0036153457253114574,0.6611319205629143,0.18456837261292194,54.12197863448078,44.218218732261946
6.25,0.23746269597615466,3618.457129772278,4461.731229912676,9.157128544388803,31.983424438487873,47.43869893178389,2768.6328373404162,64.51333547204534,121.94688680126136,0.1929568017955053,90.23838120636188,50.27501635362251,2675.3711880663473,25.297185774786545,55.62303345335197,3289.720401163679,22.86796839361999,65.15173436560562,6.598894404519058,277.3423412760185,101.54183404322615,90.61910500867938,32.7158319461399,14.272743963977852,18.017746836241248,6.335726795872241,17.88530828890417,3.6632964411490248,32.9996499293684,21.178571244448943,12.137918334540862,0.95043775449632,17.389880230738964,4.895913640302792,6.350918834588404,3.1606685158222634,0.011487104588093261,0.6813125909107447,0.187691075440169,54.24510523630528,44.622738053209495
6.3,0.23750078924940193,3642.636368224095,4481.4773882049785,9.207642924121464,31.92703686701096,47.20950946762778,2767.9650396466345,65.22267717537387,121.93066824282876,0.19242480841002735,90.20093577604544,50.0848720147266,2674.4229864532676,25.615096664355647,55.45556385897155,3289.1776762462205,22.917057385585416,65.17889057304788,4.777272282350715,277.1039163218693,101.55216325324555,90.37326881450727,32.7158319461399,14.272743963977852,18.017746836241248,6.335726795872241,17.88530828890417,3.6632964411490248,32.9996499293684,21.178571244448943,12.137918334540862,0.95043775449632,17.389880230738964,4.895913640302792,6.350918834588404,3.1606685158222634,0.011487104588093261,0.6813125909107447,0.187691075440169,54.24510523630528,44.622738053209495
6.3500000000000005,0.23259296904614293,3654.7446623289907,4478.36307626573,9.295113582932837,31.69089177953723,47.2757664009484,2768.345919061116,64.60560019981924,121.9306523820699,0.19286766261442786,90.21336543053292,50.19294559831499,2674.8715164427363,25.472574378553865,55.13996551537343,3289.8193545951412,22.74403020782553,65.20326718781033,3.5670911712559783,276.9308818960053,101.56418526658929,90.3177051411576,32.44426250485256,14.410658981457791,18.073171576653518,6.1731524298753975,18.223273844838253,3.718712923813301,33.03971870622814,20.992856434932158,12.753655476924834,0.8929985027823221,17.877070885933723,4.924330550242745,6.366776428080974,3.073066435867596,0.011487104588093261,0.6813125909107447,0.187691075440169,54.24510523630528,44.622738053209495
6.4,0.23170553397441543,3617.1520909245683,4491.248453981284,9.317059008276104,32.235173239721355,46.941360316375416,2768.909095479138,64.98870782665846,121.93965550535165,0.1935166712339162,90.26040562833376,50.815247697415714,2675.779810672019,25.434577222117515,55.49752489705948,3290.6799655520986,22.91701497428308,65.16875773685423,4.450149474497287,277.0425637006985,101.53575911407374,90.40127833333895,32.44426250485256,14.410658981457791,18.073171576653518,6.1731524298753975,18.223273844838253,3.718712923813301,33.03971870622814,20.992856434932158,12.753655476924834,0.8929985027823221,17.877070885933723,4.924330550242745,6.366776428080974,3.073066435867596,0.011487104588093261,0.6813125909107447,0.187691075440169,54.24510523630528,44.622738053209495
6.45,0.22735001106752553,3644.6633459346313,4465.887719885879,9.240248815070382,31.667203157333102,47.351088748994115,2768.4858730416063,65.56162134757643,121.91945976702965,0.20089328397527825,90.1672329027128,49.79283469217416,2675.3427073361354,25.37059451180983,55.70333451514873,3290.693313981252,23.049569583635627,65.15864226908295,4.371936483645721,276.96116881498205,101.56082819031808,90.16762891316523,32.531223230013495,14.383007506530065,18.773898297912265,6.133956294043775,17.79319017044061,3.713564621344415,33.44781982063866,21.026911498234707,12.35557390372463,1.0201195665355458,17.611266662817208,4.95087428468018,6.38605833832253,3.1031490682337126,0.011487104588093261,0.6813125909107447,0.187691075440169,54.24510523630528,44.622738053209495
6.5,0.22622365683707898,3662.502222194789,4474.697666868559,9.341972633596338,32.1685475236102,47.2200931628709,2768.5902196638253,65.51883960583163,121.90210441592342,0.20180457958390338,90.13843769229358,50.386291797576746,2674.730917539245,25.411520862579216,55.37841049103695,3290.3384736731164,22.949398332935804,65.11294819593668,4.0453291326563425,276.8299902170079,101.56749430025124,90.38492592366585,32.531223230013495,14.383007506530065,18.773898297912265,6.133956294043775,17.79319017044061,3.713564621344415,33.44781982063866,21.026911498234707,12.35557390372463,1.0201195665355458,17.611266662817208,4.95087428468018,6.38605833832253,3.1031490682337126,0.0066324811936782045,0.6603407748269007,0.17760754219455485,53.130129468720455,43.485870331558516
6.55,0.22918007212789174,3653.768603782109,4443.186801467059,9.285037184823615,31.984864092841416,46.98994215366784,2768.6353529084504,64.98038942581061,121.90604193889278,0.20081592811217125,90.23392299736336,50.15640243570541,2675.7213139087567,25.372197720694473,54.78056559937703,3290.7380768013527,22.815883348259657,65.11872543220717,4.4303186488682,276.91860836307035,101.5601660188663,90.3341063455747,32.16884579483766,14.378227934125844,18.63033995067272,5.976989521981258,18.01551474628498,3.706431233469701,33.579789838443794,21.10068811543941,12.43832401006269,1.0140376578422552,17.76017261950693,4.926710065390304,6.3000418163060266,3.1455074754817938,0.0066324811936782045,0.6603407748269007,0.17760754219455485,53.130129468720455,43.485870331558516
6.6000000000000005,0.23163520083397954,3637.610733518638,4439.303840559055,9.123895242368823,31.798155707748602,47.5988249828098,2766.9989763876015,64.03332681073972,121.90881936064642,0.2035785929488722,90.05542216890544,50.19959884407864,2673.6849428704395,25.404754349047472,54.35314042962293,3288.130600073247,22.99225076958446,65.10221120770893,5.26595235569431,276.8778558727408,101.60350804639752,90.19330765960717,32.16884579483766,14.378227934125844,18.63033995067272,5.976989521981258,18.01551474628498,3.706431233469701,33.579789838443794,21.10068811543941,12.43832401006269,1.0140376578422552,17.76017261950693,4.926710065390304,6.3000418163060266,3.1455074754817938,0.0066324811936782045,0.6603407748269007,0.17760754219455485,53.130129468720455,43.485870331558516
6.65,0.2340612824650927,3659.4000866460583,4458.153769030074,9.203773939693026,31.94518385983129,46.88012261364276,2768.7437029650177,64.52167042552281,121.90508438861227,0.20335000477103457,90.2105125027985,50.83287608116034,2674.7671331202764,25.557984569216718,56.8514788935812,3289.461674840912,22.804638409176732,65.09387848209283,4.935602036170009,276.48774683176555,101.55735454505269,90.32449578888001,32.16355791684743,14.072117153292664,18.671868161620466,5.9441205430111115,17.774008674408027,3.701424277339912,32.83362893959808,20.946209205337063,12.502705753804296,1.0702485934824928,17.52843830146448,4.860226222418134,6.360445507339056,3.101428893774265,0.0066324811936782045,0.6603407748269007,0.17760754219455485,53.130129468720455,43.485870331558516
6.7,0.23511269345960753,3662.545591976177,4444.59413466586,9.221353510857298,31.845843550648734,47.226268953609555,2768.274397873908,64.70657313629151,121.94043067323882,0.20238595761373887,90.15206732376166,49.95239499585422,2674.773062833801,25.3254622501246,56.65047441479481,3289.134566895084,22.70581290678446,65.1096035248979,4.725573039346295,276.5400309321267,101.56989480937055,90.25603747293246,32.16355791684743,14.072117153292664,18.671868161620466,5.9441205430111115,17.774008674408027,3.701424277339912,32.83362893959808,20.946209205337063,12.502705753804296,1.0702485934824928,17.52843830146448,4.860226222418134,6.360445507339056,3.101428893774265,0.0066324811936782045,0.6603407748269007,0.17760754219455485,53.130129468720455,43.485870331558516
6.75,0.2388340235023558,3648.557460725212,4465.241620055912,9.276091537556683,31.80795112481982,47.0830863055905,2768.227546184049,64.7818776205309,121.92266633489986,0.20269662107224826,90.1751452249445,51.580793062820334,2674.424930792364,25.249806786303957,54.415089442084195,3289.624429190959,22.853247736798252,65.1118224456023,6.887495253917566,276.5666265716273,101.54844947818842,90.18850740018419,32.893249368599704,14.204269267271865,18.229047571833895,6.03862784967255,17.89454986676649,3.623006655684577,33.36737935240134,21.14714595128378,12.98124140279176,1.0958050122398793,18.151228235129647,4.90051621658072,6.314288611139257,3.0703644659088805,0.013085355940239502,0.6819756278435054,0.19573744160140746,54.359181874968804,43.905992504321134
6.8,0.23745990864367308,3675.509884567656,4449.41296353258,9.229770092590698,31.92112316748119,46.84719742744626,2767.7017446488253,64.56835678430198,121.94161643961158,0.20280074018824631,90.15584373854263,50.20960076983084,2673.982753589699,25.32393787113804,54.516593474319755,3288.636143649029,22.947978112818273,65.08613519284897,5.814518702188056,276.5267884984267,101.56684340006954,90.50181115956178,32.893249368599704,14.204269267271865,18.229047571833895,6.03862784967255,17.89454986676649,3.623006655684577,33.36737935240134,21.14714595128378,12.98124140279176,1.0958050122398793,18.151228235129647,4.90051621658072,6.314288611139257,3.0703644659088805,0.013085355940239502,0.6819756278435054,0.19573744160140746,54.359181874968804,43.905992504321134
6.8500000000000005,0.23509975785190723,3642.501793874537,4452.049964471118,9.347461876380766,32.21179617791806,46.750483637728465,2768.079592695957,65.4081570092542,121.92581503180686,0.20311897216054448,90.21712772460151,51.41145514426887,2674.7670170522706,25.449038643166947,54.87013314951978,3289.3066485772088,22.85510748735876,65.10393020375918,3.1625402458783967,276.62711642016325,101.55522440100657,90.09502090403939,32.32725085759959,14.396006194481997,18.165157202139724,6.221047357594825,17.54645108161844,3.682032015544595,33.46269928487374,20.964742079149072,13.375125920357956,1.0153886795854952,17.383160029219695,4.939910368354783,6.425061151642038,3.009305436770882,0.013085355940239502,0.6819756278435054,0.19573744160140746,54.359181874968804,43.905992504321134
6.9,0.23066564967145256,3628.138335683476,4514.649356847878,9.248977997163173,32.49314989536815,46.69244779656761,2767.2513448299956,64.57888939660982,121.92193932202278,0.20358003640655573,90.07057634728339,51.043632808893754,2673.412128278942,25.498962663703164,55.585106236868675,3288.3788712181436,22.745492960540552,65.08413248032724,2.6912416473306116,276.7894906739972,101.5801903051164,90.13348663933928,32.32725085759959,14.396006194481997,18.165157202139724,6.221047357594825,17.54645108161844,3.682032015544595,33.46269928487374,20.964742079149072,13.375125920357956,1.0153886795854952,17.383160029219695,4.939910368354783,6.425061151642038,3.009305436770882,0.013085355940239502,0.6819756278435054,0.19573744160140746,54.359181874968804,43.905992504321134
6.95,0.22761167658125425,3645.092389490109,4457.013717750886,9.305120803058065,32.01182486672322,47.16502398029127,2768.798925338108,65.06874099237221,121.94048610945987,0.2010985682009696,90.25034078872895,51.01689797673101,2675.724275125274,25.365219798493325,55.04899496365242,3290.115434480784,22.834880399222058,65.07905806572973,3.4425560154374852,276.51972390249375,101.58831528575612,90.37507229384092,32.28676371557365,14.282649619702282,18.649886659926104,6.151385144745602,17.69506991414042,3.700503360249723,32.72504582964303,21.14113598495396,12.517582697753054,1.1253571223477006,17.79973592388316,4.925253436785712,6.241698420402365,3.084058753434432,0.013085355940239502,0.6819756278435054,0.19573744160140746,54.359181874968804,43.905992504321134
7.0,0.22518850441414448,3613.2217779993734,4460.475760435316,9.287887294609975,32.168276478198834,47.22522200311827,2768.3391340557173,65.52459999955866,121.92533408924749,0.20411066156341295,90.20840330355,51.07581534585617,2675.464637264756,25.243460342622235,54.890704788536766,3289.8708394336395,22.997122425603,65.09672271626367,3.957461678002087,275.87797465069406,101.55446917509175,90.13275157876113,32.28676371557365,14.282649619702282,18.649886659926104,6.151385144745602,17.69506991414042,3.700503360249723,32.72504582964303,21.14113598495396,12.517582697753054,1.1253571223477006,17.79973592388316,4.925253436785712,6.241698420402365,3.084058753434432,0.018462740966102877,0.6842496061778329,0.20086509747489936,54.481229071278435,44.15892988037543
7.05,0.22555588038647187,3624.392651073922,4466.947831144084,9.224940312855052,32.04605579459967,47.171183643673416,2767.8901027699376,64.07395785788727,121.91061514805527,0.20337756069264126,90.03931600023773,49.375821194481354,2674.090794052751,25.445788973774054,56.312846443479835,3289.358121754925,22.847830368828053,65.05646591906303,4.709571282636617,276.5349867741204,101.60577501611496,90.11710244500264,32.31170372258162,14.474781705405972,18.580145009062914,6.166980122096004,17.80583841795337,3.659068471226955,32.886051732306015,21.040914482480787,13.066301683217507,1.1385288768901929,17.336164122444426,4.899423083067351,6.364695926305668,3.1568531740953696,0.018462740966102877,0.6842496061778329,0.20086509747489936,54.481229071278435,44.15892988037543
7.1000000000000005,0.22747563819987396,3597.8456930512048,4463.138772620181,9.21439858762196,31.977376117508836,47.3003116029904,2769.712526834477,65.1157413752471,121.9279325604872,0.19986898115989343,90.27400206424795,50.05039508638311,2676.123252428351,25.49275011529237,56.24927382696656,3290.6190024255957,22.912001120961722,65.0625628507972,4.126458677916057,276.5582257199072,101.60081014236806,90.58215412657215,32.31170372258162,14.474781705405972,18.580145009062914,6.166980122096004,17.80583841795337,3.659068471226955,32.886051732306015,21.040914482480787,13.066301683217507,1.1385288768901929,17.336164122444426,4.899423083067351,6.364695926305668,3.1568531740953696,0.018462740966102877,0.6842496061778329,0.20086509747489936,54.481229071278435,44.15892988037543
7.15,0.2295441290313128,3646.977134323196,4454.23372488136,9.182705029824893,31.55313825642427,46.90709494780034,2769.0251402094304,65.46225374544473,121.93912031697548,0.21084475987419007,90.23978406065466,48.42290096457825,2675.588877555279,25.27012964473263,54.33869335122897,3291.432745631339,22.88721988312758,65.09586172803701,4.077383479641086,275.95169536692305,101.59343038788941,90.02229165268506,32.51793026286244,14.410523341749894,18.62671459370311,5.876275422823854,17.794975205921684,3.6830180797588428,33.164129388814786,20.962618175293525,12.669958983040727,1.1734810623337322,17.766831922006247,4.942712477746078,6.402556125353481,3.0556876240980766,0.018462740966102877,0.6842496061778329,0.20086509747489936,54.481229071278435,44.15892988037543
7.2,0.22988690827551336,3637.1097114575523,4493.298686426176,9.326036621355705,31.795894508500087,47.049120018928384,2767.6589648787008,64.92744185035244,121.92288313600774,0.20893613424270274,90.06791339064216,51.71191607608797,2674.396375837242,25.374906752104316,56.35018499848911,3289.632323249528,22.890416757362285,65.08581766082678,4.604239273696237,276.4356609923325,101.59833941544228,90.1601274654968,32.51793026286244,14.410523341749894,18.62671459370311,5.876275422823854,17.794975205921684,3.6830180797588428,33.164129388814786,20.962618175293525,12.669958983040727,1.1734810623337322,17.766831922006247,4.942712477746078,6.402556125353481,3.0556876240980766,0.018462740966102877,0.6842496061778329,0.20086509747489936,54.481229071278435,44.15892988037543
7.25,0.22940120023639815,3633.010057658673,4473.442274136093,9.274949468808861,32.03308951166083,47.08103684922056,2768.3282913312037,65.27379039737902,121.9283931326829,0.21102254487898794,90.08754523124543,52.80547662205069,2674.7057599464033,25.298137173844513,54.709166145533864,3289.612295949818,23.008097690848654,65.04606879970767,3.1269092900921507,276.3575922917515,101.61831312541393,90.3691707392521,31.6981486459402,14.515500042983176,18.56740214911553,6.02504308082799,17.482027432500303,3.7047456285972116,32.701661801119634,21.06097619748937,12.78470517609847,1.1834440387459593,17.791862447764473,4.944692389341273,6.362726294895171,3.109318922746161,0.00033640997819606687,0.6945605355728157,0.18180328392264553,54.21183076512025,44.7140831916232
7.3,0.22911218874319986,3644.4794152785685,4447.054063926371,9.19881426364718,32.25561832859082,47.07611695388973,2769.1571200028434,65.88099922557448,121.9237258517515,0.21148839004720899,90.2050744191957,51.44038148180586,2675.6673792709826,25.365998993761277,56.49487259863136,3290.6467632848867,22.788152818816318,65.0509621914968,3.776216423971784,276.0644869254531,101.62688278497758,90.51038743137437,31.6981486459402,14.515500042983176,18.56740214911553,6.02504308082799,17.482027432500303,3.7047456285972116,32.701661801119634,21.06097619748937,12.78470517609847,1.1834440387459593,17.791862447764473,4.944692389341273,6.362726294895171,3.109318922746161,0.00033640997819606687,0.6945605355728157,0.18180328392264553,54.21183076512025,44.7140831916232
7.3500000000000005,0.23141600410307586,3657.8015781499635,4462.962448979519,9.250492842039389,31.51089889441958,47.086570632466696,2768.407249353757,65.29801930408227,121.9286127522832,0.2127835308601857,90.11869261823007,51.88190269360278,2674.556735293684,25.219004004994485,55.057740316877826,3289.8548742946223,22.85804156225815,65.03947487828604,5.884099467228388,275.823460248628,101.62611105008212,90.29596808244504,32.48683302567114,14.359042935465466,19.15243971294098,6.109182507385188,17.50978180586606,3.6899712186817015,32.91294856782485,21.028030088918253,13.03310868528412,1.1485950680694714,17.687629153700644,4.9320979467931645,6.207587398802581,3.0825432454365442,0.00033640997819606687,0.6945605355728157,0.18180328392264553,54.21183076512025,44.7140831916232
7.4,0.23384658047620205,3665.219443895139,4433.7311485194305,9.238939552047837,31.748393290921996,47.13418449959104,2769.2784727486005,65.42510326014627,121.92068025657207,0.2147330651028348,90.14771379325278,49.86922247022569,2675.527796384518,25.551564576981633,53.80272698615987,3290.7587435334553,22.866247624538516,65.04965231461208,2.726251622630394,275.52246219679887,101.59802068887024,90.20572413363462,32.48683302567114,14.359042935465466,19.15243971294098,6.109182507385188,17.50978180586606,3.6899712186817015,32.91294856782485,21.028030088918253,13.03310868528412,1.1485950680694714,17.687629153700644,4.9320979467931645,6.207587398802581,3.0825432454365442,0.00033640997819606687,0.6945605355728157,0.18180328392264553,54.21183076512025,44.7140831916232
7.45,0.2368848628007132,3670.3963692030375,4439.477587672858,9.188469012858791,31.779612846010025,47.03386079839102,2768.011645290677,65.44465399413365,121.92640737455302,0.217631834257306,90.07038557409804,49.779697856774085,2674.4449825178726,25.239377499545167,54.584143450389305,3289.6780712790774,22.890675173454813,65.02231303182015,6.981035657391843,276.6514235846569,101.64547991280313,90.24925263891046,31.860293058088835,14.366769587784347,18.5337278110016,5.905954421921596,18.31587961310099,3.6865361077523127,32.95599162255833,21.062532148867962,13.049152248549007,0.8842953477768243,17.325993327893578,4.940716304612497,6.356776461469734,3.145258705140866,0.00033640997819606687,0.6945605355728157,0.18180328392264553,54.21183076512025,44.7140831916232
7.5,0.2361138582128016,3626.235059287258,4466.231747630207,9.20835358131683,32.02127080669168,47.04433388745586,2767.300079209355,65.45221099297098,121.92251769656478,0.21647714946612379,90.06433154538236,51.048024159247944,2673.7687149858243,25.31884936189077,54.649109228534016,3288.4292068536406,22.76210260030044,65.01723912912739,2.88831398997563,275.96345506789334,101.65157002360397,90.08560323377569,31.860293058088835,14.366769587784347,18.5337278110016,5.905954421921596,18.31587961310099,3.6865361077523127,32.95599162255833,21.062532148867962,13.049152248549007,0.8842953477768243,17.325993327893578,4.940716304612497,6.356776461469734,3.145258705140866,0.014573997212706559,0.6848751818830948,0.1808014575505664,53.7959236851369,44.42379474689275
7.55,0.2358208842901691,3663.914081175761,4470.659419354897,9.269355660298459,32.396651227917204,46.947526659841095,2766.8586833099203,65.81305776452987,121.92063719464763,0.21249080108164856,90.00255028017267,49.1321126111233,2673.708258176769,25.264616661765253,55.373355481498244,3288.196181200621,22.938458587035843,65.01006181058814,4.862494636191754,275.6560084879096,101.64851981543912,90.05463904067436,32.34904649115702,14.37386954253884,18.984794001472807,6.198901030136419,17.92257532659124,3.6964412405748477,32.8221247311868,21.210666718779198,12.581537849680245,1.0259811806555414,17.9681052699949,4.904006426938335,6.414668240125039,3.109229929606345,0.014573997212706559,0.6848751818830948,0.1808014575505664,53.7959236851369,44.42379474689275
7.6000000000000005,0.23807058217182422,3638.1855158829653,4484.151382159599,9.241273327662723,32.098787701826936,46.89745314149379,2768.2349338716426,65.29988848468862,121.91893251518826,0.21379562692906845,90.12742170869384,51.03194812037182,2674.7060460298358,25.406091834292575,54.596469894373456,3289.2933901798524,22.845503056363718,65.00085164153607,4.332956144959099,275.9447959879591,101.62610879791673,90.16918292267572,32.34904649115702,14.37386954253884,18.984794001472807,6.198901030136419,17.92257532659124,3.6964412405748477,32.8221247311868,21.210666718779198,12.581537849680245,1.0259811806555414,17.9681052699949,4.904006426938335,6.414668240125039,3.109229929606345,0.014573997212706559,0.6848751818830948,0.1808014575505664,53.7959236851369,44.42379474689275
7.65,0.23764936835028724,3633.0122264620354,4484.416425372242,9.176052766052084,32.096258040078965,46.9980623846153,2767.9792668057717,64.68451641218184,121.94168290996578,0.21322394106856968,90.10641555396941,51.07789047112898,2674.1930574873786,25.323528790747933,54.66318781965788,3288.8393957650837,22.87251495403111,64.98819755708669,5.989414554100104,275.56724376811206,101.62650818281227,90.06899442438154,31.79596954492459,14.398869210265879,19.208956847116934,6.090239329207713,17.877506080961606,3.7184552485782523,32.38960637069489,20.930710947358488,13.037969344442988,1.0766888713098515,17.867991639088675,4.870491677954889,6.394198130071969,3.050399835313415,0.014573997212706559,0.6848751818830948,0.1808014575505664,53.7959236851369,44.42379474689275
7.7,0.23716046333392168,3622.051282043799,4452.7963754570055,9.222454778155333,31.833354439879365,46.91335487570454,2767.3758127289107,66.05005029620452,121.91964207941638,0.21194047531239016,90.0596518685526,51.027362742668366,2673.7098862067196,25.4598500273098,56.028421957217105,3288.2449048029425,22.865524565338593,64.98637271923224,3.59350152453018,275.90280691170676,101.62055385947792,90.09867487920701,31.79596954492459,14.398869210265879,19.208956847116934,6.090239329207713,17.877506080961606,3.7184552485782523,32.38960637069489,20.930710947358488,13.037969344442988,1.0766888713098515,17.867991639088675,4.870491677954889,6.394198130071969,3.050399835313415,0.014573997212706559,0.6848751818830948,0.1808014575505664,53.7959236851369,44.42379474689275
7.75,0.24261758965868585,3623.878394153331,4489.862829567937,9.134143014611558,32.115615730890745,46.806723229579795,2767.5471894116927,64.05215090578584,121.93612826987454,0.21122043288788075,90.12532372536383,50.901216033903395,2674.39674743304,25.480972093678787,55.682652268552424,3288.694528531604,22.796831797100655,65.02007035376153,4.220283301844381,274.7580429545819,101.62043013134408,90.19354340486794,32.34487031409508,14.410088178815043,18.730280807487077,6.25349971078831,17.617986353775777,3.642325600091791,32.633734824203636,21.08938926544539,12.994545832188058,1.2029782633602686,17.844161802400208,4.874991887564195,6.3668941794210205,3.120506259928171,0.012706541879233353,0.6738592961564634,0.18757246807081984,53.653570293140206,44.17624305906163
7.8,0.2446073578325064,3632.1393620560934,4465.3233853298425,9.206225068436321,31.696497288965485,47.4940155334775,2766.2177063970107,65.34357531832369,121.9422279899839,0.21128729962642434,90.07951666616684,52.364477223948896,2673.2594218530535,25.449976119815624,55.724535910754454,3288.2388689763266,22.870814210773737,65.01625185864427,4.047391786102623,275.4923522593308,101.61084155189121,90.06722114084248,32.34487031409508,14.410088178815043,18.730280807487077,6.25349971078831,17.617986353775777,3.642325600091791,32.633734824203636,21.08938926544539,12.994545832188058,1.2029782633602686,17.844161802400208,4.874991887564195,6.3668941794210205,3.120506259928171,0.012706541879233353,0.6738592961564634,0.18757246807081984,53.653570293140206,44.17624305906163
7.8500000000000005,0.2422493921557265,3631.828083891828,4438.079302822764,9.200273748133062,31.735295452569968,46.81149098292575,2766.700025172419,65.83596537443643,121.94688825909378,0.20830675419262323,89.98745477501078,50.875681356235674,2672.6415667242295,25.33749644588054,56.20876862384302,3286.9478707621993,22.94591323580748,65.0016129945859,3.3443455708048373,275.1077646131047,101.6294592510322,89.86952725866318,31.67908986322061,14.256062288372013,18.6674116916877,6.2291061372471175,18.07092804443481,3.640087091982827,32.52694807125481,21.256631734729584,13.066074700251631,0.9781113924689676,18.0547745834839,4.929552979650733,6.299522681429593,3.011762467714264,0.012706541879233353,0.6738592961564634,0.18757246807081984,53.653570293140206,44.17624305906163
7.9,0.23961675189679868,3661.844579256152,4408.611662417677,9.281083912940128,32.080412179234656,47.20656246786254,2766.9912817365316,65.2913176200459,121.9322151342254,0.2035117165015601,90.12660477320358,50.58667937645104,2673.5886184458095,25.384655529962977,54.37967523119747,3288.4354940624153,22.78127379395392,64.97428268540743,6.734824889430946,275.30918880756843,101.63618799878351,90.28476674540582,31.67908986322061,14.256062288372013,18.6674116916877,6.2291061372471175,18.07092804443481,3.640087091982827,32.52694807125481,21.256631734729584,13.066074700251631,0.9781113924689676,18.0547745834839,4.929552979650733,6.299522681429593,3.011762467714264,0.012706541879233353,0.6738592961564634,0.18757246807081984,53.653570293140206,44.17624305906163
7.95,0.2401699564309681,3664.3834579875547,4432.438754397084,9.234201277039425,31.68146164564882,47.23783535197368,2767.7476766699688,64.95500987960617,121.92154344865338,0.20272750779596696,90.05333781094022,50.39983454490618,2673.568976264304,25.28313399485387,54.34759400757446,3287.9704850299927,22.859585419088816,64.99685215095285,4.713350271487078,275.2100203987543,101.60006029148171,90.07941818876037,31.776751620556688,14.369095221976364,18.72162543951274,6.1299825275663435,18.370833041236658,3.678615609983212,32.61985402573722,21.19853529374327,13.05123512336527,1.0937545311533614,17.934546574064928,4.887985702006741,6.341087760004467,3.107750581647852,0.012706541879233353,0.6738592961564634,0.18757246807081984,53.653570293140206,44.17624305906163
8.0,0.2420313165349618,3659.7584183951735,4464.161439996356,9.311946934333191,32.0215248585059,47.01455885163335,2766.922629383508,64.78514362479466,121.91491433374273,0.2041672958615731,90.00584567955005,50.207721081709636,2673.9832026585177,25.612368703935605,56.0067915596427,3288.2601430407526,22.788055838543034,64.95900980412047,5.086819202530697,275.68847881934363,101.62666492787774,90.03657562135884,31.776751620556688,14.369095221976364,18.72162543951274,6.1299825275663435,18.370833041236658,3.678615609983212,32.61985402573722,21.19853529374327,13.05123512336527,1.0937545311533614,17.934546574064928,4.887985702006741,6.341087760004467,3.107750581647852,-0.001042687649835514,0.6905577639611727,0.18873681438887185,53.551284511084035,43.323118233955654
8.05,0.24331194889052343,3648.7916783395212,4437.151648487351,9.264561535221386,31.58953926766145,46.79825996298421,2767.740852464579,65.3474825659727,121.93601869215244,0.20224646056254364,90.08983546250066,48.85307342883821,2674.7305978286886,25.53541606609495,54.03310187250027,3288.9697088706093,22.914435899989453,64.94175869243193,6.358727114826983,275.3809284713216,101.60235855348624,90.03135901379562,31.720065386768923,14.40639413978008,19.08561057791237,6.104571174743518,18.38817098681772,3.7068884952235672,32.48754661957438,20.941267636060463,13.030252584015477,1.0079773735405366,17.764322959078925,4.902387902930108,6.393164028870036,3.0989440848077985,-0.001042687649835514,0.6905577639611727,0.18873681438887185,53.551284511084035,43.323118233955654
8.1,0.24258078344220763,3654.991086243888,4425.470263280391,9.265370067865542,31.637079628051005,47.19593196571271,2767.755659854801,65.53093735225279,121.91818730839813,0.19868594779797746,90.00374418967507,50.01523544782652,2673.2017432194757,25.2595665151779,54.594120875630104,3289.341795298723,22.961483699117903,64.95241466791428,5.141774434472061,275.22350490309384,101.63119245376613,90.00876979258544,31.720065386768923,14.40639413978008,19.08561057791237,6.104571174743518,18.38817098681772,3.7068884952235672,32.48754661957438,20.941267636060463,13.030252584015477,1.0079773735405366,17.764322959078925,4.902387902930108,6.393164028870036,3.0989440848077985,-0.001042687649835514,0.6905577639611727,0.18873681438887185,53.551284511084035,43.323118233955654
8.15,0.24521960694878794,3626.881528138287,4491.5749382160275,9.261925767569116,32.186154928541704,47.25514187769205,2768.614492291907,66.05348771571433,121.91791172647169,0.20273845241938201,90.06576622977254,49.551527551973294,2674.210648262369,25.35004341134058,52.66075609780846,3289.479122449966,22.804311321959517,64.94576635251606,4.747291929943218,275.0057438217393,101.60436090507152,90.14203817082465,31.977329593512124,14.397740959735938,18.639191625870357,6.149947003863304,18.085253108220307,3.6628249667793495,32.57150281173917,21.2054770581887,13.123843253492133,1.0828275933135494,17.97223821883387,4.847212601623479,6.292888481466803,3.1321372168890163,-0.001042687649835514,0.6905577639611727,0.18873681438887185,53.551284511084035,43.323118233955654
8.2,0.25149748451986187,3644.722849177844,4435.893507192685,9.185946823993,32.08801660214699,46.9102155978949,2767.6633809258183,65.4313667810919,121.93474343982889,0.20379898552448417,90.03101138728378,50.67889068061453,2674.071498789168,25.609947337167917,54.827115481002004,3288.6442716487254,22.760244116907256,64.93445728165796,4.391157980177624,274.76719643172,101.62349050185396,89.88059002198038,31.977329593512124,14.397740959735938,18.639191625870357,6.149947003863304,18.085253108220307,3.6628249667793495,32.57150281173917,21.2054770581887,13.123843253492133,1.0828275933135494,17.97223821883387,4.847212601623479,6.292888481466803,3.1321372168890163,-0.001042687649835514,0.6905577639611727,0.18873681438887185,53.551284511084035,43.323118233955654
8.25,0.2445330480839125,3669.3270189210875,4435.670847657965,9.290120027412497,31.84880057031213,46.67117997232357,2767.400308403774,65.7481338751986,121.91388465878136,0.2037627910032986,90.02669481558362,50.41174749375136,2674.7697573750984,25.420043078218914,54.19705726928291,3288.7545026187977,22.89988438976582,64.93788311411164,4.933303330482429,275.166204287127,101.60215280738598,90.03405097417178,32.22958010905585,14.409775163552272,19.208060671551912,5.901144180973489,17.860219413870063,3.680629729762542,32.639070747373296,21.043113553834882,13.197186354297855,1.0947203361862654,18.0469424054362,4.934064620126116,6.280081142201474,3.057547888121374,0.0028610145399561096,0.6793702038666981,0.1702284913931908,53.3123337177085,43.518766759971584
8.3,0.24544126779506453,3665.521760353014,4496.76750624385,9.261719205181464,31.58742164975981,46.818194125100995,2767.834889632424,64.67790573866414,121.92843724170032,0.2048012843985541,89.96956916639786,51.23383555504992,2673.9961338149465,25.327314513081088,52.25055768290724,3289.168271705608,22.529511789837017,64.91666051552828,5.2046600125644815,275.1862562830501,101.62118864805115,89.79468721069199,32.22958010905585,14.409775163552272,19.208060671551912,5.901144180973489,17.860219413870063,3.680629729762542,32.639070747373296,21.043113553834882,13.197186354297855,1.0947203361862654,18.0469424054362,4.934064620126116,6.280081142201474,3.057547888121374,0.0028610145399561096,0.6793702038666981,0.1702284913931908,53.3123337177085,43.518766759971584
8.35,0.24723529232971034,3667.0194342301816,4450.394765406818,9.205658505927229,31.77484344171329,46.96726692601596,2766.5568158202627,64.96243503641628,121.91248921270898,0.19974456820157935,89.87133749760481,50.30978855778322,2672.4955786597957,25.43666295777748,54.65242621332193,3287.706785471101,23.028640741131046,64.89397397884098,4.751194815125536,275.1474269479156,101.62793244731805,89.91593833482094,32.03942729782343,14.352469435449917,18.35066184519565,6.061551427168633,18.299049438881347,3.6769768616094796,32.56311149439929,20.981549572432726,13.169829682739001,1.0128236615655761,17.85555651579502,4.90537174057603,6.312584124860664,3.17327463222145,0.0028610145399561096,0.6793702038666981,0.1702284913931908,53.3123337177085,43.518766759971584
8.4,0.24799543559622975,3652.165191783871,4388.022249731234,9.174665801088942,31.931211590274113,46.78529850973934,2768.117356506616,65.03805909108301,121.9109500773681,0.198890415067652,90.07068518139332,50.82437375851613,2674.519575136391,25.322969062641782,54.29635401464437,3288.7006753988667,22.649165340130164,64.89413300117482,5.622539226962623,275.16092545260193,101.60331994920584,90.0922456727566,32.03942729782343,14.352469435449917,18.35066184519565,6.061551427168633,18.299049438881347,3.6769768616094796,32.56311149439929,20.981549572432726,13.169829682739001,1.0128236615655761,17.85555651579502,4.90537174057603,6.312584124860664,3.17327463222145,0.0028610145399561096,0.6793702038666981,0.1702284913931908,53.3123337177085,43.518766759971584
8.45,0.24301767168278243,3641.557977537396,4421.073872801784,9.282856826486888,31.821271840989176,47.33915617685504,2767.3610729428406,65.60156393735124,121.92741160009031,0.19828031144281955,90.01180978684359,51.4557972668188,2673.5438774181002,25.52636024544555,53.08990636797176,3288.93743140829,22.91647727034399,64.90330557496286,5.796696233281366,275.2364833367362,101.60078440183622,90.04112494034545,31.400775322162023,14.465114424062575,18.661768623715368,6.196167791212279,18.160712674977095,3.634511704906908,32.627942251225164,21.03834890718216,13.032664120619842,0.9662418060582987,17.54392975751608,4.924085765170039,6.302405589145086,3.0791814579396344,0.0028610145399561096,0.6793702038666981,0.1702284913931908,53.3123337177085,43.518766759971584
8.5,0.24130456220058022,3649.3007631121623,4410.795292463589,9.281295089746765,31.901446340767247,46.65532618786613,2768.198679669891,65.39936600515772,121.93343933709326,0.19719266116464557,89.99560271508636,51.1405920750046,2674.697055245551,25.545074052704223,53.3521513940443,3289.4321849847047,22.94092731283921,64.89316118011641,4.792198191103523,274.8659745629522,101.60301161453691,90.00771492488089,31.400775322162023,14.465114424062575,18.661768623715368,6.196167791212279,18.160712674977095,3.634511704906908,32.627942251225164,21.03834890718216,13.032664120619842,0.9662418060582987,17.54392975751608,4.924085765170039,6.302405589145086,3.0791814579396344,0.0021915365810821954,0.6836155028006782,0.1737232442771653,53.519715871201555,43.99964777638908
8.55,0.2426749801511667,3636.1868140114325,4472.961986290456,9.283284989987832,31.68283478847013,46.93987806478522,2768.6715189822635,65.48009148551407,121.93871169771418,0.2008618777090335,90.02018106082052,51.405570994643,2675.2292980797693,25.333955188961607,54.534588831317414,3290.244080563873,22.820786515673454,64.8987067932179,5.800499753740056,275.2214402211877,101.60395057889296,89.95307239928502,31.824106593075633,14.385674998052826,18.826392287285287,6.246959492909004,18.186328325378273,3.6484456220841737,32.57013502615515,20.965474672640966,13.36318341261443,1.0678495776131296,18.20200643405201,4.853802280669505,6.392312849039943,3.0171809582826516,0.0021915365810821954,0.6836155028006782,0.1737232442771653,53.519715871201555,43.99964777638908
8.6,0.24398112323335341,3672.7909792492633,4401.589535394192,9.272027010659958,31.650691202536468,46.86252994400723,2768.4435340047585,65.56524311391313,121.9350148386954,0.20387007232023863,89.9860836913645,49.99932420014467,2675.41938110773,25.523916404422263,56.71156853049907,3290.1795399138528,22.717810005522512,64.89996807024077,4.487116307915707,274.6831480159084,101.59099768040117,89.9440520434812,31.824106593075633,14.385674998052826,18.826392287285287,6.246959492909004,18.186328325378273,3.6484456220841737,32.57013502615515,20.965474672640966,13.36318341261443,1.0678495776131296,18.20200643405201,4.853802280669505,6.392312849039943,3.0171809582826516,0.0021915365810821954,0.6836155028006782,0.1737232442771653,53.519715871201555,43.99964777638908
8.65,0.24708437924409427,3656.5056772664398,4433.201397366691,9.317777894701441,31.95846136255521,46.81973131284498,2768.0649116197524,65.21019788500507,121.9100955696228,0.20424086035578487,89.91688400299053,51.81409341607602,2674.2659110148034,25.407050254957586,54.163373900451624,3289.5416874162083,22.950169488514227,64.90268954305886,4.283570850092621,274.7227983674087,101.59700679195406,89.74250864651948,31.79626270547807,14.487003709076944,18.707115368935305,6.156068450320207,18.08134630358413,3.682726412569488,32.51055916238727,21.139001281753913,13.484753770550542,1.1485134833376476,18.164725021649687,4.915709249340712,6.400641910159378,3.01277638209007,0.0021915365810821954,0.6836155028006782,0.1737232442771653,53.519715871201555,43.99964777638908
8.700000000000001,0.24854073083657335,3639.2404542247323,4449.0123777330855,9.238320780492222,31.58260983425732,46.915382105516706,2768.1213691794937,65.06895646098805,121.93897367370549,0.2040626948561345,89.97429764822984,48.23900752602822,2675.0833394706056,25.418420401822342,54.43348768407063,3289.3694142327504,22.962492715917445,64.8829227727982,5.481335658358739,275.12859897230487,101.60092368427277,90.03593858441884,31.79626270547807,14.487003709076944,18.707115368935305,6.156068450320207,18.08134630358413,3.682726412569488,32.51055916238727,21.139001281753913,13.484753770550542,1.1485134833376476,18.164725021649687,4.915709249340712,6.400641910159378,3.01277638209007,0.0021915365810821954,0.6836155028006782,0.1737232442771653,53.519715871201555,43.99964777638908
8.75,0.24388766110346488,3630.834006544656,4447.975354396168,9.175669161308731,31.708384937859968,47.20955874420613,2768.805703717879,65.65625677943083,121.93688313143912,0.20278530887548774,90.03051521984395,52.15904227030848,2675.16772201895,25.38571474312209,55.152143467499116,3289.748811982488,22.91727135495553,64.88638092429456,3.958292366910067,274.95703396616193,101.59770020031837,90.07026928288032,31.537720859944603,14.555066544564957,18.615181008888317,6.123793876899264,18.190405088737613,3.6720179144630127,32.58844997270916,21.065732395685874,13.018767731040436,0.9593775015647961,17.178232443501955,4.8885824874847765,6.2114138133629515,2.9917793285931986,0.005698105597663598,0.6924979540564384,0.1931289898951166,53.23939918086307,43.7248006105103
8.8,0.24673360196346683,3660.996561335296,4470.54745716618,9.243062095740633,32.11759178649107,47.254093754288995,2769.275328049688,65.03753074302364,121.93805529484416,0.20732539067469383,90.05615566882739,50.15275773209847,2675.906723561156,25.503595034756437,54.07962243823436,3291.17595182202,23.036428438360442,64.91277864031692,5.407948874756338,274.5027218888705,101.58072707075284,89.75683536869384,31.537720859944603,14.555066544564957,18.615181008888317,6.123793876899264,18.190405088737613,3.6720179144630127,32.58844997270916,21.065732395685874,13.018767731040436,0.9593775015647961,17.178232443501955,4.8885824874847765,6.2114138133629515,2.9917793285931986,0.005698105597663598,0.6924979540564384,0.1931289898951166,53.23939918086307,43.7248006105103
8.85,0.24956679609108318,3675.765257115441,4414.490264162054,9.220557205488664,31.553982359383863,47.08470713834738,2767.4070241450554,65.5247860054917,121.92225938733573,0.21162246732669765,89.87969398607878,52.27352121379073,2674.4066467891053,25.412443559756113,53.168217492776805,3289.6068001423487,22.83622992666151,64.89451146330255,4.516690342726568,274.5826193671375,101.6338672840443,89.82746925833742,32.252254298745406,14.479777252335662,19.155028852802648,6.151846944148371,17.986148181990444,3.641274992732737,32.509397992421114,21.126472011743452,13.521342451923484,1.240267665405473,17.911127876683242,4.932322294609782,6.3211772693433685,3.1531268609263243,0.005698105597663598,0.6924979540564384,0.1931289898951166,53.23939918086307,43.7248006105103
8.9,0.24907532284835812,3666.5866091061644,4440.463705735484,9.249360462179826,31.714447354001706,47.163522302454176,2768.74008051573,64.80056315540399,121.93189807288591,0.2105430594506815,89.97682630790206,49.765224455946225,2675.141460481298,25.04462106047933,52.57717301233065,3289.921296691582,23.0552247862486,64.86970096105105,5.520392063528521,275.15528500059054,101.61983571727536,89.96534671903022,32.252254298745406,14.479777252335662,19.155028852802648,6.151846944148371,17.986148181990444,3.641274992732737,32.509397992421114,21.126472011743452,13.521342451923484,1.240267665405473,17.911127876683242,4.932322294609782,6.3211772693433685,3.1531268609263243,0.005698105597663598,0.6924979540564384,0.1931289898951166,53.23939918086307,43.7248006105103
8.950000000000001,0.24928720211741842,3648.9619490258574,4424.735201937782,9.241003879664554,31.865561667022224,46.90632893409688,2768.136961100344,64.49847115632247,121.93270790091765,0.20752063434056905,89.92804896979575,48.968421450116544,2674.7639575325247,25.306880826663182,52.49836211556641,3289.338715317042,22.74096147026099,64.86203534905509,3.9526193377323127,274.97054614134964,101.63446657774044,90.10491096179057,31.823468215963732,14.474561405947773,18.595769219335644,6.206590581232389,17.680010079198723,3.6634968250794198,32.714994290297106,21.527347651573344,12.929197475731856,1.1008941195478021,17.954891068737936,4.900008760611858,6.338151727313705,3.123348357829976,0.005698105597663598,0.6924979540564384,0.1931289898951166,53.23939918086307,43.7248006105103
9.0,0.24905780336658245,3623.4007817219385,4456.6173589949085,9.280578524420587,31.687413801143013,46.70792435341585,2767.6528526072775,64.15496599801573,121.92001473513075,0.20694441474671338,89.93011467623386,50.74655652006521,2673.6484608238643,25.3662456897477,55.186771616281796,3288.58054042399,22.757388755311116,64.8830161254409,4.840377322052759,274.5034054980923,101.64284785180723,89.75136661649067,31.823468215963732,14.474561405947773,18.595769219335644,6.206590581232389,17.680010079198723,3.6634968250794198,32.714994290297106,21.527347651573344,12.929197475731856,1.1008941195478021,17.954891068737936,4.900008760611858,6.338151727313705,3.123348357829976,0.019508504616621163,0.6836872543540132,0.1887144815216393,53.16882875722206,44.027190823784345
9.05,0.24735966222673952,3628.4209222193276,4430.341415514564,9.1979303793179,31.852290818843475,46.83559566086564,2768.213049735505,64.60727061290964,121.91591081899112,0.20801484248068317,89.979286406529,50.30983680189857,2674.410985778925,25.34416768196874,52.32929498934,3288.665167002473,23.12311324959445,64.88180301660111,5.868032742906758,274.71000054013973,101.62576986287542,90.18683714726318,31.74175213246696,14.27474034301466,18.656576896101324,6.147554129208424,18.114467464452705,3.6894977027117264,32.156891964591885,21.16465998904489,12.782504237142446,0.9976293807667342,18.2256114662587,4.88953052406896,6.260468341871688,3.061264826846102,0.019508504616621163,0.6836872543540132,0.1887144815216393,53.16882875722206,44.027190823784345
9.1,0.24715269331620177,3667.9085881768647,4431.706577993181,9.268753867265621,31.837738407386937,46.80615584325636,2768.1120036755624,65.17095443645974,121.94250233297505,0.2113795688536255,89.99897647927277,49.89101163503642,2674.6245629924283,25.30945742221271,53.251087987125814,3289.5772394822907,22.84752698777149,64.88516519182258,2.3755221615879343,274.55702461229316,101.60732411185276,89.94371678251001,31.74175213246696,14.27474034301466,18.656576896101324,6.147554129208424,18.114467464452705,3.6894977027117264,32.156891964591885,21.16465998904489,12.782504237142446,0.9976293807667342,18.2256114662587,4.88953052406896,6.260468341871688,3.061264826846102,0.019508504616621163,0.6836872543540132,0.1887144815216393,53.16882875722206,44.027190823784345
9.15,0.24549630303021278,3655.35139261094,4399.594970973617,9.277073582155984,31.744157973796415,46.770404433036745,2768.3893532225984,64.69541845992455,121.95265732771307,0.21129060624697535,89.98626155546269,50.02141740007734,2675.0570435763652,25.74904887641508,53.12886389590461,3288.658958774525,22.746948141538482,64.8876383498409,5.000768242462116,275.10514451925746,101.60082256209759,89.86133718735928,31.84661884866713,14.49434601640962,19.097985849320455,6.234464295395388,17.902590077957385,3.68883061002871,32.1667436495581,21.329977835640864,12.806269435309002,1.0511925271799707,17.832446315722166,4.856023282639452,6.298049817585154,3.1289841992397402,0.019508504616621163,0.6836872543540132,0.1887144815216393,53.16882875722206,44.027190823784345
9.200000000000001,0.24742132871306433,3668.9336429027785,4427.339284120776,9.202578529965322,31.554635120207195,46.93902991803421,2767.800393925164,65.49960198963096,121.91759061911648,0.20997171163282272,89.92776406596695,51.734591256992665,2673.8587009926364,25.373463245557904,54.87660067003598,3288.676703686204,22.889217654016285,64.8882482549352,5.356039547721684,274.78428830568953,101.58943537058667,89.83160339848848,31.84661884866713,14.49434601640962,19.097985849320455,6.234464295395388,17.902590077957385,3.68883061002871,32.1667436495581,21.329977835640864,12.806269435309002,1.0511925271799707,17.832446315722166,4.856023282639452,6.298049817585154,3.1289841992397402,0.019508504616621163,0.6836872543540132,0.1887144815216393,53.16882875722206,44.027190823784345
9.25,0.24936275139552763,3668.1255844978136,4421.20113468076,9.204335334016664,31.4385997716463,46.681041497689336,2767.989427902998,65.35082934383907,121.90022699547674,0.21098261675634225,89.91793995016425,52.68354726348071,2673.2680145757668,25.48660736846076,52.61829564008614,3288.5553056194317,22.844257556061148,64.87627545031818,4.031363305132385,274.84088668737576,101.61329060874395,89.83794257700522,31.49847261794605,14.407029118382376,18.7840092291853,6.146129700093619,17.762455727162646,3.680352538774217,32.68983280383947,21.138255116842636,13.005030921226025,1.019879534994633,18.208981856682826,4.897832624879776,6.3154408180015595,3.1087859106880504,0.014371183251981274,0.6852862122989939,0.1907020942872673,53.86440378379649,44.1187292414341
9.3,0.251908762490857,3674.2412641894302,4413.922550004244,9.114225646498864,31.86791003956063,47.19817626924936,2767.683562556023,65.14165202051598,121.94016335026596,0.2063122488252522,89.97153064973314,50.58616577784727,2674.063654031564,25.609560412906408,53.49336415495843,3288.6788339301884,22.778734772075545,64.86095783385302,4.71286464543861,274.64386351556533,101.61034048917334,89.85264915934187,31.49847261794605,14.407029118382376,18.7840092291853,6.146129700093619,17.762455727162646,3.680352538774217,32.68983280383947,21.138255116842636,13.005030921226025,1.019879534994633,18.208981856682826,4.897832624879776,6.3154408180015595,3.1087859106880504,0.014371183251981274,0.6852862122989939,0.1907020942872673,53.86440378379649,44.1187292414341
9.35,0.25381422570157713,3675.272408355271,4457.958197557279,9.261102006975456,31.743129111409445,46.93463427414066,2767.3433586709,64.57665604252506,121.91298715631456,0.20991292798523115,89.9246035154805,50.78500381788332,2673.79657055508,25.357131080694465,52.380927279203924,3288.715850679072,22.813111115804293,64.87707754132876,3.987333400525728,274.8503807183615,101.60901348623294,89.85825100491176,31.874155108956366,14.473033290908681,18.99591911138472,6.007684535995735,18.194544115191416,3.6362242827652493,32.15694785913828,21.241451308408593,13.011311153772997,0.999928503460062,17.924902802904196,4.857819226586933,6.198870484249029,3.0453544100480916,0.014371183251981274,0.6852862122989939,0.1907020942872673,53.86440378379649,44.1187292414341
9.4,0.2522399654162055,3643.103767681278,4465.555685068494,9.354327408358422,31.595200628187747,47.16045840930486,2767.7737041187943,65.18469636612262,121.92505825735728,0.20893665419863588,89.95889922425408,50.87320014024243,2674.414318188625,25.37761198821141,54.106873869120065,3289.4631697545055,22.77987456805464,64.87607647456903,5.416244047262446,274.5962654490031,101.60351184902494,89.99432423796743,31.874155108956366,14.473033290908681,18.99591911138472,6.007684535995735,18.194544115191416,3.6362242827652493,32.15694785913828,21.241451308408593,13.011311153772997,0.999928503460062,17.924902802904196,4.857819226586933,6.198870484249029,3.0453544100480916,0.014371183251981274,0.6852862122989939,0.1907020942872673,53.86440378379649,44.1187292414341
9.450000000000001,0.25526345879958917,3609.902001227587,4463.2334051397265,9.212388193533911,31.734354633328916,46.62295746308185,2768.3694427120786,64.67714261143277,121.92582335190927,0.20614855217099243,89.91536264541604,50.981989546222145,2674.6965285819256,25.602751654246347,53.29301619930014,3289.4418773693505,22.95337033078636,64.87492064053522,7.795958535544417,274.6025616057252,101.62335928902934,89.65519669265394,32.133126042911556,14.338578403157802,19.116969494406327,6.285270511539856,17.86376965931409,3.6480832889621375,32.56351384766687,21.127862402392903,12.947955837556512,1.0976629002331717,17.84404825322973,4.8770803665806115,6.29293124053294,3.0758333200379333,0.014371183251981274,0.6852862122989939,0.1907020942872673,53.86440378379649,44.1187292414341
9.5,0.25564195270963835,3614.025939446106,4468.548129258577,9.226890605000579,32.2484257179963,47.211713240668615,2768.5695320892723,64.53868852578249,121.94819231178195,0.20946676008056125,89.90726844035123,51.20918953201501,2675.058676979209,25.39538961832823,53.18220649929685,3289.172753258961,22.707445004053607,64.86207504612607,5.065924890395662,274.68912954177944,101.62680946945866,90.1235737691278,32.133126042911556,14.338578403157802,19.116969494406327,6.285270511539856,17.86376965931409,3.6480832889621375,32.56351384766687,21.127862402392903,12.947955837556512,1.0976629002331717,17.84404825322973,4.8770803665806115,6.29293124053294,3.0758333200379333,0.01568925786022724,0.6703514399255778,0.199086442915639,53.601991018656136,43.58859559453095
9.55,0.25520062287229495,3614.1135569100306,4447.415825239578,9.1995228098699,32.15210846093484,46.89238320097095,2769.0849163496596,65.45240081770986,121.94096258920663,0.2070445801830861,90.03880569726566,51.025112910023026,2675.403304913464,25.2210430369669,52.16495577270891,3289.437722486505,22.844868119186753,64.8881739518129,5.8312166522500215,274.3648722140287,101.62013979128352,89.99922748465623,32.01679718087149,14.344910653672297,18.831357398986007,6.1435613620310425,17.7780912794109,3.636883850326824,31.840356799696508,21.3163447074154,13.379385878373212,1.2195761069022626,17.81034997453559,4.850695154866122,6.366182787051713,3.057028665279377,0.01568925786022724,0.6703514399255778,0.199086442915639,53.601991018656136,43.58859559453095
9.6,0.2538692134956466,3622.325043416695,4433.5094187812565,9.195947271683048,31.770527013235046,46.94760151539846,2768.011167617872,65.16640245576046,121.92501221372447,0.21080461604472764,89.99489717467284,50.12652276171777,2674.990884388435,25.066796227047707,52.78940414430718,3289.3907536205243,22.870512470640282,64.9020819064123,3.02827013304678,274.3470424667068,101.6178060644323,89.87914778352318,32.01679718087149,14.344910653672297,18.831357398986007,6.1435613620310425,17.7780912794109,3.636883850326824,31.840356799696508,21.3163447074154,13.379385878373212,1.2195761069022626,17.81034997453559,4.850695154866122,6.366182787051713,3.057028665279377,0.01568925786022724,0.6703514399255778,0.199086442915639,53.601991018656136,43.58859559453095
9.65,0.2538836095669584,3658.214838809382,4434.389978600482,9.203110924134101,31.892863037111443,47.18872975751351,2768.0657955133747,65.69472116094767,121.92960103967903,0.21239758936528466,89.94780350660504,50.17503906511186,2673.973433252646,25.40652950356933,52.35432158357055,3288.851889523782,22.779878123117573,64.90721168618926,3.7238265151745398,274.712358583294,101.64099302960896,89.99503874604562,31.67005001261247,14.502638828152316,18.49307911068601,6.104948894087676,17.803972804961965,3.6821574387934697,32.48099863528206,21.042794042976407,13.294322567908274,0.8984939105069859,17.977912842948236,4.8864073794752665,6.2772662623689754,3.030802873320144,0.01568925786022724,0.6703514399255778,0.199086442915639,53.601991018656136,43.58859559453095
9.700000000000001,0.25267503124144136,3663.27915837223,4440.3977354002545,9.23923526932335,31.899938255139716,46.723398293410064,2767.812015180385,65.48574004220694,121.9198020413843,0.20985173052093692,89.96204288687404,50.56626532855519,2673.8258486498444,25.4152990230742,53.23246876591523,3289.0834732238677,22.881744978674426,64.89201550321093,5.4257027414007,274.98554175354616,101.63694546476913,90.00683605061805,31.67005001261247,14.502638828152316,18.49307911068601,6.104948894087676,17.803972804961965,3.6821574387934697,32.48099863528206,21.042794042976407,13.294322567908274,0.8984939105069859,17.977912842948236,4.8864073794752665,6.2772662623689754,3.030802873320144,0.01568925786022724,0.6703514399255778,0.199086442915639,53.601991018656136,43.58859559453095
9.75,0.2526749713440978,3616.8416563191154,4407.315618171489,9.291275410663998,31.761106143860296,47.319546453502156,2768.672511937923,64.81845592695792,121.94910006663072,0.21221832371548865,90.04594550789253,50.462001577938956,2676.023065379703,25.22142400102017,54.13822024284136,3290.3350847114034,22.815176968864172,64.90934136800468,4.124673826908138,274.62412762444916,101.59929556933265,89.90369539405268,31.8685741860173,14.334702409328765,18.958105957329785,6.178403700354233,17.875567699232604,3.6339712379694054,31.740897764423337,21.091293468691546,13.183454657903999,1.101150268093242,18.165877438186115,4.831601634634062,6.3280957917022755,3.1432296449298733,-2.154299649744819e-05,0.688809917762174,0.17161267719717807,52.93068421131566,44.45968355121781
9.8,0.24976131823064449,3641.793774934312,4439.605693542946,9.269857083972852,31.5902283321626,47.01261755931595,2768.7245904042734,65.54078296109152,121.91941817211894,0.2158002583248416,89.98826004052859,50.13524526585529,2675.517221267685,25.668394562174598,52.66370869686609,3290.1889656913595,23.04508037973029,64.89531169457584,6.413020348120771,274.3662604767279,101.6094031749948,89.91122597893622,31.8685741860173,14.334702409328765,18.958105957329785,6.178403700354233,17.875567699232604,3.6339712379694054,31.740897764423337,21.091293468691546,13.183454657903999,1.101150268093242,18.165877438186115,4.831601634634062,6.3280957917022755,3.1432296449298733,-2.154299649744819e-05,0.688809917762174,0.17161267719717807,52.93068421131566,44.45968355121781
9.85,0.2543954325695412,3638.062797406844,4415.855535626718,9.193471714034212,31.36114033940333,46.58315894157946,2768.2022374412404,65.09780253785142,121.92817214397002,0.21722844588591678,89.9476798337997,50.3857032117042,2674.879877565443,25.337495112153544,53.060895008182506,3289.440789706509,22.772334011656863,64.88524514033934,6.040241194937457,274.33236181570794,101.60452631588126,89.93932254966673,32.187822329317314,14.388325155335776,18.498530170509127,6.245208861210508,18.248403613678224,3.660311425365416,32.09946311067289,21.30489903432074,13.304915030085024,1.2159372248524993,18.20252524572536,4.905209324206705,6.237097448849027,3.023196441500677,-2.154299649744819e-05,0.688809917762174,0.17161267719717807,52.93068421131566,44.45968355121781
9.9,0.25219744952891743,3674.6174091565113,4440.098190429798,9.190300272436103,31.72555811681464,47.03297266485742,2767.735388181452,66.6129583307058,121.91992705480257,0.2150080641469601,89.93493456433092,49.80409899412012,2674.4175340886295,25.24076488547516,51.708886497458614,3289.3336066295856,22.918205268575225,64.88392983524062,2.86134243730794,274.73914170644775,101.63254398819439,89.95174838637512,32.187822329317314,14.388325155335776,18.498530170509127,6.245208861210508,18.248403613678224,3.660311425365416,32.09946311067289,21.30489903432074,13.304915030085024,1.2159372248524993,18.20252524572536,4.905209324206705,6.237097448849027,3.023196441500677,-2.154299649744819e-05,0.688809917762174,0.17161267719717807,52.93068421131566,44.45968355121781
9.950000000000001,0.2523378211435302,3645.1296081062624,4464.386786701756,9.219586892488456,31.620850181491402,46.843194209410434,2768.1592656738267,65.14068232621277,121.95142834063618,0.21920616803420684,89.94227530429468,48.392193452828465,2673.9202251071997,25.214461826168964,54.254237395208335,3288.683919737297,23.042977686347644,64.88777581642518,6.443695439713905,274.4151293196764,101.61349845430271,89.84687686265676,31.784348553655423,14.353848504299469,19.080375067061723,6.095404940481829,17.797526788221727,3.6288359028613413,32.10412451537741,21.229337923303486,13.555577343909622,0.9745255291215761,18.12028738125705,4.890742526212163,6.360771101000369,3.066990960445223,-2.154299649744819e-05,0.688809917762174,0.17161267719717807,52.93068421131566,44.45968355121781
10.0,0.24805101838800794,3627.5447139938888,4411.876727628998,9.186950232158452,31.614290947888094,46.519654775751675,2767.7139753849638,65.56926284895589,121.91606173160311,0.2183177084039197,90.0262956124604,49.98268219429052,2675.273806895105,25.544362348468088,53.28865547695863,3289.2381158648277,22.798623236133082,64.88556122555838,5.06124222772679,274.2788924794402,101.62353442827452,90.14923976198222,31.784348553655423,14.353848504299469,19.080375067061723,6.095404940481829,17.797526788221727,3.6288359028613413,32.10412451537741,21.229337923303486,13.555577343909622,0.9745255291215761,18.12028738125705,4.890742526212163,6.360771101000369,3.066990960445223,0.018406100847461318,0.7042327746339268,0.19666496279529677,54.4986080912731,43.43045300315231
10.05,0.25254379298592716,3658.2524726650477,4417.233802997305,9.281522320218299,31.88249405285075,46.711528178769676,2767.5082489981005,64.44131793001327,121.92761862933854,0.22084948268733295,89.96902544106432,49.927192045458206,2673.888786845016,25.23218145342064,52.688101958044456,3288.7478157646524,22.979691671118285,64.90382630205691,6.014092942096308,274.6806335689963,101.60909235405558,89.9120480440379,31.96725647998679,14.385583946414084,18.824596072455023,6.107510384495406,18.244049133773153,3.682557219178449,32.25841314923888,21.013382491856767,12.939721863909,1.1680498707147533,17.63671011139663,4.841203950805171,6.31355766174753,3.060216449896228,0.018406100847461318,0.7042327746339268,0.19666496279529677,54.4986080912731,43.43045300315231
10.1,0.25439365768699673,3659.471878492975,4448.95139135964,9.194758652621783,31.8305990210344,46.70702125153485,2767.7016289429775,64.1688959890458,121.9341574911279,0.2162577684817736,89.95945241724921,50.644884502839616,2673.524890030294,25.370739079007468,52.77562409985192,3288.5357049608488,22.953637206759726,64.90523501942202,5.170718738090975,273.8952785479727,101.62909388534761,89.73266667814708,31.96725647998679,14.385583946414084,18.824596072455023,6.107510384495406,18.244049133773153,3.682557219178449,32.25841314923888,21.013382491856767,12.939721863909,1.1680498707147533,17.63671011139663,4.841203950805171,6.31355766174753,3.060216449896228,0.018406100847461318,0.7042327746339268,0.19666496279529677,54.4986080912731,43.43045300315231
10.15,0.25532790257839527,3662.1821335538775,4451.991282508821,9.178443151877742,31.774931874206036,46.94875958482138,2767.4543026854617,65.60429043976504,121.91323348810354,0.2157014011745338,89.9747200474295,49.88870306627941,2673.3499158190752,25.55583162641969,53.37388091868445,3288.1415435778426,22.718508188260916,64.89440399773795,7.057181093333143,274.42321578003856,101.64380168897667,90.06564525766701,31.786901746910548,14.501345454851592,19.09573559417139,6.166202271447047,18.07032690221201,3.63900548187132,32.36409350348632,21.133506316594183,13.425117104848907,1.1893539322537496,17.61867873071469,4.868057098362637,6.270881130900864,3.0503872600296567,0.018406100847461318,0.7042327746339268,0.19666496279529677,54.4986080912731,43.43045300315231
10.200000000000001,0.2552813970028625,3616.6375636579955,4457.983730785868,9.275699015361088,31.801091172977674,46.957087546572765,2767.5066830520755,65.59615436396923,121.9476814185249,0.21251373578493452,89.98941965224184,51.24494827204832,2673.8290651342677,25.425213789537693,52.29790809706836,3289.135822952429,22.788100148591134,64.91775909093634,6.656774014908157,274.2214501237704,101.61334015067084,89.88000295687661,31.786901746910548,14.501345454851592,19.09573559417139,6.166202271447047,18.07032690221201,3.63900548187132,32.36409350348632,21.133506316594183,13.425117104848907,1.1893539322537496,17.61867873071469,4.868057098362637,6.270881130900864,3.0503872600296567,0.018406100847461318,0.7042327746339268,0.19666496279529677,54.4986080912731,43.43045300315231
10.25,0.2563906876589041,3620.43822334282,4452.035990985856,9.192810011322457,31.76781950494788,46.87849611196235,2767.4293994319096,65.0834625573102,121.89931690147773,0.21465263167310675,89.92194302290463,50.82329700397726,2672.85531603413,25.576913750642348,51.4986689945217,3288.190056628768,22.89746349536858,64.8846767295831,2.3786378973891424,274.36650606293864,101.64729447429403,89.84096214234299,32.072855615256344,14.512147437635145,18.450250442151148,6.266838700417896,18.210069643062404,3.670949385221177,32.47067454363071,21.123322418576922,13.438945927388568,1.0302724114703348,17.8836062088774,4.913938906415038,6.342184193037123,3.1127341245637283,0.028196062646418427,0.6761561315558041,0.18289609217306468,53.03122298639254,44.371837590262615
10.3,0.2609649869043597,3622.741630123911,4461.848402599141,9.199266998023266,31.697523718981536,46.97621788407021,2769.3388425449284,64.31556582006735,121.93674426184423,0.21156258886295487,90.09576529508713,51.024623102126974,2675.2607053083316,25.544852797369696,50.861945756987325,3290.046015944499,22.97481745735769,64.91236143222864,7.25284548963199,274.38141210023014,101.63472041065383,90.29284875663515,32.072855615256344,14.512147437635145,18.450250442151148,6.266838700417896,18.210069643062404,3.670949385221177,32.47067454363071,21.123322418576922,13.438945927388568,1.0302724114703348,17.8836062088774,4.913938906415038,6.342184193037123,3.1127341245637283,0.028196062646418427,0.6761561315558041,0.18289609217306468,53.03122298639254,44.371837590262615
10.35,0.2555959457096718,3643.2378243983517,4447.610096430231,9.258269456089737,31.601077307422152,46.982480244601014,2769.432200029326,65.63528370855073,121.92579515772384,0.21575637308904622,90.07016874220511,50.21225586014623,2675.564045650573,25.700215655576585,53.04984526472482,3290.3386091224424,22.86666272052679,64.94591889021297,6.045632613852495,274.6610582049337,101.60827441940559,89.87014680779797,31.348835232668108,14.519274138568155,18.703162093055195,6.132348459444815,18.38195255064497,3.6496333757009154,32.17657127093156,21.389347764503718,13.248755696254259,0.9353084874804298,18.119162335639245,4.861198566449174,6.391930225894466,3.1029574914459994,0.028196062646418427,0.6761561315558041,0.18289609217306468,53.03122298639254,44.371837590262615
10.4,0.25181805146256414,3650.1718762311766,4425.772095797701,9.270912546328274,31.482387505655016,46.48823597480845,2767.630546403942,64.85620987947365,121.9068039690572,0.21796503336546505,89.87101306933519,50.44881208544958,2674.272201924011,25.45746631300647,52.03742561500977,3288.8051471480953,23.114592605063166,64.91096794538203,4.716121559044294,274.4869768674432,101.6318943952757,89.83915364549371,31.348835232668108,14.519274138568155,18.703162093055195,6.132348459444815,18.38195255064497,3.6496333757009154,32.17657127093156,21.389347764503718,13.248755696254259,0.9353084874804298,18.119162335639245,4.861198566449174,6.391930225894466,3.1029574914459994,0.028196062646418427,0.6761561315558041,0.18289609217306468,53.03122298639254,44.371837590262615
10.450000000000001,0.2531617848671489,3658.683795524338,4412.033873181069,9.077598581513493,31.47771949058042,47.0482278646013,2768.4088095683837,65.35976655015892,121.92830703903157,0.21710127845748844,90.04219030556129,50.097197853120235,2675.7551804886884,25.367484518457275,52.04395598010058,3290.6296960505447,22.687555750571814,64.91570664884344,4.133289833757757,274.6523769627827,101.61131060145546,90.09471601470207,31.731712720153006,14.46450623279584,18.964574106858585,6.320062952821857,18.241599750134537,3.6414877828336993,31.902774121073953,21.103691463237414,13.083898769671933,0.9310057688222801,17.59310958048279,4.869283687131492,6.354276557413174,3.100113271762522,0.028196062646418427,0.6761561315558041,0.18289609217306468,53.03122298639254,44.371837590262615
10.5,0.25698777489281704,3628.540117700372,4465.774472993757,9.239725197949955,31.354650162624143,47.053682409094876,2768.4207900039464,65.28588316904496,121.9305460872034,0.22157396949739727,89.99085813392136,50.66274059537221,2674.247745128495,25.63184239930156,51.77946877219143,3289.6674374948466,22.88443012031412,64.92272938493826,4.207895738057291,274.50121184924404,101.59417647963905,89.84195245049743,31.731712720153006,14.46450623279584,18.964574106858585,6.320062952821857,18.241599750134537,3.6414877828336993,31.902774121073953,21.103691463237414,13.083898769671933,0.9310057688222801,17.59310958048279,4.869283687131492,6.354276557413174,3.100113271762522,0.008210393597926424,0.6999054291888449,0.19201192697230754,53.30350201839014,43.6267574834081
10.55,0.25806662056545837,3639.216326269181,4441.231468987465,9.25919229100056,31.73347275629422,47.17378925835405,2767.5945608487955,64.32166500080027,121.91983505795436,0.21834080151554103,89.95453227154071,49.58411008539654,2674.490435085975,25.47588130783841,52.76764254221717,3289.2563325379756,22.937173454073484,64.89748167280102,4.413107523390977,274.668486194277,101.60129269018793,90.0653373286658,32.08264611501325,14.414844195711728,19.057766002362474,6.160021802755157,18.149767299204246,3.672253498684619,31.97770092287424,21.29125228399965,13.448813379180276,1.0497171105643681,17.69325481570738,4.8496889058919574,6.235590189566713,3.015394017734807,0.008210393597926424,0.6999054291888449,0.19201192697230754,53.30350201839014,43.6267574834081
10.6,0.26243532260208063,3652.5464562727834,4448.654727651146,9.244898869554799,31.708037708234073,46.8925329438057,2768.464509503249,65.2720046180816,121.9160366039101,0.2204328894746314,90.00018657660533,49.03041674998998,2674.104453508028,25.451852794658173,51.81319297832578,3288.8473026784363,22.740715066975547,64.9272091564702,5.677288344766063,274.50159592197986,101.6038368774207,89.8683773665528,32.08264611501325,14.414844195711728,19.057766002362474,6.160021802755157,18.149767299204246,3.672253498684619,31.97770092287424,21.29125228399965,13.448813379180276,1.0497171105643681,17.69325481570738,4.8496889058919574,6.235590189566713,3.015394017734807,0.008210393597926424,0.6999054291888449,0.19201192697230754,53.30350201839014,43.6267574834081
10.65,0.25868115592038016,3652.749177894916,4448.058306809394,9.257987091518288,31.889856660346954,47.01958086987635,2767.1137179354023,65.17868761389288,121.92066574796918,0.22126725884657575,89.9908609961255,50.80838711676465,2673.690276860358,25.35822040658111,52.126321435978575,3289.2322077040512,22.695576893655748,64.89895872355903,3.895589715668101,274.72556049965516,101.61781938974579,89.972692780118,31.93943521633406,14.50299701465983,18.834805267144443,6.2253433604774315,17.6773478518748,3.662161963258654,31.96727419368129,21.240451734977608,13.088223078608962,0.995263394324531,18.422509929907157,4.845774170819708,6.2605987728544505,3.0230071266938014,0.008210393597926424,0.6999054291888449,0.19201192697230754,53.30350201839014,43.6267574834081
10.700000000000001,0.2599236594372961,3679.423422566577,4452.840975386353,9.204752248742532,31.815701756393377,47.03848182807672,2767.571520925218,64.95422272678351,121.93681708352297,0.22113936126051112,89.99696025988237,50.9160524362979,2674.341862054852,25.164331836371304,50.90878349519645,3288.723646944608,22.76562901769541,64.93325958056687,4.938742284777438,274.38096891408077,101.5974647235531,90.02539984574675,31.93943521633406,14.50299701465983,18.834805267144443,6.2253433604774315,17.6773478518748,3.662161963258654,31.96727419368129,21.240451734977608,13.088223078608962,0.995263394324531,18.422509929907157,4.845774170819708,6.2605987728544505,3.0230071266938014,0.008210393597926424,0.6999054291888449,0.19201192697230754,53.30350201839014,43.6267574834081
10.75,0.2600399801630043,3665.8986572005315,4427.477430000034,9.207620694310608,31.78252069546455,46.55091372938885,2767.2653028351906,65.44178823698596,121.93368540442998,0.2159359568384012,90.02227919194657,48.59889715319919,2674.140927726343,25.208189203940954,50.92735810164927,3287.845222119214,22.970190914056698,64.9194221716249,5.43895144842608,274.42177246313156,101.59938585557796,89.90704718847061,31.51295785483407,14.632671847927424,19.39655217791092,6.266000308400252,17.360179245452468,3.65860984085426,32.015434368854194,21.284199115986034,12.946877673614674,1.1064338370124502,18.32233213406711,4.853859681952008,6.302109391108359,3.147901834019229,0.019097417216978104,0.689853536921479,0.17035743612297014,54.89368316692071,43.55810473632916
10.8,0.26006224606555595,3670.8220562493093,4448.7141023023005,9.33428442475861,31.615874281252974,47.03011236860116,2765.8527424600516,65.74267385491554,121.92291386919987,0.21489274635879999,89.91222242982036,50.25332546701577,2672.737309374749,25.433864491690088,51.397793828757415,3287.021860722751,22.935665471996835,64.90967147368053,5.999127782455105,274.4503787417845,101.62811243367182,89.89796517527898,31.51295785483407,14.632671847927424,19.39655217791092,6.266000308400252,17.360179245452468,3.65860984085426,32.015434368854194,21.284199115986034,12.946877673614674,1.1064338370124502,18.32233213406711,4.853859681952008,6.302109391108359,3.147901834019229,0.019097417216978104,0.689853536921479,0.17035743612297014,54.89368316692071,43.55810473632916
10.85,0.26570597812444197,3617.567558647954,4423.417128608141,9.129965862090412,31.629501589730427,47.13034244661452,2767.3340798857853,64.9412693988371,121.92623102568972,0.2135129190323937,90.03854265264094,49.88495020573015,2673.804073615022,25.337622998023292,51.730123368149876,3288.3427833470673,22.879232613659113,64.92350047617889,6.791595680933346,274.3708836984443,101.6427751384176,89.91639961358129,31.801793458033234,14.356232186675157,19.648025638897238,6.0834840090484015,18.05290564028668,3.648446997184389,32.16288039795265,21.15154558008281,13.310497828430796,0.9164961633901032,18.067720915538903,4.864321979805644,6.287928822610092,3.0027998089337635,0.019097417216978104,0.689853536921479,0.17035743612297014,54.89368316692071,43.55810473632916
10.9,0.27084127243633743,3631.281889332038,4470.1056744197585,9.210221548714568,31.629302564639143,46.94941668246346,2767.264740671066,64.61865309449603,121.93972300962349,0.2120033899347713,90.04633478686173,51.45162148681567,2673.2939525485936,25.453916588246805,53.018693884661566,3287.951238461946,22.752858863228266,64.93558772018123,4.187525519811889,274.4928910236225,101.64249318652418,89.95189034821883,31.801793458033234,14.356232186675157,19.648025638897238,6.0834840090484015,18.05290564028668,3.648446997184389,32.16288039795265,21.15154558008281,13.310497828430796,0.9164961633901032,18.067720915538903,4.864321979805644,6.287928822610092,3.0027998089337635,0.019097417216978104,0.689853536921479,0.17035743612297014,54.89368316692071,43.55810473632916
10.950000000000001,0.2750487599368979,3631.7619919506515,4456.5565122435055,9.065274812700654,31.631658696836784,46.776603188582214,2765.9780879443856,65.33053796072477,121.93490506811358,0.21038271374350154,89.94085155472848,50.34789480808153,2672.602297187505,25.380450470026194,51.239124753039874,3287.917206983017,22.787259514445836,64.9504023317821,5.088916165811952,274.5947915642054,101.67389260696524,89.89645485205877,31.96054650799318,14.552172393153171,18.97808325461407,6.210653913551833,18.206599794666168,3.6187043061694184,32.122068405390614,21.341948302482464,13.460803419455448,1.0693386677366992,17.865684483801893,4.86119494834106,6.291860993048087,3.028611576663189,0.019097417216978104,0.689853536921479,0.17035743612297014,54.89368316692071,43.55810473632916
11.0,0.2762092532683155,3645.3181149949255,4482.290008346107,9.166965332696718,31.930652532296964,47.04180326861232,2766.8155021619104,65.27803579611879,121.91946579518132,0.20589357276441994,89.97924969384188,50.19818120602056,2672.8713563040656,25.175829966417286,52.612509400877855,3287.3193724042203,22.88189344787423,64.94385876507035,4.693400053966273,274.7366454970459,101.65922248301845,90.0598428775911,31.96054650799318,14.552172393153171,18.97808325461407,6.210653913551833,18.206599794666168,3.6187043061694184,32.122068405390614,21.341948302482464,13.460803419455448,1.0693386677366992,17.865684483801893,4.86119494834106,6.291860993048087,3.028611576663189,-0.0006051570397915141,0.7004564285036073,0.1865891179192743,52.777354107079354,44.16099723568682
11.05,0.27519357755409446,3642.3422467670903,4470.0123738689,9.204066131063414,31.687686934625695,46.69816677927569,2767.081651001886,64.8121513391939,121.91273079846577,0.20623883824261408,89.99876185544758,50.73130734213241,2673.5768807950717,25.45425559206086,51.94868925641166,3288.948420394202,22.612513139427584,64.95237547554652,4.613793712671103,274.1659921865822,101.64900865262088,89.98536850229186,31.982138306090672,14.380812665782486,18.678047504461237,6.202850722122464,18.08876533000532,3.6639539733023594,32.077126602811894,21.31767285978277,13.311892250926112,1.0109882685131881,18.033999735911713,4.84126904721772,6.321442567515753,3.046962297520862,-0.0006051570397915141,0.7004564285036073,0.1865891179192743,52.777354107079354,44.16099723568682
11.1,0.2732933418587165,3617.7906194707166,4498.88517160846,9.222504543251338,31.978742872763508,46.993572439472125,2767.5245313960677,64.61592334211646,121.92865641591058,0.2056305278495478,90.06111598458992,48.900596809842014,2674.003266325188,25.169954998337627,51.11038184207402,3288.939030415165,22.999863515332848,64.9609144733101,5.285978472694324,274.4593618524489,101.62340410038142,89.84141975914315,31.982138306090672,14.380812665782486,18.678047504461237,6.202850722122464,18.08876533000532,3.6639539733023594,32.077126602811894,21.31767285978277,13.311892250926112,1.0109882685131881,18.033999735911713,4.84126904721772,6.321442567515753,3.046962297520862,-0.0006051570397915141,0.7004564285036073,0.1865891179192743,52.777354107079354,44.16099723568682
11.15,0.2694904867292998,3629.221030400155,4453.962807108856,9.230414710456587,32.02651174744649,46.88052166136399,2766.265215048734,65.82747232936293,121.92835963181125,0.20339796455426767,89.91135735576727,50.37950333649935,2673.3136240616614,25.29787069932616,52.74818006066976,3287.769349235913,22.88374957053836,64.92734198946705,7.546066853484135,274.3894419390259,101.63705458141905,89.97454167534205,31.75750004789155,14.391361078020644,18.90697673026459,6.062719186144095,18.0484131872393,3.6437133821574275,31.812333760445803,21.320647227609374,13.177496146472853,1.0914915900890818,17.580184276775036,4.837874176530443,6.300559886618315,3.002713351109104,-0.0006051570397915141,0.7004564285036073,0.1865891179192743,52.777354107079354,44.16099723568682
11.200000000000001,0.26932398037033545,3654.836674173651,4377.864831833017,9.13512557247919,31.257742805750443,46.889935486113394,2767.705667445973,65.29640583921763,121.93344230868806,0.20218361127325837,90.00185097280709,49.51422360297403,2674.5752742776185,25.312352356992477,50.251893529768495,3288.803478796899,23.0198629371407,64.92319090073984,5.420669790640904,274.67237227280714,101.63903310352804,89.95121998418928,31.75750004789155,14.391361078020644,18.90697673026459,6.062719186144095,18.0484131872393,3.6437133821574275,31.812333760445803,21.320647227609374,13.177496146472853,1.0914915900890818,17.580184276775036,4.837874176530443,6.300559886618315,3.002713351109104,-0.0006051570397915141,0.7004564285036073,0.1865891179192743,52.777354107079354,44.16099723568682
11.25,0.2677541608457726,3649.834820774261,4435.605595052836,9.171566433866207,31.569868097502408,46.9214404085247,2768.08228515521,64.7032746239741,121.92354296268762,0.20622837855886017,90.02035067605665,49.31956705562599,2674.206209722337,25.33605172086606,51.867678231679534,3289.254300644324,22.75228143455583,64.93056962265071,5.24368837969941,274.52461064883994,101.63379689041112,90.0960672393911,31.674530692769444,14.458414663978388,18.687415544856737,6.061206834642577,18.30546787505399,3.619719838336407,32.04806080804534,21.146249242734058,13.30934124349706,1.0565302706328794,18.051724024741826,4.827239702107066,6.223769988840385,3.1685338290897733,0.006979834636305002,0.7038744286839468,0.18180150209608312,53.82023691199184,43.99455298303011
11.3,0.2704412730975406,3651.758488197357,4373.684160245543,9.248998421984943,31.456785641815387,46.94554893074927,2767.6330855539454,65.1185734775025,121.91891009059289,0.2053342362731505,89.96847426609115,49.07324434652024,2674.071075212817,25.285314518190432,52.12689894101417,3288.626900677257,22.80680169657883,64.92426279803978,3.698462246062806,273.9789529318275,101.59595859387798,89.90494836014062,31.674530692769444,14.458414663978388,18.687415544856737,6.061206834642577,18.30546787505399,3.619719838336407,32.04806080804534,21.146249242734058,13.30934124349706,1.0565302706328794,18.051724024741826,4.827239702107066,6.223769988840385,3.1685338290897733,0.006979834636305002,0.7038744286839468,0.18180150209608312,53.82023691199184,43.99455298303011
11.35,0.2669972940557575,3638.8068984850097,4464.575449487084,9.167214747679793,32.15210465383165,47.16722042773047,2767.8887188049152,64.02432227297422,121.92175996594385,0.20598125408070625,90.02617238640092,50.11358997223891,2674.4525551789047,25.4561361449819,51.67401217929172,3289.3107674012613,22.884504725890903,64.92391364420178,5.324732917730027,274.7700327042411,101.58271695965561,90.04991081270008,32.36158053355727,14.75762378667345,18.380772709748737,6.190474018900187,17.95778485950452,3.6345838411592792,31.918618569073317,21.240936437670015,13.351092973226114,1.031370975098924,17.672268575347513,4.858741197387908,6.26767762371979,3.0131264897684487,0.006979834636305002,0.7038744286839468,0.18180150209608312,53.82023691199184,43.99455298303011
11.4,0.26941666666644426,3635.067534792495,4465.736279406127,9.224232329808732,31.604515767030406,47.16197055192523,2767.7159019088576,64.99575688885804,121.9192336821899,0.20777879050376782,89.94970853466607,49.443324746802126,2674.0641768843507,25.41872344706596,50.26644179160771,3289.0218513133595,22.70191296927668,64.90722914954739,5.428984394878397,274.73326117123594,101.6213620007176,89.94720979889641,32.36158053355727,14.75762378667345,18.380772709748737,6.190474018900187,17.95778485950452,3.6345838411592792,31.918618569073317,21.240936437670015,13.351092973226114,1.031370975098924,17.672268575347513,4.858741197387908,6.26767762371979,3.0131264897684487,0.006979834636305002,0.7038744286839468,0.18180150209608312,53.82023691199184,43.99455298303011
11.450000000000001,0.262116492458822,3613.5324712678403,4427.752353623006,9.270870950141424,31.666935721014323,46.506024897531766,2768.298606337133,65.56735527495425,121.93221370474632,0.20801728888008678,90.02196066005727,49.92187784880569,2674.8964840228687,25.333208972166226,52.12961388514227,3290.154470123178,22.655962440834006,64.93846897539184,4.389227343851284,274.90947522714623,101.6095385319014,90.00543660547156,32.28456388375693,14.550042625016182,19.226191693228124,6.132640796995634,17.608935659393985,3.6455301838165237,32.05884917320369,21.226494703652637,13.803946218981086,0.9963658192084449,18.05725598797928,4.872477824576951,6.30680735404863,3.067799399663577,0.006979834636305002,0.7038744286839468,0.18180150209608312,53.82023691199184,43.99455298303011
11.5,0.2582190926791629,3634.549396363392,4470.862059240001,9.184796629947996,31.79549526672778,47.100632881521086,2768.4244165949267,64.74325510888985,121.92135906524946,0.2059010850848121,89.92748962850922,50.994982027431895,2674.4597651248478,25.47291301285682,50.947674024877315,3288.97867923514,22.698576581350828,64.91822036888395,6.611074542385914,274.5166658742647,101.61460917734306,89.94289375006556,32.28456388375693,14.550042625016182,19.226191693228124,6.132640796995634,17.608935659393985,3.6455301838165237,32.05884917320369,21.226494703652637,13.803946218981086,0.9963658192084449,18.05725598797928,4.872477824576951,6.30680735404863,3.067799399663577,0.02419523759551373,0.7006412350902441,0.16994736627399354,52.5386866534521,45.59432147643014
11.55,0.2623064933791316,3612.3542792365806,4403.060722797981,9.208559539385359,31.585794719152535,46.94788411398775,2768.2115859564433,64.90135716786182,121.9238117297737,0.20596235318080489,89.97550350446058,48.95140570809292,2673.9994652429527,25.512032951328198,52.218077833364774,3288.522057183966,22.91162569399718,64.90555127575604,5.0961103386376365,274.3394892142206,101.62424521134847,90.01397573935886,31.7916202937186,14.548439763758473,19.04147729657696,6.209980621009621,17.721675654154186,3.620421512048202,32.25629368872754,21.24306733468786,13.021135135936275,1.028270778853152,17.911545751262892,4.833985291698849,6.347016153562777,2.990673300268803,0.02419523759551373,0.7006412350902441,0.16994736627399354,52.5386866534521,45.59432147643014
11.6,0.26548322379971434,3643.148547379399,4441.61644064721,9.215994271708196,31.687261657002182,46.78677506316493,2767.429518681841,64.60906794536825,121.93097300760441,0.20996013137904784,89.98479323206186,49.409870636907144,2674.392381147803,25.406409381072407,51.94800318298361,3288.6479799153067,22.880267149884144,64.91475919793375,5.836795923226225,275.0077280348381,101.61292706107928,90.08491015242092,31.7916202937186,14.548439763758473,19.04147729657696,6.209980621009621,17.721675654154186,3.620421512048202,32.25629368872754,21.24306733468786,13.021135135936275,1.028270778853152,17.911545751262892,4.833985291698849,6.347016153562777,2.990673300268803,0.02419523759551373,0.7006412350902441,0.16994736627399354,52.5386866534521,45.59432147643014
11.65,0.2675176169815227,3669.5491995427856,4427.296098086938,9.158397312959892,31.800707481258602,46.60471820361718,2768.0823953554113,63.883891911241946,121.9463085576491,0.20908739439817914,90.12686444137542,50.33953513508437,2674.8589893536764,25.225192301368665,51.28238945702018,3289.435036607505,22.985626474013717,64.95859168249545,3.2527596847815214,274.5587402151386,101.57266062953475,90.05834355687084,31.920992176469245,14.575510456001732,18.910625524083027,6.045912535797795,18.306856516976083,3.6629277010402093,32.27252112016707,21.207627277284494,13.069573482366726,1.2542181601062639,18.051781986393447,4.830359991070912,6.298268832721825,3.138420157084367,0.02419523759551373,0.7006412350902441,0.16994736627399354,52.5386866534521,45.59432147643014
11.700000000000001,0.2687886842579373,3637.6710452976026,4436.254253915214,9.158205373625687,31.781655866032573,47.11426857972641,2767.907617277509,64.67651172926264,121.94913345350763,0.207946684404184,90.05182889951936,50.48527070955986,2673.645151442659,25.366006146862958,52.21551407534358,3288.806915553837,22.790105284116216,64.96184347154299,5.971366028047097,274.8175697674697,101.57255602303906,90.00574805522002,31.920992176469245,14.575510456001732,18.910625524083027,6.045912535797795,18.306856516976083,3.6629277010402093,32.27252112016707,21.207627277284494,13.069573482366726,1.2542181601062639,18.051781986393447,4.830359991070912,6.298268832721825,3.138420157084367,0.02419523759551373,0.7006412350902441,0.16994736627399354,52.5386866534521,45.59432147643014
11.75,0.27004994745392386,3651.4186299348053,4397.551316579452,9.195373466462259,31.41662754669586,47.134465480593626,2766.360348142737,65.73741876768158,121.93720861534078,0.20946963766847462,89.98262807639632,50.23387669064242,2673.183229035192,25.43130798974056,50.641728199997104,3287.6170568360235,22.663743320379982,64.95472495319017,4.959855543854709,274.8176825341822,101.6038189013382,89.81689075864485,32.01888869018555,14.368485799620933,18.615267562936708,6.118564138144333,17.62056854817844,3.61385558824609,32.0493589706389,21.226026074519027,13.459268440791394,1.1553908376880482,18.0730362058232,4.848012241419705,6.396528268335592,3.153342633556176,0.02466747044394295,0.6983978100759484,0.17888719355053564,53.61183253385267,43.802666596472584
11.8,0.2701914920409974,3641.174030979597,4408.326081975511,9.20484503987995,31.865636305633288,46.87264994117344,2765.7540215156782,65.9841249974654,121.92529728637982,0.2075742997623978,89.93051467363104,49.38443705910117,2672.7417520167364,25.522763561240996,50.56159558646627,3287.5053305266933,22.94898567811,64.93189539588356,6.09620959905202,274.645286907371,101.6007637520028,89.98187850009892,32.01888869018555,14.368485799620933,18.615267562936708,6.118564138144333,17.62056854817844,3.61385558824609,32.0493589706389,21.226026074519027,13.459268440791394,1.1553908376880482,18.0730362058232,4.848012241419705,6.396528268335592,3.153342633556176,0.02466747044394295,0.6983978100759484,0.17888719355053564,53.61183253385267,43.802666596472584
11.85,0.26710170408404066,3672.464233152161,4446.146445657015,9.064647253131987,31.76513361280415,46.789860821457744,2767.792771378024,64.42711375009225,121.95858009916135,0.2026157694030297,90.13689160567644,50.151197733862006,2674.5161129535563,25.28698741488316,50.01551370328243,3288.7381937589894,22.832364699397996,64.97153706523461,3.659924211514935,274.820748874953,101.55801828361064,90.14164665671848,31.760901306708885,14.613812363076873,19.096955501887503,6.206225698507269,17.77624500742333,3.664072811561973,31.852985595583625,21.229893865584923,12.968202170592377,1.013307923910682,17.809692255907407,4.854784865657536,6.340606465907725,3.128584163041075,0.02466747044394295,0.6983978100759484,0.17888719355053564,53.61183253385267,43.802666596472584
11.9,0.2663408583456684,3636.50903459234,4401.463950885436,9.308278882430272,31.789069255931715,47.09856162424856,2766.6096761719823,65.05515437883295,121.92526859326843,0.2009052723004271,89.9829132143043,50.45004002116435,2673.5742604921534,25.42270463554889,50.75260866591084,3288.6392078260924,22.75269924384948,64.93098992482241,4.998873794991134,274.34108574301706,101.59166940116984,89.9056923914201,31.760901306708885,14.613812363076873,19.096955501887503,6.206225698507269,17.77624500742333,3.664072811561973,31.852985595583625,21.229893865584923,12.968202170592377,1.013307923910682,17.809692255907407,4.854784865657536,6.340606465907725,3.128584163041075,0.02466747044394295,0.6983978100759484,0.17888719355053564,53.61183253385267,43.802666596472584
11.950000000000001,0.2692884435133377,3655.9022555986726,4400.621194359674,9.176581612842716,31.98884720706205,46.61654415191498,2767.6271987131754,64.62175441813868,121.93086590409048,0.20226514918896996,89.99023086769326,49.43400279869862,2673.569200513401,25.096325577257645,51.67756183595994,3287.9361773163664,22.640293166523694,64.93132830112403,3.269774574717072,274.5324788973434,101.58592501323952,90.05508010233306,31.574655924509475,14.388022608257897,18.882272584381198,6.2768395933496635,17.869932518044216,3.562756107579969,32.15315536655005,21.225793526521134,13.563294211358,1.147665789133802,17.892136279271188,4.866750455492312,6.281901784769681,3.0007456467207914,0.02466747044394295,0.6983978100759484,0.17888719355053564,53.61183253385267,43.802666596472584
12.0,0.2696817747754563,3667.811518126408,4417.501299214721,9.194679058301679,31.900231654323502,47.24661795058218,2767.4799377660397,65.51610912212666,121.91949296929208,0.19851119655011235,90.01997300105745,50.230616503634025,2673.511798798469,25.16220960152288,49.51431434877245,3288.802417456924,23.02464214148907,64.93766135269169,6.442125371590748,274.51206498007036,101.61629673613326,90.05397219627856,31.574655924509475,14.388022608257897,18.882272584381198,6.2768395933496635,17.869932518044216,3.562756107579969,32.15315536655005,21.225793526521134,13.563294211358,1.147665789133802,17.892136279271188,4.866750455492312,6.281901784769681,3.0007456467207914,0.012593746173284372,0.6984187803977695,0.19522840569330957,53.666577184540145,43.6294235619295
12.05,0.27510445496693786,3648.7396133604284,4435.934557604653,9.222731366052692,31.73702268064255,47.00874517579656,2767.0763262757714,64.53528202063475,121.93227064950415,0.1997238875938418,89.9279798160512,48.88760996348112,2673.2894284149024,25.27274375315246,48.49621148751349,3288.5151576805974,22.737383603136927,64.93130485490579,4.465081477457833,275.07315887013993,101.62018903650444,89.816117952395,32.05608013431767,14.736917009861656,18.852398288754667,6.109327684861678,17.872632817790034,3.6597108499831332,32.514922335709635,21.265335537112367,13.646800192149287,1.0555457366927763,17.991635057296733,4.811172434718342,6.3602514135338435,3.0792225720997726,0.012593746173284372,0.6984187803977695,0.19522840569330957,53.666577184540145,43.6294235619295
12.1,0.2730247224733237,3646.19911541152,4423.344455717628,9.157284773841134,31.760480227298192,46.912180426053546,2767.725718210222,64.45099554452298,121.93080379683765,0.20057444450650144,90.01154750915603,48.41926006457363,2674.534733152123,25.284836711223758,49.670099313921774,3289.3612769075967,22.880943637329064,64.93830465528795,4.594533391353945,274.7603312174305,101.59964576508439,89.96582045925466,32.05608013431767,14.736917009861656,18.852398288754667,6.109327684861678,17.872632817790034,3.6597108499831332,32.514922335709635,21.265335537112367,13.646800192149287,1.0555457366927763,17.991635057296733,4.811172434718342,6.3602514135338435,3.0792225720997726,0.012593746173284372,0.6984187803977695,0.19522840569330957,53.666577184540145,43.6294235619295
12.15,0.2734078780806602,3651.7959304660594,4436.271400245742,9.215394653459958,31.59451301820161,46.9333486897948,2768.8762058726347,65.65463823567437,121.92983429701856,0.19919332852386237,90.06485991396865,49.69232457979921,2675.2665644203225,25.301896712128837,50.38117890644293,3290.1175942545883,22.966450366800153,64.9565545287872,3.3084326440277048,275.133818985534,101.60848968272921,89.96399187843157,31.774907086041008,14.398220086187862,19.113220020605546,6.107340548949868,17.861934584074323,3.6696583342643336,32.25755639973204,21.07811955181795,13.299822710200637,1.037956721699997,17.8460939207602,4.807449410198189,6.412870619170053,3.074982910455352,0.012593746173284372,0.6984187803977695,0.19522840569330957,53.666577184540145,43.6294235619295
12.200000000000001,0.2741254569749325,3659.3865218215074,4449.573177478212,9.196481476603388,31.64952555298451,46.96370861628703,2768.7201065661898,64.73822325313623,121.89974609274473,0.20106193755610244,90.00855923165966,51.7417455245504,2674.7018698487245,25.313282166585733,49.63999133983481,3289.841404645394,22.818290213032327,64.96559326168251,7.09814736548617,274.5589653929631,101.59020481193282,89.7850397069518,31.774907086041008,14.398220086187862,19.113220020605546,6.107340548949868,17.861934584074323,3.6696583342643336,32.25755639973204,21.07811955181795,13.299822710200637,1.037956721699997,17.8460939207602,4.807449410198189,6.412870619170053,3.074982910455352,0.012593746173284372,0.6984187803977695,0.19522840569330957,53.666577184540145,43.6294235619295
12.25,0.27395594300920373,3659.5827338047743,4415.05525706873,9.167249751393436,31.99081507801316,47.02287787432633,2768.221789202357,64.56721610416481,121.93330974946568,0.20904645506854774,89.99362807411478,49.68541831091367,2674.4930048606557,25.27765063969975,52.14657948939883,3289.1820816144764,22.921239445475585,64.95752983766857,4.065848869117156,275.1623838317253,101.62901773736095,90.0268632640607,32.1134323058876,14.469738224072742,19.101129260496254,6.224719085432482,18.12022627818097,3.656211826529853,32.080633740857934,21.414149616363073,13.129504978434994,1.07821912315283,17.87025242305047,4.843977357389397,6.326614322336574,3.044825458144932,0.015231875555858523,0.6823249859080157,0.18195925884666952,53.72495925735049,43.935572545774406
12.3,0.27824681390616707,3640.3539881976535,4445.428590003078,9.176847548755244,31.690043827437684,47.111143110253956,2768.8539302302584,65.56555484462035,121.92695716007799,0.20376992751581674,90.03226969998576,50.82967222190376,2675.135479071761,25.465190779464006,49.52358369486827,3290.3600310183483,22.650396417165876,64.96004651711331,4.47425442785824,274.9005908438415,101.60389807697064,90.12626000207875,32.1134323058876,14.469738224072742,19.101129260496254,6.224719085432482,18.12022627818097,3.656211826529853,32.080633740857934,21.414149616363073,13.129504978434994,1.07821912315283,17.87025242305047,4.843977357389397,6.326614322336574,3.044825458144932,0.015231875555858523,0.6823249859080157,0.18195925884666952,53.72495925735049,43.935572545774406
12.35,0.2761913661821236,3626.143601008865,4412.6048954174885,9.103214936011858,32.109867854049355,46.97204631375375,2768.0657463623916,65.40362506982957,121.90922531736744,0.21126219432637014,89.99924397654945,49.24531109451845,2675.1160716588943,25.352028042546376,51.624506269638346,3289.517494118754,22.805734924557417,64.9681808283059,4.4717733349411395,274.84622429670236,101.59799310746025,90.01785410019428,32.23958476367408,14.4632194544181,18.65038959748513,6.160737678062867,17.749959861787005,3.6059347551055287,32.565138745761026,21.308078258914538,13.85906931489675,1.2089630699463059,18.301085265662707,4.865584931503676,6.350802348214376,3.0735852611366097,0.015231875555858523,0.6823249859080157,0.18195925884666952,53.72495925735049,43.935572545774406
12.4,0.2769282358051614,3614.283362533596,4424.968349010329,9.20278476306718,31.6128455113877,47.29334467208099,2768.3987873240735,65.42683908082768,121.93710663887595,0.20847604062642153,90.02982309031442,50.22154256664678,2674.7522795133896,25.454525782758356,51.79256339135088,3289.1140036416828,22.691412542816177,64.98151933185211,6.461123653116832,275.0311417261029,101.61570882208457,90.06576098828407,32.23958476367408,14.4632194544181,18.65038959748513,6.160737678062867,17.749959861787005,3.6059347551055287,32.565138745761026,21.308078258914538,13.85906931489675,1.2089630699463059,18.301085265662707,4.865584931503676,6.350802348214376,3.0735852611366097,0.015231875555858523,0.6823249859080157,0.18195925884666952,53.72495925735049,43.935572545774406
12.450000000000001,0.27444035582526566,3657.231141435297,4443.067595889702,9.178553297081724,31.878323367025583,46.62341534547402,2768.0264296947316,65.12276533717275,121.92258032487031,0.2074866429041927,89.94359764800879,50.950591061690716,2673.8417461399567,25.38275400339677,51.07760159938886,3289.0809773849305,22.873513678388658,64.9757955564747,5.50331040364513,274.93947788387084,101.62093945090699,90.03734881743172,31.983732994041446,14.422700941575167,18.732534939119006,6.202790428663852,18.229394983494636,3.645797368908842,32.20247537270652,21.332085566692783,13.50506080965575,1.1153910382615735,17.853612078749784,4.846625336377031,6.339716425902986,3.052798185926091,0.015231875555858523,0.6823249859080157,0.18195925884666952,53.72495925735049,43.935572545774406
12.5,0.27292498878063765,3645.1632164481657,4423.878352478477,9.263291678268509,32.09336997652637,46.67373991974703,2769.1551932751895,66.07482317662634,121.92925902357153,0.20805822494411524,90.11063134573303,48.72415670403802,2676.1021781196714,25.150203639285227,50.183036882679346,3290.2221047004055,22.948344318705313,64.95520192744827,4.696759151246391,275.1946431310528,101.61783985061406,90.21746160362316,31.983732994041446,14.422700941575167,18.732534939119006,6.202790428663852,18.229394983494636,3.645797368908842,32.20247537270652,21.332085566692783,13.50506080965575,1.1153910382615735,17.853612078749784,4.846625336377031,6.339716425902986,3.052798185926091,0.020389128217574683,0.6768770057198562,0.17780295433677462,54.34451786295298,44.5394468241776
12.55,0.26858987165847736,3640.763682163663,4450.785197546094,9.09032924691145,32.08469404257336,47.20452856056355,2768.048568271232,65.05533334115786,121.90969423635093,0.21028333323294515,90.0193058337443,51.38396991385348,2674.7943586391293,25.56345433745302,49.69488234057197,3290.0159982087393,22.981203396947464,64.99508873753233,4.080577621328106,274.957881086385,101.59363942095372,89.92808826352379,31.66829135742682,14.600207139675101,18.9342440961646,6.097079262797535,18.09438418544913,3.56603925233995,32.64236539594223,21.25897282531236,13.04074702318814,1.1542254057663823,17.287790355404404,4.837294391360594,6.358818145638587,2.9923794135875372,0.020389128217574683,0.6768770057198562,0.17780295433677462,54.34451786295298,44.5394468241776
12.6,0.27030703217850266,3629.651182484148,4421.156865227709,9.207401675806217,31.77254805470483,46.809773207602156,2768.436728668807,65.03908497690364,121.92732821392488,0.2144262524941686,90.06371898490116,50.51877166691176,2675.4677572776864,25.38015279033206,51.50819175265726,3289.685899169841,22.842533394963326,64.98301042501679,4.613949333613554,275.4545036977587,101.63575370961776,90.28745534596378,31.66829135742682,14.600207139675101,18.9342440961646,6.097079262797535,18.09438418544913,3.56603925233995,32.64236539594223,21.25897282531236,13.04074702318814,1.1542254057663823,17.287790355404404,4.837294391360594,6.358818145638587,2.9923794135875372,0.020389128217574683,0.6768770057198562,0.17780295433677462,54.34451786295298,44.5394468241776
12.65,0.27323435888299247,3614.398269421458,4457.623489085672,9.22170565259406,31.44023977732932,46.93207961704507,2769.210051623911,65.02209221329436,121.92565737180063,0.21526598333434874,90.08637241498846,49.64513156856733,2675.526034837466,25.4218588731419,50.39392763667343,3290.5417290752052,22.75507961509064,65.00499437579465,5.717313591834788,275.1912763711454,101.59556624826804,89.76070924920606,31.86394746458296,14.412208182744248,19.095599547817702,6.221881841712093,17.73028313094464,3.6512588796746246,32.56434975973231,21.377751904039904,12.971691880481776,1.0055694239418034,17.845890883944225,4.836388727955672,6.2508808544671774,3.0213074266628497,0.020389128217574683,0.6768770057198562,0.17780295433677462,54.34451786295298,44.5394468241776
12.700000000000001,0.27478569434108124,3639.1664819842836,4434.894832160807,9.175136227279316,31.492681977429587,46.90340857567782,2768.0794974296946,64.99268558139234,121.9231947453592,0.2178335813722539,89.93160574096144,50.02746490405343,2674.5665735723737,25.53026419923663,49.18898917753979,3289.6080965006413,22.893412435187805,64.98734871602043,4.0747624563498475,275.0382636662471,101.62513501374369,90.19254450501151,31.86394746458296,14.412208182744248,19.095599547817702,6.221881841712093,17.73028313094464,3.6512588796746246,32.56434975973231,21.377751904039904,12.971691880481776,1.0055694239418034,17.845890883944225,4.836388727955672,6.2508808544671774,3.0213074266628497,0.020389128217574683,0.6768770057198562,0.17780295433677462,54.34451786295298,44.5394468241776
12.75,0.279108452920784,3613.898189211298,4485.242718923607,9.11818061060761,31.814974489415153,46.857699651433904,2768.570931244228,64.04245992657685,121.9301793058345,0.21774210992773227,90.0860036287678,51.631721680110346,2675.3827118759664,25.293585239501734,50.7612947636573,3290.206860565357,22.94560663745538,64.99957392144474,4.140018258192624,275.1520801619107,101.64007636538102,90.09683636165214,31.904028828244822,14.588486607006471,18.526708943315324,6.2187245265327356,17.568658438217714,3.6520569948967463,32.665810625857496,21.34862279029369,12.838009425353864,0.9774078908966655,18.122875089722843,4.806940988523896,6.296276686685367,2.9798317413142232,-0.009177604484693793,0.678221470426402,0.17929694527522308,53.43603940696691,43.78735289890889
12.8,0.2803369057366795,3646.838055359984,4474.56346623453,9.194642360022922,31.850109166382772,46.94306625770828,2768.6630866244645,64.95573287992413,121.93416049131736,0.21907824946291776,90.06263540179215,50.27908511937682,2674.9874962470108,25.3524935642108,48.617318261881145,3290.40351160926,22.742392232206992,64.99661984984567,2.3502048730092953,274.8851921327082,101.63148489830722,89.94271235362429,31.904028828244822,14.588486607006471,18.526708943315324,6.2187245265327356,17.568658438217714,3.6520569948967463,32.665810625857496,21.34862279029369,12.838009425353864,0.9774078908966655,18.122875089722843,4.806940988523896,6.296276686685367,2.9798317413142232,-0.009177604484693793,0.678221470426402,0.17929694527522308,53.43603940696691,43.78735289890889
12.85,0.2759178009152929,3639.5503864336147,4436.619427250895,9.20120510137367,31.750846018065996,47.213503794652496,2769.882181235102,64.79536813732258,121.91116638319653,0.22084110483803074,90.18406459730187,50.67567258972262,2676.811935720132,25.403546889403657,49.592307483103205,3291.255808451483,22.67546131922947,65.00174007689839,4.344736164230678,275.0705199788695,101.6158385251901,90.4010564246899,31.812149037751848,14.544699837423781,18.59117179363974,6.088821165580903,17.902118323905977,3.5988804376486634,32.27455729561311,21.291703165732756,13.386063848600774,1.0306002968743322,18.357047827540335,4.806716229425815,6.4306831953715875,3.0784608133329616,-0.009177604484693793,0.678221470426402,0.17929694527522308,53.43603940696691,43.78735289890889
12.9,0.2740417363875677,3666.6291898693835,4464.311546224667,9.188660959365476,31.724770973894554,47.13324381697078,2768.588758991952,64.81782020232839,121.93967055123801,0.2250409411019771,90.06778571179564,47.85247515544019,2675.3137840487757,25.12066466100018,48.83631706995069,3290.814814448911,22.706729920538994,65.03476823798044,5.180791495173613,275.19081813814756,101.61060380404845,89.98858494966362,31.812149037751848,14.544699837423781,18.59117179363974,6.088821165580903,17.902118323905977,3.5988804376486634,32.27455729561311,21.291703165732756,13.386063848600774,1.0306002968743322,18.357047827540335,4.806716229425815,6.4306831953715875,3.0784608133329616,-0.009177604484693793,0.678221470426402,0.17929694527522308,53.43603940696691,43.78735289890889
12.950000000000001,0.2737985874310544,3682.089477532312,4426.47153416702,9.27235974824557,31.816781313885,47.25154793591592,2768.7880804862352,65.48074786576423,121.92491586967472,0.22537141061009658,90.0797334933986,49.68505210406202,2675.398325474669,25.375114417512048,49.951280573703116,3290.2613591335394,22.797375159301104,64.9941945136224,5.394480614736943,275.0939886629672,101.59631977868166,90.15179882839746,31.701031704865233,14.468796945484842,18.717209456207733,6.1729088143200626,17.768972029851454,3.616182772543999,32.269335158027026,21.15815147129707,13.46971866606006,0.9786030074077726,17.97646975193055,4.829373791521246,6.321809414529318,3.1239656857626503,-0.009177604484693793,0.678221470426402,0.17929694527522308,53.43603940696691,43.78735289890889
13.0,0.2717006052397749,3697.574159775816,4427.276926449003,9.247565400636182,31.445573059989123,47.07796017006044,2769.3174183655046,64.59573499882204,121.92181692002833,0.229832304987856,90.10927047827256,49.90278721717083,2675.271788541742,25.200421065676412,50.32654408483399,3290.751850804531,22.823025910450443,64.99758262742729,6.354345834770254,275.34814466389906,101.61124241387023,90.166815081566,31.701031704865233,14.468796945484842,18.717209456207733,6.1729088143200626,17.768972029851454,3.616182772543999,32.269335158027026,21.15815147129707,13.46971866606006,0.9786030074077726,17.97646975193055,4.829373791521246,6.321809414529318,3.1239656857626503,0.0006184763113968421,0.7073918697246347,0.18249238235721763,53.108557025592816,43.62364827483893
13.05,0.2726789239386571,3627.263926993909,4488.468496966666,9.25037196182696,31.464652696350747,46.97355151825355,2768.7080207127547,64.34369724872109,121.91064863653546,0.2332896589272656,90.09825419806586,49.93287106399008,2675.137389773493,25.444693363028488,51.79359682019394,3289.7502704243116,23.148749262298193,65.0103926648364,4.131304953731178,275.0515031392669,101.60687782544328,90.17045093843925,32.0766501746989,14.655501467386243,18.619700466649146,6.130525472155493,18.022796918558093,3.6015442803775217,32.03958444559597,21.293073636642298,13.316826468411106,1.1181165237914994,17.731489263157382,4.847986488027334,6.236517431109357,2.991434586325198,0.0006184763113968421,0.7073918697246347,0.18249238235721763,53.108557025592816,43.62364827483893
13.1,0.2731745532573759,3666.293679676183,4454.502746570644,9.174193714048105,31.964315466735908,46.74180518067307,2767.70878645971,65.16507670167965,121.92631766261943,0.2314989011925251,90.04166402156339,49.46496815506186,2673.8477169274283,25.17632776407403,49.47893352582029,3288.945955039885,22.843601358877006,65.0204802914001,5.758136239856848,275.3754697554379,101.57510758031742,89.96789185536524,32.0766501746989,14.655501467386243,18.619700466649146,6.130525472155493,18.022796918558093,3.6015442803775217,32.03958444559597,21.293073636642298,13.316826468411106,1.1181165237914994,17.731489263157382,4.847986488027334,6.236517431109357,2.991434586325198,0.0006184763113968421,0.7073918697246347,0.18249238235721763,53.108557025592816,43.62364827483893
13.15,0.27353979772432063,3639.5116641044706,4420.83368292127,9.110052460054051,31.52894040703374,46.639718417349975,2767.7542148579864,64.87434897947382,121.94535168119806,0.2297326270800816,90.100326253127,48.44707485424562,2674.4273334337304,25.452000325541913,51.03748934054905,3289.0491620759276,22.692280145687718,65.02495317048569,3.2118341689323726,275.0744232604768,101.59246088428416,90.09557937796794,31.80576732257216,14.573396356705453,18.902266187174718,6.203004663717618,17.912974227940513,3.643026357663145,32.43632247857587,21.35651057070072,13.471162894427604,1.0847768173334622,17.479997733288283,4.820960476860656,6.369734854807153,2.979405912097363,0.0006184763113968421,0.7073918697246347,0.18249238235721763,53.108557025592816,43.62364827483893
13.200000000000001,0.27306124039851654,3680.5066683416217,4435.258418053519,9.151403140963465,32.11980444657697,46.57298549081068,2768.4678629499945,66.07873273631687,121.92356654155175,0.2331619958409672,90.190407928426,48.34520391174841,2675.0817168597137,25.5970357195488,49.19019776054872,3289.573526839267,22.998755137265057,65.03699740823136,5.587403726238782,275.50739355564394,101.56796577875618,90.36087064942464,31.80576732257216,14.573396356705453,18.902266187174718,6.203004663717618,17.912974227940513,3.643026357663145,32.43632247857587,21.35651057070072,13.471162894427604,1.0847768173334622,17.479997733288283,4.820960476860656,6.369734854807153,2.979405912097363,0.0006184763113968421,0.7073918697246347,0.18249238235721763,53.108557025592816,43.62364827483893
13.25,0.27138185336336107,3647.9907707162506,4415.226518677002,9.126709506291688,31.748211444115345,47.13178035217647,2767.6249094455734,65.14769959880735,121.91639968498836,0.23012667167822273,90.17433352290676,49.141972209179215,2674.6455152741123,25.431914191380724,47.91290677879282,3289.366071927937,22.782659032449434,65.079297085367,5.002362270773785,275.15326859895026,101.5658118095414,90.1916962273562,32.139326689762825,14.560003393892686,18.876283203487905,6.231576535112384,18.107981186703405,3.6247971581855847,32.58686862489548,21.143887988236248,13.1990526349698,1.0847610085739803,17.833329555168863,4.829632998637866,6.219038332192433,3.048061787261366,0.013176498973354805,0.687405137479119,0.18601511594403586,54.176795493511634,43.746906609312994
13.3,0.2726943197796139,3651.018261835039,4445.790594201041,9.174433536798025,31.78113656360718,47.29809341210199,2767.154466544343,65.222987469376,121.91394637109364,0.22885805624368766,90.14804356112796,48.94839864578035,2674.174563353127,25.265778630002426,51.120015833813895,3288.0368209952608,22.775348072262016,65.06092964662967,5.19843458707373,275.5305822651139,101.58554960489813,90.28224953979154,32.139326689762825,14.560003393892686,18.876283203487905,6.231576535112384,18.107981186703405,3.6247971581855847,32.58686862489548,21.143887988236248,13.1990526349698,1.0847610085739803,17.833329555168863,4.829632998637866,6.219038332192433,3.048061787261366,0.013176498973354805,0.687405137479119,0.18601511594403586,54.176795493511634,43.746906609312994
13.35,0.27364351488225297,3623.531086830664,4443.436041388928,9.080978861143196,31.81161329251818,47.00606302459568,2766.4208392035694,64.63055666486153,121.9129232480452,0.2307247170553948,90.0887096188736,47.78186304571785,2672.9483157312648,25.26340943941165,49.87078920231224,3287.6905417599223,22.911636065620073,65.05238009977187,4.050292637756078,275.4210927289809,101.59573069884684,90.17182191546881,31.93537591952384,14.423000179955427,18.88864892613201,6.283124733072064,17.744558145220406,3.656167965359987,31.978175499873494,21.356363572361243,13.096752513210166,1.0183182113135256,17.849363592973074,4.8122033856373,6.344557966515733,3.037663471874525,0.013176498973354805,0.687405137479119,0.18601511594403586,54.176795493511634,43.746906609312994
13.4,0.2745285882242801,3634.9816820206515,4440.121110637069,9.190120187480774,31.517398339900296,47.00593325253137,2766.749876529251,65.64337396083852,121.93098183269655,0.22845699444352258,90.14068215940542,47.61992237212181,2673.612485212835,25.366267326456853,49.829457423234054,3287.5156057746353,22.868755801887364,65.07716926452702,4.729298381194204,275.2601505766741,101.5881899649609,90.11146208247142,31.93537591952384,14.423000179955427,18.88864892613201,6.283124733072064,17.744558145220406,3.656167965359987,31.978175499873494,21.356363572361243,13.096752513210166,1.0183182113135256,17.849363592973074,4.8122033856373,6.344557966515733,3.037663471874525,0.013176498973354805,0.687405137479119,0.18601511594403586,54.176795493511634,43.746906609312994
13.450000000000001,0.2779227482145013,3662.0680193153935,4434.572609811529,9.18293178786268,31.827835037082213,46.659887211934254,2766.4266474211795,64.67704464681616,121.91039253499247,0.22045046578800492,90.14090991513437,50.263482394579974,2673.220885924811,25.44885914942123,48.87771082736726,3287.9658692916814,22.76242497076794,65.08438324847806,6.210926175882499,275.68474760035934,101.61606135309233,90.15754906912552,31.663479996505743,14.495183939138892,19.1284734006991,6.103986336355006,17.820083524375722,3.5801973943322847,32.05012830017387,21.206764165269757,13.054446916639495,1.0020382695907692,17.450158212617804,4.817360251615581,6.4574073010689395,3.0927616897882184,0.013176498973354805,0.687405137479119,0.18601511594403586,54.176795493511634,43.746906609312994
13.5,0.27603860389107165,3652.495996988921,4449.686159401816,9.21252016158064,31.788113052629395,46.90380731121817,2767.500640421599,64.92447731304338,121.93991630539095,0.2222629218813813,90.16738871882019,48.54300591882816,2673.786889651115,25.169945593691732,51.62496615822158,3287.7635764252786,22.85028500352889,65.07889812489623,2.748591982345881,275.206858251811,101.62101609903985,90.12911624654718,31.663479996505743,14.495183939138892,19.1284734006991,6.103986336355006,17.820083524375722,3.5801973943322847,32.05012830017387,21.206764165269757,13.054446916639495,1.0020382695907692,17.450158212617804,4.817360251615581,6.4574073010689395,3.0927616897882184,-0.011712238370337668,0.6749029095500048,0.18166304600355423,53.69356067779908,44.674174787865375
13.55,0.27975359900290186,3640.4538525047324,4435.907242329607,9.180292444702557,32.13990477184008,47.07914765460402,2767.1058001851834,64.58749187424704,121.93121251142102,0.2171514539001368,90.07810686855022,51.088514542480226,2672.902294712242,25.277537748871886,48.77658667068751,3287.8945713294856,22.891153796064827,65.07438095273737,6.521568627710122,275.3526658184438,101.60986191867444,90.1750733961163,32.38486056623759,14.520983810309883,19.257546245260528,6.289355229946415,18.173260432140957,3.5578597642067336,32.74976767017893,21.127053922928347,13.477117615119461,1.020099955724522,17.99138247758049,4.806686839864332,6.3467368869252425,3.0562144333913155,-0.011712238370337668,0.6749029095500048,0.18166304600355423,53.69356067779908,44.674174787865375
13.6,0.2827042060389671,3635.8973190966863,4440.843702245488,9.225599888912562,31.4206992432354,46.97044364886978,2766.6232166888985,64.76167947806759,121.91651186168423,0.21570288850225758,90.144152979723,51.182659849531966,2672.8355733905755,25.26032002745076,52.02042608609321,3287.976026182165,22.80534330936989,65.04868246242509,3.800755396946336,275.5315554576529,101.59733889028871,90.29487173829094,32.38486056623759,14.520983810309883,19.257546245260528,6.289355229946415,18.173260432140957,3.5578597642067336,32.74976767017893,21.127053922928347,13.477117615119461,1.020099955724522,17.99138247758049,4.806686839864332,6.3467368869252425,3.0562144333913155,-0.011712238370337668,0.6749029095500048,0.18166304600355423,53.69356067779908,44.674174787865375
13.65,0.2818412541252632,3666.1374491373927,4434.3688658759,9.188885699000478,32.00914678644055,47.252084473954774,2766.3748568564124,65.19034056653527,121.92766652749573,0.21321999756839632,90.07466095197725,49.16440253028753,2672.623350999121,25.282050750386063,50.320450340246396,3287.1358274712843,22.831261910408877,65.07944091054512,4.620614579425672,275.4593267606292,101.61564582593124,90.09266650428006,32.19327311197581,14.552707650115648,18.86778384706324,6.181269980219182,17.67470785807139,3.587272101098061,31.789964063988798,21.277007704501543,13.003561782593449,0.8321198130334932,17.83754906660032,4.788167591224228,6.40568580210863,3.080604302292896,-0.011712238370337668,0.6749029095500048,0.18166304600355423,53.69356067779908,44.674174787865375
13.700000000000001,0.28473515481802847,3675.207092869725,4401.557882238454,9.187457745938676,31.946787091545417,46.44840430005377,2767.223729134078,65.33958671371308,121.91904178691566,0.21087385005561887,90.23558630584502,48.826147244464515,2673.765619739,25.432045310367048,51.34886128506556,3288.1410307782785,23.15247025197823,65.09459352301005,3.588089578542565,275.94924760081227,101.60343374783068,90.44459210667765,32.19327311197581,14.552707650115648,18.86778384706324,6.181269980219182,17.67470785807139,3.587272101098061,31.789964063988798,21.277007704501543,13.003561782593449,0.8321198130334932,17.83754906660032,4.788167591224228,6.40568580210863,3.080604302292896,-0.011712238370337668,0.6749029095500048,0.18166304600355423,53.69356067779908,44.674174787865375
13.75,0.28264924094322597,3678.076714717011,4437.3350693021775,9.218473790179814,31.797364826153103,47.14853771790646,2766.9216765117844,65.12021221303455,121.92969541707389,0.21329782541277445,90.21286315413928,49.81012449253758,2673.35773990473,25.467469753610896,50.20622771897911,3287.757788247658,22.828710157186418,65.12528678409626,3.9025224805082006,275.2971683447206,101.60327275763171,90.05504632007606,32.069986395426916,14.55596725610899,18.530952333710772,6.137926100368095,17.9801370944711,3.6240039565383513,32.791485834926966,21.30171544566106,13.213248309410085,1.0682695885727396,18.333062391534142,4.791436647098983,6.313448182352527,3.14444551378181,0.014863794118891665,0.6961202338361303,0.19195880437868992,53.21487945302382,43.452322209696696
13.8,0.28296053882314004,3648.5625192158736,4448.065356170884,9.156112846309735,31.876271387468016,46.89630808933669,2765.9057681054237,64.37005034700175,121.92348742865826,0.20703045479265816,90.0921041239522,47.19569088355391,2672.488221902213,25.559618439288215,51.72866227393832,3286.516153640524,22.982880790629785,65.07853431171057,4.791063751229152,275.4117003025597,101.61163414791869,90.26500107337867,32.069986395426916,14.55596725610899,18.530952333710772,6.137926100368095,17.9801370944711,3.6240039565383513,32.791485834926966,21.30171544566106,13.213248309410085,1.0682695885727396,18.333062391534142,4.791436647098983,6.313448182352527,3.14444551378181,0.014863794118891665,0.6961202338361303,0.19195880437868992,53.21487945302382,43.452322209696696
13.85,0.2778000877591737,3653.046327508597,4399.967982988932,9.233195468854557,31.71859187677914,47.31523012723164,2767.287565331891,65.153633429215,121.92321473089663,0.20669662213372775,90.17956745755522,50.872899933738545,2673.846426265564,25.269178759620022,51.11171827865062,3288.441749509323,22.84441264076286,65.09667753021972,6.632704051006777,275.53028289243184,101.57893725285764,90.2401855489397,32.207642497994534,14.4904762413315,18.411564275052598,6.108132917072057,17.99458726980376,3.594428751276284,32.321184049488906,21.11017043343014,12.55367036331358,1.1084805267456201,18.105654289368413,4.833555518432116,6.327228136778515,3.111736561050103,0.014863794118891665,0.6961202338361303,0.19195880437868992,53.21487945302382,43.452322209696696
13.9,0.27526476025606667,3655.7913934678154,4433.948993986468,9.148660089017792,32.104728003395174,47.11832593328777,2767.4742925841088,64.6227563336517,121.93164253713692,0.20593811070946988,90.13006397584196,50.531577710145626,2673.8309818168696,25.229032316732077,50.73299633348734,3288.3393719339956,22.8504822305872,65.0888319957353,4.283272615237295,275.33014714472614,101.5995598091855,90.25780261114981,32.207642497994534,14.4904762413315,18.411564275052598,6.108132917072057,17.99458726980376,3.594428751276284,32.321184049488906,21.11017043343014,12.55367036331358,1.1084805267456201,18.105654289368413,4.833555518432116,6.327228136778515,3.111736561050103,0.014863794118891665,0.6961202338361303,0.19195880437868992,53.21487945302382,43.452322209696696
13.950000000000001,0.2704893676795238,3612.8074464543047,4430.547281488364,9.201586256165234,32.04403372294085,47.124227749324525,2768.0712506096147,65.67088519963423,121.9347528679564,0.20566047740345883,90.22428257451178,48.4475212713322,2674.4894043482027,25.290811629645713,48.00399468505298,3290.0152862293644,22.79199954663373,65.07829904134041,4.71787575655649,276.11542960749574,101.57817286853759,90.31094484306911,31.968032373939117,14.502551027163355,18.857961538367437,6.13276684532674,17.6479148301982,3.681916074992091,32.53623672227548,21.229040161946827,12.89430785051365,0.9483779101401307,17.895939435443843,4.794784390642526,6.313739862522923,3.1135630324648473,0.014863794118891665,0.6961202338361303,0.19195880437868992,53.21487945302382,43.452322209696696
14.0,0.268988478338418,3634.9731347335346,4434.961440834661,9.22543948623671,31.876501381640697,46.940998344793556,2768.5521444581896,64.35263536231597,121.94298796299807,0.20708881060365547,90.1636614383983,50.47971866529011,2674.4792773789086,25.696154844072336,49.11545603112698,3289.3729310369044,22.89425665895665,65.08494501036034,6.779665787027202,275.9806880924219,101.57014625054559,90.2258042058857,31.968032373939117,14.502551027163355,18.857961538367437,6.13276684532674,17.6479148301982,3.681916074992091,32.53623672227548,21.229040161946827,12.89430785051365,0.9483779101401307,17.895939435443843,4.794784390642526,6.313739862522923,3.1135630324648473,0.018034379709240544,0.692206797203813,0.1816231167307764,53.26694739836661,43.5694889077612
14.05,0.2722516627394563,3627.495000943025,4454.743461756623,9.192475115955443,31.804227618013485,46.6359580842348,2769.1625478490414,65.03379313129938,121.9215035006012,0.20728132760799003,90.21153655320579,50.032550468760675,2675.5051359593817,25.32388758788264,48.59402281961566,3289.8486113412446,22.637483976778107,65.10894809341826,4.391773739199166,275.5466507305929,101.56047140814854,90.30611485144425,31.99595775279552,14.406247583674157,19.04840787146368,6.2295842910742065,18.171376426840865,3.601968833120431,32.7456156592565,21.348075566118098,13.369850184772273,0.959623994329651,18.078233812547463,4.8094473597539,6.368657663752433,3.0322542363379483,0.018034379709240544,0.692206797203813,0.1816231167307764,53.26694739836661,43.5694889077612
14.1,0.274098740165848,3639.049639205661,4426.865417445845,9.204309291237776,32.07007423245388,47.10680133247854,2767.898587551868,65.65019467100407,121.92782381712232,0.21023707822297988,90.15324691091483,48.85894717567454,2675.0784553396634,25.417812902481607,51.1103757049594,3289.3976029384407,22.640915231549513,65.10286312826037,5.082853538594956,275.7349008127556,101.58729403281686,90.27858064104936,31.99595775279552,14.406247583674157,19.04840787146368,6.2295842910742065,18.171376426840865,3.601968833120431,32.7456156592565,21.348075566118098,13.369850184772273,0.959623994329651,18.078233812547463,4.8094473597539,6.368657663752433,3.0322542363379483,0.018034379709240544,0.692206797203813,0.1816231167307764,53.26694739836661,43.5694889077612
14.15,0.27648263280332835,3636.367642715318,4434.947579674598,9.190391034190434,32.141218897635895,46.85729434845656,2768.2311468550356,64.94324873515336,121.92450155038186,0.21178803815355135,90.18672654550332,48.663021677041165,2674.6626907310165,25.27314458899745,48.83228207553671,3289.013932579829,22.742612165639446,65.09580910955611,4.7139259622012855,276.07780158315484,101.58469438135086,90.30741560173051,32.17605225521187,14.614180397424951,18.73221909886957,6.010841482773891,18.08597890869404,3.5951241081603205,33.12758352673406,21.26902276155413,13.047058549131757,1.005829111599091,17.871937814701884,4.852038030893335,6.36554195224933,3.1051562787641664,0.018034379709240544,0.692206797203813,0.1816231167307764,53.26694739836661,43.5694889077612
14.200000000000001,0.27884917681387095,3598.15547526898,4432.9965582090035,9.131202032374365,32.39110423523619,46.841044909574464,2767.693661072308,65.22280110466585,121.93672236164126,0.2125622708834276,90.16166162002588,50.407210369707826,2673.7733672675695,25.348811614891975,49.21294618040056,3288.663565430668,22.757949354820553,65.12124014527649,5.224372116749682,275.6097491595251,101.5877774567322,90.05371948640924,32.17605225521187,14.614180397424951,18.73221909886957,6.010841482773891,18.08597890869404,3.5951241081603205,33.12758352673406,21.26902276155413,13.047058549131757,1.005829111599091,17.871937814701884,4.852038030893335,6.36554195224933,3.1051562787641664,0.018034379709240544,0.692206797203813,0.1816231167307764,53.26694739836661,43.5694889077612
14.25,0.277720511164403,3643.4675042278595,4405.571302929668,9.217150162566517,31.941591440026468,47.524686530725354,2766.6334984755313,65.17439745633054,121.93820014328385,0.2113629102598659,90.09359162821117,47.88999705658127,2672.9349255591474,25.26772396850123,49.04738321139037,3287.6053932615755,22.875294237685296,65.08655519252316,6.947691959450596,275.96693828335754,101.58672149917363,90.27854824073412,32.427415573732596,14.595019766061219,18.341298516779386,6.205583741130505,18.194703687066422,3.6541004179442345,32.48383210578839,21.387331249003285,13.042669071391204,1.0008826489405303,17.777000120136282,4.820344535638982,6.3337443177242845,3.1734779053228035,0.0072293994186983165,0.688203460811896,0.18895946621848864,54.068338832196126,43.329066110767826
14.3,0.2738506230042772,3627.8382267030647,4415.895195152157,9.241028308715899,32.030652897026776,47.61171927464186,2766.5708502614957,64.81052882687854,121.92050145052666,0.20922596575914512,90.09958038968192,50.43491269462164,2672.725935756739,25.39795317731742,49.838201119373586,3287.4943989968865,22.760636849025474,65.09523798775193,6.179361221480981,276.15983150345266,101.58312171479629,90.06273175020871,32.427415573732596,14.595019766061219,18.341298516779386,6.205583741130505,18.194703687066422,3.6541004179442345,32.48383210578839,21.387331249003285,13.042669071391204,1.0008826489405303,17.777000120136282,4.820344535638982,6.3337443177242845,3.1734779053228035,0.0072293994186983165,0.688203460811896,0.18895946621848864,54.068338832196126,43.329066110767826
14.35,0.27016825234003633,3702.001238812226,4481.642656794783,9.165128330975552,31.98676375880899,47.28582175346215,2767.1149697972423,64.79572923893261,121.92580170990276,0.2043122831322349,90.14790347605525,48.75759109367078,2673.579186394384,25.4306243037323,50.107845109678145,3288.219002988114,22.66008201046378,65.10444021161115,4.782076167120787,275.7696650896325,101.59063943359853,90.13940009035423,32.5951938577639,14.693799514228552,18.680197184557706,6.198533399921193,17.781964731699215,3.58937631780076,32.8242402865733,21.233691806513985,13.10352077433471,1.011856748994259,17.93275453864729,4.791698673980935,6.334111349400556,3.1509894984754956,0.0072293994186983165,0.688203460811896,0.18895946621848864,54.068338832196126,43.329066110767826
14.4,0.26790249799147786,3690.558172162478,4414.27850205259,9.28161848299827,31.678451867309658,47.39266146072839,2766.8800360050927,65.19682016688985,121.92325979718437,0.20452632930929104,90.09806797897475,49.47797744629885,2673.5212282569814,25.217315329894035,49.320046013613066,3288.6081148717008,22.76262773445455,65.08701225465276,3.963390659230494,275.97719866827066,101.59551551340941,90.30214639120707,32.5951938577639,14.693799514228552,18.680197184557706,6.198533399921193,17.781964731699215,3.58937631780076,32.8242402865733,21.233691806513985,13.10352077433471,1.011856748994259,17.93275453864729,4.791698673980935,6.334111349400556,3.1509894984754956,0.0072293994186983165,0.688203460811896,0.18895946621848864,54.068338832196126,43.329066110767826
14.450000000000001,0.2687147338821618,3648.448300109173,4407.2048992072005,9.205105811583762,31.872831171028636,46.809115438686064,2767.28278715408,64.16382576153839,121.93180673186097,0.20451262565428693,90.15189842443117,48.38740996514858,2674.6900534989654,25.19829004626061,48.726610062633625,3288.5123849825395,22.774183667686174,65.0916579177295,5.171924580025122,275.89753563354645,101.58383503809539,90.3115413834018,31.834618769320365,14.638656290558362,18.783281488024166,5.965450817904562,18.188927493905286,3.589945608742437,32.468911607772014,21.30046470095,13.343598779932828,0.9455541787255304,17.727762391853375,4.795698520116726,6.378641789208145,3.1077106817505595,0.0072293994186983165,0.688203460811896,0.18895946621848864,54.068338832196126,43.329066110767826
14.5,0.2658481770566083,3669.419989951568,4422.885590411928,9.209354810674911,31.980334247994797,47.32351314275791,2768.262183998786,63.815756979106254,121.9530403707686,0.20724333417975058,90.25879490089463,50.044082874211234,2675.355005162895,25.268254694198056,49.889476564573066,3290.338612230332,22.71463145278533,65.1268219932498,6.469863005533984,276.3232723976778,101.58375242018157,90.34861151624597,31.834618769320365,14.638656290558362,18.783281488024166,5.965450817904562,18.188927493905286,3.589945608742437,32.468911607772014,21.30046470095,13.343598779932828,0.9455541787255304,17.727762391853375,4.795698520116726,6.378641789208145,3.1077106817505595,0.01726698364192139,0.689467772136565,0.19740478024137953,53.998269190573644,45.03635379047405
14.55,0.2670647786062662,3637.0637046833176,4434.927214130281,9.15732258616326,31.921855016867365,47.359364509920646,2767.8780970724283,64.4961093013395,121.9189312048762,0.20745771110292455,90.138389980778,49.60474086816975,2674.3270469085555,25.262736966395646,48.82930483438582,3288.796003989863,22.72574281564351,65.12526717218951,4.722383490898661,276.168749227657,101.5973778486197,90.12377853925193,31.956352358849742,14.323678317015442,18.500395094808695,5.9389835305414085,17.551132073126904,3.563146431965553,32.61928069741515,21.115234583711675,12.64606267596933,0.9146143258188886,17.820929611530794,4.817813830967637,6.355330506730619,3.092685833457838,0.01726698364192139,0.689467772136565,0.19740478024137953,53.998269190573644,45.03635379047405
14.6,0.2715935970819346,3654.931700447433,4425.42838606267,9.235488628227483,32.13881821388502,46.68758224262647,2769.1366893746103,64.36459517233483,121.93609032726489,0.20769245853225593,90.22578113876432,50.9518379955201,2675.3602381810324,25.5064051229881,50.933451873906264,3290.167280111832,22.86727612746438,65.08956139601722,5.141148155311059,275.835459873649,101.59324234646247,90.69165722034282,31.956352358849742,14.323678317015442,18.500395094808695,5.9389835305414085,17.551132073126904,3.563146431965553,32.61928069741515,21.115234583711675,12.64606267596933,0.9146143258188886,17.820929611530794,4.817813830967637,6.355330506730619,3.092685833457838,0.01726698364192139,0.689467772136565,0.19740478024137953,53.998269190573644,45.03635379047405
14.65,0.2689801058823082,3656.621435302835,4458.104939475906,9.129341290241122,31.620597068517277,46.95738580107644,2768.868091178445,64.7296372097801,121.91927011428501,0.21330203351425833,90.1947154716432,50.520317698088775,2675.699403785911,25.283618342388106,51.07826943156192,3290.389951672778,22.81040517848085,65.12033345374697,4.702926594237707,275.7595778765306,101.58036640087418,89.94249619135044,32.29555246927728,14.444035052304088,18.90414503363517,6.153910266163407,17.953801492983292,3.5814041326644075,32.32142619819143,21.244114660396107,12.89220701635542,0.9853476006738242,17.505835511605593,4.7791955201532845,6.358198842174866,3.1138013643363394,0.01726698364192139,0.689467772136565,0.19740478024137953,53.998269190573644,45.03635379047405
14.700000000000001,0.2708019653844029,3633.0206339755055,4405.9946259827275,9.12365588028499,31.483456082727837,47.01399614021596,2768.5825978524435,65.05751506639335,121.92118554373481,0.21525192813196298,90.10642209809022,49.74797156832243,2675.0826525922666,25.475848166192588,50.88485855408089,3289.2864433719683,22.812604698035347,65.0910572943851,5.011074389241534,276.1022125127444,101.59328689971707,90.38385718767819,32.29555246927728,14.444035052304088,18.90414503363517,6.153910266163407,17.953801492983292,3.5814041326644075,32.32142619819143,21.244114660396107,12.89220701635542,0.9853476006738242,17.505835511605593,4.7791955201532845,6.358198842174866,3.1138013643363394,0.01726698364192139,0.689467772136565,0.19740478024137953,53.998269190573644,45.03635379047405
14.75,0.271028417792554,3645.9706152074805,4468.245224051919,9.21410006215683,31.904968900940638,47.273624869084394,2769.8887510568593,65.42804424480478,121.93733311474293,0.2142423949144479,90.21589251302763,49.51636923232698,2676.0001626159656,25.33885773616923,49.744184442059016,3290.337121975152,22.801654989951626,65.12627696894661,4.898993435981653,275.61340945918164,101.5636839966487,90.1992456162472,32.017886334983764,14.443727552601496,18.75892367014557,6.197625868144005,17.859835451718794,3.621502969587623,32.715364120353854,21.2078127454147,13.237806622205504,1.0423387415183871,17.070537013185906,4.818892987338255,6.415731713040759,3.0519190884259255,0.01443022816958407,0.6857182663871403,0.16807210238044534,53.02329509528083,44.96333273281052
14.8,0.26972419699801975,3659.2159972987934,4430.568278118472,9.174137607035115,31.91229711208027,47.20348762029549,2768.556412121812,63.9688344198498,121.93713032576652,0.21953830019102663,90.14098365442018,50.30216663183337,2675.1724809209845,25.28059594945552,47.962924704971364,3289.8987681333247,22.728220752981514,65.12161835576234,4.430774992445966,276.21556254604235,101.59877734615104,90.16045599151273,32.017886334983764,14.443727552601496,18.75892367014557,6.197625868144005,17.859835451718794,3.621502969587623,32.715364120353854,21.2078127454147,13.237806622205504,1.0423387415183871,17.070537013185906,4.818892987338255,6.415731713040759,3.0519190884259255,0.01443022816958407,0.6857182663871403,0.16807210238044534,53.02329509528083,44.96333273281052
14.85,0.2726037742972541,3669.207159675797,4375.074771502588,9.270664993679324,31.835625888647712,46.9102383405479,2768.7434257632394,65.36159876682994,121.93131285706433,0.22025198479002742,90.17299311302966,50.00431849561465,2675.4393839510444,25.34720884091494,50.39632063190687,3290.005546845068,22.658191269864894,65.08301290245223,5.388944190440278,276.04096341478214,101.59446447620492,90.47970837035201,32.29904466929769,14.569688225421272,19.001244797608944,6.068942530257084,17.9363301812077,3.5976722691127487,32.99930723161788,21.431860740524392,12.890873735596712,1.263366357860769,17.387274376573572,4.802747406748842,6.3572247519305956,3.0879077621906457,0.01443022816958407,0.6857182663871403,0.16807210238044534,53.02329509528083,44.96333273281052
14.9,0.27340431744061217,3652.91792164056,4403.015151307586,9.190268673143896,31.855023167747085,47.14292264616403,2767.7495376766005,64.64362056584997,121.9350311398727,0.22120430221170523,90.09510639502936,47.99331853684501,2674.0722909257347,25.321972240260852,47.39238090667502,3288.6284826527954,22.81134627384364,65.11692426469388,4.792529208147506,276.0708110823787,101.59498529922259,90.30442688744849,32.29904466929769,14.569688225421272,19.001244797608944,6.068942530257084,17.9363301812077,3.5976722691127487,32.99930723161788,21.431860740524392,12.890873735596712,1.263366357860769,17.387274376573572,4.802747406748842,6.3572247519305956,3.0879077621906457,0.01443022816958407,0.6857182663871403,0.16807210238044534,53.02329509528083,44.96333273281052
14.950000000000001,0.274259048606438,3672.0348208694336,4424.002285563361,9.261462732845724,32.15202105027952,46.9732308259085,2768.816497071659,65.9176712572068,121.95834171633922,0.2213953496708372,90.2046928484816,50.30700578600255,2675.136718161176,25.178569251283957,48.67159095990108,3289.6800215750386,22.78440400048586,65.09130787869583,4.9391933602647065,276.40921120635744,101.57773730211902,90.56654510345322,32.193989596894305,14.52595900823454,18.492597300326096,6.14752783600922,17.664183258673834,3.5859136913185976,32.23515790596805,21.169120523648324,12.774387576795544,1.0564847064003136,17.465884131868613,4.792385154610859,6.410667217539353,3.20276717463949,0.01443022816958407,0.6857182663871403,0.16807210238044534,53.02329509528083,44.96333273281052
15.0,0.2767531403204348,3659.193280900894,4462.65504675336,9.141205597209416,31.763337624937154,47.18698316020118,2768.818446198065,65.55496553091817,121.93415158374556,0.2242862251654078,90.3230017779461,50.724397960526666,2675.8432501850184,25.238762586381796,50.835328346444285,3290.6641562260625,22.784626141955226,65.14378512715142,4.9002547754063475,275.9923636541582,101.55896683096091,90.2927287128253,32.193989596894305,14.52595900823454,18.492597300326096,6.14752783600922,17.664183258673834,3.5859136913185976,32.23515790596805,21.169120523648324,12.774387576795544,1.0564847064003136,17.465884131868613,4.792385154610859,6.410667217539353,3.20276717463949,0.011668545477242234,0.6854400935821175,0.17794141574269726,54.21481938133443,43.74131622995618
15.05,0.26968237623786084,3630.6499258079107,4407.238905543025,9.20752092922616,31.983751283634238,47.045199081887354,2767.4855373554137,64.69673683973735,121.91986372034548,0.22585746421268735,90.12840315920873,48.55980303642926,2673.839073658491,25.17111684840139,48.998629649360076,3288.7661417425634,22.774205218602592,65.14786282863994,4.732971330021062,275.8790564080316,101.58012640071105,90.06944309378207,32.2848369991386,14.45177991281272,19.199527233960765,6.1069729672844835,17.698987332116236,3.5608994055214054,32.555838352382274,21.24717107144346,13.271795351584844,1.1396323012603384,17.6675467794824,4.758208881622195,6.370291112806478,3.0541798639610063,0.011668545477242234,0.6854400935821175,0.17794141574269726,54.21481938133443,43.74131622995618
15.1,0.27035943367285775,3653.6238786211743,4406.2805266699825,9.215380554522945,32.197381724067625,46.9818448421673,2767.6384831406995,64.54212381541153,121.91213602340164,0.22326704686289447,90.23467325632356,49.94908511722727,2675.0504963401313,25.245039546539154,49.58721121732106,3289.3832167050928,22.85786084323306,65.11349998920552,4.2982009821532525,276.10854823005724,101.57644837095665,90.54702205327858,32.2848369991386,14.45177991281272,19.199527233960765,6.1069729672844835,17.698987332116236,3.5608994055214054,32.555838352382274,21.24717107144346,13.271795351584844,1.1396323012603384,17.6675467794824,4.758208881622195,6.370291112806478,3.0541798639610063,0.011668545477242234,0.6854400935821175,0.17794141574269726,54.21481938133443,43.74131622995618
15.15,0.27261376580951757,3652.0092900161853,4417.036893578679,9.226496403277478,31.665034929139882,47.10675575012496,2768.0086333865597,64.91047747983188,121.91196313607917,0.2219409753093641,90.20046040981019,49.30397978723051,2674.115028365004,25.463402934730084,49.29598205962702,3288.767264271812,22.98102396254036,65.13449373433099,3.511592802450983,275.9334814411644,101.58440457108011,90.00713413285152,31.574317982833833,14.408916876164314,19.03016107990857,6.2502468098561375,18.026623380181075,3.5941219180160715,32.63181601351526,21.026034630630626,12.824517786272375,1.1640834001121347,17.526585341893377,4.807680863074463,6.390758267364209,3.0754175862220148,0.011668545477242234,0.6854400935821175,0.17794141574269726,54.21481938133443,43.74131622995618
15.200000000000001,0.27528696140335157,3627.4384633236073,4431.878082604298,9.172727893082966,32.135859113045235,47.371132211466545,2766.295173520829,65.53811510572869,121.91184221810839,0.22048649661649394,90.13345300925158,50.07548381972404,2673.2217980600167,25.292996235765006,47.58047086685786,3288.545874416938,22.918263959448268,65.13117866155606,5.246101192823475,276.60687575150746,101.6166344109598,90.38622985065452,31.574317982833833,14.408916876164314,19.03016107990857,6.2502468098561375,18.026623380181075,3.5941219180160715,32.63181601351526,21.026034630630626,12.824517786272375,1.1640834001121347,17.526585341893377,4.807680863074463,6.390758267364209,3.0754175862220148,0.011668545477242234,0.6854400935821175,0.17794141574269726,54.21481938133443,43.74131622995618
15.25,0.27926984608793015,3653.5448740586,4492.006493817998,9.274490001412303,31.81645882004756,47.17811235963348,2767.066307974182,65.56303795215224,121.95213351984202,0.22300077932715123,90.200365298371,49.562002646069416,2673.9769538438877,25.180728334311056,48.43840702816491,3288.492901652276,22.900149909099223,65.14488390873314,4.501284807682101,275.9685481659406,101.59959347796061,90.4123686691734,32.070061517581586,14.373362187561497,18.5281935748879,6.1949531993734865,17.60511130912293,3.5885210388817854,32.3392924025858,21.306890888157493,12.645337203253774,1.0238358465458723,17.42200740380245,4.811411847913026,6.32004265272134,3.1669906464507345,0.0039789330231702925,0.6850749135761766,0.1659674664208249,53.5748827375034,43.530095123685136
15.3,0.28101780933062925,3657.9155647827756,4431.264735608038,9.124666720191739,31.75047950946292,47.3107338936422,2767.2308096419397,64.70713049632174,121.9278258814542,0.21742443235059414,90.15600379456588,49.03991815014765,2673.4755411222773,25.320827661263216,48.13803071689421,3288.4802371239866,22.752655208827594,65.14488671236685,4.893870573058153,276.4978018371555,101.59860801115052,90.21478556784716,32.070061517581586,14.373362187561497,18.5281935748879,6.1949531993734865,17.60511130912293,3.5885210388817854,32.3392924025858,21.306890888157493,12.645337203253774,1.0238358465458723,17.42200740380245,4.811411847913026,6.32004265272134,3.1669906464507345,0.0039789330231702925,0.6850749135761766,0.1659674664208249,53.5748827375034,43.530095123685136
15.35,0.28051576878361495,3646.0754790274846,4418.073720757763,9.228123269975075,31.71262351874569,46.79955701826502,2767.2318766432745,64.80195845683542,121.92058838934113,0.21915370960044106,90.12912940894236,48.468514446639965,2673.539482085076,25.31393875939378,47.46054589819027,3288.4479305723517,22.608072011963614,65.11043048862578,5.530789470803114,276.43643529152115,101.61066546508351,90.36422012178573,32.12235950463859,14.600320506952736,18.620064493269737,6.3082008513566565,17.93133716486973,3.5982625084726942,32.912378977442536,21.365367275424582,13.120985754888938,1.0643235290774544,17.980869894580046,4.807079385577216,6.333722465939054,3.1937167334224656,0.0039789330231702925,0.6850749135761766,0.1659674664208249,53.5748827375034,43.530095123685136
15.4,0.2750784736396738,3630.165957076083,4440.554082582422,9.202672953167683,31.616727779162172,47.01658831485161,2768.8221472397317,64.36019860932889,121.94880761269354,0.21668111346982696,90.29884020700545,50.26006415956292,2675.5993942221494,25.49830753005327,47.4659231522904,3290.4925402460767,22.896633538502336,65.12076491107877,5.227288819526677,276.14677949046467,101.56262896394338,90.31179526503952,32.12235950463859,14.600320506952736,18.620064493269737,6.3082008513566565,17.93133716486973,3.5982625084726942,32.912378977442536,21.365367275424582,13.120985754888938,1.0643235290774544,17.980869894580046,4.807079385577216,6.333722465939054,3.1937167334224656,0.0039789330231702925,0.6850749135761766,0.1659674664208249,53.5748827375034,43.530095123685136
15.450000000000001,0.27431680627703414,3650.5286527324292,4404.569330439437,9.185437277125489,31.957861041256425,47.130448360411876,2768.8417259553435,65.69590082706901,121.92023606854819,0.21858051458789343,90.23746432160173,49.11448115047121,2675.153166568272,25.325728461228724,50.54180658897476,3290.339321943068,22.67073557963433,65.1443698100083,5.29375834351993,276.1590101788366,101.57188291286866,90.4082495659199,31.726387918743043,14.406511940066675,18.636026176772734,6.115224499533273,17.5657929671949,3.552218461016637,32.846345072327225,21.361974432769625,13.26963504074457,1.0528221206175739,17.590666675834896,4.7682107398381,6.288486247970696,3.0627507334831816,0.0039789330231702925,0.6850749135761766,0.1659674664208249,53.5748827375034,43.530095123685136
15.5,0.27223551705984855,3676.444776054921,4455.002743552807,9.290418593355442,32.235128003274205,47.28100765267831,2769.005731275199,65.15828674969819,121.93589620806141,0.2253114200054811,90.298681061183,51.05561119235376,2676.215307221239,25.32148388810576,50.260734113608194,3290.6951294346572,22.68803323951396,65.1812918940089,4.1372377467975685,276.2386473475226,101.55725738119052,90.28381684584963,31.726387918743043,14.406511940066675,18.636026176772734,6.115224499533273,17.5657929671949,3.552218461016637,32.846345072327225,21.361974432769625,13.26963504074457,1.0528221206175739,17.590666675834896,4.7682107398381,6.288486247970696,3.0627507334831816,0.011913862700020088,0.6754822326963108,0.18764840601456673,54.691499402206084,43.82292368852486
15.55,0.2735660981444195,3665.5019148049564,4431.635010265587,9.21555967279192,31.653848130945843,47.198705466102965,2768.9844106371893,65.25654939098855,121.94494780797723,0.2251012980307803,90.19160424945223,49.90301129312391,2674.9523373505776,25.55069936317909,50.216004268733236,3289.4847692356066,23.03700616376996,65.159171675002,5.658476384568943,276.09145188548763,101.590529145406,90.44384626680569,32.55153642417312,14.55581062222322,18.417053814611727,6.120379661968411,17.51447234488751,3.61876299825689,32.609205083354006,20.9986977295964,13.066339923790137,1.0791454100223288,17.495144862193396,4.734106154653688,6.369633735566422,3.0729552141321825,0.011913862700020088,0.6754822326963108,0.18764840601456673,54.691499402206084,43.82292368852486
15.6,0.27394661746969706,3646.8360226355016,4458.005411012234,9.22640096329851,32.295757352207616,47.15011050230889,2769.219677639945,65.90485814745435,121.9228588065522,0.22701815672144762,90.31990375909236,49.49179182780586,2675.4535263661346,25.34796132943777,49.3585146369604,3290.6805137302927,22.717950109259064,65.18000581505802,4.335285890839263,276.39055160347493,101.57216394581138,90.40255109901084,32.55153642417312,14.55581062222322,18.417053814611727,6.120379661968411,17.51447234488751,3.61876299825689,32.609205083354006,20.9986977295964,13.066339923790137,1.0791454100223288,17.495144862193396,4.734106154653688,6.369633735566422,3.0729552141321825,0.011913862700020088,0.6754822326963108,0.18764840601456673,54.691499402206084,43.82292368852486
15.65,0.27065977424833826,3650.2620353131747,4448.011364426009,9.277680767738431,31.943902341900326,47.11006037166033,2768.919498721382,64.83414164270044,121.95309042202688,0.23007585985378087,90.22133759366866,50.084492285095614,2675.214231936921,25.422666475179014,48.603415166338976,3290.041936260009,22.649096934702282,65.19905067328237,4.718792860998459,275.9484839606432,101.58243825922457,90.26526688107582,32.104570329674836,14.553508146850811,18.767770861615716,6.224410339301557,17.53655062930559,3.594248416274525,32.57313052599815,21.42855055124196,12.882330798913097,1.1205242156726605,17.489702281045926,4.796589418552419,6.471384424576691,3.146353693042063,0.011913862700020088,0.6754822326963108,0.18764840601456673,54.691499402206084,43.82292368852486
15.700000000000001,0.2685723128119348,3645.4118095330705,4469.935847066755,9.206177522450796,31.962586893822166,47.54555434402391,2768.418600389138,64.98072354617186,121.90937916932226,0.23206450861832176,90.2501344291836,48.360326764193175,2675.755600085576,25.24304758002955,50.93568602213992,3289.612321082418,22.799117271209372,65.16483100640265,4.908677512819517,276.22115431272005,101.59913961704711,90.52907154773492,32.104570329674836,14.553508146850811,18.767770861615716,6.224410339301557,17.53655062930559,3.594248416274525,32.57313052599815,21.42855055124196,12.882330798913097,1.1205242156726605,17.489702281045926,4.796589418552419,6.471384424576691,3.146353693042063,0.011913862700020088,0.6754822326963108,0.18764840601456673,54.691499402206084,43.82292368852486
15.75,0.2693658901221253,3663.384748005589,4415.923780847449,9.261422771532406,31.76667546229089,46.86996157930975,2768.7365441762518,64.20578767562607,121.90292708986479,0.2346329644319254,90.24096428627156,47.25221457227953,2675.3774122972072,25.392367386658506,49.73897512584442,3289.377625959903,22.883586299790306,65.17678189032056,4.860644553677252,276.6097791551823,101.57341778963873,90.22915325807296,32.093113365117816,14.430988676668417,18.75282115471086,6.292692017364968,18.196357888817914,3.5674882508145536,32.84943980575934,21.30688499643835,13.01509381409345,1.1137967809433258,16.994680521747288,4.757836068265007,6.4272438128333835,3.0607940956075828,0.001198282092080085,0.677357269147081,0.17356767000864404,54.316610887021575,43.50846818309091
15.8,0.2715645361781662,3597.7526245635518,4444.445638752208,9.258325163841421,32.02298691190563,47.26816447529512,2768.6811738186752,64.15377596867224,121.92452117852179,0.23266532659320757,90.25348299717446,51.67566933294597,2674.989966661677,25.47865205744377,47.99370301508415,3289.9387332112733,22.756142369426517,65.17513957800303,6.793352696370384,276.49132844605947,101.6083934271977,90.50781183822437,32.093113365117816,14.430988676668417,18.75282115471086,6.292692017364968,18.196357888817914,3.5674882508145536,32.84943980575934,21.30688499643835,13.01509381409345,1.1137967809433258,16.994680521747288,4.757836068265007,6.4272438128333835,3.0607940956075828,0.001198282092080085,0.677357269147081,0.17356767000864404,54.316610887021575,43.50846818309091
15.85,0.270773237030113,3642.418735626809,4422.171698207475,9.154716576871829,31.54743194789308,46.922534628550245,2768.566402755244,64.57975685279041,121.93936337397697,0.23292319637354414,90.26884457089123,51.41397231049546,2675.29990915598,25.42153433055508,50.115955573688694,3289.4532818650214,22.852616557905073,65.18538560898791,3.9160175103870127,276.5688552497892,101.62896245331248,90.53057663983635,32.13711044046188,14.441496453987513,18.56546478240431,5.931326565743873,17.584419425984176,3.5774784045292907,32.735053618891214,21.229039788613765,13.41410962845365,1.1152133853170973,17.4141601739472,4.784299800099616,6.315399093087098,3.0822417596397336,0.001198282092080085,0.677357269147081,0.17356767000864404,54.316610887021575,43.50846818309091
15.9,0.2706701145501077,3618.4836876589347,4424.8056353350885,9.203757133832719,31.698536043416805,46.609339570339046,2767.8935542693766,65.1992071644174,121.92403865554054,0.23692435770121678,90.32128540727923,49.61304472492009,2674.980436572752,25.471140877700986,48.01291262037409,3290.047241334423,22.706396443448718,65.20854866502376,5.780840513430238,276.50398256325974,101.59540216985445,90.22672355201996,32.13711044046188,14.441496453987513,18.56546478240431,5.931326565743873,17.584419425984176,3.5774784045292907,32.735053618891214,21.229039788613765,13.41410962845365,1.1152133853170973,17.4141601739472,4.784299800099616,6.315399093087098,3.0822417596397336,0.001198282092080085,0.677357269147081,0.17356767000864404,54.316610887021575,43.50846818309091
15.950000000000001,0.2714804936714299,3640.627842511661,4483.544304371495,9.22498175106331,31.748128530430243,46.95826300079983,2768.117384170666,66.1422198967159,121.920849791401,0.23743504333830007,90.22586202972235,49.316755955353955,2674.581204645738,25.07125524440881,48.40929351506378,3289.5800414287114,22.759642595036652,65.2155599267473,4.739235219340218,276.4044776445473,101.59507904088566,90.4660261555281,32.6503755845914,14.3494968349827,19.009799518625844,5.9683869460446815,18.029847981340104,3.537486599791674,32.88337664900765,21.225931901027526,13.24323147765151,0.9685939834197731,17.53792163307705,4.774359100134362,6.378887935670431,3.131089907092297,0.001198282092080085,0.677357269147081,0.17356767000864404,54.316610887021575,43.50846818309091
16.0,0.26982940575356257,3646.065459704838,4432.631210236787,9.201354384168823,32.04663835738246,46.93864137710962,2768.770477457992,65.20400466349646,121.9349321132522,0.2383866826075844,90.29779361437895,47.99653608996261,2674.724904745038,25.1886277817762,50.04410256851088,3290.20206994234,22.793642495746735,65.19424232554725,5.548284384393179,276.421263036998,101.58423434562077,90.44422210821297,32.6503755845914,14.3494968349827,19.009799518625844,5.9683869460446815,18.029847981340104,3.537486599791674,32.88337664900765,21.225931901027526,13.24323147765151,0.9685939834197731,17.53792163307705,4.774359100134362,6.378887935670431,3.131089907092297,-0.000753577255821385,0.6982211993629803,0.16029988694518207,53.986183360259844,43.60791852141632
16.05,0.26853518440571783,3650.9070342120353,4424.218559459585,9.179602883924225,31.649620873261256,46.816014422404564,2767.815310373516,64.92342469442227,121.93014231648527,0.23868527079745008,90.24190576940852,48.72556073177659,2673.7915269940854,25.283221897055462,50.27778356819718,3289.148800559054,22.551177819082067,65.20717751266653,5.540654265967192,276.2449479386091,101.57970692536,90.20127718353632,32.220009225424334,14.606415472919334,18.79857804031472,6.043802357995625,17.736535057294628,3.5458319014520367,32.54197461425691,21.217803223145285,13.328129019429168,1.2111501182973532,17.263551703932528,4.816209984307166,6.364741303016342,3.1046595180785688,-0.000753577255821385,0.6982211993629803,0.16029988694518207,53.986183360259844,43.60791852141632
16.1,0.2695729085742277,3655.7226605634814,4425.934649303814,9.128304966684812,31.992443932609653,46.752214291198804,2766.2039571422656,64.38741125730769,121.9395821174386,0.2349815222501375,90.16891619932194,49.57938811253523,2672.7927226789934,25.38275721955572,49.070714971954644,3287.2390589544484,22.99350371272859,65.20092888891011,5.502305990030735,276.6214183920823,101.62715839939301,90.5354899673021,32.220009225424334,14.606415472919334,18.79857804031472,6.043802357995625,17.736535057294628,3.5458319014520367,32.54197461425691,21.217803223145285,13.328129019429168,1.2111501182973532,17.263551703932528,4.816209984307166,6.364741303016342,3.1046595180785688,-0.000753577255821385,0.6982211993629803,0.16029988694518207,53.986183360259844,43.60791852141632
16.15,0.2713801855394183,3610.633393226224,4452.802019172427,9.154055784153485,31.775853482968696,47.045097169991514,2767.4451133840685,65.15655118125923,121.92376673764534,0.23324384593411315,90.3461689472095,49.926043068104704,2673.9133731899583,25.272060251097912,51.169393136370275,3288.941421519361,22.85198839908436,65.1969703050013,4.675323643873716,276.422437147173,101.58346792526937,90.3710058450339,32.25414582083072,14.569159408151586,18.771459426321243,6.1366092529865055,17.612062825430726,3.5783608121723605,32.722001853898185,20.978718347905026,13.08344778060023,0.9536337806263918,17.537355870711302,4.770819367934354,6.438751000812076,3.143419212536075,-0.000753577255821385,0.6982211993629803,0.16029988694518207,53.986183360259844,43.60791852141632
16.2,0.27142967131327594,3600.245245588355,4461.835181327566,9.221892224916209,31.7427835204962,47.146721552485396,2766.880256242016,64.41913266993713,121.93806550197293,0.23382547134903747,90.28296978651747,48.86957014904322,2673.7081805198864,25.16240687147947,48.85644218086288,3287.540461999344,22.792164857195736,65.21946596927103,5.750877156807533,276.6020713339306,101.59265400246774,90.46915264677017,32.25414582083072,14.569159408151586,18.771459426321243,6.1366092529865055,17.612062825430726,3.5783608121723605,32.722001853898185,20.978718347905026,13.08344778060023,0.9536337806263918,17.537355870711302,4.770819367934354,6.438751000812076,3.143419212536075,-0.000753577255821385,0.6982211993629803,0.16029988694518207,53.986183360259844,43.60791852141632
16.25,0.2708888908926356,3656.8639297966674,4425.922781595172,9.236165052332916,31.895554051527306,47.62537070420084,2767.1261144866307,64.8369001288913,121.93554738999354,0.2308742204862693,90.29431481965766,48.29896206539977,2673.5876422067863,25.102522973280585,48.101399905028096,3288.940968257047,22.63401133043899,65.2254473418104,4.93100203626866,276.2940275014898,101.5754589265879,90.27931397660416,32.0739225041156,14.671047505840606,18.42199551172857,6.164276808973185,17.787001673462587,3.5923488561094503,33.0823766202429,21.182601914844735,13.215271302029207,0.9907199758112829,17.7756370259818,4.777837506121081,6.400657306128005,2.9919826556920106,0.024482724675828165,0.676874167261189,0.17819090002965246,54.10214618180991,43.76997016879512
16.3,0.2732181333018743,3650.549841229806,4385.327026161518,9.20837864181473,31.778207605811104,47.561899577937645,2765.716113288083,65.08814883907642,121.90939079013279,0.22951638909233435,90.14674277879169,48.13783899689342,2672.1135301463282,25.383107430674485,49.015009390475186,3286.424621524522,22.86203246068547,65.21509578739749,4.541779758066771,276.4732122289708,101.63018216063222,90.42302327237782,32.0739225041156,14.671047505840606,18.42199551172857,6.164276808973185,17.787001673462587,3.5923488561094503,33.0823766202429,21.182601914844735,13.215271302029207,0.9907199758112829,17.7756370259818,4.777837506121081,6.400657306128005,2.9919826556920106,0.024482724675828165,0.676874167261189,0.17819090002965246,54.10214618180991,43.76997016879512
16.35,0.26721757856672057,3622.2013759584347,4433.952293508443,9.126866173643572,31.828305779796803,47.128891613980116,2767.335064518981,65.58143272459625,121.93184784050514,0.22809275621009711,90.39853020449607,49.28467234056881,2674.376385443848,25.36407739157052,49.043804374505726,3289.4472429773905,23.03265660071372,65.18371870963391,2.0643837248987142,276.463444226541,101.5854812252722,90.46250265822044,31.806709493956966,14.458615106026746,18.75864499292656,6.147650952108851,17.792995189545994,3.5754336693936604,32.26680922368936,21.208667074139854,13.236656418088723,1.097240953073323,18.38847720834884,4.747810982784275,6.403806026670468,3.124974237944458,0.024482724675828165,0.676874167261189,0.17819090002965246,54.10214618180991,43.76997016879512
16.4,0.26722665842301596,3664.120999953936,4447.587707544876,9.265985109954011,31.92548098982728,46.98604863681326,2768.0038098506143,64.17840630004193,121.92352881107988,0.22774103970029685,90.26392059022555,49.07737790011052,2674.7197100161598,25.483087976249404,48.30658865809358,3288.8841049016855,22.77521130189308,65.18635145166161,4.490886431312024,276.47101018788817,101.57568078563503,90.48721888171454,31.806709493956966,14.458615106026746,18.75864499292656,6.147650952108851,17.792995189545994,3.5754336693936604,32.26680922368936,21.208667074139854,13.236656418088723,1.097240953073323,18.38847720834884,4.747810982784275,6.403806026670468,3.124974237944458,0.024482724675828165,0.676874167261189,0.17819090002965246,54.10214618180991,43.76997016879512
16.45,0.2711250978503991,3662.8324930424747,4455.413685668136,9.2252542565152,31.82576562360606,47.49806180089868,2768.0202757778466,64.9422799344375,121.92048164456081,0.2254961376780077,90.29441975292107,49.83150696680006,2673.7276384072566,25.187934285340095,50.72935827647277,3288.790718847079,22.82056526917012,65.19691592820537,5.604346995595305,276.53744232615537,101.57960997415844,90.57909240898452,32.274679778435846,14.480714592776591,19.090347448931343,6.193787349533158,17.755606684291852,3.6154991625776973,32.76339764348162,21.148907141706708,13.463036568650374,0.8976413474691833,17.43763256117504,4.767568886028176,6.504337415320376,3.0482356491799143,0.024482724675828165,0.676874167261189,0.17819090002965246,54.10214618180991,43.76997016879512
16.5,0.26989062888250237,3650.4921133994926,4461.517005393389,9.182267647437206,31.83299992418315,47.36392305009302,2768.537620735628,64.68090284373271,121.94814471815253,0.2308408833135741,90.32686033979132,50.6667030270041,2674.235348677727,25.01035892616296,49.60035662812183,3289.442035984085,22.8151133595743,65.23658893012565,4.670827648645212,276.36603956128556,101.5684559513261,90.28674602443428,32.274679778435846,14.480714592776591,19.090347448931343,6.193787349533158,17.755606684291852,3.6154991625776973,32.76339764348162,21.148907141706708,13.463036568650374,0.8976413474691833,17.43763256117504,4.767568886028176,6.504337415320376,3.0482356491799143,-0.007058547623284164,0.6827968547768923,0.1734237491563051,53.743137015513085,43.70767224967763
16.55,0.2721021154398364,3641.837725324643,4439.5516402131225,9.167719920277339,32.04996025498374,46.98229044064363,2767.225196058214,64.80160084940059,121.9104538740126,0.22947943613319785,90.24912945929432,48.58462963472863,2674.1662087583577,25.278695894028427,48.03103643985658,3288.729354829727,22.734243246287154,65.21679999719944,7.444584578646051,276.5635192593433,101.56349969847999,90.53591664890882,31.979134847161966,14.279814280639222,18.887081645345148,6.131291199406948,17.463735323148445,3.538265084145311,32.84898695371687,21.38000646055015,13.273881864470175,0.9343056528788949,17.53720823121672,4.739734474647564,6.418141306221981,3.2213861928300633,-0.007058547623284164,0.6827968547768923,0.1734237491563051,53.743137015513085,43.70767224967763
16.6,0.2730454432761532,3618.1053615835554,4444.2661874022915,9.274357109189111,31.875056532853982,47.11850781112801,2766.386649019093,64.45840544126811,121.92473182534845,0.2278029160585736,90.23332194823836,49.30249288871554,2673.279085940776,25.170340970783787,48.06563573649734,3287.829038847354,22.82147752662606,65.239375538469,7.3250218537974225,276.0866350506478,101.60450419257586,90.26455420275408,31.979134847161966,14.279814280639222,18.887081645345148,6.131291199406948,17.463735323148445,3.538265084145311,32.84898695371687,21.38000646055015,13.273881864470175,0.9343056528788949,17.53720823121672,4.739734474647564,6.418141306221981,3.2213861928300633,-0.007058547623284164,0.6827968547768923,0.1734237491563051,53.743137015513085,43.70767224967763
16.65,0.2767262694011263,3645.3873269338396,4476.945670815386,9.197118373172964,32.071567643079995,47.07852362897828,2766.9251650778674,64.76103322114072,121.91417076812927,0.2292551753888591,90.3056772859879,48.16799225114078,2673.985671616646,25.471312264175545,48.26401230177733,3288.0880375679426,22.577221900717603,65.23264796449156,4.99465288102975,276.77834193660993,101.59711356913238,90.70616665646999,32.6823468039347,14.525785313276664,18.768392677994598,6.050896857818603,17.995840998989486,3.5655606000151145,32.922415462308614,21.458611094236637,12.923316797407956,1.045125283794927,17.68092850865796,4.772143420835033,6.38259208249994,3.149154225164159,-0.007058547623284164,0.6827968547768923,0.1734237491563051,53.743137015513085,43.70767224967763
16.7,0.2750811306870276,3673.948544836269,4437.9479097152625,9.153795285786936,31.64449810853487,47.391915311160886,2767.1979415082187,64.83789797556062,121.91915778506032,0.22453909355465068,90.28114597970732,48.65959027196784,2673.311064576634,25.35712695765768,48.91855214063425,3287.930294167849,22.74771934091743,65.24977416181123,4.898878822171266,276.18645190120503,101.57647445007683,90.25254304321983,32.6823468039347,14.525785313276664,18.768392677994598,6.050896857818603,17.995840998989486,3.5655606000151145,32.922415462308614,21.458611094236637,12.923316797407956,1.045125283794927,17.68092850865796,4.772143420835033,6.38259208249994,3.149154225164159,-0.007058547623284164,0.6827968547768923,0.1734237491563051,53.743137015513085,43.70767224967763
16.75,0.27266868456203436,3646.282203226764,4452.142688739804,9.155205718206462,31.965652418668956,46.83937403176075,2767.7275963017387,65.13056571062226,121.92934207716712,0.22186069414155676,90.2918899562062,49.79456301624657,2673.573998866791,25.207391878437566,48.48917936129537,3287.793252892022,22.857862395992775,65.24434254988175,2.481083677860727,276.76834791800877,101.58116164927573,90.75342680074641,32.53234770628438,14.479526400369593,18.51003978528441,6.173975492052434,18.13506377681885,3.5460775561336813,33.3209081141491,21.093660274357976,13.129836109105323,1.016213993443164,17.148691083575702,4.769106337634664,6.406498666977417,3.1155894201240137,0.009675789668062897,0.6770429205417212,0.1775506938020148,53.77607898719339,43.83023720543926
16.8,0.27058014102098027,3651.3068090662578,4454.18182713658,9.13230364117981,31.991905311659913,47.11280954633901,2766.4247016418985,65.73922948768349,121.92822923217487,0.22029641367266328,90.27343813077592,48.801647404977764,2672.670423364216,25.505823204418892,49.96178594395805,3287.505329210421,22.84261144073392,65.23986062254133,4.842564504909034,276.58159971112156,101.5727604334718,90.2095391894693,32.53234770628438,14.479526400369593,18.51003978528441,6.173975492052434,18.13506377681885,3.5460775561336813,33.3209081141491,21.093660274357976,13.129836109105323,1.016213993443164,17.148691083575702,4.769106337634664,6.406498666977417,3.1155894201240137,0.009675789668062897,0.6770429205417212,0.1775506938020148,53.77607898719339,43.83023720543926
16.85,0.2674551821419792,3647.9785343936196,4435.984762829915,9.2283597229468,32.25124066056526,46.95115410845508,2767.177061822287,64.74576762094317,121.91859948896143,0.21601898895741803,90.3257724062958,48.467407873153995,2673.0421178399047,25.12513111953035,48.889575960656664,3288.090834373061,22.747853885603792,65.23835763694844,2.5587955265048805,276.5183273205127,101.58927646820506,90.55773237125878,31.97120468660715,14.413901834809195,18.820115643388682,6.307271656977152,17.71494473616652,3.562769950115481,33.12534469089192,21.15728532642091,12.575730429452214,1.120408262114113,17.395910857513016,4.7556111886301915,6.371119351649893,3.085042342068347,0.009675789668062897,0.6770429205417212,0.1775506938020148,53.77607898719339,43.83023720543926
16.9,0.2666534831700106,3638.500791685061,4408.034824925844,9.306477944086453,31.761066994793893,46.773329803837306,2766.982856072213,64.54095290764096,121.9391606266004,0.21539816207811033,90.2896482371663,47.50226626695351,2673.3563433044906,25.36703602927108,49.409942211316924,3287.988773701955,22.69489133237065,65.23012194796131,4.652153691982948,276.5119000379511,101.56971680636929,90.42581989550392,31.97120468660715,14.413901834809195,18.820115643388682,6.307271656977152,17.71494473616652,3.562769950115481,33.12534469089192,21.15728532642091,12.575730429452214,1.120408262114113,17.395910857513016,4.7556111886301915,6.371119351649893,3.085042342068347,0.009675789668062897,0.6770429205417212,0.1775506938020148,53.77607898719339,43.83023720543926
16.95,0.2697654152923324,3653.536981093804,4486.786856593313,9.294514204964837,32.171258612195615,47.213661599036264,2765.7188534576776,64.82037886913623,121.93557941548933,0.21196006896643368,90.18876338423514,48.36622157298157,2672.416127281296,25.432928087627854,48.962743794491054,3287.2365532437234,22.70189236784007,65.24290287394761,3.057919479811979,276.9398307807564,101.59571103504787,90.34898459174805,32.128927572489026,14.474425015391628,18.746969198859453,6.118739931988965,17.66249454213512,3.5471082250949397,32.501019856912,21.248926465560967,13.012752019173178,1.0668543308852458,17.487953952402457,4.739609955663418,6.391113332981852,3.1170205073637938,0.009675789668062897,0.6770429205417212,0.1775506938020148,53.77607898719339,43.83023720543926
17.0,0.2699966258485312,3663.5163261337952,4423.700664612648,9.161499006367281,32.056936723417465,46.91441426469084,2766.5985172293817,65.27541328338118,121.93130386543021,0.213278941707454,90.26913928817314,49.15917288556969,2673.482844322601,25.141697661130973,49.11836496211669,3287.67796733398,22.659559188567165,65.22320205055307,6.18572403540319,276.56639677494843,101.56661619067371,90.55781540824688,32.128927572489026,14.474425015391628,18.746969198859453,6.118739931988965,17.66249454213512,3.5471082250949397,32.501019856912,21.248926465560967,13.012752019173178,1.0668543308852458,17.487953952402457,4.739609955663418,6.391113332981852,3.1170205073637938,0.01595177055471107,0.6776568837106208,0.18087744485338597,53.87443654278171,43.91541891486567
17.05,0.2734093325652164,3674.4216776426024,4437.211555897483,9.12465996150785,31.93497131994932,46.84991671322759,2767.193557222433,65.45467920339428,121.93571309097847,0.2113790990131826,90.31870178861767,48.158747193460286,2673.8115562367684,25.293823457328493,48.62576149727405,3288.959928657403,22.87213083102141,65.24420443513891,5.804710238871886,276.48579492867884,101.55140790110164,90.3677030434044,32.675064442285645,14.474443691939399,18.555736431123353,6.054239967678389,18.270635688900494,3.553659548266098,32.948898592413684,21.24133415869196,13.36256315480339,1.1237523151966005,17.441707071632777,4.7584842537900425,6.474847207471118,3.0859378452098545,0.01595177055471107,0.6776568837106208,0.18087744485338597,53.87443654278171,43.91541891486567
17.1,0.26994933064252086,3661.477251892724,4434.757096649122,9.282899431061537,31.94045005895439,47.38874774569507,2767.0790999146934,65.44902909253548,121.94307188602927,0.20882756216930956,90.23557554969452,50.15272249721105,2673.2297420506716,25.260411689366983,48.13745424971334,3288.1722774979144,22.971553874346952,65.2209540898697,3.8098490290850426,276.4691467885142,101.58147502630595,90.44572962565833,32.675064442285645,14.474443691939399,18.555736431123353,6.054239967678389,18.270635688900494,3.553659548266098,32.948898592413684,21.24133415869196,13.36256315480339,1.1237523151966005,17.441707071632777,4.7584842537900425,6.474847207471118,3.0859378452098545,0.01595177055471107,0.6776568837106208,0.18087744485338597,53.87443654278171,43.91541891486567
17.150000000000002,0.2661832508234116,3669.3799047994157,4454.3286700599965,9.251149479155925,31.816298803932686,46.98184319890362,2767.7909402419778,64.60018660912534,121.93100468601607,0.2119408397945721,90.31640448797252,49.20840345300325,2674.0783708456447,25.353484428984967,48.78033146336477,3288.9573558149923,22.935524442950484,65.22050241963184,3.4399571301505714,276.5197858942848,101.58052810056874,90.46695930926184,32.1294839912469,14.431625906188469,18.796465892142386,6.08082969758732,18.02056023380106,3.525807110562121,32.71704220124381,21.20407451206667,12.674715131091965,1.0805765715969713,17.85805666563072,4.751806169934397,6.346809075624987,3.207732064225726,0.01595177055471107,0.6776568837106208,0.18087744485338597,53.87443654278171,43.91541891486567
17.2,0.2654894939809804,3625.317312204489,4442.06404132315,9.285228737555645,32.44887548796446,47.24849172116646,2767.451880886221,65.6103685928612,121.9145415383353,0.21030085136196777,90.29215668769895,51.02644994555863,2674.2289791517555,25.155156836958458,48.88934702253392,3288.8961017253087,22.9433081422585,65.22965778426506,5.403284830471515,276.48954743729644,101.55408925761155,90.44512746427567,32.1294839912469,14.431625906188469,18.796465892142386,6.08082969758732,18.02056023380106,3.525807110562121,32.71704220124381,21.20407451206667,12.674715131091965,1.0805765715969713,17.85805666563072,4.751806169934397,6.346809075624987,3.207732064225726,0.01595177055471107,0.6776568837106208,0.18087744485338597,53.87443654278171,43.91541891486567
17.25,0.2637232681159012,3631.052710603285,4437.5428828070535,9.254288851109044,31.72052716131354,47.356805642412795,2767.6565839571053,66.21087354247983,121.93283770198751,0.21430226664043586,90.27956048867824,50.96468121231362,2674.411533341381,25.450750516000735,49.06704253018951,3289.1320714401795,22.76197481708247,65.24253966884842,4.539896409616357,276.4924067342294,101.53832017207388,90.34878316106666,32.28666716204741,14.412934985458477,18.52466002294915,6.0455057073086484,17.9179617274484,3.5509840407857336,32.99475623722609,21.148625193859388,12.838834571500836,0.9880027294145883,18.039699132430847,4.761818819556044,6.428329186661346,3.149956821211664,0.015952227610640555,0.6559375738179402,0.17948103011059888,53.94427227997356,42.92381350574579
17.3,0.2657927921473836,3681.2675430010063,4443.310270976733,9.177734967357726,32.34146169461814,46.84530174734941,2767.583670704825,66.16172235081933,121.92108113181409,0.21019065276524615,90.26222288277913,48.54706188087267,2673.756302378853,25.204345946179156,49.449062689630665,3288.5651584230395,22.550848618261373,65.21990920138384,7.007917930283513,276.829614748094,101.58309988525788,90.63988802019165,32.28666716204741,14.412934985458477,18.52466002294915,6.0455057073086484,17.9179617274484,3.5509840407857336,32.99475623722609,21.148625193859388,12.838834571500836,0.9880027294145883,18.039699132430847,4.761818819556044,6.428329186661346,3.149956821211664,0.015952227610640555,0.6559375738179402,0.17948103011059888,53.94427227997356,42.92381350574579
17.35,0.2658654389777757,3664.88100367322,4445.524935966799,9.188865257418355,31.842797827691427,47.01082565410325,2768.336745500867,64.60098008075224,121.93311962496901,0.21226712989582958,90.32327910352238,48.71953732676543,2674.976557377919,25.26633017380701,48.56457931989537,3289.706208428504,22.906483062310407,65.23518713859383,4.5657392353998265,276.8950671225585,101.56030033111657,90.44366085673904,32.248587797641505,14.479969016983512,18.571969434207432,6.171295408999376,18.08123555764265,3.566209397067273,32.43629017164076,21.109000475732174,13.256855418152938,1.1721377116940375,17.87882573672301,4.725422932370688,6.365762545477839,3.1532897330073486,0.015952227610640555,0.6559375738179402,0.17948103011059888,53.94427227997356,42.92381350574579
17.400000000000002,0.26403491974977894,3622.31751310553,4466.980741633656,9.23916255723798,31.82161623359747,46.888302374114716,2768.765915162733,65.36757779829848,121.91949225301633,0.21539541933757222,90.22703467929456,49.1123424690206,2674.519804824387,25.43673418683169,47.906308302109764,3289.6550563594965,22.724139319296103,65.24569544636832,7.250751395031262,276.9768981405476,101.56301320109094,90.2135897530207,32.248587797641505,14.479969016983512,18.571969434207432,6.171295408999376,18.08123555764265,3.566209397067273,32.43629017164076,21.109000475732174,13.256855418152938,1.1721377116940375,17.87882573672301,4.725422932370688,6.365762545477839,3.1532897330073486,0.015952227610640555,0.6559375738179402,0.17948103011059888,53.94427227997356,42.92381350574579
17.45,0.2662325698469325,3593.7960707093384,4408.058896551366,9.231779632770612,32.03687997406551,47.02390134770319,2767.7306369398884,64.486547184517,121.91921607905971,0.21443980978559046,90.21674753798555,49.15123754797401,2674.533810908876,25.35686963028764,48.97098661396966,3288.9491373220617,22.865329411418998,65.20975308151887,4.614130187919879,276.9173704726679,101.56509451186312,90.5593852741472,32.15883467669218,14.454452559102819,18.351331972109936,6.179087746845133,18.05005025598074,3.57525350908212,33.08237206584673,21.010468556991633,13.599094724902333,0.9596138786520624,17.359149065942557,4.7601513195523495,6.381353167122295,3.128117591559855,0.015952227610640555,0.6559375738179402,0.17948103011059888,53.94427227997356,42.92381350574579
17.5,0.2630792159418072,3669.3774289410367,4405.6972853618,9.208480771433072,31.892757953613984,47.071786218478564,2768.5932373679025,64.96991106736493,121.94235376707546,0.21489334182904454,90.2997152785776,48.80333444166141,2675.3152728559467,25.237786180673496,47.328058073062564,3290.154315480965,22.923009841466005,65.20602082368318,5.643772507327475,276.91410303036054,101.5885228028907,90.45878498391309,32.15883467669218,14.454452559102819,18.351331972109936,6.179087746845133,18.05005025598074,3.57525350908212,33.08237206584673,21.010468556991633,13.599094724902333,0.9596138786520624,17.359149065942557,4.7601513195523495,6.381353167122295,3.128117591559855,0.024843470012016977,0.6842790716305474,0.1857469332884171,53.46962933605855,44.448072818953605
17.55,0.26177206229499445,3662.1918422194585,4411.977107131926,9.158547177838365,32.10193808010924,47.46176627209191,2769.2115323087796,65.02641648868223,121.92266588091752,0.21934931234418598,90.30223860245124,50.49902353815392,2675.6393970672248,25.231818173950593,50.80814277463805,3290.593841185004,22.915047830126344,65.2083632334417,2.865831022695307,276.8064917285104,101.53258889559935,90.34288658530974,31.840896421145466,14.338995612136422,18.508522167003665,6.25685364843134,17.81329144115243,3.5001678490069255,32.75010493711487,21.143536827106047,12.39588167080351,1.0101701051865577,17.78407231258159,4.7297026002790785,6.412234860433484,3.06911144636027,0.024843470012016977,0.6842790716305474,0.1857469332884171,53.46962933605855,44.448072818953605
17.6,0.261906858891652,3681.347867865944,4429.437307534163,9.207760515163399,32.03782735901222,46.769866039825324,2768.15089480614,65.1321295023747,121.92433791127256,0.21933328012881048,90.15390426923229,50.118837254713746,2674.7443155552432,25.28011849879499,48.39709470591611,3289.38318107704,22.96682922830866,65.20506196251765,5.832819923491286,277.1570795848417,101.55078531719148,90.37498909088026,31.840896421145466,14.338995612136422,18.508522167003665,6.25685364843134,17.81329144115243,3.5001678490069255,32.75010493711487,21.143536827106047,12.39588167080351,1.0101701051865577,17.78407231258159,4.7297026002790785,6.412234860433484,3.06911144636027,0.024843470012016977,0.6842790716305474,0.1857469332884171,53.46962933605855,44.448072818953605
17.650000000000002,0.26541291426066926,3621.6735447815977,4477.697412428789,9.130899599110826,32.19166190720945,47.092073128104076,2769.5210873147576,65.85655674463115,121.94517789321203,0.22442269327698758,90.26669212314816,50.66259070954542,2675.456555166948,25.090605775867257,49.599976536876746,3290.4191976950756,22.603194902534234,65.18446151963609,5.0324520799257835,276.93651307973005,101.56021833924468,90.64800547702508,32.02893102693578,14.566528018627489,18.871626114004346,6.320685036678561,17.8271925526264,3.543640677942201,32.6427783207193,21.066105455880674,13.25338513024735,0.9480498278742788,18.141652261520083,4.7716657202356645,6.374215822530383,3.096632642934835,0.024843470012016977,0.6842790716305474,0.1857469332884171,53.46962933605855,44.448072818953605
17.7,0.2639581840733201,3652.4874785614625,4430.436978981398,9.241314352343469,32.16353746099666,47.289208015113026,2768.8260174485317,64.64391620436764,121.92447631640965,0.22498833921533182,90.22416039566654,48.66299696602955,2675.4697815302557,25.195331178189825,48.07198079298688,3291.1948844897743,22.84235227401262,65.18960175689767,5.5281749856954425,276.7049122291035,101.57038610753925,90.23543694581615,32.02893102693578,14.566528018627489,18.871626114004346,6.320685036678561,17.8271925526264,3.543640677942201,32.6427783207193,21.066105455880674,13.25338513024735,0.9480498278742788,18.141652261520083,4.7716657202356645,6.374215822530383,3.096632642934835,0.024843470012016977,0.6842790716305474,0.1857469332884171,53.46962933605855,44.448072818953605
17.75,0.26419372033906213,3670.5491576132476,4468.640534398555,9.243541219284648,32.036635735069204,46.97405012605721,2768.096280906049,64.85071453348552,121.90675475041765,0.22796415274983498,90.19993804393685,48.873397008945524,2674.964018179105,25.310753404545366,49.04479425847957,3290.287371239186,22.81279649551433,65.17948499735242,3.6226214588921017,276.7479547654192,101.56762885767415,90.44682932333373,32.3167818659846,14.476700583086245,19.396710107767476,6.078333524106636,17.652007483248834,3.513135158410053,33.0357695438976,21.321371636588815,12.503306460567885,1.0320073958781115,17.64790822338535,4.728782680021673,6.321634923100762,3.1127484411982955,0.009731925493009018,0.6848395278863054,0.16741343519326057,53.20179076334983,44.34729833306371
17.8,0.2674041542785164,3630.936825602719,4439.280294617391,9.270024682162964,31.905308777729104,47.407333819542515,2767.7956537623686,64.45442923246023,121.92077433648356,0.22747961015771972,90.18167246736499,50.598792929763164,2674.3026007691374,25.16021295024812,48.82410922006055,3289.108912343537,22.80384965545978,65.16773169451822,5.463332504526697,276.54622772964336,101.56883837062804,90.31363420547017,32.3167818659846,14.476700583086245,19.396710107767476,6.078333524106636,17.652007483248834,3.513135158410053,33.0357695438976,21.321371636588815,12.503306460567885,1.0320073958781115,17.64790822338535,4.728782680021673,6.321634923100762,3.1127484411982955,0.009731925493009018,0.6848395278863054,0.16741343519326057,53.20179076334983,44.34729833306371
17.85,0.26823607572108893,3645.610918507934,4431.277296672467,9.217928753122438,32.54930879954884,47.06800741289783,2768.4200168777606,65.62336151038534,121.93249317448183,0.2224447727241435,90.29896602963814,48.92196847482683,2674.620900386229,25.08089828625266,47.47436411758619,3289.4877681432554,22.64228521358887,65.18938334669946,5.573276767628918,276.8371817853158,101.56650308058298,90.68465702365523,32.947149084468336,14.542535364978749,18.41983488298583,6.194020708761023,17.720645714464645,3.558577982383729,32.88131556398287,21.114870585390435,13.416789317515333,1.034983346441657,17.752157908753464,4.716943368079684,6.428115383625357,3.1568787529822004,0.009731925493009018,0.6848395278863054,0.16741343519326057,53.20179076334983,44.34729833306371
17.900000000000002,0.27312040532316845,3665.6051648985244,4438.691010285845,9.269140133322308,32.12414283816561,47.266745980948116,2767.5768604362347,63.97127832141466,121.9280430050768,0.22465571445665652,90.288892724829,48.477092857782736,2673.489844040317,25.273535611979554,50.76599460003744,3288.487209567596,22.703488617477262,65.2397973016612,5.804575051649273,276.91529916161056,101.5590759474545,90.44961990671733,32.947149084468336,14.542535364978749,18.41983488298583,6.194020708761023,17.720645714464645,3.558577982383729,32.88131556398287,21.114870585390435,13.416789317515333,1.034983346441657,17.752157908753464,4.716943368079684,6.428115383625357,3.1568787529822004,0.009731925493009018,0.6848395278863054,0.16741343519326057,53.20179076334983,44.34729833306371
17.95,0.26727857322389,3654.337551580697,4485.012728233833,9.24136257361342,32.28984350571198,47.21735171645713,2767.3613317710056,64.53413763932217,121.92853741292596,0.22675709868709107,90.2679910362805,51.153201261307586,2673.7926020366967,25.196501409381025,48.58966668664117,3287.8914310569717,22.8092156564084,65.24570995904627,6.3697500557781455,276.6290788546229,101.57605634741499,90.39755898047605,31.78296609669637,14.573520081761382,18.448944818007213,6.138247587113218,17.555190668954967,3.5650543238810237,32.654606873812604,21.075429607725315,13.076059779171226,0.8913883786537684,17.203494472799914,4.708854948041469,6.434176556899797,3.122920177984316,0.009731925493009018,0.6848395278863054,0.16741343519326057,53.20179076334983,44.34729833306371
18.0,0.263287417117496,3655.4502140100763,4455.283118982282,9.235839695702717,31.537707844215902,47.28640356971889,2766.9623437232267,65.11290074157735,121.9198709252871,0.22010460684470057,90.28019046285785,48.995975450294246,2673.994796407648,25.216414118919722,47.76963246869993,3288.571716332578,22.765823293795826,65.22427454266271,4.97105668047742,276.77873670707464,101.55714302710895,90.42299032790196,31.78296609669637,14.573520081761382,18.448944818007213,6.138247587113218,17.555190668954967,3.5650543238810237,32.654606873812604,21.075429607725315,13.076059779171226,0.8913883786537684,17.203494472799914,4.708854948041469,6.434176556899797,3.122920177984316,0.009570485629453254,0.6537699105011935,0.1674131356064804,53.38854346949073,44.30683015027237
18.05,0.26134262065676156,3662.540504494367,4415.181535729221,9.29649321385142,31.605550597803283,46.99018953805224,2766.676708505014,64.21926419685309,121.93698740409714,0.21819331132659434,90.18694160822248,49.03166531933759,2673.0456728669337,25.416435849820143,50.95054843952307,3286.875487078651,22.72537383079245,65.21954189477196,4.323272471414825,276.71876386337055,101.57480256294252,90.4920264261933,32.42090915734939,14.38868216482251,18.598018132532445,6.157311975000787,17.889370060617892,3.562776154845421,32.8568945335246,21.028251383237713,13.137102309101001,1.001563192059753,17.81851507762768,4.713183194188605,6.500905058392359,3.093881326392796,0.009570485629453254,0.6537699105011935,0.1674131356064804,53.38854346949073,44.30683015027237
18.1,0.26412627152242846,3634.1548597308183,4432.553412733316,9.2102419677139,31.81333226861909,46.84934429012482,2767.9303185383274,65.24980200293936,121.913551211638,0.21848550207206546,90.30196292798777,49.538111657610365,2674.3232600633564,25.2919942403517,48.11888847784322,3288.9548142361214,22.78113119993856,65.21129921780333,4.456247020276861,276.808613636736,101.53102169170057,90.58445189455193,32.42090915734939,14.38868216482251,18.598018132532445,6.157311975000787,17.889370060617892,3.562776154845421,32.8568945335246,21.028251383237713,13.137102309101001,1.001563192059753,17.81851507762768,4.713183194188605,6.500905058392359,3.093881326392796,0.009570485629453254,0.6537699105011935,0.1674131356064804,53.38854346949073,44.30683015027237
18.150000000000002,0.26108822371246454,3642.4647759651816,4403.317327364155,9.175436355404235,31.98300713246932,46.92812813723767,2767.16542290765,64.50138907500605,121.92803049122172,0.21547876685459258,90.2722227108537,48.13186336441553,2673.9694274499875,25.33984310594033,47.627990336770736,3288.2110214310323,22.91097864392616,65.2108656469352,5.66441150915489,276.8365406113952,101.51816896201211,90.54332806950727,32.2813890649503,14.437806248069723,18.55458631710372,6.042188247066979,17.636619353300468,3.550736373004051,32.78258219714808,21.05461486258297,12.887398529272492,1.1717902051356688,17.510978323214385,4.748829714909029,6.398649241215391,3.106660021329229,0.009570485629453254,0.6537699105011935,0.1674131356064804,53.38854346949073,44.30683015027237
18.2,0.26107580286673876,3633.6099354458765,4440.610449648824,9.277419202748773,31.80302385904618,46.931749411555174,2767.6185954840807,65.07977227072061,121.94400404859246,0.2195138909123349,90.32154111189068,49.4395485030556,2674.6541965323895,25.366274245674468,48.501976404933124,3289.0425295367845,22.88526123914906,65.2311937276905,6.554914855005118,276.7759822102573,101.53235051436727,90.381359468518,32.2813890649503,14.437806248069723,18.55458631710372,6.042188247066979,17.636619353300468,3.550736373004051,32.78258219714808,21.05461486258297,12.887398529272492,1.1717902051356688,17.510978323214385,4.748829714909029,6.398649241215391,3.106660021329229,0.009570485629453254,0.6537699105011935,0.1674131356064804,53.38854346949073,44.30683015027237
18.25,0.2606351486974712,3641.8478976963024,4396.975817151091,9.271459581949097,31.782598309315738,47.1201444463985,2767.0765382180152,64.60326791469879,121.91223669115514,0.21636658928007377,90.19352519763979,49.998720575341345,2673.4794761509293,25.288770822098126,48.33397737797503,3287.9976016082805,22.83051774775805,65.22936917345355,4.662068283765418,276.99117018381475,101.55391129532232,90.45227672225037,32.27309189875148,14.287925751108363,19.024706097884927,5.9919884781681105,17.865362751442778,3.559405091236117,32.76324617918443,21.092006749305124,13.511228224749502,0.935938955445512,17.559696457947332,4.70502755432173,6.395825827742199,3.0341177627725275,0.01780700698424806,0.6841771292385589,0.1716570118737178,54.09116694364594,44.09358232973389
18.3,0.25968677455346934,3673.559591607722,4466.292477994047,9.203937104960865,32.07207726697098,46.999254695389,2768.8652075059026,65.10335980641118,121.92188793304905,0.21305995244355333,90.39781515739357,48.236293871085735,2675.5153594999974,25.1529091080862,48.648039516367355,3289.768906700074,22.673008610890413,65.24689056553977,4.915464337289066,276.82314571636266,101.54297816086317,90.68454166726679,32.27309189875148,14.287925751108363,19.024706097884927,5.9919884781681105,17.865362751442778,3.559405091236117,32.76324617918443,21.092006749305124,13.511228224749502,0.935938955445512,17.559696457947332,4.70502755432173,6.395825827742199,3.0341177627725275,0.01780700698424806,0.6841771292385589,0.1716570118737178,54.09116694364594,44.09358232973389
18.35,0.2617234767756182,3672.9173346635007,4415.814127879519,9.285046527644583,31.76599051402293,46.841805191472304,2766.7295878118366,64.66490974230429,121.92104668537155,0.2151699325825174,90.23812628680925,49.10955277189051,2673.014397467138,25.26871866600429,49.841966135633456,3288.3937081772015,22.899711341360682,65.26338837441963,5.46375941114698,276.685194611329,101.56041319008135,90.32355178536608,32.18595690489178,14.347075406975513,18.829732854820005,6.205943714194462,17.790700806527912,3.5623515293553543,32.95026299375424,21.216845503428775,13.519238518572248,0.9650753183290206,17.422040608609294,4.739175877108887,6.472151478318507,3.0878420746308657,0.01780700698424806,0.6841771292385589,0.1716570118737178,54.09116694364594,44.09358232973389
18.400000000000002,0.2633687210619677,3639.379914584007,4457.7240166354295,9.14802097123157,31.882999683639067,47.02334072029284,2767.52245365682,64.30942377647617,121.92344280236402,0.2172510233562247,90.31821980465386,48.473072713747236,2673.6430001072163,25.26481051041107,48.55860064221908,3288.7925716991435,22.80749346657289,65.25049922413655,4.49841699036842,276.96891677736664,101.55050897582237,90.49878340749908,32.18595690489178,14.347075406975513,18.829732854820005,6.205943714194462,17.790700806527912,3.5623515293553543,32.95026299375424,21.216845503428775,13.519238518572248,0.9650753183290206,17.422040608609294,4.739175877108887,6.472151478318507,3.0878420746308657,0.01780700698424806,0.6841771292385589,0.1716570118737178,54.09116694364594,44.09358232973389
18.45,0.26706053508358973,3628.9959584035146,4444.18572039749,9.228848041919488,32.23753967034214,47.173251942599,2767.368380158766,65.78337151534578,121.9309247619995,0.21759013832895913,90.27867899848599,48.251933875996365,2674.3569857485477,25.180453896845112,49.26094390884984,3288.0616151878344,22.865890346724264,65.27351254439789,3.828899386036049,276.70353687749133,101.55069939192026,90.42419333036659,32.72489930751273,14.221144575410129,18.543168954914183,6.095079449353814,17.944832402422353,3.505728168480573,33.2308437839754,21.094728899957236,12.77649645788393,0.9424210231728198,17.588369552686284,4.741927624685164,6.422215798041614,3.110730312290174,0.01780700698424806,0.6841771292385589,0.1716570118737178,54.09116694364594,44.09358232973389
18.5,0.2666286896510626,3640.5374375743368,4448.032505415368,9.215270596800735,32.029101043947264,47.30781260627453,2767.236415213647,65.13693851834208,121.9312415656628,0.2148678733258113,90.21646099979877,48.407309786354425,2673.6588130800233,25.39071286702348,48.425970382371055,3288.373465447691,22.754412534574655,65.24713576526341,6.099418044177228,277.1076446848979,101.58804146306808,90.56263853392036,32.72489930751273,14.221144575410129,18.543168954914183,6.095079449353814,17.944832402422353,3.505728168480573,33.2308437839754,21.094728899957236,12.77649645788393,0.9424210231728198,17.588369552686284,4.741927624685164,6.422215798041614,3.110730312290174,0.0015995018551967742,0.6753416756440677,0.17143951567867277,53.034368511714334,44.286268437115716
18.55,0.26230146761364326,3663.272529685523,4454.797795302497,9.191105432270962,31.934664685762996,47.06957630385477,2768.146293584529,64.81133795472168,121.92122054838188,0.2117194848672733,90.29821561322154,50.07429783185531,2674.608158834592,25.446106176573913,46.876602785250896,3289.8699838152525,22.794037498708118,65.24118289644747,3.9888927745405933,277.04941454576186,101.55422326516337,90.40049443614313,31.89494511092333,14.59487577425013,18.56119984483282,6.072236641521215,17.553979465365014,3.5444822054933995,32.98013551175153,21.1912592020567,13.611881384321904,1.1458802292046497,17.6270417035601,4.69714128644795,6.393870444704887,3.074288447562864,0.0015995018551967742,0.6753416756440677,0.17143951567867277,53.034368511714334,44.286268437115716
18.6,0.25781382363191047,3655.5598826579653,4430.217228622265,9.211490228310234,31.841181292433458,47.255463568611695,2768.0374930375174,65.0745910823978,121.93177608911827,0.21553678978913549,90.28547773480066,49.69018164695037,2675.0683736241385,25.32191441793708,48.68574466978998,3289.39607417405,22.739928456195617,65.24062770188222,7.502003535379174,276.95209358832045,101.55011964639463,90.39753061511729,31.89494511092333,14.59487577425013,18.56119984483282,6.072236641521215,17.553979465365014,3.5444822054933995,32.98013551175153,21.1912592020567,13.611881384321904,1.1458802292046497,17.6270417035601,4.69714128644795,6.393870444704887,3.074288447562864,0.0015995018551967742,0.6753416756440677,0.17143951567867277,53.034368511714334,44.286268437115716
18.650000000000002,0.26269432792608943,3628.3766737659016,4423.933959728871,9.26358216039403,32.16409248172973,46.99490851169893,2768.7044456170247,64.5802270650236,121.92463205940307,0.2155672444875569,90.33269691541655,51.31048304658424,2674.7946959551023,25.26344470331972,48.316059481770374,3289.8599788711763,22.893852121491964,65.2465388098629,4.915465898788543,277.0432972333547,101.51329795831347,90.50165525605956,31.87941531382649,14.414299939061413,18.75706466561931,6.195313379117344,17.995200391143563,3.5129764914155515,33.077710325296124,21.079991229069964,13.128503420384309,1.0758878127138016,17.951759700613728,4.724856457788048,6.356958637072955,3.0873936654976344,0.0015995018551967742,0.6753416756440677,0.17143951567867277,53.034368511714334,44.286268437115716
18.7,0.26191029245321884,3651.7919968631068,4437.499135791571,9.225826332201784,31.701293941373017,47.13930850048478,2768.06977555861,65.04179167104758,121.92608812723854,0.21816024319064617,90.26594690491085,51.28648037636026,2674.61609560043,25.28616460260829,46.68122318249755,3289.294931076038,22.964526552773716,65.2253555260739,3.0310660852896594,276.8277559199506,101.53575181971203,90.53722378006266,31.87941531382649,14.414299939061413,18.75706466561931,6.195313379117344,17.995200391143563,3.5129764914155515,33.077710325296124,21.079991229069964,13.128503420384309,1.0758878127138016,17.951759700613728,4.724856457788048,6.356958637072955,3.0873936654976344,0.0015995018551967742,0.6753416756440677,0.17143951567867277,53.034368511714334,44.286268437115716
18.75,0.26368676775127026,3655.485511615512,4382.8308962713845,9.253742813885678,32.06521854977375,47.212821314900836,2768.3171493670443,65.77414417783214,121.92747944154978,0.22169588889661548,90.27566392140595,49.53054857998111,2674.7261410714027,25.2269665869962,48.98328559600965,3290.2816855972815,22.721879009605477,65.2363655999671,5.123870270799688,276.62283042768695,101.52452683334339,90.36002298876669,31.93350764976723,14.342598975209034,19.05839722839778,6.1791259927701825,17.86050625227078,3.534557935870256,33.34494402598672,21.244036550364754,12.995891114667067,0.962303269967702,18.081238562412487,4.766057346424231,6.454455838237647,3.134571406659398,0.024091923319263804,0.6750501217410863,0.16561960917937046,53.61377549360746,43.891517486667865
18.8,0.26600899397698025,3645.3402924490038,4420.937988603046,9.309384245784264,31.969784221911453,47.203542917589914,2767.3119431119258,64.60172798725388,121.9247598675125,0.21725878833914175,90.18907470630994,48.69052782791863,2673.903548830867,25.41196341145389,49.10678035634496,3288.9633298420813,22.78563459521075,65.22512572863835,6.335400577800626,276.7325765697885,101.52749974692918,90.31529950602955,31.93350764976723,14.342598975209034,19.05839722839778,6.1791259927701825,17.86050625227078,3.534557935870256,33.34494402598672,21.244036550364754,12.995891114667067,0.962303269967702,18.081238562412487,4.766057346424231,6.454455838237647,3.134571406659398,0.024091923319263804,0.6750501217410863,0.16561960917937046,53.61377549360746,43.891517486667865
18.85,0.26819673793258125,3682.5363822426216,4456.110465230432,9.184376035465275,32.228650056329926,47.2842372701603,2768.2427871241775,65.86490047263051,121.93216514985637,0.2199876488700927,90.2922700608613,49.07409545346611,2674.5789512569268,25.424151683832523,49.53945233575334,3289.4054723736394,22.609938305786223,65.23269540981225,4.099099065624028,276.78957568568273,101.52577970437301,90.38888217731787,32.34888108125942,14.174287384384806,19.25058329022586,6.088972210356296,18.02030945656113,3.4986102504526646,32.941712783425224,21.116502774446722,13.098289015046353,1.039561795158373,18.051231754461725,4.739369242689983,6.355662279406119,3.093599987924898,0.024091923319263804,0.6750501217410863,0.16561960917937046,53.61377549360746,43.891517486667865
18.900000000000002,0.2679873349613202,3655.089985620389,4403.824857502037,9.25603629659911,31.73573864887002,47.14604752019277,2767.2476865714893,64.87120580917944,121.93045635951857,0.22197369846447462,90.22722578676942,50.16932348904692,2673.6550349238523,25.174806515106894,50.18516471771954,3288.7078525781735,22.847882248788835,65.2438519844748,3.2203141154714165,276.66448820651004,101.55189558698578,90.48752350518863,32.34888108125942,14.174287384384806,19.25058329022586,6.088972210356296,18.02030945656113,3.4986102504526646,32.941712783425224,21.116502774446722,13.098289015046353,1.039561795158373,18.051231754461725,4.739369242689983,6.355662279406119,3.093599987924898,0.024091923319263804,0.6750501217410863,0.16561960917937046,53.61377549360746,43.891517486667865
18.95,0.27133446893853125,3666.6258760468204,4417.168557731672,9.137603338277097,32.11409517441743,46.93039559675746,2766.877578816847,64.42268224821457,121.9358806173633,0.2151345811517931,90.21053686360383,51.033737328776354,2673.3074739853932,25.23793539752498,49.34810537769371,3287.965826636398,22.797038469681187,65.2112993656337,5.536616150967033,276.82464329637077,101.57810093528188,90.43281619778949,31.964686793932316,14.394018555595094,18.77965608287172,6.235352246995477,17.217080603188816,3.5409646220130573,32.93656974852298,21.03124444518269,12.928043422450013,1.0575930325316034,17.5475841816444,4.709625586701847,6.40366734327564,3.1325883076635974,0.024091923319263804,0.6750501217410863,0.16561960917937046,53.61377549360746,43.891517486667865
19.0,0.2720275843536806,3681.5723757789665,4438.520086502012,9.212324310892063,31.87849898876936,47.650897385209724,2766.931684134383,64.86509126403438,121.91476507595718,0.21611683828704764,90.27673440561333,47.49655358089849,2674.445212903176,25.242137571397954,48.37057130402801,3289.0947969396902,22.893829174756572,65.23716163162048,5.063569786119688,276.92264905187443,101.5328469628009,90.52632134394081,31.964686793932316,14.394018555595094,18.77965608287172,6.235352246995477,17.217080603188816,3.5409646220130573,32.93656974852298,21.03124444518269,12.928043422450013,1.0575930325316034,17.5475841816444,4.709625586701847,6.40366734327564,3.1325883076635974,0.02286157764021475,0.6521568192136479,0.17665350736229202,54.22737743917901,42.65083534795021
19.05,0.2711556777260015,3642.3168000268493,4430.762434299317,9.226594642618643,31.981505813183215,47.25263991023575,2767.658277069157,65.10399314994919,121.90759875584754,0.21842391105230144,90.27632018556751,51.04057855486557,2673.9264140528558,25.34039520642322,50.63608480235769,3288.8665824480254,22.82095207048771,65.2562287114626,4.592282652688036,276.98923180012343,101.57066930509258,90.46327284994345,32.418482890607656,14.494309190764673,19.009807434909952,6.094402523888233,17.376313207512048,3.5600913899122197,33.18473426524511,21.204198911772586,13.263300019057944,1.2537455146244774,17.344460117844637,4.685599393148106,6.4310976077648565,3.0880776521026223,0.02286157764021475,0.6521568192136479,0.17665350736229202,54.22737743917901,42.65083534795021
19.1,0.2699687315297558,3636.6804975726036,4460.715964530117,9.103002577885146,31.929396953195102,47.16638384621651,2767.8044948592374,64.77098213704188,121.93789576314926,0.2179288119638304,90.28249428450357,51.3080297084231,2674.273541458696,25.368727024090823,47.83564364358988,3288.5345320565943,22.84205535143354,65.24750774237896,3.5944135586910946,277.3456578477971,101.55774723549236,90.6294383941013,32.418482890607656,14.494309190764673,19.009807434909952,6.094402523888233,17.376313207512048,3.5600913899122197,33.18473426524511,21.204198911772586,13.263300019057944,1.2537455146244774,17.344460117844637,4.685599393148106,6.4310976077648565,3.0880776521026223,0.02286157764021475,0.6521568192136479,0.17665350736229202,54.22737743917901,42.65083534795021
19.150000000000002,0.2717995588327472,3667.1454779845503,4406.244768737148,9.246472550105983,32.20978825199906,46.99016401829974,2768.0870538827935,66.16693390171265,121.92448139772206,0.21927957198954742,90.26374198485573,49.68444076683495,2673.890956023244,25.28195853648172,48.75176890751157,3289.024310058895,22.959710295778894,65.25330791874985,6.81613753398432,276.86031002413125,101.57568303685595,90.2642825778928,32.61005246798075,14.571679225171742,18.590045429758945,6.161771223042005,17.52067062689291,3.5518777762259583,32.808329760773006,21.036398220894366,13.094766439452725,0.9943601329307413,17.41399671098172,4.696642857914871,6.4117075757717945,3.053149942593026,0.02286157764021475,0.6521568192136479,0.17665350736229202,54.22737743917901,42.65083534795021
19.2,0.2698489783855099,3629.674747936045,4452.391300801567,9.273512869383266,31.809924652964384,47.44018849216559,2767.143702164374,65.05417691234959,121.92600015192076,0.21729641963615226,90.21143816637536,50.55554256951889,2673.9357414062392,25.175764586306048,48.30474858205946,3288.857165275025,22.837501658735533,65.22782465741763,5.127463415979823,277.11781005206797,101.569213671089,90.47449519058188,32.61005246798075,14.571679225171742,18.590045429758945,6.161771223042005,17.52067062689291,3.5518777762259583,32.808329760773006,21.036398220894366,13.094766439452725,0.9943601329307413,17.41399671098172,4.696642857914871,6.4117075757717945,3.053149942593026,0.02286157764021475,0.6521568192136479,0.17665350736229202,54.22737743917901,42.65083534795021
19.25,0.2656963863258961,3654.2702818521457,4451.47502523457,9.293799979605172,31.973313921704424,47.010586834423435,2768.061447980029,64.51894520652213,121.9398990493077,0.2196929109121299,90.30824374146626,49.088872953278425,2674.898312114548,25.475285813653958,48.74739981580837,3289.201801945833,22.813333768414946,65.239826114128,5.012596004286904,277.08911355486515,101.58605497731799,90.54409538139781,32.68194998784192,14.331263562861281,18.37896140732969,6.221848528106219,18.046435308031516,3.5539048665083395,32.955993349469246,21.318532257289625,12.706784713808835,0.9768562141556119,17.991700386631635,4.719907527452209,6.4099943817643545,3.1195395592263067,0.020719660848114094,0.6661070916575462,0.1769393437507698,54.333485413257215,44.4202479941911
19.3,0.262182691711719,3629.010734506752,4480.863231868046,9.263423443239363,31.802128417592204,46.85478694379544,2767.899984216097,65.25890394206922,121.92710777795462,0.21842722848513224,90.29157626755975,50.08368314790209,2674.6872019757275,25.279178062588027,47.59530883871463,3289.322898121462,22.78140640561361,65.22490152831173,6.8781625047118045,276.7748192574215,101.5695563595349,90.72242027054567,32.68194998784192,14.331263562861281,18.37896140732969,6.221848528106219,18.046435308031516,3.5539048665083395,32.955993349469246,21.318532257289625,12.706784713808835,0.9768562141556119,17.991700386631635,4.719907527452209,6.4099943817643545,3.1195395592263067,0.020719660848114094,0.6661070916575462,0.1769393437507698,54.333485413257215,44.4202479941911
19.35,0.2601661897613484,3685.182751629311,4427.732577870465,9.207678939892691,32.031857891240406,47.127628496455884,2768.5015992480326,64.94273605177014,121.91898455568851,0.2185715342984157,90.33576558269695,50.03732991216886,2674.9874452825866,24.935100088273625,50.00130044653578,3290.2769471994675,23.00360852262163,65.268354334075,4.78183400666274,276.9820734157893,101.55255985895835,90.39607917903044,32.42155263663284,14.435348140524232,18.61798615874852,6.16793709770565,17.301110507592675,3.570950905788513,32.97915266573372,21.09527000701907,13.043952137778312,1.0832926530063098,17.59394706035813,4.723186635055226,6.40300878845205,3.122432065470482,0.020719660848114094,0.6661070916575462,0.1769393437507698,54.333485413257215,44.4202479941911
19.400000000000002,0.2585404677501166,3629.335594335419,4457.395367980939,9.276211273184453,31.79680322609116,47.244478916980235,2768.4746822183756,65.71658881902243,121.92896840238981,0.22069626096858716,90.22756891443395,50.92218545360924,2673.9259425207174,25.349480467303252,49.15462743025923,3289.6804422843643,22.898226709461028,65.2458542272304,3.7773986827914356,276.98979684999955,101.55121150112095,90.37518758812412,32.42155263663284,14.435348140524232,18.61798615874852,6.16793709770565,17.301110507592675,3.570950905788513,32.97915266573372,21.09527000701907,13.043952137778312,1.0832926530063098,17.59394706035813,4.723186635055226,6.40300878845205,3.122432065470482,0.020719660848114094,0.6661070916575462,0.1769393437507698,54.333485413257215,44.4202479941911
19.45,0.2557603552163607,3664.259129065524,4450.9111694188305,9.196903125918839,32.077807625140586,47.43888771653236,2769.2521574863777,65.70334546323404,121.91783466963388,0.22137467109163328,90.32602558048701,50.19078590028327,2675.5954449459487,25.13706256754678,51.04614077564871,3290.8666091641003,22.78099304583127,65.25001251000337,5.526308927487092,276.9632726538004,101.55603467575614,90.53411883735441,32.32775926747341,14.477259478976134,18.419968883140736,5.991921314932892,18.004384223125157,3.560048586355332,32.80194996698201,21.216235380996682,13.184579408397923,1.093937897962556,17.22461783224872,4.724910869903987,6.4593304937523905,3.0777744199837715,0.020719660848114094,0.6661070916575462,0.1769393437507698,54.333485413257215,44.4202479941911
19.5,0.2554753158141981,3616.3827342188874,4461.3522448692065,9.113473653552868,31.959333273245072,46.891666223959966,2768.1273683675004,64.72573404950455,121.93670826137293,0.22270755127877562,90.2058360297858,50.157198215848354,2674.7094072170757,25.206945711020428,48.53488311349398,3289.5427441337993,22.737163170135517,65.23679829598342,3.814808365629965,277.3477860288464,101.58224225776489,90.49127642706273,32.32775926747341,14.477259478976134,18.419968883140736,5.991921314932892,18.004384223125157,3.560048586355332,32.80194996698201,21.216235380996682,13.184579408397923,1.093937897962556,17.22461783224872,4.724910869903987,6.4593304937523905,3.0777744199837715,0.013345011255068456,0.6586285666481352,0.18393832359544585,54.222815465450196,43.59644514159122
19.55,0.2547930376525764,3615.104077769742,4404.803357544267,9.285636966598757,32.15800969456623,47.326233638147684,2769.3670343250133,64.16593532609214,121.94150313285313,0.22646268054750512,90.38230255967505,50.11448641348923,2676.2530507285414,25.246568724246877,50.50316473274154,3291.065419806468,22.888353427968344,65.25170452152979,4.1802031276751395,276.88868472876214,101.52127059363255,90.44235073941,32.27410247986822,14.464016647850354,18.901414999262354,6.187394011784227,17.817728776879296,3.580072998631131,32.87676890872565,21.17479595672547,12.830967461639188,0.9186156333272446,17.449350914384063,4.733706441749203,6.3245358226245125,3.066679580582371,0.013345011255068456,0.6586285666481352,0.18393832359544585,54.222815465450196,43.59644514159122
19.6,0.25397539411595893,3678.55962227055,4405.822594987432,9.18098287936962,31.863518186488527,47.11216974702127,2768.1541915836647,65.62535806950831,121.91971191112209,0.2274491012180303,90.22884418689775,49.079134050502915,2674.527580954409,25.13546671085818,50.96326858567854,3290.095856530826,22.7397840827406,65.26424709232475,3.9165793365367008,276.88021631584587,101.56815863932974,90.41077575933333,32.27410247986822,14.464016647850354,18.901414999262354,6.187394011784227,17.817728776879296,3.580072998631131,32.87676890872565,21.17479595672547,12.830967461639188,0.9186156333272446,17.449350914384063,4.733706441749203,6.3245358226245125,3.066679580582371,0.013345011255068456,0.6586285666481352,0.18393832359544585,54.222815465450196,43.59644514159122
19.650000000000002,0.2569801628611458,3648.1909618692457,4450.144304231209,9.265953684711647,32.03765652518194,47.4294063569184,2768.98529525724,64.98080553432574,121.91312232338028,0.22783956939236114,90.3272573118154,49.284597083425744,2675.520784605189,25.38961188776698,48.661191376592654,3290.283371047134,22.797928686141805,65.244469733301,4.91975934786238,276.4630750445184,101.56848587932505,90.48446331219021,32.57941693554529,14.30050946501268,19.32112793026122,6.0724106596008856,17.62536656585273,3.563593233933877,32.728108219966124,21.062399529983203,13.039931693501979,1.0605809803758535,17.625310603392133,4.6787849576659895,6.455061546219359,3.1776837604379966,0.013345011255068456,0.6586285666481352,0.18393832359544585,54.222815465450196,43.59644514159122
19.7,0.25976384334014174,3642.254956454619,4439.753487432983,9.276430045829233,31.65987316581921,46.816044602226405,2768.5311163476877,65.4099341044117,121.9135276440738,0.23108299781660738,90.2263259238943,48.63783552933022,2674.3992447304486,25.446914290883612,50.218584935190165,3289.50175893794,22.773333266803707,65.26571140457206,3.7424299621890857,277.07126157728226,101.5961844608896,90.42019687031944,32.57941693554529,14.30050946501268,19.32112793026122,6.0724106596008856,17.62536656585273,3.563593233933877,32.728108219966124,21.062399529983203,13.039931693501979,1.0605809803758535,17.625310603392133,4.6787849576659895,6.455061546219359,3.1776837604379966,0.013345011255068456,0.6586285666481352,0.18393832359544585,54.222815465450196,43.59644514159122
19.75,0.26001014324215427,3619.2650722459343,4447.60253699845,9.286262804002462,32.09493143982965,47.331572734301346,2769.434932874848,63.48717002407746,121.93693138251534,0.23157759872249212,90.42685671399866,49.85805256633469,2675.5754056445458,25.315387809717727,49.600816738421216,3290.6673902607117,22.635102838656245,65.28012990422154,4.365466746824507,277.3276638414078,101.56797711575939,90.92796430103252,31.826763580010635,14.355425409988078,19.00875158783215,6.165186023722407,17.915363684053943,3.5624022542773517,32.816769009939264,21.165471846078944,13.043075642336303,1.1469818443091055,17.58478270239016,4.719815121532372,6.385117004656872,3.0457445107376975,0.007158197134389187,0.6711513739892,0.17288088749138883,53.217000878748905,44.136878444064095
19.8,0.263822076922032,3665.0391752741416,4415.80615990357,9.257545542279479,31.613142174738176,46.83701109308095,2768.513171568049,65.61182753892456,121.92927773309056,0.23456389045474627,90.42931206258788,49.639769260115756,2674.6681287075376,25.273923585162965,49.330103750712645,3289.7742426544614,22.690125083623926,65.31350229624394,7.0486475460742115,277.02254244066967,101.55563032880596,90.35730935222207,31.826763580010635,14.355425409988078,19.00875158783215,6.165186023722407,17.915363684053943,3.5624022542773517,32.816769009939264,21.165471846078944,13.043075642336303,1.1469818443091055,17.58478270239016,4.719815121532372,6.385117004656872,3.0457445107376975,0.007158197134389187,0.6711513739892,0.17288088749138883,53.217000878748905,44.136878444064095
19.85,0.26510490979333284,3616.9477522322572,4415.016551502243,9.279876738225834,32.1726747930689,47.381007243579745,2766.2730855622904,64.68454192638922,121.92097655311649,0.22818603284864614,90.20838991567044,50.736128288767944,2672.8992681839363,25.068359129512924,50.43883300312486,3286.817401550098,22.611583332792506,65.28223213717935,6.543973931872851,276.71541010148286,101.60312917706129,90.57961909332224,31.985497377776547,14.3907973479284,18.572654081712226,6.089113141750077,17.763093312544942,3.520745212690343,32.66205582920653,21.058778078103018,13.664782005810084,0.9427691758706496,17.132071006639194,4.7428175027179815,6.397158204632027,3.17275521483383,0.007158197134389187,0.6711513739892,0.17288088749138883,53.217000878748905,44.136878444064095
19.900000000000002,0.2681725613314447,3667.383688107799,4426.6815733019275,9.194640495718264,31.936821936594868,47.33166687385292,2767.3851770612846,64.44042318795155,121.9411888128615,0.2274106931295311,90.39575011400537,49.682449497231396,2674.512235154181,25.29617566361197,50.038715791437525,3288.48661440294,22.741549569383988,65.28670450060952,6.044871319049587,276.57391436485835,101.56469845094658,90.73039299496868,31.985497377776547,14.3907973479284,18.572654081712226,6.089113141750077,17.763093312544942,3.520745212690343,32.66205582920653,21.058778078103018,13.664782005810084,0.9427691758706496,17.132071006639194,4.7428175027179815,6.397158204632027,3.17275521483383,0.007158197134389187,0.6711513739892,0.17288088749138883,53.217000878748905,44.136878444064095
19.95,0.2657493256050475,3651.9810273099897,4447.212824934017,9.195362741578677,31.98560836943363,47.44103895769759,2766.9770713712737,64.7757227790679,121.93019499228384,0.22879153566033325,90.30130377262165,47.97357424833725,2673.2803218379804,25.362767522493062,47.95066590872206,3287.9273183817218,22.673273150740126,65.29612823866678,5.166719419100733,276.58092056608353,101.54575261596364,90.24494100867854,32.08494343710129,14.561201510986747,18.324181845982206,6.04272727824868,17.962482516254322,3.5399118245725676,32.89863316475186,21.211487102883822,13.146466469175417,0.931546007350666,17.369275551746632,4.737936590339269,6.423943826402494,3.042380744681144,0.007158197134389187,0.6711513739892,0.17288088749138883,53.217000878748905,44.136878444064095
20.0,0.26659065114607206,3639.5538617456987,4435.291425073304,9.26531366585144,31.96457580653975,47.25923035954258,2766.9629941183466,65.45371200269925,121.92733252793995,0.222672694139588,90.2991377957846,48.988386912649176,2673.5657405955767,25.323374115671726,47.91738342168102,3288.2388173325744,22.844264385028985,65.2746523688671,5.753777314063852,276.64136072350146,101.54862988242694,90.58869379487783,32.08494343710129,14.561201510986747,18.324181845982206,6.04272727824868,17.962482516254322,3.5399118245725676,32.89863316475186,21.211487102883822,13.146466469175417,0.931546007350666,17.369275551746632,4.737936590339269,6.423943826402494,3.042380744681144,-0.0014149296419698927,0.6614477526015159,0.1788428793149916,53.74853944524199,43.64888444600911
20.05,0.2626808574008046,3648.228258267371,4469.118739812896,9.253227519859719,31.81852310664516,47.42051772325954,2767.87455890446,64.49278321890304,121.94801342530876,0.22340823318430364,90.3178996850252,49.72036661277624,2674.454407433116,25.225490668842454,48.951015624678035,3289.1166296715132,22.923176259004702,65.25993294366285,6.403177893797195,276.8796613895264,101.51304170234803,90.42363322769208,31.83616519541821,14.408536068377733,18.799532349510827,6.143051511632489,18.185213310721217,3.5371554980505144,32.455947836487084,20.94729336492954,12.996827329999029,1.1652176553657725,17.66532155089375,4.742079654506914,6.43735114435008,2.9618768579081287,-0.0014149296419698927,0.6614477526015159,0.1788428793149916,53.74853944524199,43.64888444600911
20.1,0.25983546238515787,3653.3792505847205,4433.96691481889,9.30101577712599,31.9523690633858,47.21959801642278,2767.5521836045027,65.68318998631159,121.94304649239588,0.22438274241397524,90.23032543663403,50.46324780482437,2673.738768444785,25.447244607429596,50.41254241567495,3288.9967135314937,22.823275889540565,65.24680511568697,6.153226178693249,277.3643343554522,101.56556768966136,90.62893484052778,31.83616519541821,14.408536068377733,18.799532349510827,6.143051511632489,18.185213310721217,3.5371554980505144,32.455947836487084,20.94729336492954,12.996827329999029,1.1652176553657725,17.66532155089375,4.742079654506914,6.43735114435008,2.9618768579081287,-0.0014149296419698927,0.6614477526015159,0.1788428793149916,53.74853944524199,43.64888444600911
20.150000000000002,0.2584254525135637,3674.2570834615226,4434.303486583958,9.231011274202045,32.13317091114466,47.05378740011019,2767.827930883552,64.51743781173919,121.94679493876153,0.22357922184136825,90.27199834829018,49.296323929652026,2674.5464582009367,25.233555836927042,49.40511910075284,3289.443711064459,22.749171848694345,65.21685876238641,4.793123760123465,277.15548819950817,101.52888857430433,90.47085687653386,31.95191414263507,14.258702379685898,18.759901085291805,5.957555785369975,17.574517218649362,3.534899137082173,32.991394407764005,21.37146035051287,13.212629273466481,0.9738776420277925,17.67147393279476,4.704331844518075,6.3943643070669225,3.1600029337938227,-0.0014149296419698927,0.6614477526015159,0.1788428793149916,53.74853944524199,43.64888444600911
20.2,0.26348939134741317,3662.0994476228843,4402.63570333409,9.21153859037079,32.16771703145895,46.88089683195174,2767.7191013811753,65.93403338157114,121.92017895501542,0.22262428041014085,90.19191902738764,50.651368154116255,2674.603989603203,25.336772468621486,50.22203698720135,3288.584350163426,22.68021776626277,65.2267435251824,3.945357072679723,276.85234090749685,101.56988919779101,90.34748142406144,31.95191414263507,14.258702379685898,18.759901085291805,5.957555785369975,17.574517218649362,3.534899137082173,32.991394407764005,21.37146035051287,13.212629273466481,0.9738776420277925,17.67147393279476,4.704331844518075,6.3943643070669225,3.1600029337938227,-0.0014149296419698927,0.6614477526015159,0.1788428793149916,53.74853944524199,43.64888444600911
20.25,0.2671415528256973,3666.954982002042,4429.821886316604,9.25848043311277,32.09074219830978,47.390510368464916,2767.9559463732294,65.14410104926357,121.93482612219455,0.22169376657514292,90.27835366883681,48.36593889159267,2674.2344514159868,25.250650504274947,50.176675773229206,3289.498316675991,22.818298410523322,65.22087149623792,5.75079070328055,277.08775747232977,101.55683646056805,90.66116985581691,32.58013623217373,14.23879951187852,18.550938679856742,6.177024341460205,17.76605796450503,3.5080707094852595,32.8720774316975,20.984987126592213,13.170975004828488,0.9038420587803397,17.512976883720683,4.706716333556009,6.346734971766377,3.1362207992770275,0.007917584510096057,0.6596256405519002,0.1677986767102492,53.76864240233005,44.09868080228544
20.3,0.2641505668245507,3644.4155041018253,4412.448509527231,9.249456074433015,31.848745519811814,47.12073659971757,2769.2113277525045,64.98257838827972,121.93603478944347,0.22650775076325796,90.37210294760307,48.74699625484336,2675.826812236903,25.329911456803185,51.34774725866951,3290.1944244547003,22.80132458363014,65.24160202551084,4.508639571602346,276.88271884478723,101.50980207983243,90.53559191891975,32.58013623217373,14.23879951187852,18.550938679856742,6.177024341460205,17.76605796450503,3.5080707094852595,32.8720774316975,20.984987126592213,13.170975004828488,0.9038420587803397,17.512976883720683,4.706716333556009,6.346734971766377,3.1362207992770275,0.007917584510096057,0.6596256405519002,0.1677986767102492,53.76864240233005,44.09868080228544
20.35,0.26178835138545353,3667.8750212850487,4448.620112303999,9.18649011249911,32.13552448725423,47.14962998849171,2767.701899052998,64.54820259726209,121.94103230639168,0.22805113167865929,90.21867277256513,48.157832700493714,2673.9252574698808,25.33154450144502,47.96400936830139,3288.88162084543,22.775360224720863,65.24497039411311,5.295906838634347,276.9204020939594,101.55561846128535,90.31902303411617,31.94689831558953,14.433991061251232,18.999775239597323,6.160997961044244,17.32688315910412,3.5471341797545812,33.135966185559084,21.14600685173441,13.142194229878802,1.0191207082265747,17.511061160777153,4.726009108195437,6.403533022398842,3.121534115262675,0.007917584510096057,0.6596256405519002,0.1677986767102492,53.76864240233005,44.09868080228544
20.400000000000002,0.2590529018758535,3617.8783872278204,4421.667100128078,9.238770994531578,31.817294933904783,47.274346144245925,2767.7777014373514,64.85613863593188,121.92819596552313,0.22524675426315077,90.25724561497574,51.318862438837826,2674.1208399982015,25.32439170955983,50.084798137867054,3288.662894447813,22.727663047324782,65.23449704159358,5.145680486223724,277.22915039569517,101.56027033160667,90.67772024982305,31.94689831558953,14.433991061251232,18.999775239597323,6.160997961044244,17.32688315910412,3.5471341797545812,33.135966185559084,21.14600685173441,13.142194229878802,1.0191207082265747,17.511061160777153,4.726009108195437,6.403533022398842,3.121534115262675,0.007917584510096057,0.6596256405519002,0.1677986767102492,53.76864240233005,44.09868080228544
20.45,0.2623843148318575,3677.3961682918994,4469.815047988727,9.190907193093874,32.14680301937995,47.146397804789736,2768.105255538407,66.07807100441366,121.93083744556249,0.22693768565873004,90.26422755420484,49.51029829495931,2673.915648170777,25.387901233780806,48.985035829660575,3289.100768753061,22.900889373906946,65.24802746767251,3.608102581478349,277.0824929305092,101.56738972124609,90.44847942653462,32.442470326145845,14.224091780861187,18.837184270311013,6.026024385615581,17.562840774907578,3.5176788721439674,32.77952911497202,21.25612919961205,13.698647081805184,0.9865206738819001,17.13141335370835,4.7258420045409,6.3436020603179,3.084251107595935,0.007917584510096057,0.6596256405519002,0.1677986767102492,53.76864240233005,44.09868080228544
20.5,0.26661476973994763,3666.508160343012,4435.877252469866,9.207416461492857,31.846713912367083,47.28226830130508,2767.857658487892,64.98948835583886,121.94903591295659,0.22661114348787093,90.33074914172064,49.33515509887316,2674.3589805773863,25.441680723951766,49.18374110266284,3289.316371416182,22.941001364018998,65.25138295530293,4.317634309303438,277.25525829152724,101.5480505301509,90.70993082809098,32.442470326145845,14.224091780861187,18.837184270311013,6.026024385615581,17.562840774907578,3.5176788721439674,32.77952911497202,21.25612919961205,13.698647081805184,0.9865206738819001,17.13141335370835,4.7258420045409,6.3436020603179,3.084251107595935,0.013101729710939779,0.6608694421184836,0.16958121543555144,53.3493709526638,43.72911829152191
20.55,0.26419360094872996,3659.1105494339804,4453.808458405794,9.209314792783445,31.970771241617147,46.98940004578239,2767.0999797331046,64.72445342555547,121.92090663840123,0.2216789679840727,90.22481647543893,48.69847661908216,2673.341814012537,25.17352288159414,48.52081594345136,3288.2506336350116,22.57295774649214,65.27218057943045,4.235429713895673,277.0199028414953,101.55052381936717,90.32583584399538,32.127695162032225,14.284951384119037,19.055278441344417,6.138772663322366,17.823360900481617,3.514415813042038,32.646784809405695,20.999368991664845,13.140178349246357,1.0617242699818608,17.23606840599553,4.71891258649285,6.370973944637737,3.0875340447592294,0.013101729710939779,0.6608694421184836,0.16958121543555144,53.3493709526638,43.72911829152191
20.6,0.26400408180912016,3656.454596449373,4467.993027298511,9.136707873387296,31.83095679897762,47.03449199723879,2767.523933995298,65.11592939148211,121.92559757871221,0.22763063238991474,90.2815475529629,49.663383617319276,2673.6174632402876,25.401670997785985,48.64917547095333,3288.437071467888,22.886168893448254,65.25387732294503,5.8730025534640244,276.7125292390964,101.56034361211103,90.51785219521605,32.127695162032225,14.284951384119037,19.055278441344417,6.138772663322366,17.823360900481617,3.514415813042038,32.646784809405695,20.999368991664845,13.140178349246357,1.0617242699818608,17.23606840599553,4.71891258649285,6.370973944637737,3.0875340447592294,0.013101729710939779,0.6608694421184836,0.16958121543555144,53.3493709526638,43.72911829152191
20.650000000000002,0.26598961962635237,3648.9849772663656,4442.179201214216,9.167251170986967,32.204984487599795,47.010869276415455,2767.2519630042298,64.63371692620967,121.9375099035073,0.22207004709271935,90.29327285457501,49.150307448214384,2673.190698763657,25.163705838862843,50.88259951981834,3288.4693066719947,22.777944662005293,65.24570405060557,5.496081023783789,277.0259607241381,101.55655934094504,90.54579526959728,32.51819115894904,14.497843390137099,18.71089485267346,6.053059076647131,17.87768076789892,3.517783670063313,33.05407495488286,20.917921451282297,13.34218644799865,1.1568801289405455,17.44359981279576,4.700726745835496,6.36524333988471,3.0388021847369444,0.013101729710939779,0.6608694421184836,0.16958121543555144,53.3493709526638,43.72911829152191
20.7,0.2669809325242081,3680.978514770223,4412.032128120609,9.163184250120048,32.020145723080674,46.93527776914589,2767.6085362091703,64.42602705602727,121.94243248579718,0.22227795914466275,90.36184317320654,48.32334783820224,2674.5873368371413,25.311068721709876,50.456671254535955,3289.0734331595354,22.655513140409198,65.2890077124956,5.158628432843613,276.99376313119325,101.54670798830897,90.70945805063874,32.51819115894904,14.497843390137099,18.71089485267346,6.053059076647131,17.87768076789892,3.517783670063313,33.05407495488286,20.917921451282297,13.34218644799865,1.1568801289405455,17.44359981279576,4.700726745835496,6.36524333988471,3.0388021847369444,0.013101729710939779,0.6608694421184836,0.16958121543555144,53.3493709526638,43.72911829152191
20.75,0.2654857125034966,3654.4882003972916,4423.061073324244,9.18135361582481,31.87772280701746,47.11734213610191,2766.9076155597054,65.38060350698474,121.92896723941614,0.22269486409105468,90.3042819754922,47.82335560693918,2674.5979936560225,25.292164816057728,50.799837553426116,3288.590242318851,22.805024977007786,65.29813696204799,6.173900765753683,277.0766786577673,101.52755293657624,90.49010172841766,32.244210358970165,14.447387814924985,18.87457266248924,6.231149680868791,17.824485889862743,3.508217388134835,33.491614975327145,21.155264610180478,12.924988248469473,0.8992649695061891,17.662886591701138,4.697925939310988,6.3246943641365005,3.1158382206039428,0.0008286398565702686,0.6653634541291158,0.18289722834046068,53.710131934133045,43.79231461445957
20.8,0.26216853180885064,3677.056777453167,4437.84865429316,9.153573482338352,31.90769077663069,46.87924946928306,2766.7504501040653,65.2796196078709,121.93630199906762,0.2208594155837142,90.26776169696524,50.55967103138504,2673.9895697507586,25.47213801410628,49.595673671589886,3287.8292119617786,22.881092312067995,65.29185954002804,5.347588329971658,276.83162549113456,101.5465945566908,90.44655639637593,32.244210358970165,14.447387814924985,18.87457266248924,6.231149680868791,17.824485889862743,3.508217388134835,33.491614975327145,21.155264610180478,12.924988248469473,0.8992649695061891,17.662886591701138,4.697925939310988,6.3246943641365005,3.1158382206039428,0.0008286398565702686,0.6653634541291158,0.18289722834046068,53.710131934133045,43.79231461445957
20.85,0.2623396188264661,3701.7369843708516,4393.996779566495,9.255622759648505,31.849002003375855,47.19240649862831,2766.2729731604986,64.85507109512534,121.90458042081752,0.21819392387985975,90.2244371928531,49.370052099394705,2672.564681201646,25.261118372719118,48.88557196389334,3287.2233767539738,22.791627634078772,65.29519300871775,4.728806470133155,277.08381893051603,101.5625403536893,90.42642107284637,31.974656912572634,14.446216069133499,18.855198998724777,6.143810305251267,17.867006073852714,3.525740488590534,33.00410820229354,21.06282657269179,13.393352739720225,1.1388923273606975,17.53320243724646,4.7067055392339,6.465877681573828,3.098109277378404,0.0008286398565702686,0.6653634541291158,0.18289722834046068,53.710131934133045,43.79231461445957
20.900000000000002,0.2645014700607324,3654.7100935886233,4426.253890961149,9.306032219828332,31.882553093815332,47.40727077328201,2767.575718827409,64.89921993661268,121.92416304840008,0.21429024394556134,90.32895178616504,47.66475283962716,2673.786139191548,25.210528455569964,51.50158414192385,3287.4170681205524,22.70848841813854,65.27844610847414,5.871102100799976,277.647511264653,101.55854380199949,90.66697479056106,31.974656912572634,14.446216069133499,18.855198998724777,6.143810305251267,17.867006073852714,3.525740488590534,33.00410820229354,21.06282657269179,13.393352739720225,1.1388923273606975,17.53320243724646,4.7067055392339,6.465877681573828,3.098109277378404,0.0008286398565702686,0.6653634541291158,0.18289722834046068,53.710131934133045,43.79231461445957
20.95,0.2686824549790255,3676.399746762417,4433.24650164904,9.194355772260083,31.848583324762124,47.03592821141635,2766.7248623574933,65.52332381769021,121.93727547480339,0.21254297579100792,90.31877927554702,49.113691140995186,2674.490891332158,25.391985945077103,48.525498661450015,3288.3423668491696,22.654991805427695,65.28508050765736,4.645685876207139,277.03400729251837,101.55194960663833,90.36802838394372,32.820327289035774,14.60883189465217,19.03456023018093,6.0993828345814896,17.890514887660903,3.553894094317722,33.15222585746423,21.14661607676916,13.506975302989135,0.9367424064933152,17.464601164027368,4.704590486001314,6.348555782669091,3.0699356769877832,0.0008286398565702686,0.6653634541291158,0.18289722834046068,53.710131934133045,43.79231461445957
21.0,0.26521042440137155,3652.9658046517015,4470.481308519069,9.239182843891541,31.75407055160235,47.26415574409164,2766.949946008802,64.82169146318617,121.94124441596445,0.21381783685042635,90.28158079133853,49.233585078294446,2673.6985280221065,25.35862161079294,48.87429198121136,3288.732685854389,22.703331255853286,65.26487737805341,3.742189253436851,276.8935737684142,101.53754379321576,90.65473874460487,32.820327289035774,14.60883189465217,19.03456023018093,6.0993828345814896,17.890514887660903,3.553894094317722,33.15222585746423,21.14661607676916,13.506975302989135,0.9367424064933152,17.464601164027368,4.704590486001314,6.348555782669091,3.0699356769877832,-0.0073259590099020114,0.6503382562946852,0.17361649147775288,53.932388513092306,44.301917570567994
21.05,0.26573393941754475,3661.0388883382625,4429.218891124587,9.17888672028264,32.16312025596678,46.99387732358603,2766.912597932223,65.33157106231403,121.91603719599692,0.21354380347712232,90.28610884188869,50.085362151836414,2673.9605641515955,25.257472335172643,49.55405618523188,3287.9663203556843,22.723033778111994,65.25929185667461,3.400211744901532,277.3160684858258,101.54653609942905,90.4668407366267,32.340566898373964,14.45988783343325,18.809227679599356,5.994085847556707,17.651311798945674,3.5472966070490086,33.11413704317499,20.961246125848966,12.852139625127883,0.9812746854714789,17.4533725205701,4.661086204685898,6.548827502518602,3.1383325443955967,-0.0073259590099020114,0.6503382562946852,0.17361649147775288,53.932388513092306,44.301917570567994
21.1,0.2640839455307913,3673.8997059735543,4467.29577090862,9.299826247370461,31.99476937825006,47.008269626700105,2766.874066470023,65.23224421927179,121.92643029253368,0.21445521735093687,90.23118854740541,51.54366858742432,2673.236814283697,25.310089283350695,51.01230976482572,3287.469940164856,23.000331392389633,65.27057558809621,5.788577032435935,277.035332231852,101.5680074315782,90.48634207577985,32.340566898373964,14.45988783343325,18.809227679599356,5.994085847556707,17.651311798945674,3.5472966070490086,33.11413704317499,20.961246125848966,12.852139625127883,0.9812746854714789,17.4533725205701,4.661086204685898,6.548827502518602,3.1383325443955967,-0.0073259590099020114,0.6503382562946852,0.17361649147775288,53.932388513092306,44.301917570567994
21.150000000000002,0.2621563120316021,3688.2857131514456,4459.098021254042,9.27339463619862,31.974873162886066,47.277944940853494,2766.8668096872275,64.6003498388949,121.92908989720497,0.20880018760811497,90.21237726284129,49.892483016239034,2673.1364099321313,25.308839886970215,50.98735724444543,3287.019214601256,22.832809164991076,65.25263978180064,4.155246646860041,277.39364808515415,101.58414157820535,90.42835731171603,32.40971556357508,14.479640182007222,18.15670758925146,6.189721843528037,17.720846517433436,3.5345864000053586,33.12624369275914,21.258850320979455,12.9995367083574,1.0940438972059574,16.9266172820378,4.687888499831246,6.4430271659601575,3.180750127533438,-0.0073259590099020114,0.6503382562946852,0.17361649147775288,53.932388513092306,44.301917570567994
21.2,0.26431028575133486,3657.7303863638977,4435.04337155098,9.218236333049134,32.24995190974965,47.23298153158405,2767.8913671372607,65.66387911962568,121.94052578083217,0.20574187203881739,90.31802168517007,50.95805460835409,2674.389703949766,25.29515405478441,49.92647430835998,3288.377674044825,22.874566078810794,65.24664752655897,5.153246897823512,277.3933324717807,101.5733404199163,90.71968624786146,32.40971556357508,14.479640182007222,18.15670758925146,6.189721843528037,17.720846517433436,3.5345864000053586,33.12624369275914,21.258850320979455,12.9995367083574,1.0940438972059574,16.9266172820378,4.687888499831246,6.4430271659601575,3.180750127533438,-0.0073259590099020114,0.6503382562946852,0.17361649147775288,53.932388513092306,44.301917570567994
21.25,0.25805141382287694,3651.0773579390575,4447.849497134591,9.232013064003313,31.82758480630305,47.21005820257341,2766.9324626117523,66.11594670794571,121.9321085493265,0.2113071083105376,90.20792555274355,48.51340680646387,2673.356293124012,25.23086770232338,49.60982618398427,3288.326433338377,22.526157678175732,65.2602449005591,5.031001340427412,277.00839624953466,101.55716459684241,90.31110062282087,32.18094178988798,14.366974747469964,18.600029000666837,6.032634298275869,17.415631671878025,3.5458133098773086,32.829203252921694,21.032157493438945,13.679863128047726,0.9943232341935182,17.005710586819056,4.689093988414144,6.460788521387995,3.0747886179052526,-0.003730265089808985,0.6714311084451589,0.15603742398915083,53.50191579869263,44.50814726372264
21.3,0.25075775060619954,3658.9659694713914,4417.958111014992,9.202562816950277,31.769793599043236,46.82482551888366,2768.101598664672,65.07019308643088,121.93096294853612,0.2074130317530195,90.23106342485309,50.45876796510023,2674.284314751804,25.284506698451093,48.935475922481224,3289.206747180094,22.714415802520357,65.22633876190334,3.023982889901009,277.0690660332481,101.56104059332411,90.75470609007576,32.18094178988798,14.366974747469964,18.600029000666837,6.032634298275869,17.415631671878025,3.5458133098773086,32.829203252921694,21.032157493438945,13.679863128047726,0.9943232341935182,17.005710586819056,4.689093988414144,6.460788521387995,3.0747886179052526,-0.003730265089808985,0.6714311084451589,0.15603742398915083,53.50191579869263,44.50814726372264
21.35,0.2538890271652931,3662.296795321619,4431.722809019512,9.381899298377666,32.066901381573516,47.001843346364524,2769.137008049673,65.3096805118879,121.92623719705927,0.20912341104783405,90.3271212241567,48.3334051455862,2675.225019773867,25.30567126368876,49.80220406315963,3291.1426812884315,22.73299721353608,65.25913055337578,3.95747199956287,277.0240786538417,101.54101801061486,90.42193008600155,32.19307766313857,14.353110299501706,18.96106466619778,6.273582517668374,18.137616233903238,3.4826848760635953,32.813829372125696,21.15719545935905,13.362206026548233,1.1337272915172678,17.59188388547241,4.68013925666474,6.475336327627712,3.027831042670881,-0.003730265089808985,0.6714311084451589,0.15603742398915083,53.50191579869263,44.50814726372264
21.400000000000002,0.25455585158936533,3627.290308261198,4378.745478079329,9.31825849963256,31.850177471411097,47.40317762750244,2768.277454677779,65.19597967140265,121.92830193465637,0.21393074741173088,90.27483279735274,47.66312422927498,2675.0945401448657,25.341498254586305,48.445333251104074,3289.382361571992,22.93595252632753,65.25051367506113,7.012155114032466,277.04911855257745,101.52707435530021,90.526038737652,32.19307766313857,14.353110299501706,18.96106466619778,6.273582517668374,18.137616233903238,3.4826848760635953,32.813829372125696,21.15719545935905,13.362206026548233,1.1337272915172678,17.59188388547241,4.68013925666474,6.475336327627712,3.027831042670881,-0.003730265089808985,0.6714311084451589,0.15603742398915083,53.50191579869263,44.50814726372264
21.45,0.25799438856044515,3655.2554885661284,4435.062069029382,9.172876387737519,32.13799171649558,47.1433451651603,2769.4205672147054,64.77189513065525,121.93120432128262,0.21772544740513888,90.3443304561004,48.75086269578262,2675.8365891199423,25.03601961925566,49.148267296202214,3291.0655019194405,22.903049236010833,65.23779310508364,4.617973988635013,277.0475578604629,101.53494636400387,90.70133677366658,32.52577269634408,14.383649443092086,18.856172911363384,6.2322797976970445,18.090649097019483,3.5459523290170467,33.25664212456829,21.290375756319715,13.278196378533343,1.079412775496133,17.554283367270603,4.731762535006883,6.352905448432641,3.075493432142987,-0.003730265089808985,0.6714311084451589,0.15603742398915083,53.50191579869263,44.50814726372264
21.5,0.26048532509872363,3643.4848352976364,4479.29656019527,9.11562270398583,31.943518008714126,47.313946222173854,2768.0412106876734,65.38534592062854,121.93638392006831,0.21861347966083072,90.23185158796186,50.5197606600702,2674.346806598538,25.056317816684484,50.12869180765839,3289.3799581568005,22.738417802389012,65.27370042279132,3.152140246742505,276.9241940137677,101.55340432238442,90.3835990481973,32.52577269634408,14.383649443092086,18.856172911363384,6.2322797976970445,18.090649097019483,3.5459523290170467,33.25664212456829,21.290375756319715,13.278196378533343,1.079412775496133,17.554283367270603,4.731762535006883,6.352905448432641,3.075493432142987,0.012114565553299919,0.6602791219552396,0.17304673242343416,53.669159677632564,44.48401101526434
21.55,0.25910342407842407,3630.354479189909,4430.762476388502,9.213853963916366,32.057956111222964,47.21726066730889,2767.7342773833834,64.69946328322521,121.93303241168032,0.21898603209595668,90.16440253923199,50.603369486760116,2673.7504166591903,25.21737512460132,50.75935937627868,3288.073622838235,23.03553360827218,65.2578434653637,3.4518230565437626,276.84787513668016,101.55688028219431,90.52599408249196,31.915363289993294,14.431831242895774,18.87381985410792,5.966109003231209,17.37850431461562,3.472938403653254,33.444552943018486,21.206931594107793,13.49168926544965,0.8855245438667306,17.8966969629169,4.697537030497097,6.268087313687617,3.2378025721605144,0.012114565553299919,0.6602791219552396,0.17304673242343416,53.669159677632564,44.48401101526434
21.6,0.2564101609320672,3685.1853110925254,4429.524578999186,9.198664505492681,32.02721280093683,47.122466487071094,2767.8073030672163,64.5152732680145,121.9255094168373,0.21305409891804633,90.21893273562374,48.45235237333466,2674.4425754959675,25.430910122140478,49.32904563580378,3288.9803542075783,22.640835579864852,65.25337023269181,5.2098715466447025,276.716203811031,101.54928166881123,90.17763287959572,31.915363289993294,14.431831242895774,18.87381985410792,5.966109003231209,17.37850431461562,3.472938403653254,33.444552943018486,21.206931594107793,13.49168926544965,0.8855245438667306,17.8966969629169,4.697537030497097,6.268087313687617,3.2378025721605144,0.012114565553299919,0.6602791219552396,0.17304673242343416,53.669159677632564,44.48401101526434
21.650000000000002,0.26051342293473584,3671.3997698645494,4449.387852725957,9.26230691322728,32.028766226420544,47.571631812354205,2768.3888795510225,65.60086037417109,121.9303201158386,0.21673523527557675,90.28603136876795,48.966759918682044,2674.8282841534187,25.33533399112783,49.63442177179521,3289.5176329855353,22.792621118547125,65.22495280036138,4.044894444879481,276.93041826356665,101.53834825242846,90.64918380305912,32.205750392889044,14.184154165408055,19.246270237832224,6.1490510294385805,18.024282389631523,3.542565126317499,32.89597216589142,21.193249837951917,13.123838487425033,1.0059422493912298,17.358375458276004,4.700927141040539,6.482215928936248,2.9956171932883686,0.012114565553299919,0.6602791219552396,0.17304673242343416,53.669159677632564,44.48401101526434
21.7,0.2632044377817895,3633.6481822221217,4419.049460676042,9.200796797982207,32.06515611521662,47.21595002296849,2767.866002884186,65.90647345545942,121.92071647359285,0.21577954024378193,90.25859745820581,50.54968214900763,2674.6340074199584,25.34368448234311,47.98873767055162,3289.0664128766357,22.696268398691526,65.248019339549,5.40806478000597,277.1556557596502,101.53857398997934,90.61677988310875,32.205750392889044,14.184154165408055,19.246270237832224,6.1490510294385805,18.024282389631523,3.542565126317499,32.89597216589142,21.193249837951917,13.123838487425033,1.0059422493912298,17.358375458276004,4.700927141040539,6.482215928936248,2.9956171932883686,0.012114565553299919,0.6602791219552396,0.17304673242343416,53.669159677632564,44.48401101526434
21.75,0.26642916075516465,3679.714713508323,4449.868500276035,9.148717750122865,32.13198711472434,47.367212432605065,2767.9183183186196,64.71360812661305,121.93216146221116,0.21711467483407287,90.27036537563836,49.53607626209447,2674.4685460753035,25.193253120026615,52.616713452672094,3288.9663691044166,22.66176813503998,65.27441052458363,5.31257888282018,277.15324780023485,101.55994836768852,90.37899139072903,32.30926861226674,14.421610087466993,18.532087116125407,6.143930742508007,17.47366460260527,3.525420617367992,32.89670353129441,21.086076015355502,13.617612768117477,1.0633932971634172,17.40436798372573,4.690819167981378,6.470886536488275,3.0916249858393536,0.004858037855483643,0.6476117253895376,0.1778430318790313,53.56667568571612,44.12263104497094
21.8,0.26911256248525256,3691.426254776923,4418.160713519164,9.13476328245613,31.9048023472531,47.187575206342935,2766.6811907313067,65.69175306932202,121.94053266302787,0.21661568755214408,90.2543966175979,48.984014993364845,2674.440379521807,25.115870503436916,48.71597775514193,3288.50698771497,22.84869239461765,65.27028730723464,4.517420118486626,277.2187354771491,101.54800530533792,90.52936262467212,32.30926861226674,14.421610087466993,18.532087116125407,6.143930742508007,17.47366460260527,3.525420617367992,32.89670353129441,21.086076015355502,13.617612768117477,1.0633932971634172,17.40436798372573,4.690819167981378,6.470886536488275,3.0916249858393536,0.004858037855483643,0.6476117253895376,0.1778430318790313,53.56667568571612,44.12263104497094
21.85,0.26295825567284825,3659.0519422985763,4401.213652233487,9.267114297132798,31.926496797300025,47.00425950037881,2768.0391561285355,65.07847794887029,121.91349161697728,0.21619820713751062,90.34784734962585,49.53622867942944,2674.7886937100184,25.307459243713215,49.677281329234916,3289.3384702775325,22.80700992742792,65.26823476162369,6.246832666306742,277.03355464464903,101.53200744208549,90.70143165730732,32.12999193202838,14.475819039424586,18.97363646025154,5.923576151603931,17.53532575950215,3.5385956681948625,32.716157482113026,21.13332043724178,13.291400871504186,1.0050885636705702,17.497678084810016,4.679359779352356,6.35531388200834,3.0531504593417558,0.004858037855483643,0.6476117253895376,0.1778430318790313,53.56667568571612,44.12263104497094
21.900000000000002,0.26177827688042293,3647.6476493697683,4444.537857622506,9.130537352324644,32.09576052419073,47.481135005650025,2767.8353791717286,64.68186628390455,121.93796564392969,0.2162689937271354,90.22782869080608,49.77413847244638,2674.439824730802,25.340606586385814,49.59287645235008,3288.952872142015,22.712489987013104,65.28393674568181,3.693037148824474,276.5672036004933,101.50987957174948,90.26017128328046,32.12999193202838,14.475819039424586,18.97363646025154,5.923576151603931,17.53532575950215,3.5385956681948625,32.716157482113026,21.13332043724178,13.291400871504186,1.0050885636705702,17.497678084810016,4.679359779352356,6.35531388200834,3.0531504593417558,0.004858037855483643,0.6476117253895376,0.1778430318790313,53.56667568571612,44.12263104497094
21.95,0.26218219141816695,3684.583671190622,4454.224080562882,9.191933303201917,31.835626502419338,47.071270973587666,2768.129670987004,64.68558257899022,121.91431757660212,0.21251059254044957,90.25830877838887,49.45719942719296,2673.9061157690444,25.075406897959958,50.15519776830069,3288.0704027808642,22.752341561876502,65.24541337582727,5.909383205128839,277.13622048432296,101.55414762935042,90.61225504646072,32.272260015749836,14.333333757792685,19.10027213768658,6.139901576887119,17.909720493110896,3.5078469668227186,32.91494068317143,21.289032337324958,12.902022382506303,1.0212853029297648,17.45580066099336,4.672914432805851,6.4512764661086015,3.108368982758434,0.004858037855483643,0.6476117253895376,0.1778430318790313,53.56667568571612,44.12263104497094
22.0,0.2649111980498659,3658.5864358706945,4468.026719009937,9.177324593126306,32.14513934872983,47.23607541580734,2767.3623588116125,65.4048390326077,121.91836091182029,0.21548518080569926,90.31985896055765,49.3648757532713,2674.5449094563564,25.294185538647454,49.828246696348344,3288.8640270408596,22.87541592125939,65.27637490301302,3.569955960933094,276.84705399107526,101.52669390117822,90.41013183216802,32.272260015749836,14.333333757792685,19.10027213768658,6.139901576887119,17.909720493110896,3.5078469668227186,32.91494068317143,21.289032337324958,12.902022382506303,1.0212853029297648,17.45580066099336,4.672914432805851,6.4512764661086015,3.108368982758434,0.027080125258162988,0.6714370165101398,0.17180262693762877,53.24957527184644,43.62539679141313
22.05,0.26583335529407565,3665.02472992329,4405.269489193594,9.237101417670342,31.717103640625346,47.423302915180706,2767.1630062906884,63.87761281106958,121.93258418216759,0.2143705331633038,90.25956455941036,50.06495615719008,2673.7482533666976,25.12639393291416,50.293849766445994,3288.5987580341757,22.834795234846222,65.28339490854427,6.64326553470578,277.0277939942418,101.5535708857754,90.56193701861403,32.277612309710946,14.340378828173257,18.820251684781514,6.218708413804397,17.878276308760164,3.5099752847056087,32.8089028929249,21.068184800149908,13.31835332625305,0.9707541335459143,17.771163910490955,4.711377732604601,6.424387620629368,3.120284698849889,0.027080125258162988,0.6714370165101398,0.17180262693762877,53.24957527184644,43.62539679141313
22.1,0.2671529121679831,3663.0185309872286,4419.618263136848,9.142412151854792,31.78439003513105,47.56477458789982,2766.8520087095026,64.97065552687144,121.90476189105709,0.21112037132092015,90.22977879349213,50.09573515774923,2673.4505640101593,25.14806863012332,51.59858335803626,3288.065622529977,22.933909922786246,65.28081950170979,4.354709487043637,276.90949694778146,101.56170290357329,90.2740963821694,32.277612309710946,14.340378828173257,18.820251684781514,6.218708413804397,17.878276308760164,3.5099752847056087,32.8089028929249,21.068184800149908,13.31835332625305,0.9707541335459143,17.771163910490955,4.711377732604601,6.424387620629368,3.120284698849889,0.027080125258162988,0.6714370165101398,0.17180262693762877,53.24957527184644,43.62539679141313
22.150000000000002,0.26704127335977695,3645.2962566740416,4438.144046644516,9.191206278022767,31.94239557451594,47.28461189333797,2767.6427530052933,65.17161978205819,121.9391631092979,0.21027063501121587,90.2916717705252,48.80466821365879,2673.984865983659,25.14661248083792,50.79412956606485,3287.953618206697,22.989106760035824,65.26471081785924,3.869950629426347,276.9261585392111,101.56115759647494,90.58513006669129,31.59078672986039,14.438612426022747,18.795569675149263,6.096994603017599,18.28048642454193,3.5128021762799415,32.642266952644455,21.183490994081637,13.005894584337343,1.0562310726953448,17.455435979313645,4.71852453615637,6.380038335774546,3.1929976053266778,0.027080125258162988,0.6714370165101398,0.17180262693762877,53.24957527184644,43.62539679141313
22.2,0.26623856577841654,3640.5569969548483,4416.775204458603,9.182453346935178,31.901684652715183,47.095586478317756,2767.652900697431,64.83796172436413,121.94680606382563,0.20718555366438848,90.341260895104,50.881360351225204,2674.1587998950827,25.05108748850471,49.04376944531629,3288.7663883227033,22.77728920663431,65.27487611084152,5.558238263393739,277.00047538169997,101.54687251540732,90.60940601622423,31.59078672986039,14.438612426022747,18.795569675149263,6.096994603017599,18.28048642454193,3.5128021762799415,32.642266952644455,21.183490994081637,13.005894584337343,1.0562310726953448,17.455435979313645,4.71852453615637,6.380038335774546,3.1929976053266778,0.027080125258162988,0.6714370165101398,0.17180262693762877,53.24957527184644,43.62539679141313
22.25,0.2659886170453312,3666.938050782937,4445.613038505698,9.205854055294152,31.73406513097058,47.19654283478934,2767.078617031313,64.78048374325215,121.91760441622216,0.2092303134626594,90.28753129141707,49.699760535444845,2674.0751462748117,25.330325530903647,47.92566250434309,3289.5299624908703,22.94517712317036,65.29387897088412,3.8414866804845227,276.83170099221053,101.51816166949855,90.30292669516224,32.38912433839928,14.597214416386782,18.858179424946428,6.05882545943215,17.875666955980044,3.505096834187158,32.45921581893036,21.076338106256177,12.763208400144126,1.1039970972515194,17.320755408882768,4.705274219880776,6.455408144464087,3.058284685942784,0.031233552073902823,0.6664004200085002,0.18836554798909558,53.468911724026725,44.00031681527297
22.3,0.26789679814909617,3652.3256952126058,4431.437744355729,9.269667389101464,32.22742605467895,47.378624710917734,2767.2480520020713,65.38674157152835,121.91591609657596,0.212718792433187,90.29140111796067,49.59246824408231,2674.210240459182,25.281868201036183,50.314427273252576,3288.7581520249223,22.92167251737369,65.27054179484533,6.090833780624179,277.24334390963423,101.53379956956023,90.48256172242085,32.38912433839928,14.597214416386782,18.858179424946428,6.05882545943215,17.875666955980044,3.505096834187158,32.45921581893036,21.076338106256177,12.763208400144126,1.1039970972515194,17.320755408882768,4.705274219880776,6.455408144464087,3.058284685942784,0.031233552073902823,0.6664004200085002,0.18836554798909558,53.468911724026725,44.00031681527297
22.35,0.26854977962382043,3678.719112545809,4401.145411549427,9.242441592516627,31.780363591638036,47.23298677824298,2767.8790113218965,64.88232457296498,121.94229401804867,0.20656160124792175,90.26682341678686,50.421134967774194,2674.6940900175323,25.35258145739722,51.193066140326096,3288.708403663253,22.891814981538708,65.25271977162402,6.059548591080242,277.1433033004438,101.51945178262287,90.5393454662728,31.820573286515945,14.330317990047813,19.183048769395242,6.028872158629359,17.594892208676097,3.529169116340268,32.9113704043933,21.338125160269378,13.220426820092293,0.8592596907561573,17.272606967747627,4.673501761012678,6.4621522729969865,3.1785888559349047,0.031233552073902823,0.6664004200085002,0.18836554798909558,53.468911724026725,44.00031681527297
22.400000000000002,0.2681587944334817,3665.570520139306,4387.667201928069,9.217756585434614,31.65597012153604,46.98546982620416,2766.8122841700165,66.08283588190281,121.90585180254126,0.20783332725606757,90.18028460750496,49.481630394577095,2673.6735808398143,25.2364045959507,50.04763240479884,3287.7584486070937,22.661833903024334,65.2477049197859,5.774577670437356,276.69784669183923,101.53914743794535,90.34668392670211,31.820573286515945,14.330317990047813,19.183048769395242,6.028872158629359,17.594892208676097,3.529169116340268,32.9113704043933,21.338125160269378,13.220426820092293,0.8592596907561573,17.272606967747627,4.673501761012678,6.4621522729969865,3.1785888559349047,0.031233552073902823,0.6664004200085002,0.18836554798909558,53.468911724026725,44.00031681527297
22.45,0.26818803594067847,3665.6711968325326,4413.361901257478,9.185509284041526,32.24078990646426,46.73755283633184,2767.85728648578,63.96558849592263,121.93187412439305,0.21016403123680288,90.25691157802633,49.88711151355854,2673.949374257595,25.55872659555174,50.314113518234734,3288.031526549873,22.847583439385442,65.22030836510304,3.6301734724281625,277.1910857846786,101.53155549039559,90.74978834068129,32.134514410102,14.363036927798282,18.79112091493878,6.196285523449373,17.279375960195075,3.602998954279687,32.941352013032436,21.164062025623025,13.48260639675154,1.048465732638019,17.871928684716156,4.6950725724782245,6.398226681189136,3.1188582701951972,0.031233552073902823,0.6664004200085002,0.18836554798909558,53.468911724026725,44.00031681527297
22.5,0.2747805088170212,3629.158149732896,4421.87608008847,9.152246709542796,31.678561524952837,47.57783837684405,2767.8490233071066,65.36180584364091,121.94517180644722,0.20857736454193665,90.29182126999639,50.11506459196911,2673.9255090352285,25.413140621400785,50.60456786021974,3288.8359497223264,23.019250415112026,65.28570665220388,2.4446402030225025,277.2613811519134,101.54035110666024,90.48136132619636,32.134514410102,14.363036927798282,18.79112091493878,6.196285523449373,17.279375960195075,3.602998954279687,32.941352013032436,21.164062025623025,13.48260639675154,1.048465732638019,17.871928684716156,4.6950725724782245,6.398226681189136,3.1188582701951972,0.032024844907830655,0.66768785699018,0.17581097595843034,54.00587971177141,42.45866673888656
22.55,0.2744562639106214,3689.575355302286,4414.00836737146,9.273937070606246,32.051005583997636,47.21784699594949,2766.849502101212,65.74881396164317,121.9213092710883,0.2053728081470579,90.2223245319236,51.25413375980203,2673.3074816454186,25.403569861062017,49.07593515439496,3288.3410763714714,22.689108620011677,65.25951434128581,4.020788770484552,276.9253923477962,101.52904090799272,90.52528338179398,32.09130241617596,14.22484439270384,18.57992088037216,6.173749374227414,17.707219573386855,3.512523933733309,33.17887400717321,21.04734023083553,13.197601403403041,1.0418812991601345,17.24054205447824,4.6837429976528195,6.313595869794356,3.038028689283975,0.032024844907830655,0.66768785699018,0.17581097595843034,54.00587971177141,42.45866673888656
22.6,0.2699529901911566,3631.4413679881927,4461.0311425979435,9.264444800860044,32.20120188924158,47.3752429619188,2768.982925640453,64.33038822334964,121.92403770466392,0.20890755736327132,90.34663154224023,48.432948880292784,2675.611618840679,25.302447781463474,50.78915622956879,3290.0220740302707,22.624138048986207,65.2669136317658,5.712809935506012,276.9665579383611,101.54149046101251,90.47233516668334,32.09130241617596,14.22484439270384,18.57992088037216,6.173749374227414,17.707219573386855,3.512523933733309,33.17887400717321,21.04734023083553,13.197601403403041,1.0418812991601345,17.24054205447824,4.6837429976528195,6.313595869794356,3.038028689283975,0.032024844907830655,0.66768785699018,0.17581097595843034,54.00587971177141,42.45866673888656
22.650000000000002,0.267751355394756,3632.5874688162185,4422.29551102258,9.239099130913036,31.826122313143646,47.44506881924008,2768.6568929008295,65.13005651602285,121.91414191212108,0.2055161446407645,90.29097470963687,50.434726748043026,2675.2615038945437,25.351808549458372,49.55295333188249,3290.2268511307507,23.001845508985095,65.28788736968478,5.293006643483165,277.0940927110869,101.52787662887202,90.44303524516504,32.00671924345573,14.396904593619738,18.84264286492621,6.140215176613792,17.97592125218378,3.529278742298177,32.59113110986356,21.268873863337845,13.231114923342947,0.9566993557130061,17.665498167104726,4.68537310719408,6.399804641256163,3.1223792434278743,0.032024844907830655,0.66768785699018,0.17581097595843034,54.00587971177141,42.45866673888656
22.7,0.265306526471753,3689.5777764247296,4429.345728807258,9.28103622753625,31.87208614372971,47.090316156716284,2768.1551798828714,65.33330116561518,121.91189187409802,0.21406129369685575,90.21523456266281,49.62699496815603,2675.0374664892324,25.422173426630682,48.959369576318714,3289.7078418228407,22.856422235974794,65.25121970688575,4.00091131445615,276.8382096505641,101.54415010249392,90.42422580863813,32.00671924345573,14.396904593619738,18.84264286492621,6.140215176613792,17.97592125218378,3.529278742298177,32.59113110986356,21.268873863337845,13.231114923342947,0.9566993557130061,17.665498167104726,4.68537310719408,6.399804641256163,3.1223792434278743,0.032024844907830655,0.66768785699018,0.17581097595843034,54.00587971177141,42.45866673888656
22.75,0.2673821966694708,3671.797723338891,4447.675202476372,9.273686505263104,32.056332937482395,47.34305861966087,2769.431286082127,65.46668397559243,121.95689407165045,0.20978886157591742,90.34788941806761,50.89315003806811,2676.220858029727,25.322331039149468,48.807533997723766,3290.7131633623185,23.03058139845488,65.26239808341725,4.420687085903316,277.0558095052424,101.53186911945637,90.7458970999218,31.980052619424505,14.448388016426742,19.17717452271753,6.200004228009779,17.388097585089035,3.49377495258984,33.02518782389011,21.20150124081682,13.383840166442585,1.0468325440697248,17.26834369598557,4.718944319383813,6.35523654910648,3.0518459206662265,0.006508209111347822,0.6524557560099054,0.16885316910219575,54.528364574934706,43.615192156266886
22.8,0.26802342087553754,3673.0282662118716,4408.383362399347,9.220354091677224,31.888825157644764,47.16005962402044,2768.454952704902,64.13414293633386,121.91422947229233,0.2150616505183969,90.28700967128385,48.63681973653986,2675.6772125300777,25.388220304965927,48.801649086236274,3290.3709248066507,23.04387165100302,65.27594404479836,5.184458725327295,277.1706642052729,101.51538682360655,90.41752395746104,31.980052619424505,14.448388016426742,19.17717452271753,6.200004228009779,17.388097585089035,3.49377495258984,33.02518782389011,21.20150124081682,13.383840166442585,1.0468325440697248,17.26834369598557,4.718944319383813,6.35523654910648,3.0518459206662265,0.006508209111347822,0.6524557560099054,0.16885316910219575,54.528364574934706,43.615192156266886
22.85,0.2707609093236572,3650.0230293028912,4450.346015615437,9.184344651198725,31.929563654937663,46.7144822003492,2768.387502217662,64.73172004095689,121.92643549088815,0.2187036730607173,90.19146906584571,48.69575357055824,2674.8000205364874,25.158703906261483,49.36005632305071,3289.6894528890807,22.93136717390128,65.24807251575317,4.770404028767558,276.9032351313648,101.55184314737832,90.57884034932955,32.31562275416692,14.33047406880568,19.021102597125246,6.263625181782207,17.75287088383916,3.507371152795883,32.371711823374035,21.152838196149034,13.067661661382365,1.0576124490976888,17.9764487767962,4.689957149683436,6.388299496268586,3.1592970324371654,0.006508209111347822,0.6524557560099054,0.16885316910219575,54.528364574934706,43.615192156266886
22.900000000000002,0.27519618755616926,3660.366617895617,4436.0641799298755,9.125561371470223,32.04072970138919,47.485550103791546,2769.1861009268464,64.71377656341444,121.9147301768086,0.22091291963258106,90.34068196833312,47.41487455727727,2676.132607455068,25.235453228469602,50.38649401055737,3290.3857930222666,22.789730703691614,65.27579535434919,3.445885957301626,276.82670144773215,101.52662988509697,90.36906831618974,32.31562275416692,14.33047406880568,19.021102597125246,6.263625181782207,17.75287088383916,3.507371152795883,32.371711823374035,21.152838196149034,13.067661661382365,1.0576124490976888,17.9764487767962,4.689957149683436,6.388299496268586,3.1592970324371654,0.006508209111347822,0.6524557560099054,0.16885316910219575,54.528364574934706,43.615192156266886
22.95,0.2729108618432449,3657.6938723961,4455.142715398151,9.159037371162924,32.28147644969405,47.317293092878224,2767.680499123982,64.80687226475091,121.92982259313028,0.21885442216507675,90.15866843182692,49.95577988647198,2674.301675923555,25.37242350806284,50.7904828004886,3288.738101135422,22.862604344889395,65.26427151718441,6.345722812846217,277.1309982909073,101.56364850538259,90.51517464909718,32.31720206210563,14.515440655692897,18.84466332408892,6.0555532019428036,18.05144659896418,3.509193883170769,33.004298775328294,21.163252937102687,13.371556094845666,1.149819581360076,17.251859044554024,4.698765010133367,6.450909099209599,3.1827529635837477,0.006508209111347822,0.6524557560099054,0.16885316910219575,54.528364574934706,43.615192156266886
23.0,0.2724234398765362,3670.7353060205455,4456.7938606346825,9.235809075718567,31.653236907062137,47.35978028728316,2769.258798657928,65.19157831763101,121.93100003356253,0.21862123273394946,90.34316678111165,49.212012557012265,2675.850618430373,25.45746899488464,49.90912161666783,3290.6304206427462,22.968908995542396,65.26865406047595,4.153116720670191,277.01009933439025,101.53462299896584,90.41112493893743,32.31720206210563,14.515440655692897,18.84466332408892,6.0555532019428036,18.05144659896418,3.509193883170769,33.004298775328294,21.163252937102687,13.371556094845666,1.149819581360076,17.251859044554024,4.698765010133367,6.450909099209599,3.1827529635837477,0.009965743990846142,0.6541702322967909,0.1634083627995803,53.60659649400422,43.47690989915862
23.05,0.27100433951793684,3643.6683519040457,4463.777211248276,9.254383168333577,32.09888331722384,47.260465910199194,2767.5807924784644,64.81515167947283,121.91121318422867,0.219635324447197,90.14302226961671,49.66016676110076,2674.224557422341,25.191873737429844,50.45571398116976,3289.0762390537993,22.783553628334722,65.25900626985911,5.664184145724781,277.2694465854291,101.57918624232542,90.49409594061407,32.2958195741625,14.429574260722099,18.930796527689974,5.9918166243576705,17.35561658411125,3.5206425506327044,32.97342083950736,21.302296360824702,12.99411087759895,0.9549935098865462,17.799145821613827,4.697974466193863,6.42591601533483,3.054352553624412,0.009965743990846142,0.6541702322967909,0.1634083627995803,53.60659649400422,43.47690989915862
23.1,0.2718463724556477,3674.5863452431154,4429.796039844926,9.209697018376993,31.659945968888763,47.310198318093704,2768.362641849328,65.1423731216323,121.92725877784531,0.22387820251303064,90.27671390342827,51.05851885479168,2675.417082067071,25.165818963400117,48.84524287945784,3289.8146729002765,22.73944206253026,65.24175749532878,5.84862153782938,277.28056338331584,101.55442920941923,90.61328382950612,32.2958195741625,14.429574260722099,18.930796527689974,5.9918166243576705,17.35561658411125,3.5206425506327044,32.97342083950736,21.302296360824702,12.99411087759895,0.9549935098865462,17.799145821613827,4.697974466193863,6.42591601533483,3.054352553624412,0.009965743990846142,0.6541702322967909,0.1634083627995803,53.60659649400422,43.47690989915862
23.150000000000002,0.26884526954853705,3654.3689570005736,4412.099748981713,9.233386548887914,32.16707678575944,47.103947110128765,2768.6228713516784,64.12867683851866,121.92103536635501,0.2224761372021611,90.26040168151731,49.75273533593984,2675.0488537918336,25.025854191028834,51.034632997006824,3289.5883500527193,22.882884628184538,65.26381957118763,5.516423466447391,277.0614410055019,101.56522437023644,90.55727385215894,32.39117813054109,14.506125679955192,18.901540769799652,6.095334838434882,17.969820075593468,3.5057766655289506,32.589190877036295,21.115575718509014,13.249266778427186,1.0578385769961185,17.008560168789188,4.681507844690256,6.360323633869478,3.102293411990393,0.009965743990846142,0.6541702322967909,0.1634083627995803,53.60659649400422,43.47690989915862
23.2,0.2691340132134101,3670.6651871621607,4450.163377409882,9.136491704945735,32.089409060338525,47.132315330757145,2768.546344309663,65.2436501560645,121.93303062670341,0.22387464529717177,90.2561880529291,49.86950942090361,2674.4807969336757,25.21033593539916,51.9516951478816,3289.8318987405064,22.710117524728425,65.2878568486138,4.751893967818022,277.0223404748024,101.55225446036339,90.29575139727083,32.39117813054109,14.506125679955192,18.901540769799652,6.095334838434882,17.969820075593468,3.5057766655289506,32.589190877036295,21.115575718509014,13.249266778427186,1.0578385769961185,17.008560168789188,4.681507844690256,6.360323633869478,3.102293411990393,0.009965743990846142,0.6541702322967909,0.1634083627995803,53.60659649400422,43.47690989915862
23.25,0.26876051571006315,3637.137458918502,4490.094295905245,9.078793508588776,31.784013336824614,47.08118834239355,2768.200267913223,65.29281561874231,121.93743943453966,0.2222247197833745,90.28508070014153,50.6803024463678,2674.919400071927,25.24199359893295,51.678898634845936,3289.0425071351406,22.825317211704533,65.2680753333155,5.631131137202899,276.9508156957537,101.52607820096772,90.65297673422512,31.96791088397353,14.444875799272566,18.639347544434624,6.1696276648985,17.896367675288925,3.519864784804778,33.22743732325199,21.239235272024573,13.474473868415927,0.9980572713037786,17.743940454443166,4.689489866671278,6.450621003084172,3.0922211381819524,-0.003122944042168365,0.6704255823863386,0.17987784493178094,54.426751952216016,44.467024431597615
23.3,0.26982683290771764,3647.2378021413715,4470.851058849631,9.151150361466879,31.907388223996726,47.24710664182597,2767.6982205044146,65.2085246773499,121.91954791469995,0.22279054130650316,90.26077403419337,50.94482015810596,2674.0016190751794,25.03511720700584,50.47815558331062,3288.9331941580062,22.989720829531553,65.27641683284557,2.1759339213829754,277.0823551844819,101.552629766642,90.49168224324545,31.96791088397353,14.444875799272566,18.639347544434624,6.1696276648985,17.896367675288925,3.519864784804778,33.22743732325199,21.239235272024573,13.474473868415927,0.9980572713037786,17.743940454443166,4.689489866671278,6.450621003084172,3.0922211381819524,-0.003122944042168365,0.6704255823863386,0.17987784493178094,54.426751952216016,44.467024431597615
23.35,0.2703954927592245,3657.47887031937,4446.835933546763,9.182659404651375,31.77634599358672,47.56359925777696,2767.616554250357,65.14438311274259,121.94467326193352,0.2255746095304946,90.2417489489568,50.061851465767894,2673.220372457763,25.127544841845584,48.99627592368552,3288.847450790026,22.810783256844573,65.26167652001742,6.667312962671405,277.0193645030981,101.57509288274787,90.5295626883703,32.101267908565106,14.471646166549258,18.983828258433153,6.285416142583175,17.293382673019103,3.5043827140055384,32.82747293145757,21.171818372630906,13.368005998466028,0.8444775438285472,17.486140797260767,4.726415825710988,6.396769798290771,3.13318197018423,-0.003122944042168365,0.6704255823863386,0.17987784493178094,54.426751952216016,44.467024431597615
23.400000000000002,0.270678940096664,3661.4525116532877,4452.924019681268,9.211351785209853,31.820727756239084,47.1466999636549,2767.129802661162,65.15407558559461,121.91401761757466,0.22015341977949368,90.24009244004658,50.74414909461381,2673.896609722593,25.53975838375118,48.664328209146,3288.7171326450734,22.693413622386796,65.25101258460738,4.232537787341683,276.74563441107784,101.54807068691379,90.48165768919581,32.101267908565106,14.471646166549258,18.983828258433153,6.285416142583175,17.293382673019103,3.5043827140055384,32.82747293145757,21.171818372630906,13.368005998466028,0.8444775438285472,17.486140797260767,4.726415825710988,6.396769798290771,3.13318197018423,-0.003122944042168365,0.6704255823863386,0.17987784493178094,54.426751952216016,44.467024431597615
23.45,0.2686606289096509,3641.451665036871,4435.90551591956,9.229121260222298,31.958142272725198,47.146433154043564,2767.662585721811,66.10144389391378,121.92799457646944,0.21938645118251524,90.3059283274855,50.3461534074306,2674.2662587313407,25.138297083365817,47.97077215233053,3288.8167366141533,22.84425203562542,65.25493268308638,4.672521486958696,276.72808421856934,101.54461698219829,90.46634227580117,32.36683630246852,14.460168319125565,19.02811991192142,6.083043257703713,17.960859204996243,3.533718009827385,33.07080541494595,21.049816686033623,12.876373584543948,1.0929743447951779,17.59783343490889,4.689764865932449,6.452299149855483,3.216985262982658,-0.003122944042168365,0.6704255823863386,0.17987784493178094,54.426751952216016,44.467024431597615
23.5,0.27228131852190124,3626.7514632719262,4437.605572058566,9.258056491586334,31.935320577623106,47.09085556896526,2767.6232904494764,65.18710607523155,121.93055646042605,0.22317618892260288,90.25693382166617,49.83683413394063,2673.71294636423,25.1787756552119,49.848172384337886,3288.985853959133,22.866274661740555,65.26849923185429,3.669875382057676,277.31081160515873,101.55179782102307,90.47706109963084,32.36683630246852,14.460168319125565,19.02811991192142,6.083043257703713,17.960859204996243,3.533718009827385,33.07080541494595,21.049816686033623,12.876373584543948,1.0929743447951779,17.59783343490889,4.689764865932449,6.452299149855483,3.216985262982658,0.024278105629996563,0.6684444418423235,0.1738696975864305,54.05862826229536,43.39165950579884
23.55,0.27105695793621054,3659.457634824018,4434.326528048613,9.179558479199573,31.89967415283556,46.92204248187892,2767.9102926454434,64.94421699550493,121.89644559061126,0.2203920927384702,90.3048983634179,47.82655220402552,2674.9814230630113,25.261895283508885,50.51748808921808,3289.37156876156,22.90565585361251,65.28610480653701,5.205680733939474,276.9689230148514,101.55639706769996,90.43315254088984,32.81446059529803,14.484461765337745,18.858141858365638,6.156383870080638,17.734025752069414,3.5188167239657444,33.09841151152053,20.991898305540175,13.250122303894685,1.0930620757256566,17.534452643746608,4.706820319420511,6.375071324801746,3.0875753333667304,0.024278105629996563,0.6684444418423235,0.1738696975864305,54.05862826229536,43.39165950579884
23.6,0.27179434249162915,3666.411755518406,4474.992537036751,9.18191447891887,32.11237108387404,47.649637271444035,2767.6183554268,65.60725897158505,121.91491325890571,0.22061143337203837,90.2939282917172,51.23108453065276,2674.1807707986586,25.03771255115506,50.97906739180489,3289.109495516181,22.69805681640617,65.2923625856971,5.75530679272991,276.88525787805503,101.55847757117142,90.58764409670476,32.81446059529803,14.484461765337745,18.858141858365638,6.156383870080638,17.734025752069414,3.5188167239657444,33.09841151152053,20.991898305540175,13.250122303894685,1.0930620757256566,17.534452643746608,4.706820319420511,6.375071324801746,3.0875753333667304,0.024278105629996563,0.6684444418423235,0.1738696975864305,54.05862826229536,43.39165950579884
23.650000000000002,0.26767570819605535,3647.3234835222306,4443.426581670836,9.1395503615368,32.11883847354861,47.48371385253904,2767.6737107035738,63.92967676210766,121.93794156234934,0.22125823565412112,90.31346930633946,47.97061211962553,2673.8925751788443,25.235021700750686,49.72077187782777,3288.3557276497045,22.869574610904028,65.28651142621426,6.088057401344159,277.1035103309876,101.57417177672126,90.74499922076424,31.646874101160904,14.539923298648091,18.682723092387636,6.042427525939185,17.89904061187087,3.4886319362724656,32.797534918118075,21.271732136707172,13.064678426113355,1.0313710439547188,17.6744752431572,4.681418239947122,6.484696440885785,3.20249392614007,0.024278105629996563,0.6684444418423235,0.1738696975864305,54.05862826229536,43.39165950579884
23.7,0.2670147908598875,3667.512071781112,4456.120628423637,9.196807972881848,32.015366958285185,47.55679841445759,2767.89568468015,64.79532180257829,121.92763825185857,0.2207303586106402,90.35953990351983,50.755188143333406,2674.5685463020363,25.207448403982763,49.815801945813824,3289.35628819999,22.928083856572094,65.31852646654013,2.4932455042831694,276.78495290981266,101.56760503822076,90.53952186092397,31.646874101160904,14.539923298648091,18.682723092387636,6.042427525939185,17.89904061187087,3.4886319362724656,32.797534918118075,21.271732136707172,13.064678426113355,1.0313710439547188,17.6744752431572,4.681418239947122,6.484696440885785,3.20249392614007,0.024278105629996563,0.6684444418423235,0.1738696975864305,54.05862826229536,43.39165950579884
23.75,0.2669491386911474,3661.910049794364,4447.640044099923,9.208249428487122,32.12434577190128,47.11365857747265,2767.17485255077,65.4284678357567,121.91858758615956,0.21406138237262173,90.27845711400414,51.433685457829576,2674.2958503535933,25.31121208263918,49.350262919674165,3288.4581995591616,22.856128587240423,65.30001616529552,6.3802059050704845,277.1111388894005,101.55425216630046,90.55529157643961,32.04249823158041,14.381479547886673,18.896809348157834,6.295985371093041,17.939333980456585,3.5056411333158652,32.90981276770007,21.06396682730258,13.048004766558794,1.0799329072240516,17.629255391150263,4.640932506187222,6.393489582921633,3.096871726290125,0.02410980527990045,0.6669678159613734,0.16306734255269548,54.3973987612679,44.037220251158146
23.8,0.26854021618330204,3632.6962313709178,4445.933968980709,9.257151873399987,32.07443473560654,47.47070095329816,2768.35509549834,64.71946078692321,121.94893263139393,0.2202169475994424,90.3596729646231,50.528936060674376,2674.834415682801,25.394138876035736,50.76515533623962,3289.3743458604345,22.858484428428035,65.27472067813294,4.8371692743729096,277.32137539318774,101.54035463605334,90.8078513210293,32.04249823158041,14.381479547886673,18.896809348157834,6.295985371093041,17.939333980456585,3.5056411333158652,32.90981276770007,21.06396682730258,13.048004766558794,1.0799329072240516,17.629255391150263,4.640932506187222,6.393489582921633,3.096871726290125,0.02410980527990045,0.6669678159613734,0.16306734255269548,54.3973987612679,44.037220251158146
23.85,0.2699216092131018,3646.271048801574,4447.460297184549,9.107674886914767,31.559702906538824,47.07374089291486,2768.329436921516,65.80648558412122,121.93553050377835,0.2210948039608908,90.33728394369741,50.417140108256284,2675.41075282813,25.205968124642144,50.087030976828025,3289.1705387679017,22.837878699941417,65.32746749875625,5.298662504104549,276.9081093824302,101.53188194728918,90.46110629735978,32.38082447849066,14.45598126320329,18.421234798798668,5.987449095881967,17.51589820753225,3.533729349524296,32.547062356084574,21.162281600845677,13.410490288099513,0.8717190877286667,17.468521654812125,4.716289518896828,6.405283057300705,3.2085217829369768,0.02410980527990045,0.6669678159613734,0.16306734255269548,54.3973987612679,44.037220251158146
23.900000000000002,0.27043341734629406,3626.841582006228,4456.120262205634,9.181706558101862,31.789563455834653,47.57017397759889,2767.850214988769,65.27977409770442,121.90477223187253,0.21987245369320094,90.24885825826635,49.19603674689391,2674.130327886964,25.23817426106196,50.37966037284104,3288.5548371514155,22.731738054981307,65.28056897808173,4.696422902786488,276.99416947259846,101.5631346313424,90.60216334342911,32.38082447849066,14.45598126320329,18.421234798798668,5.987449095881967,17.51589820753225,3.533729349524296,32.547062356084574,21.162281600845677,13.410490288099513,0.8717190877286667,17.468521654812125,4.716289518896828,6.405283057300705,3.2085217829369768,0.02410980527990045,0.6669678159613734,0.16306734255269548,54.3973987612679,44.037220251158146
23.95,0.26799066837481966,3625.88268808208,4472.583839769844,9.197934536837202,31.691856320045368,46.96508423793066,2767.6226401092777,64.80740346879018,121.9428974105634,0.22211254851921608,90.34674086989682,50.484458809592105,2674.8111292221597,25.334576093939624,49.86260951605543,3290.027772247338,22.695488874938313,65.27140281183958,6.197124871561028,277.11564509354923,101.54187072592065,90.60961714068141,32.7516858572686,14.505560185499037,19.046923402124303,6.176594546652429,17.821278749786558,3.5249150407748076,32.88716726481006,20.969158134149733,13.543132094441807,0.9922613049462259,17.580208008305313,4.673271692103411,6.386000051549562,3.175744377903788,0.02410980527990045,0.6669678159613734,0.16306734255269548,54.3973987612679,44.037220251158146
24.0,0.26457950229403715,3633.052600515408,4461.592096441526,9.33984101133598,32.0198492443279,47.44965471771929,2768.889157159582,63.94787181957861,121.93001549367769,0.22027768428332364,90.30452182553127,49.94693118340994,2675.529538736596,25.199052985234918,49.327757796197986,3289.983290177684,22.72735902804075,65.27511746151217,4.88471325663954,276.9888924288145,101.5445377664981,90.47490857105241,32.7516858572686,14.505560185499037,19.046923402124303,6.176594546652429,17.821278749786558,3.5249150407748076,32.88716726481006,20.969158134149733,13.543132094441807,0.9922613049462259,17.580208008305313,4.673271692103411,6.386000051549562,3.175744377903788,-0.0008325828363602936,0.6539319870518865,0.15636591651985315,53.193699512434044,44.071080314336484
24.05,0.2641257002130952,3622.736819700723,4433.211212886273,9.224408014195651,31.638150797998556,47.278548471039706,2768.684650456314,64.87740939482902,121.92191205732216,0.2254051826817986,90.28669752096862,50.00748103051267,2675.10349073964,25.265059060370586,47.83032629058308,3289.642290474753,22.935573034143697,65.2895406476408,4.303649744704799,277.39324240713285,101.53527026926098,90.59277344616387,32.208994376048665,14.307805441725504,19.15026834285997,6.222819677065201,17.593945270747433,3.505214133311192,33.11332055049453,21.198495547453675,12.889629870409804,0.9999962472399212,17.616123539108493,4.647269805309915,6.443050612808616,3.085560815414948,-0.0008325828363602936,0.6539319870518865,0.15636591651985315,53.193699512434044,44.071080314336484
24.1,0.26503437683904557,3641.705950262598,4442.553662032554,9.238606791192264,31.930097192433436,47.202695155244044,2767.697455292447,64.06973506861475,121.92136467572304,0.22385571000102336,90.24111720756821,47.99691803928352,2673.991414670926,25.372649615684683,47.48897942183926,3288.711105541522,22.798212246633486,65.29335010881246,3.297165628971027,277.1127819518732,101.57319588773747,90.51136510356089,32.208994376048665,14.307805441725504,19.15026834285997,6.222819677065201,17.593945270747433,3.505214133311192,33.11332055049453,21.198495547453675,12.889629870409804,0.9999962472399212,17.616123539108493,4.647269805309915,6.443050612808616,3.085560815414948,-0.0008325828363602936,0.6539319870518865,0.15636591651985315,53.193699512434044,44.071080314336484
24.150000000000002,0.2665685902898632,3641.400114930188,4430.926732413193,9.130885338433664,32.406985787218275,46.8823075457117,2767.761145892559,65.0449194872675,121.92134953403678,0.22170776204860063,90.32790097219443,50.328741689945325,2673.9738414812155,25.263108573120867,49.68369113261632,3287.859121866918,22.78088919569983,65.2934859011152,4.262902523418046,277.4080717702681,101.55835933636568,90.62334993829913,31.9756869415298,14.511658409415675,18.978909185712343,6.020717805373578,17.712857394573767,3.4283205266449817,32.771944734881295,21.161567762749957,12.94621864649962,1.0391937516319776,18.172286662056074,4.66707369636176,6.407348639374662,3.1029521046371062,-0.0008325828363602936,0.6539319870518865,0.15636591651985315,53.193699512434044,44.071080314336484
24.2,0.2686799466021546,3649.8372224180644,4438.080382383128,9.207764084183927,32.30051792073141,47.34352871820637,2766.8779131829424,65.06042954395451,121.91160902771202,0.2187729016774562,90.24491991530704,50.55784598423934,2672.879890797941,25.082378210769477,49.46615940009699,3287.27836548695,22.832943542925246,65.29582111618578,7.202866366750831,276.8775134020511,101.57744363456416,90.55343977352695,31.9756869415298,14.511658409415675,18.978909185712343,6.020717805373578,17.712857394573767,3.4283205266449817,32.771944734881295,21.161567762749957,12.94621864649962,1.0391937516319776,18.172286662056074,4.66707369636176,6.407348639374662,3.1029521046371062,-0.0008325828363602936,0.6539319870518865,0.15636591651985315,53.193699512434044,44.071080314336484
24.25,0.27169978173183995,3661.5746281716724,4427.3953027219195,9.254404396490125,32.08827558168793,47.178656000058524,2766.2008230631845,64.77541473918225,121.92578315379146,0.21892697084485846,90.265014681486,49.38877367314163,2672.796898041555,25.2956661897022,50.40838212295078,3287.517148978382,22.830149908568664,65.28640414848245,4.706586600173793,276.5617255140676,101.5530293612157,90.32874218481103,32.326607284165405,14.366273358687684,18.958506585961,6.135759254273824,17.70926920586986,3.463751717329843,32.75510828947151,21.041145658456365,12.978883483966111,1.004640103849069,17.90114596314793,4.672094750575593,6.339215417620723,3.1576665133866,0.01512626710004987,0.6457227245845778,0.17526721138828924,52.818681763052666,44.42746478309405
24.3,0.27349772773345044,3670.832406549291,4436.774147669486,9.230658437573357,31.436970062361258,47.21388407939496,2767.0154771676325,64.87545605535718,121.93476715368189,0.21523510878057525,90.35290539578226,50.97740191187487,2673.561746198973,25.288257455205233,48.817994525614395,3288.425045244111,22.802288159315722,65.30150985661334,6.210288411017973,277.10278323545964,101.55491502791729,90.68301972261993,32.326607284165405,14.366273358687684,18.958506585961,6.135759254273824,17.70926920586986,3.463751717329843,32.75510828947151,21.041145658456365,12.978883483966111,1.004640103849069,17.90114596314793,4.672094750575593,6.339215417620723,3.1576665133866,0.01512626710004987,0.6457227245845778,0.17526721138828924,52.818681763052666,44.42746478309405
24.35,0.271589303901661,3651.130176239507,4406.563401535305,9.230980853080128,32.16811076826592,47.08946657295598,2766.0655026473346,65.36940405732138,121.93453880683268,0.21468743397416828,90.32689292553574,48.95876647087087,2673.1192624752234,25.235263224575174,50.408254410477284,3287.705901907929,22.597891768982954,65.28899142419456,3.8627894953244644,277.08311965120816,101.54237817749734,90.56879197551224,32.25449863790297,14.394886464090733,19.10491451165415,6.282397060012543,17.49416461537053,3.472201001129979,32.71894303041601,21.15149406289742,13.507690372535995,0.9359279869254881,17.67643513750492,4.659556828389983,6.464567204407828,3.1499422978232756,0.01512626710004987,0.6457227245845778,0.17526721138828924,52.818681763052666,44.42746478309405
24.400000000000002,0.27023325615535804,3628.353157704238,4437.889098930013,9.223969709215043,31.990642722202995,47.27526559132605,2766.911335575283,65.42449618523402,121.93299356612302,0.21116632720211923,90.32771485494716,49.001445322257524,2672.8131201140236,25.480208338061637,51.444204904115466,3287.3617688426502,22.656790901244918,65.31896290950417,5.508244713235152,276.97279337183045,101.54166013690647,90.52305594863209,32.25449863790297,14.394886464090733,19.10491451165415,6.282397060012543,17.49416461537053,3.472201001129979,32.71894303041601,21.15149406289742,13.507690372535995,0.9359279869254881,17.67643513750492,4.659556828389983,6.464567204407828,3.1499422978232756,0.01512626710004987,0.6457227245845778,0.17526721138828924,52.818681763052666,44.42746478309405
24.45,0.2726997292331633,3657.4728501717395,4390.901458397296,9.228733162600543,32.123190599919084,47.08151174736587,2765.7145582445255,65.34258716080527,121.9275356182243,0.20403838356209195,90.26084442058905,49.337696128877546,2672.2222251373187,25.11512755649039,50.91012161535032,3286.1848979515376,22.781349742355268,65.32578879338023,6.613185934190086,276.98329318452096,101.55709662047718,90.3348057664327,32.057384212995025,14.478242773730898,18.693034166779835,6.176154142847744,17.622770562573034,3.5238248666571743,32.79505067497518,21.22866288929296,13.234859697950322,1.0348705727450282,17.20829466629114,4.7139952482158085,6.474920537065012,3.1083205616306713,0.01512626710004987,0.6457227245845778,0.17526721138828924,52.818681763052666,44.42746478309405
24.5,0.27439673585610697,3662.7783738591515,4401.802552663243,9.228478509867854,32.07407753591712,46.8468959287482,2765.9544980599394,65.60973105578866,121.92754279568173,0.20196141151240066,90.29724900563143,49.720071755001385,2672.36551546146,25.099623177901687,50.4011931645126,3286.7437165562087,22.625108953335126,65.28619600701096,5.35649210778774,276.941834810906,101.52615861313346,90.67521675182569,32.057384212995025,14.478242773730898,18.693034166779835,6.176154142847744,17.622770562573034,3.5238248666571743,32.79505067497518,21.22866288929296,13.234859697950322,1.0348705727450282,17.20829466629114,4.7139952482158085,6.474920537065012,3.1083205616306713,0.010506092939243546,0.6715995892493535,0.18469708008808222,53.20705632529216,44.11737439996676
24.55,0.272104904895973,3672.534588720187,4457.428403385524,9.215326617621919,31.980897065152064,47.40318094340506,2765.405241300769,65.71452569274746,121.92323526968912,0.19692477124222177,90.28423295089962,50.24058606093371,2671.9092644071466,25.312737316028464,51.24421550003334,3286.4910186082143,22.888590344903754,65.30323681492733,5.037943427373766,276.7683032836575,101.52318385728255,90.25512577294076,32.299059379896846,14.497895995993108,18.704087003095825,6.145191115312718,17.76881487898236,3.483297232887723,32.9403939476427,21.21438560636206,13.356533398007569,1.2237481297029915,17.969517250406373,4.677215101539624,6.390229795991578,3.122900415977614,0.010506092939243546,0.6715995892493535,0.18469708008808222,53.20705632529216,44.11737439996676
24.6,0.27293443223064945,3645.6179972203313,4409.418431072403,9.27449447592457,31.992831012893873,47.30367449238121,2765.9807687472476,64.38860744402223,121.93930106405223,0.19304370466525747,90.25823845964362,50.48921374204663,2672.2874443206997,25.220492582679043,48.817503334566865,3286.8059067117833,22.757867287185196,65.27488076904078,4.21962526688618,277.1706597420466,101.54100328517775,90.65851004060447,32.299059379896846,14.497895995993108,18.704087003095825,6.145191115312718,17.76881487898236,3.483297232887723,32.9403939476427,21.21438560636206,13.356533398007569,1.2237481297029915,17.969517250406373,4.677215101539624,6.390229795991578,3.122900415977614,0.010506092939243546,0.6715995892493535,0.18469708008808222,53.20705632529216,44.11737439996676
24.650000000000002,0.2713331901559779,3636.9616033601965,4457.577523034666,9.287941893076319,32.28809635896537,47.21736317553655,2766.8311530931,65.06654725387929,121.91948662961981,0.19397212541694403,90.327657284402,50.710384468958324,2673.2971148676083,25.354383420958598,48.7363922130265,3287.8966174750617,22.930958774340436,65.30458296918658,4.605678242743697,277.047406868912,101.53094264687691,90.49799528366316,32.172842204799764,14.627671649436087,18.46780902130781,6.051462974200637,17.977282235575764,3.525560076150285,33.070145401627386,21.36720555922218,13.293563545432885,0.9977892712406582,17.36139361422179,4.695499898835139,6.417362742784575,3.204102622695259,0.010506092939243546,0.6715995892493535,0.18469708008808222,53.20705632529216,44.11737439996676
24.7,0.26836891810185165,3679.590896373086,4401.157123509493,9.26074197001562,31.688426858473058,46.97768827843444,2766.22118846933,65.59493234260196,121.93461919921351,0.19433611801835246,90.21127309623908,51.98446848637283,2672.3534055961013,25.311909604073307,50.48694218820326,3287.701468298183,22.646768669307658,65.28604827379543,5.643619029275619,277.12010773412186,101.52372220263803,90.20717518333164,32.172842204799764,14.627671649436087,18.46780902130781,6.051462974200637,17.977282235575764,3.525560076150285,33.070145401627386,21.36720555922218,13.293563545432885,0.9977892712406582,17.36139361422179,4.695499898835139,6.417362742784575,3.204102622695259,0.010506092939243546,0.6715995892493535,0.18469708008808222,53.20705632529216,44.11737439996676
24.75,0.2664499170776243,3675.068665549203,4392.759799717803,9.316642019151299,31.494585647709528,47.19925634396084,2766.8753335722495,64.72445406738984,121.94715825633493,0.19114795448160218,90.26553896805484,50.86942389163846,2673.9660481734772,25.248957062293265,50.709611182107814,3288.1812225363415,22.775127656280382,65.25357848956666,4.5982295787580805,277.01326782405306,101.51878454943451,90.58293366100511,31.840049802211517,14.403368111252373,18.659958353995037,6.24754009151491,17.69394793276128,3.527922302881054,33.22017832876179,21.081697163611533,12.986326493716113,1.004767041480386,17.683482556386647,4.671208730000124,6.413861723441168,3.109814059499945,0.00865798489498373,0.6537540584686115,0.1904817524106511,54.634618180738535,44.73354878953806
24.8,0.2632900012290892,3664.106692949712,4438.231281098833,9.267463697332076,31.821199747687192,46.98796858919493,2768.0834288129404,64.03671200090537,121.92579151649927,0.19356334251279425,90.31503276683804,49.35535952897384,2674.6948469972076,25.246117167577143,51.556282199760155,3289.5252637206813,22.98227635514642,65.26338188713878,5.35890353965891,277.2480687199763,101.52201504012803,90.62608924531304,31.840049802211517,14.403368111252373,18.659958353995037,6.24754009151491,17.69394793276128,3.527922302881054,33.22017832876179,21.081697163611533,12.986326493716113,1.004767041480386,17.683482556386647,4.671208730000124,6.413861723441168,3.109814059499945,0.00865798489498373,0.6537540584686115,0.1904817524106511,54.634618180738535,44.73354878953806
24.85,0.2667341807523616,3630.7504065173584,4417.776881785901,9.237820001642087,32.18286972903671,47.105045399916825,2768.2658166565006,65.73990300664107,121.92210654707043,0.19230146401673417,90.26002127108127,49.29264330892838,2674.9809606485305,25.260742556880206,48.9389019329658,3289.9041223037893,22.947016029367287,65.27595349006606,4.2225576971688925,277.1928997318276,101.49592381043563,90.28525393880432,32.38397643863998,14.568891029339248,18.514044022021494,5.977319537344528,17.776414143543512,3.5268716125331268,33.09709844215024,21.387728288331598,13.23402906966125,0.9530028526383594,17.451044046544062,4.682666415576825,6.336939652470981,3.1383589526494995,0.00865798489498373,0.6537540584686115,0.1904817524106511,54.634618180738535,44.73354878953806
24.900000000000002,0.2669983538597408,3658.8255884842465,4439.186253203729,9.195334659770126,32.161636212295804,47.18873235161762,2769.0086966414456,65.11105411561583,121.91758334518349,0.1982949779279363,90.25986450011757,49.153763841276444,2675.6188887380495,25.322196790239854,48.91185652850891,3290.1506679950103,22.90162185461486,65.25241385013842,4.407415662700301,277.6426214170097,101.51008560258664,90.65474735344425,32.38397643863998,14.568891029339248,18.514044022021494,5.977319537344528,17.776414143543512,3.5268716125331268,33.09709844215024,21.387728288331598,13.23402906966125,0.9530028526383594,17.451044046544062,4.682666415576825,6.336939652470981,3.1383589526494995,0.00865798489498373,0.6537540584686115,0.1904817524106511,54.634618180738535,44.73354878953806
24.95,0.2660137608524856,3650.9309680962565,4461.907258385735,9.2094648019638,32.10210698509226,47.1308719944177,2768.994285425682,64.79032880927853,121.92715341055047,0.19940930090121317,90.27084579943931,49.72834474005338,2675.4917773672855,25.204443872411442,50.90057686637594,3290.3075139048706,22.816654102307872,65.2608037287424,7.564030888671478,277.30227331574844,101.52948715657676,90.42128806970433,32.268426734705976,14.68411193282036,19.235720859872412,6.19121439290066,18.123791002822795,3.492927943159135,33.045642618546104,21.248950995793642,13.163537941698184,1.0896951596632038,17.65457294015577,4.684217306425316,6.340323404831811,3.027613928798364,0.00865798489498373,0.6537540584686115,0.1904817524106511,54.634618180738535,44.73354878953806
25.0,0.26195211226155696,3638.437230953878,4453.193035702964,9.206074391562186,32.218781424539195,47.46504615638899,2769.230268319432,65.5694986354937,121.9191854684762,0.20361342152333747,90.22020795941877,49.99118766257702,2675.900213491102,25.193006499087456,51.110252794347254,3290.1706055655422,22.766413191036456,65.24345601358223,4.844792262674151,277.71934823635354,101.53264737224431,90.59818315681771,32.268426734705976,14.68411193282036,19.235720859872412,6.19121439290066,18.123791002822795,3.492927943159135,33.045642618546104,21.248950995793642,13.163537941698184,1.0896951596632038,17.65457294015577,4.684217306425316,6.340323404831811,3.027613928798364,0.007518659527469993,0.6625388817537161,0.1708277618432528,53.96680215968372,43.58597902120296
25.05,0.2656477805639437,3657.6817996682075,4415.282032190527,9.14608313471566,31.769441979846352,47.11040294920211,2770.0890788572488,65.68284515854268,121.92062307092341,0.20552901147642272,90.31278987306429,49.13529459646645,2676.3253515536976,25.121962168897173,51.7414499091331,3291.0925136786423,22.945130917175597,65.26249043790519,7.371827363542022,277.45877781819036,101.54129672564592,90.80693138746481,32.43598367087602,14.488351835602591,18.557126672040425,6.284560021098829,17.81981570028796,3.5147018240772896,33.11243604737825,21.052489189801243,13.029229574964974,1.1447213005692578,17.146974588756237,4.647922866139012,6.391963620625422,3.058404954672418,0.007518659527469993,0.6625388817537161,0.1708277618432528,53.96680215968372,43.58597902120296
25.1,0.2694827112891569,3621.858507295944,4430.627554595247,9.17078436689949,31.847907783369862,47.02309399318552,2769.7945947707085,65.27142653434372,121.92023563694859,0.20929854408029275,90.25975025011464,48.66416404684816,2675.609274349243,25.232252494996303,50.08637293470781,3290.454019248147,22.861023973502295,65.27320556713916,5.938500476534362,277.31321649343255,101.54568327161951,90.33804945712431,32.43598367087602,14.488351835602591,18.557126672040425,6.284560021098829,17.81981570028796,3.5147018240772896,33.11243604737825,21.052489189801243,13.029229574964974,1.1447213005692578,17.146974588756237,4.647922866139012,6.391963620625422,3.058404954672418,0.007518659527469993,0.6625388817537161,0.1708277618432528,53.96680215968372,43.58597902120296
25.150000000000002,0.2670436205760658,3673.9568737996747,4438.114217184687,9.293036186874167,32.46053474636001,47.55366800947059,2768.3704668634196,65.04483381838058,121.93510390037761,0.213088766258482,90.2076127557904,50.75227239402605,2675.0531873923796,25.13857419891713,51.34712370197639,3289.5673098889224,22.710683021781026,65.24165224188202,4.533089757176313,277.5410005004156,101.57093559583205,90.6577926474323,31.925889721907154,14.457970821154339,18.919377365002646,5.996834038730154,17.925728745420756,3.4854226614724677,32.82365533859953,21.157514768880304,12.942524415822053,1.064742647177386,17.59914685330125,4.6940481539436485,6.402943652293982,3.082091494658929,0.007518659527469993,0.6625388817537161,0.1708277618432528,53.96680215968372,43.58597902120296
25.2,0.265552877809759,3686.3091864263565,4440.345251758838,9.146361223555816,32.30710297830066,47.418263216676436,2769.2232527958795,65.2143487685019,121.93525815329616,0.21274092432634917,90.28929750544957,49.30454613281908,2675.902654100365,25.076851395339286,50.159772637001375,3290.7854981101955,22.854387143431442,65.26893487295062,5.146624140648021,277.12334816571706,101.56168412895097,90.36993758435881,31.925889721907154,14.457970821154339,18.919377365002646,5.996834038730154,17.925728745420756,3.4854226614724677,32.82365533859953,21.157514768880304,12.942524415822053,1.064742647177386,17.59914685330125,4.6940481539436485,6.402943652293982,3.082091494658929,0.007518659527469993,0.6625388817537161,0.1708277618432528,53.96680215968372,43.58597902120296
25.25,0.26740655921867407,3645.277985349973,4418.945713183019,9.272016458849277,32.0972880867267,47.33673724947495,2769.423006356293,65.51141130959502,121.90660310563854,0.21817600151809868,90.22589685321674,49.68560171807526,2675.113072240338,25.45220966458763,51.469070532827786,3290.758845792154,22.60694712689509,65.25333169716244,3.9994292747091498,277.91093282640765,101.55907537461975,90.43341880478106,32.33744533797551,14.457086145626677,18.534560269315563,6.032717781519977,17.57653586590815,3.529110332963667,32.93927024610307,21.085481161370065,13.048668140225615,1.0674221931063732,17.62969010521588,4.6786215526827455,6.393816439157918,3.1523391994809984,0.01814568504102864,0.6558485301721748,0.15166711371706484,53.41127919522743,44.65710793224774
25.3,0.2689033235079865,3645.654080125339,4456.8129094934175,9.158233357604264,32.41780153223222,47.140147965512924,2769.276738684918,64.83065123075731,121.92486986734937,0.22037227483670827,90.28587447448406,51.063691557359675,2675.779316704113,25.022336834746824,49.16631478055517,3290.7679860267813,22.725390722617313,65.25338290679612,6.382905210813981,277.1660670843855,101.5554175160709,90.36315536090704,32.33744533797551,14.457086145626677,18.534560269315563,6.032717781519977,17.57653586590815,3.529110332963667,32.93927024610307,21.085481161370065,13.048668140225615,1.0674221931063732,17.62969010521588,4.6786215526827455,6.393816439157918,3.1523391994809984,0.01814568504102864,0.6558485301721748,0.15166711371706484,53.41127919522743,44.65710793224774
25.35,0.26701381441271693,3645.002952528877,4413.288054588951,9.23442540350877,32.032908251746704,47.03950206908683,2769.619466388569,65.36640601744442,121.92340182051413,0.2222193282977659,90.27859471330511,49.74346759533292,2675.246413218641,25.13473508547565,50.84341232832507,3290.637801487085,22.811264322757214,65.27814923623806,3.6705578727874006,277.3682802387616,101.54003214850421,90.51459987274802,32.186729035881754,14.679112558423446,18.58176548559348,6.1457511040435415,17.747515271463403,3.5169523174125863,33.108337632910136,21.169456609050723,12.880727204712935,1.049747765900807,17.899063539484576,4.665711914565724,6.413475635123711,3.1019546517985006,0.01814568504102864,0.6558485301721748,0.15166711371706484,53.41127919522743,44.65710793224774
25.400000000000002,0.26612216271271827,3672.15464639334,4395.593391054335,9.184248096331661,32.23796472506984,47.12183996251562,2769.3491339821194,65.05235792043358,121.93484800630144,0.22275104779551508,90.34869211652858,51.05633113349591,2675.6716506197795,25.287663189238764,49.20380086032201,3291.203162645761,22.775878869180097,65.27382735231114,3.7492952014651872,277.68615401884455,101.53913773237926,90.6508467303668,32.186729035881754,14.679112558423446,18.58176548559348,6.1457511040435415,17.747515271463403,3.5169523174125863,33.108337632910136,21.169456609050723,12.880727204712935,1.049747765900807,17.899063539484576,4.665711914565724,6.413475635123711,3.1019546517985006,0.01814568504102864,0.6558485301721748,0.15166711371706484,53.41127919522743,44.65710793224774
25.45,0.26125268285151193,3678.2397177671655,4457.5443204694775,9.193599792929954,32.272727281410226,47.41312413442509,2769.194716548695,65.40174569889285,121.93582882548027,0.22656430501308317,90.32294768495403,49.701978873767665,2675.5666448231473,25.369530382447916,50.24662589899368,3291.4579771541153,22.790459247655406,65.30682364026205,4.63174655558847,277.1288061116426,101.56995925849304,90.56664943510076,32.153306064281566,14.498590488725675,18.82941005303183,5.993672848134157,17.72866506459152,3.5312347549683794,32.78767168926251,21.223034384720933,13.199701541968498,1.1721971194300929,17.309152827292245,4.634515668040294,6.401091814609108,3.156787093282041,0.01814568504102864,0.6558485301721748,0.15166711371706484,53.41127919522743,44.65710793224774
25.5,0.26325377161646885,3638.680599431807,4404.784288063487,9.175645593993966,32.31795178242919,47.291816566921206,2767.9356755089834,64.88233187595554,121.91339536020502,0.22579968588840368,90.23386312960335,51.799883793944225,2674.398895852767,25.23082492904875,51.21282357387536,3289.3708100884232,22.871928590183085,65.28991780978151,6.009086014069742,277.36567264345734,101.55095248093689,90.4902134907185,32.153306064281566,14.498590488725675,18.82941005303183,5.993672848134157,17.72866506459152,3.5312347549683794,32.78767168926251,21.223034384720933,13.199701541968498,1.1721971194300929,17.309152827292245,4.634515668040294,6.401091814609108,3.156787093282041,0.009898766105545229,0.6541337509525662,0.16216899864647874,53.524563476406115,43.36457380156357
25.55,0.2629705901772671,3655.323175197194,4412.6293112892845,9.278082780933516,31.92076221303423,47.3379335318252,2768.8650140707814,65.55092477646481,121.91040022722663,0.22647733037277895,90.32423956569428,51.313447936990706,2674.7729052208056,25.200571313048084,50.42818241801464,3289.9593163067384,22.90333911429975,65.26539039644872,3.6596143633473566,277.46618190726184,101.54288983977186,90.60623237090887,32.728915591477644,14.483384327590827,19.040861458567573,6.192775059600232,17.626288883235897,3.5072631543947765,33.20099951643847,21.34392266563728,13.003023879210476,0.9642335534948066,17.258597915324476,4.653393825745946,6.418192226679676,3.088888927196943,0.009898766105545229,0.6541337509525662,0.16216899864647874,53.524563476406115,43.36457380156357
25.6,0.2682304133977699,3684.9520745960835,4407.644818022193,9.219890427869418,32.017464178509606,46.89452351302507,2767.5929312199837,64.04787979390831,121.92889204841755,0.22524024342030877,90.24884140859496,51.42918850140345,2674.2254190717413,25.339688228802686,51.889073869033965,3288.999727038027,23.033794553362075,65.30398518105275,6.038163824875179,276.99035277913663,101.54150614816365,90.49201539172468,32.728915591477644,14.483384327590827,19.040861458567573,6.192775059600232,17.626288883235897,3.5072631543947765,33.20099951643847,21.34392266563728,13.003023879210476,0.9642335534948066,17.258597915324476,4.653393825745946,6.418192226679676,3.088888927196943,0.009898766105545229,0.6541337509525662,0.16216899864647874,53.524563476406115,43.36457380156357
25.650000000000002,0.2655811289308028,3645.790391378559,4423.4107301607055,9.180965154490341,31.75989003205101,47.50954406593208,2768.4031108823438,63.92526147568182,121.93106863043866,0.22697958713378152,90.40608237303498,49.93070635844554,2675.0685265527636,25.176190022318753,50.016707955086176,3289.548714950904,22.838746401870374,65.31174936592652,5.893554162925715,277.27572817577226,101.53935289606638,90.91010069714365,32.26141055712531,14.500044103376721,18.92297019950771,6.167737338306127,18.136275675150106,3.5216631147350683,32.95161404456515,21.19835538704821,12.811503978934155,0.8544730310079155,17.726801839530182,4.637990816132984,6.364503973034077,3.0693878736566274,0.009898766105545229,0.6541337509525662,0.16216899864647874,53.524563476406115,43.36457380156357
25.7,0.2646696635497767,3663.3242495030186,4427.485683124307,9.224983455580363,32.14069932159615,47.224422562586874,2766.8711255251906,64.72753608263524,121.91031074784351,0.22644937044963967,90.26818901161184,50.65426621830207,2673.3601276027593,25.24755206507393,50.38561372972265,3287.9647483165036,22.975620305739216,65.3578491901919,3.6468102362849093,277.01014718273825,101.555256073475,90.40942377045606,32.26141055712531,14.500044103376721,18.92297019950771,6.167737338306127,18.136275675150106,3.5216631147350683,32.95161404456515,21.19835538704821,12.811503978934155,0.8544730310079155,17.726801839530182,4.637990816132984,6.364503973034077,3.0693878736566274,0.009898766105545229,0.6541337509525662,0.16216899864647874,53.524563476406115,43.36457380156357
25.75,0.26693366646820066,3656.7434825895684,4464.792956089618,9.179184929442528,32.18468262549862,46.716929460984424,2766.976923246317,65.07024334936892,121.91920428422402,0.22584570391745384,90.35518764261226,51.27736728878241,2673.3682844966465,25.329919131274444,52.09103508955197,3287.8766585838293,22.631109251916218,65.34074698487308,4.484952397409443,277.16277189687185,101.56631388398462,90.68982114193957,31.955162650258607,14.378103368623279,18.344333562989327,6.174861588958357,18.05206762274788,3.4899406492795935,33.11042042863494,21.218135927914933,13.197016584079005,0.8507968708353111,17.52484634220734,4.695521245682083,6.451947321709042,3.158937264983782,0.003292378876006254,0.6755203061180952,0.18511178034888057,54.80120981821934,43.336725225720194
25.8,0.2669856698902982,3651.2069945031176,4434.24493511199,9.191293552371532,31.60122437823798,47.14710694322882,2766.884403592862,65.4203133272123,121.93959410682626,0.22100817325884203,90.31908651111374,49.89970603449161,2672.772837018075,25.498961380139818,52.1488902484445,3287.8081283314514,22.874014364425427,65.34930856866012,4.860553624973813,277.64881874896867,101.54699636240557,90.51154434542607,31.955162650258607,14.378103368623279,18.344333562989327,6.174861588958357,18.05206762274788,3.4899406492795935,33.11042042863494,21.218135927914933,13.197016584079005,0.8507968708353111,17.52484634220734,4.695521245682083,6.451947321709042,3.158937264983782,0.003292378876006254,0.6755203061180952,0.18511178034888057,54.80120981821934,43.336725225720194
25.85,0.26570450320526007,3649.4156054552177,4429.565058669455,9.141708349961648,31.918350068902136,46.96186242211146,2767.239461614182,63.93357084188159,121.91382280169975,0.2195496949150711,90.39805945995656,49.9019193064456,2673.916069346008,25.305239674922753,50.26089037339007,3288.4396859010485,22.76997704071482,65.34685069604073,4.633827151447341,277.1951541539939,101.53918293167207,90.5951175119301,32.61963229234562,14.485035645696161,18.409500494267412,6.011360349396557,17.73649790503278,3.5198277242988776,32.741844869511574,21.349546158037906,13.078145933234845,1.1113318105310004,17.731364116813488,4.727869898375345,6.391439713195814,3.1541908190014043,0.003292378876006254,0.6755203061180952,0.18511178034888057,54.80120981821934,43.336725225720194
25.900000000000002,0.2638444364136934,3697.937896928492,4419.21088733166,9.239505112764752,32.0403652569862,47.25195147155086,2766.837909737821,65.41314520577392,121.91399176554923,0.21948217642690934,90.24790399456515,49.73809257953058,2673.099842076477,25.367729013069674,50.29745828596978,3287.946060675218,22.52786172199763,65.33697106136455,2.359826992174186,277.36611499433315,101.57350015961794,90.35332260303367,32.61963229234562,14.485035645696161,18.409500494267412,6.011360349396557,17.73649790503278,3.5198277242988776,32.741844869511574,21.349546158037906,13.078145933234845,1.1113318105310004,17.731364116813488,4.727869898375345,6.391439713195814,3.1541908190014043,0.003292378876006254,0.6755203061180952,0.18511178034888057,54.80120981821934,43.336725225720194
25.95,0.25912510123908733,3655.927366328746,4412.798418105325,9.1489652380878,31.814694443783367,47.26801219008195,2768.5199212113876,64.9519845828891,121.94422057872048,0.21958469476513645,90.45336713089354,49.388327606612876,2675.423847944306,25.27579015799181,49.31778867280925,3290.316654642428,22.71402522715092,65.30490336648931,6.267484796356016,277.5370588136934,101.53109754889388,90.94686308710612,32.06513608997398,14.36756167140555,19.34146696590815,6.016059671644491,17.524937952522947,3.5466570366754606,32.93763928116263,21.25148530060081,13.379550278397504,0.9735598983973748,17.563820215021405,4.702895683985113,6.417198343670485,3.0404859760010625,0.003292378876006254,0.6755203061180952,0.18511178034888057,54.80120981821934,43.336725225720194
26.0,0.25715964280953724,3637.3287680864414,4472.021257984849,9.268909761107828,31.999020192442092,47.06580997516184,2768.0734429126746,65.28593018203897,121.91295429975393,0.22152071840362667,90.29449516477594,50.245856501861816,2674.8806511368157,25.149165618168634,50.61528858858959,3289.6297245035194,22.978350931390764,65.34032945182268,4.484498014224203,276.8234476891495,101.53525329715255,90.35521655022967,32.06513608997398,14.36756167140555,19.34146696590815,6.016059671644491,17.524937952522947,3.5466570366754606,32.93763928116263,21.25148530060081,13.379550278397504,0.9735598983973748,17.563820215021405,4.702895683985113,6.417198343670485,3.0404859760010625,0.010996979241559691,0.6659251826238863,0.15834214390972284,53.08845003356621,44.28099042829384
26.05,0.2613840936805288,3633.1040761085833,4447.009280480428,9.187909633436057,31.910178500545392,46.91985930492896,2767.249078986274,65.82072278823846,121.9314204190748,0.22334147884143896,90.26087529793304,50.96146826536663,2674.3963373669317,25.408684536460026,51.38032528452011,3288.464329742066,23.01140365037454,65.31997265583372,6.015662714542667,277.3998955920868,101.55324542897091,90.61178150027408,31.981932937173,14.476718249220687,19.118005851078514,6.0320055850335,17.670264972573115,3.5438776402657974,32.90185701290637,21.163343835484827,13.561992103792978,1.2365821160435835,18.15242565049095,4.6226134673634895,6.410044561274651,3.094527384540709,0.010996979241559691,0.6659251826238863,0.15834214390972284,53.08845003356621,44.28099042829384
26.1,0.26727725554562326,3648.5400327587254,4416.115671317536,9.065583176096755,32.023052410849566,47.20703641932158,2767.937894390897,64.7590295273584,121.94524793172752,0.22225323923244988,90.31194559783894,48.9704517277907,2674.638927969704,25.4096526352504,49.840628373267,3289.136293976014,22.907341508700533,65.31894798028151,4.012303168571208,277.0911558330169,101.595833656696,90.64649618602644,31.981932937173,14.476718249220687,19.118005851078514,6.0320055850335,17.670264972573115,3.5438776402657974,32.90185701290637,21.163343835484827,13.561992103792978,1.2365821160435835,18.15242565049095,4.6226134673634895,6.410044561274651,3.094527384540709,0.010996979241559691,0.6659251826238863,0.15834214390972284,53.08845003356621,44.28099042829384
26.150000000000002,0.2691688434478462,3664.1673392997423,4446.326120339649,9.167498695638175,31.738088864136348,47.16201802230202,2767.7737089731536,64.42678448742726,121.92544459959215,0.21964378070785262,90.30292960845982,49.1120629563533,2674.2204596865286,25.18112165797638,50.60627507570041,3288.991570605267,22.974006740688036,65.31918212369737,3.853027643622408,277.3065025904535,101.54565357256854,90.47812704085229,31.705276679151616,14.401183601611411,18.729568124622116,5.970305770732511,17.6382849847949,3.5143361454297573,32.65314348963514,21.12983520958158,12.754322277042304,1.1779778786786521,17.567889399146207,4.674100069789175,6.501962016451618,3.010559480957385,0.010996979241559691,0.6659251826238863,0.15834214390972284,53.08845003356621,44.28099042829384
26.2,0.27466117123425615,3663.150757031949,4429.573504895072,9.177019946220486,32.278033538790474,47.36494912395417,2767.000438489691,64.0272764045296,121.95231830497069,0.21884676655896096,90.363527514888,49.75399858633616,2674.368813053025,25.3750881514461,51.210559267444275,3288.585567018667,23.00076812336547,65.33037392483519,1.9097900755708692,277.06614285855215,101.5555453635773,90.53545409898376,31.705276679151616,14.401183601611411,18.729568124622116,5.970305770732511,17.6382849847949,3.5143361454297573,32.65314348963514,21.12983520958158,12.754322277042304,1.1779778786786521,17.567889399146207,4.674100069789175,6.501962016451618,3.010559480957385,0.010996979241559691,0.6659251826238863,0.15834214390972284,53.08845003356621,44.28099042829384
26.25,0.27417094781850937,3679.583475324638,4396.816467230378,9.230520166568096,31.817174105062225,47.17154034922839,2766.9697679026335,65.52122211594374,121.9361701646033,0.22311452654840724,90.31989496701792,50.92398808071421,2673.406175222756,25.211440535868864,50.98014751471493,3288.522835226645,22.810103075658265,65.34871353344703,5.192608159447044,277.41790519937183,101.53619811101191,90.44761252572638,32.208259102199776,14.541625697848923,18.698384583571148,6.081604509565281,17.85759620707778,3.4750245631388204,33.27966227696279,21.350578921129472,13.325334128904716,0.8989040329313237,17.2401084852666,4.701309109911039,6.351236879415232,3.182658778642418,0.007415424997372774,0.6478272166786152,0.18084680577573398,53.70503168939084,43.963843820063836
26.3,0.2722331017341732,3679.56898939647,4435.148292103807,9.223223468193588,31.677830592739216,47.230078780819795,2767.4980398349185,65.01505660398215,121.92938683591687,0.21853118667361401,90.32000046695508,49.0562564434148,2673.5455288677535,25.14252709246905,49.39450709454855,3288.259993011181,22.69657103332306,65.3358534563289,6.364052047705508,277.3070468159657,101.55926820138316,90.7732455257621,32.208259102199776,14.541625697848923,18.698384583571148,6.081604509565281,17.85759620707778,3.4750245631388204,33.27966227696279,21.350578921129472,13.325334128904716,0.8989040329313237,17.2401084852666,4.701309109911039,6.351236879415232,3.182658778642418,0.007415424997372774,0.6478272166786152,0.18084680577573398,53.70503168939084,43.963843820063836
26.35,0.2716410284132066,3656.8824129086706,4414.071758525687,9.252421458788115,31.852021592587576,46.83449942718874,2767.429369568945,64.31239778425149,121.92277702481282,0.22025862499618218,90.33353671015614,50.27918046263333,2674.331728657185,25.39268766469487,51.514006706094825,3288.8007395496434,22.629874995092763,65.33987643432933,5.209614150359812,276.72931442966063,101.54428678053782,90.44329084983949,32.16581036734417,14.423412847280392,18.597232986457897,6.079151241890915,17.591096844566792,3.508468821659286,32.938801833724554,21.085506541969796,12.895049355161259,0.9880703770696014,17.314589208936948,4.618682930455115,6.491610841922467,3.14524506824491,0.007415424997372774,0.6478272166786152,0.18084680577573398,53.70503168939084,43.963843820063836
26.400000000000002,0.27041494055423315,3673.2775784362684,4440.666062683107,9.250185231291436,32.34963589300657,47.191410648569324,2767.5606286219186,65.30440753794109,121.93527867219349,0.21744672912733987,90.35341204604921,50.96479184198835,2673.6154422066334,25.457074825446917,49.560401065275386,3288.681297715494,22.90680177014596,65.3160972768328,5.841110888395194,277.3795813606975,101.54632606436626,90.61920652061835,32.16581036734417,14.423412847280392,18.597232986457897,6.079151241890915,17.591096844566792,3.508468821659286,32.938801833724554,21.085506541969796,12.895049355161259,0.9880703770696014,17.314589208936948,4.618682930455115,6.491610841922467,3.14524506824491,0.007415424997372774,0.6478272166786152,0.18084680577573398,53.70503168939084,43.963843820063836
26.45,0.26634335762829414,3697.79103419133,4408.049560730125,9.243126975173894,31.97936065212675,47.256994832407386,2767.0954635426224,64.93973244982926,121.926126906492,0.21679619322351126,90.27850360854005,48.89082401526388,2673.7245421144685,25.104951845344004,49.63272559156032,3288.1092780664803,22.664181888572614,65.31787546787488,5.740869572061401,277.26441752034395,101.55852344116764,90.54023540629338,32.35623719186498,14.205212563406606,19.031766116402085,6.033151790736378,17.406011190715283,3.54454462858828,32.81745283093652,21.27507239510477,13.46703643843406,0.758120116381233,17.789353875663643,4.670307047577037,6.398496320711864,3.0893645230411333,0.007415424997372774,0.6478272166786152,0.18084680577573398,53.70503168939084,43.963843820063836
26.5,0.2658938404896392,3634.4915166985934,4410.929663850155,9.237717145920493,32.306468446039894,47.1456450333936,2768.0235320827346,63.871905778455414,121.92527243473225,0.2123033958670039,90.35523874030523,50.90269253026163,2674.4822069829006,25.25452528624405,50.85013728468343,3288.852901681749,22.886925167761568,65.31781172146425,4.507912404388887,277.41423512300923,101.53508931301445,90.64218163397466,32.35623719186498,14.205212563406606,19.031766116402085,6.033151790736378,17.406011190715283,3.54454462858828,32.81745283093652,21.27507239510477,13.46703643843406,0.758120116381233,17.789353875663643,4.670307047577037,6.398496320711864,3.0893645230411333,0.02240988869480922,0.6613156760062087,0.17333940584436844,54.386448930213724,44.73352318245124
26.55,0.2654430312520117,3661.632322731524,4449.2329259318885,9.2315137246419,31.927869594267563,47.06624950816112,2768.3172007482763,65.50702142047682,121.92880052417469,0.21731597093429234,90.35315218403711,50.679705186812384,2674.440610360096,25.222108196363305,51.05412590274101,3288.193960304075,22.695807102972946,65.30550862767332,5.9186527059447425,277.7622646970218,101.55813466111368,90.89831274027155,31.99987221906637,14.404384413676993,18.67467195039414,6.254436606847283,17.527624394747914,3.4643542411879737,32.97390173364779,21.236657811280605,13.03687381512742,1.0343532728231506,17.364168031831046,4.684386393967918,6.4368777763278375,3.1757095928245587,0.02240988869480922,0.6613156760062087,0.17333940584436844,54.386448930213724,44.73352318245124
26.6,0.2696880505451848,3650.6620002251047,4443.02421430851,9.271710677595271,31.7120173327087,47.59905502194324,2767.7496987198692,65.38312164882902,121.93068348149741,0.21732781901986453,90.27603790702697,48.685245056580335,2673.164061336977,25.0449931404144,51.30946124278593,3288.5231088546216,22.5347659672614,65.30432270310449,4.3704596189588845,277.13882466204706,101.55091080487993,90.3847968268362,31.99987221906637,14.404384413676993,18.67467195039414,6.254436606847283,17.527624394747914,3.4643542411879737,32.97390173364779,21.236657811280605,13.03687381512742,1.0343532728231506,17.364168031831046,4.684386393967918,6.4368777763278375,3.1757095928245587,0.02240988869480922,0.6613156760062087,0.17333940584436844,54.386448930213724,44.73352318245124
26.650000000000002,0.2677792165315775,3659.8660363548943,4471.870908551757,9.288537532004787,32.13484974956327,47.13430924398316,2767.8693132321273,64.2555915576604,121.91148162236952,0.21563238459820105,90.43948819430032,49.173873057431834,2675.060723166796,25.352591700055427,49.65014135675851,3289.5563074232846,22.96745830464157,65.31752021901207,5.8075865682738215,277.4052169346522,101.5239866891182,90.8868820834277,32.62718211569752,14.568396730131814,18.25465519403989,6.126484295651544,17.431516495627054,3.5121069847130313,32.96174153620431,21.14836674417728,12.93225103098627,0.9647077493001572,17.5940705882446,4.6906414731260755,6.364086298817821,3.177099566078741,0.02240988869480922,0.6613156760062087,0.17333940584436844,54.386448930213724,44.73352318245124
26.7,0.2699023994394512,3657.4679009428314,4426.5227506098845,9.20865958622962,32.45366708523652,47.10183456708075,2767.6281081700954,65.39637100537777,121.94238706567045,0.21490915265189187,90.29174558997089,48.55781040130172,2674.187128464255,25.111766309277236,50.40533921879821,3289.045173974214,22.759048718217876,65.33634657713323,4.557334219531355,277.2054644052627,101.56314285735894,90.4586261091304,32.62718211569752,14.568396730131814,18.25465519403989,6.126484295651544,17.431516495627054,3.5121069847130313,32.96174153620431,21.14836674417728,12.93225103098627,0.9647077493001572,17.5940705882446,4.6906414731260755,6.364086298817821,3.177099566078741,0.02240988869480922,0.6613156760062087,0.17333940584436844,54.386448930213724,44.73352318245124
26.75,0.26080227297911673,3634.2355066844993,4462.5861572921285,9.204614275190217,31.985355121841664,46.77775914250237,2768.0989532232998,64.91933500572706,121.93393383232996,0.21800528988731835,90.30133070537538,49.48930727198112,2674.7425864425613,25.43265369278178,50.118159403262744,3289.1950525139036,22.999266570546066,65.28696375763398,4.246976809429237,277.745323610812,101.56185842258593,90.57425833007973,32.08388284101089,14.472997459721407,19.0316516001596,6.197507611235351,17.473017383110122,3.4770523228180923,33.48601639386592,21.184607105426533,13.176782625198562,1.0139121069033616,17.348491432623845,4.70783999284464,6.42895096653561,3.0160487879371427,0.016545268757606237,0.6567069738807205,0.16648382365846726,54.60416083812495,44.72750538108182
26.8,0.25914577537009736,3628.1798082889864,4486.984284156961,9.27652209861541,31.974104798801022,47.37227454703277,2768.526479902863,65.2118999343565,121.92730853211596,0.22141361445946675,90.29281903257468,49.937228718644995,2674.8004193648467,25.422754160963127,51.17312857469065,3289.4867820616646,22.896121189118393,65.294071995621,3.4350232271080947,277.29319553078926,101.55730293518738,90.68565639305685,32.08388284101089,14.472997459721407,19.0316516001596,6.197507611235351,17.473017383110122,3.4770523228180923,33.48601639386592,21.184607105426533,13.176782625198562,1.0139121069033616,17.348491432623845,4.70783999284464,6.42895096653561,3.0160487879371427,0.016545268757606237,0.6567069738807205,0.16648382365846726,54.60416083812495,44.72750538108182
26.85,0.26352126792925734,3639.35565234691,4454.503123133826,9.267650125156951,32.060439190297046,47.100222896127335,2769.1519621169655,65.6145089421746,121.92152564414923,0.2196303279900706,90.38532313847273,49.31161852466264,2675.505140885636,25.338264997412562,51.71253124696109,3290.788930743846,22.54678874651575,65.33348797694737,3.8490537408842522,277.15810554017236,101.57847342823483,90.54235417950338,31.995512571378825,14.567339381250948,19.11271824869066,6.088755515243999,17.419287287091265,3.546369935903246,32.76526899465272,21.228177422827503,13.201399539006058,1.0682126446739453,17.43018882783988,4.671875584778341,6.381870998159938,3.099256617859211,0.016545268757606237,0.6567069738807205,0.16648382365846726,54.60416083812495,44.72750538108182
26.900000000000002,0.26369210016561173,3644.904436793275,4458.23843285503,9.171514565808215,32.27131772053808,47.33126536065574,2768.3800541172905,64.223903779009,121.91758271425054,0.2250001594254935,90.28998077090314,50.94804434713783,2674.4803625298,25.388450332633138,51.55842102470361,3289.257453467603,22.79184102413332,65.34198760950459,4.538967436024763,277.11878053529256,101.56961880488258,90.60018355582177,31.995512571378825,14.567339381250948,19.11271824869066,6.088755515243999,17.419287287091265,3.546369935903246,32.76526899465272,21.228177422827503,13.201399539006058,1.0682126446739453,17.43018882783988,4.671875584778341,6.381870998159938,3.099256617859211,0.016545268757606237,0.6567069738807205,0.16648382365846726,54.60416083812495,44.72750538108182
26.95,0.26736244746284815,3643.078818662738,4462.001484790446,9.223414137157546,32.142605208643765,47.35271468546568,2768.51612751639,65.35127940711261,121.93860945095123,0.2234628509754094,90.3838251994094,50.48681796709656,2674.6149140692833,25.445482919590987,50.848596345310156,3289.81258568904,22.871497550218297,65.31738928909033,4.228844152964092,277.5260479017001,101.55906463287616,90.67616874669686,32.38191028566676,14.593451943796651,18.87761703057482,6.120277651286264,17.885760090956563,3.4908128081582857,32.893816878966796,21.323647711743416,13.56681371169667,0.9142417850711155,17.434099796795536,4.685358838664629,6.41816778028317,3.037938685063175,0.016545268757606237,0.6567069738807205,0.16648382365846726,54.60416083812495,44.72750538108182
27.0,0.27057088701752474,3665.9866923096765,4457.806219995376,9.224487066145207,31.96641896853046,47.30818474612567,2768.370863944787,65.18194932759731,121.9397044963828,0.22586250923069792,90.32339245507389,49.058267951615846,2674.92236398911,25.35635840058575,50.83575275661059,3289.494927804091,22.71751210233613,65.33812270012949,2.812258672777515,277.20664654193956,101.57814333937993,90.44559293919575,32.38191028566676,14.593451943796651,18.87761703057482,6.120277651286264,17.885760090956563,3.4908128081582857,32.893816878966796,21.323647711743416,13.56681371169667,0.9142417850711155,17.434099796795536,4.685358838664629,6.41816778028317,3.037938685063175,0.01972377088083265,0.666720775926296,0.17426652390145314,53.79255814101042,44.0833454007306
27.05,0.26789584126886384,3656.5661748280554,4431.62872372182,9.207454139381863,32.17983252152216,47.180991052908425,2767.3849757767252,65.5334479862058,121.92011191162212,0.2284121205652153,90.27186890888339,50.224548798804776,2673.6828078531335,25.125325030373617,51.731308599767125,3288.6255983637957,22.955204577982833,65.32606967871276,5.383775281580497,276.9111989857362,101.59226737150064,90.57565025839682,32.66412949137814,14.625853007766354,18.62166896165142,6.068224095740016,17.5320145747115,3.5333523341805537,32.97094956193285,21.142887847811966,13.435973366301484,1.119215638018046,17.389601086612483,4.73489418369901,6.425529187562674,3.0262439675777646,0.01972377088083265,0.666720775926296,0.17426652390145314,53.79255814101042,44.0833454007306
27.1,0.27068948420198097,3661.8630457168847,4477.698295246303,9.357596484801814,31.985450256349022,47.24667128097533,2768.292500274023,65.15134889892414,121.91324433282182,0.22347914074623768,90.37808803776716,49.520545799232956,2674.9343125267615,25.303431974477295,50.495560990400435,3290.010516748552,22.816697121979303,65.32442358562245,6.333740772271607,277.53136126209296,101.57359980445733,90.8825737996196,32.66412949137814,14.625853007766354,18.62166896165142,6.068224095740016,17.5320145747115,3.5333523341805537,32.97094956193285,21.142887847811966,13.435973366301484,1.119215638018046,17.389601086612483,4.73489418369901,6.425529187562674,3.0262439675777646,0.01972377088083265,0.666720775926296,0.17426652390145314,53.79255814101042,44.0833454007306
27.150000000000002,0.2654188035962665,3633.818404160243,4511.7778328056775,9.269102753752406,32.080999177857926,46.943896472751064,2768.316084036475,65.5161679392337,121.93621332572435,0.22712833070432858,90.44629507242902,48.17366744687591,2675.2037270767996,25.25892289391039,50.1204450931983,3289.655152110344,22.86388478998683,65.36686108983815,5.023215537941701,277.29438038235435,101.53547074976917,90.56760217081698,32.00402307214766,14.267623802345001,18.586925939616194,6.259789233505953,17.435431639630988,3.5316629683942584,32.948684441257775,21.104934342747363,13.168024345973727,1.0005047818428403,17.91441476385551,4.650855945502419,6.5448203924414585,3.1758226282061366,0.01972377088083265,0.666720775926296,0.17426652390145314,53.79255814101042,44.0833454007306
27.2,0.26395758403401287,3667.303239758676,4463.312507795744,9.23725098865226,32.097378827418176,47.226475538629046,2768.4222303982024,65.36044767224384,121.91973280324494,0.22563204752965413,90.32482504265407,50.58632602675946,2673.9847217194733,25.13771636745062,50.527128654265354,3289.07673403723,22.785056610074236,65.34200356896775,4.746572090407163,277.1165445414061,101.56401717441221,90.65337258963545,32.00402307214766,14.267623802345001,18.586925939616194,6.259789233505953,17.435431639630988,3.5316629683942584,32.948684441257775,21.104934342747363,13.168024345973727,1.0005047818428403,17.91441476385551,4.650855945502419,6.5448203924414585,3.1758226282061366,0.01972377088083265,0.666720775926296,0.17426652390145314,53.79255814101042,44.0833454007306
27.25,0.2622949279498651,3674.8297858782826,4447.096915634827,9.174026489822664,32.064006833657544,47.31606853021941,2767.4435895114507,65.37012394777689,121.92437501071232,0.23009878606223472,90.35184247611132,49.72667910743857,2673.7955590449665,25.319767013587203,50.71266530884282,3288.793915727594,22.80511171922228,65.34469567577263,5.009654526316802,277.2699462006341,101.55015024133301,90.64393045553251,32.31387166090912,14.433634922282332,18.609034516375196,6.0115620239656025,17.421920045981622,3.480339068498268,33.28199637927281,21.137669936603018,13.311344912754707,1.1839553187492686,17.252198617185496,4.666463042736685,6.434160312869659,3.164868203461774,0.028697602501595115,0.6701919313643835,0.16728812113741456,53.25306320231337,44.17024816903357
27.3,0.2619143588492357,3666.4271491646036,4455.659826976826,9.27279585638705,32.235509484214305,47.33936869095472,2768.0305628634424,65.34542958479652,121.91060345765295,0.2268371748515173,90.37596425330022,49.009507685915494,2674.4431400858048,25.272367390652537,51.18740421249009,3288.519145322542,22.933479374335963,65.34446496415761,3.986282333803441,277.05821126777096,101.55924691510175,90.60840305382862,32.31387166090912,14.433634922282332,18.609034516375196,6.0115620239656025,17.421920045981622,3.480339068498268,33.28199637927281,21.137669936603018,13.311344912754707,1.1839553187492686,17.252198617185496,4.666463042736685,6.434160312869659,3.164868203461774,0.028697602501595115,0.6701919313643835,0.16728812113741456,53.25306320231337,44.17024816903357
27.35,0.2630781894883023,3632.703110222134,4424.722621101681,9.183828513509265,31.90704191148441,47.37948416845528,2766.7445086488506,64.90357755299549,121.93224376379052,0.2258662804479203,90.30423678483093,48.020957087820335,2673.786183108115,25.36086810972368,48.88243787815226,3288.171550007107,22.759997659740776,65.32903807990496,6.042659773082927,277.23833171945853,101.56019890136712,90.65210220002409,32.58443431481483,14.2402413507869,18.364480719559328,6.201211166001926,18.060017425750562,3.5357315391731334,33.13872934816132,21.156965668124272,12.901173395841086,1.124505626734879,17.661768870353573,4.625123117466698,6.40429007611985,3.189572570170655,0.028697602501595115,0.6701919313643835,0.16728812113741456,53.25306320231337,44.17024816903357
27.400000000000002,0.2594480698358504,3650.04136957692,4429.718245962652,9.216129305657722,31.92564668226128,47.3776882997586,2767.6134214574663,66.33310753722681,121.90993391406711,0.22504601526633103,90.43005328983668,51.485146773136655,2674.8315646324,25.346264648682773,50.67179338658939,3288.5639442255065,22.846816059483317,65.32261136744019,4.652618732285875,277.2030584729636,101.53311395295842,90.68046015342179,32.58443431481483,14.2402413507869,18.364480719559328,6.201211166001926,18.060017425750562,3.5357315391731334,33.13872934816132,21.156965668124272,12.901173395841086,1.124505626734879,17.661768870353573,4.625123117466698,6.40429007611985,3.189572570170655,0.028697602501595115,0.6701919313643835,0.16728812113741456,53.25306320231337,44.17024816903357
27.45,0.25834974955494,3666.159207819431,4413.072465055719,9.215257523031328,32.11592789934047,47.32186652325691,2767.2470705181286,64.68205533645055,121.92138116115014,0.22316678730656656,90.30705193276155,50.19975799830972,2673.19351524522,25.401655172990445,50.923934179068034,3287.961046309207,22.84878117316245,65.34172359344537,5.49893618514676,277.5054267757344,101.55781371873097,90.55444660237086,31.91446336475243,14.514089388074083,18.581864203747244,6.257586665311922,17.78266465738078,3.520014025898948,32.78525354616907,21.300258132434042,13.184886963144224,1.1186264136313968,17.800811203549344,4.696171150975902,6.4123999071543905,3.163142418383409,0.028697602501595115,0.6701919313643835,0.16728812113741456,53.25306320231337,44.17024816903357
27.5,0.2550333709880771,3644.1309166624114,4444.484214907874,9.20840286816832,32.035146317254615,47.12303705263587,2767.3218142273704,63.67435855777053,121.93741519275032,0.22120988702313302,90.36730821662782,49.56587450466735,2674.3016583870126,25.15186110147337,50.928046557371864,3288.353202867474,22.96455848716548,65.30467134633054,3.2280885336889886,277.2926518784101,101.55822329714614,90.69082092154642,31.91446336475243,14.514089388074083,18.581864203747244,6.257586665311922,17.78266465738078,3.520014025898948,32.78525354616907,21.300258132434042,13.184886963144224,1.1186264136313968,17.800811203549344,4.696171150975902,6.4123999071543905,3.163142418383409,0.0007678018776616745,0.6819236681070899,0.18235160676719533,53.77841004223164,43.75013791469735
27.55,0.25860486926639487,3688.8759369491545,4445.332815423169,9.245036769364287,31.870285107723355,47.319905913486,2767.185120493766,64.70050595698122,121.92529582731797,0.22241461457619763,90.32550735246512,51.509082809688785,2673.34831015948,25.343995378916834,51.883593256459065,3288.309198164385,22.841669809461628,65.33586059101879,4.8523748994536176,277.2873190616773,101.53207501637276,90.4438624972662,32.75992035834963,14.483382140838067,18.458331967037754,6.172378186711401,17.72507312363603,3.4943133508049766,32.89418332739635,21.161376469457114,12.906443668790025,1.2778708429319148,17.457515564937562,4.634317264607751,6.403147578816325,3.1943691010223962,0.0007678018776616745,0.6819236681070899,0.18235160676719533,53.77841004223164,43.75013791469735
27.6,0.2578037145395433,3663.2960683423826,4414.386977214545,9.1841185269074,31.68087802488509,47.3195219321925,2767.3025123282678,64.70813336012306,121.91461739625835,0.21723253725803185,90.33907659069456,50.147152244594224,2673.497357546376,25.257081645865913,49.056259701532326,3288.382659292394,22.915638631704876,65.32953551757994,4.71516865691747,276.8763881616779,101.537055028822,90.54226874551644,32.75992035834963,14.483382140838067,18.458331967037754,6.172378186711401,17.72507312363603,3.4943133508049766,32.89418332739635,21.161376469457114,12.906443668790025,1.2778708429319148,17.457515564937562,4.634317264607751,6.403147578816325,3.1943691010223962,0.0007678018776616745,0.6819236681070899,0.18235160676719533,53.77841004223164,43.75013791469735
27.650000000000002,0.2568639851321283,3662.1991011525265,4437.308472229857,9.261696090898175,31.815522061758493,47.205659897394916,2766.6656889024634,64.9466927509366,121.92596776870084,0.21600904405707294,90.30152665471036,50.3275325638854,2673.5530930590476,25.141850568647207,52.259571427774375,3288.3424152193456,22.883408887248095,65.30705827281167,7.207529638095128,277.1582204778984,101.5481607648936,90.47327077719589,32.3496741477411,14.363637068875763,18.75847228739665,6.14353763370655,17.548789110471372,3.52322295292255,32.86661222806815,21.174055717581506,13.71740066537291,0.9329740233504111,17.99667014596409,4.688687198463181,6.4595721923677285,3.2015928757534016,0.0007678018776616745,0.6819236681070899,0.18235160676719533,53.77841004223164,43.75013791469735
27.7,0.2504370227193734,3660.396799824731,4454.405779128458,9.312724128958711,32.285591925651914,47.20025067281334,2767.542461968821,65.1877579694733,121.91570456561956,0.2167755601911798,90.33760199196408,48.381076059181815,2673.309974884264,25.33143243998658,49.48623732174998,3288.322109409076,22.61188727711382,65.29911431562381,6.679959318044871,277.42837168788253,101.55337485778415,90.72362003962854,32.3496741477411,14.363637068875763,18.75847228739665,6.14353763370655,17.548789110471372,3.52322295292255,32.86661222806815,21.174055717581506,13.71740066537291,0.9329740233504111,17.99667014596409,4.688687198463181,6.4595721923677285,3.2015928757534016,0.0007678018776616745,0.6819236681070899,0.18235160676719533,53.77841004223164,43.75013791469735
27.75,0.2555259262491579,3661.567896254422,4446.440343832736,9.178700746871138,32.10860506914358,47.47792518018209,2767.275387999112,65.70077097070292,121.92804235325958,0.21630402635547333,90.37059179890677,49.83703170997314,2674.225392090672,25.577738746333623,50.38552654191139,3289.158926917766,22.777246369659338,65.32502592165055,5.251350542303741,277.3226912461559,101.52655350218214,90.60721939617402,32.18492668339059,14.360322121517344,18.90722590315383,6.111375809388367,18.087230471912676,3.5165503822075066,32.97782383957661,21.19716152699669,13.550199174482167,1.2011529593053567,17.705355194047083,4.615736655380706,6.56271311993932,3.157340592196649,0.0189478564488317,0.6634402380704861,0.1514915104108436,54.797063140420086,44.14187114959791
27.8,0.25426455008490245,3667.7227344706425,4451.089531542912,9.188281037117513,31.825784915054715,47.29131487346588,2766.328230824451,64.83904932590056,121.91118510457395,0.21240542400135326,90.2220666754476,48.50293708355734,2672.570802049459,25.283028101647595,50.25144160809062,3287.4607207819186,22.87025702938583,65.32319404490589,5.92053164592883,277.11029446977557,101.54608446247228,90.27990706936798,32.18492668339059,14.360322121517344,18.90722590315383,6.111375809388367,18.087230471912676,3.5165503822075066,32.97782383957661,21.19716152699669,13.550199174482167,1.2011529593053567,17.705355194047083,4.615736655380706,6.56271311993932,3.157340592196649,0.0189478564488317,0.6634402380704861,0.1514915104108436,54.797063140420086,44.14187114959791
27.85,0.25829277589656563,3645.398782094811,4452.709447278546,9.227611727890016,32.214870385597486,47.46841725761672,2766.879325805143,65.55671858352112,121.90434858296862,0.21145680203260198,90.28287858215447,49.81001749913486,2673.4784422866715,25.28017900529541,52.7055263106547,3287.5255488062458,22.849405715901998,65.28499669666647,5.316583560587544,277.28962933518136,101.57405833269289,90.65244528150095,32.01250771926553,14.502131118507396,18.851512352781604,6.2072616267597205,17.99862947157,3.523023376304224,32.639994823325836,21.304714260392867,12.972302069003309,0.8336603870139772,17.34520998046703,4.7192295920991,6.400650334471604,3.0598599558624415,0.0189478564488317,0.6634402380704861,0.1514915104108436,54.797063140420086,44.14187114959791
27.900000000000002,0.25964580959644085,3653.3131133689626,4431.9983418872935,9.14771750936313,32.52606587142196,46.8763978544224,2767.6352473301836,65.3514605454125,121.94582244572466,0.2132309966402632,90.38367843248308,49.34872814241306,2674.188022008716,25.108113045870507,50.67320975542961,3289.3832221956436,22.551605921328544,65.31314285618562,4.842640678781209,276.91914691534225,101.56146015160068,90.76736257424821,32.01250771926553,14.502131118507396,18.851512352781604,6.2072616267597205,17.99862947157,3.523023376304224,32.639994823325836,21.304714260392867,12.972302069003309,0.8336603870139772,17.34520998046703,4.7192295920991,6.400650334471604,3.0598599558624415,0.0189478564488317,0.6634402380704861,0.1514915104108436,54.797063140420086,44.14187114959791
27.95,0.2624401253012212,3631.369713326513,4414.1431557597525,9.22941224270355,31.91366360835552,47.37444398710904,2767.4630262172104,65.99676279934133,121.92808270676267,0.21174577124555502,90.31619526775525,51.3356682262097,2674.2222384608413,25.090379023939043,50.42664834316689,3288.7564147200583,22.873300971121292,65.33169396389015,6.903188270430991,277.02878641145554,101.56243528788342,90.4077382513603,32.373238634195786,14.365844194539617,19.112732827845726,6.096925214743925,17.55221570635885,3.4944967562207445,33.26446094057863,21.183389132848582,12.932199795100374,1.0386205162700208,17.196401096383983,4.642914237943215,6.357823763453068,3.1230012477751274,0.0189478564488317,0.6634402380704861,0.1514915104108436,54.797063140420086,44.14187114959791
28.0,0.2606616198162284,3669.4325606386715,4433.982965832536,9.273335095745274,31.864965459668834,47.353703350557915,2768.737874413167,64.71486684739007,121.93735657100517,0.21203745550802258,90.42233709661741,49.7114059238923,2675.078957465722,25.3761696260872,48.66316632155562,3289.3239693054165,22.79987914562067,65.33122367768016,3.165617394028694,277.3742674461399,101.57555286047099,90.75092473234406,32.373238634195786,14.365844194539617,19.112732827845726,6.096925214743925,17.55221570635885,3.4944967562207445,33.26446094057863,21.183389132848582,12.932199795100374,1.0386205162700208,17.196401096383983,4.642914237943215,6.357823763453068,3.1230012477751274,0.02125936734968762,0.6672789590904055,0.16703930982821327,54.45698025659898,44.39639372627119
28.05,0.26559551875148274,3626.121524418832,4438.580797751945,9.149693662432488,32.03630663511471,47.33469131499802,2767.6488045693113,64.96767291765434,121.9068399964603,0.21519980747969691,90.27296789833254,48.852336099654,2674.101403857223,25.05168258479521,49.53916056844644,3288.575021378839,22.77651912551587,65.32868733230187,5.303955360124125,277.16232558460257,101.56524727231223,90.22228267396606,31.9693186274106,14.611851458656997,18.576474278857663,6.24324471252639,17.740212087542748,3.4847679894741472,33.08114385811491,21.159375771991975,13.247413091114405,0.8997009745974953,17.272017068863924,4.636193291836595,6.387389970522149,3.115044859410838,0.02125936734968762,0.6672789590904055,0.16703930982821327,54.45698025659898,44.39639372627119
28.1,0.26328540563425135,3606.5833066846335,4486.483441835402,9.21247712444601,32.65468105480369,47.033904628063304,2767.5230504971746,64.21181058034382,121.91784057931784,0.21426679499226486,90.20077102371806,50.79306652406331,2674.149011050358,25.120654009598127,51.06080345852456,3288.5442096922447,22.95363740709115,65.27987805818007,4.935040252722878,277.11283365085296,101.60611754743837,90.80306496249962,31.9693186274106,14.611851458656997,18.576474278857663,6.24324471252639,17.740212087542748,3.4847679894741472,33.08114385811491,21.159375771991975,13.247413091114405,0.8997009745974953,17.272017068863924,4.636193291836595,6.387389970522149,3.115044859410838,0.02125936734968762,0.6672789590904055,0.16703930982821327,54.45698025659898,44.39639372627119
28.150000000000002,0.26228882226019357,3635.5744180064403,4423.3786738179715,9.187995475632174,32.28762727334572,46.86913176416984,2769.0870478542097,64.97759031514158,121.92068166238727,0.21464430010886817,90.3277339612642,48.792081196251914,2675.089445761193,25.24310124326757,51.65541727172816,3290.2289402562988,22.788838535848054,65.29635327303001,5.591343463246712,277.310632157053,101.58316275914727,90.53929617464757,32.50122100864587,14.38644667913108,18.830595392222328,6.025311560109839,17.846840001898542,3.474764693924911,32.713803014627246,21.20369607321216,13.33509964534343,1.042676407240898,17.263591140801264,4.688868303868207,6.445558172603026,3.0871856426682758,0.02125936734968762,0.6672789590904055,0.16703930982821327,54.45698025659898,44.39639372627119
28.2,0.2621315940394327,3641.836929841557,4503.165045391761,9.204127361862266,32.049350574780156,47.346388104770114,2769.4604231735825,65.34192275841416,121.92760207756046,0.21973606629744546,90.36960840073961,49.33274853074848,2676.188112801887,25.156755754832396,52.01971522242977,3290.6972598251405,22.91391168323495,65.32811513709372,4.243433547770117,277.14913944784433,101.57321952625016,90.64876125350246,32.50122100864587,14.38644667913108,18.830595392222328,6.025311560109839,17.846840001898542,3.474764693924911,32.713803014627246,21.20369607321216,13.33509964534343,1.042676407240898,17.263591140801264,4.688868303868207,6.445558172603026,3.0871856426682758,0.02125936734968762,0.6672789590904055,0.16703930982821327,54.45698025659898,44.39639372627119
28.25,0.26135803914235706,3654.8112120559376,4470.547598937349,9.197313331138844,32.194898990421535,47.35710982566369,2769.3907606312296,65.12120308175545,121.92959437594645,0.22216679133698836,90.31180356262298,47.33962938521368,2675.4605199143493,25.15379404324573,50.14574527267741,3290.612023758758,22.703913051467893,65.32056877021947,5.57372542154466,277.20946920339225,101.56707800330449,90.51946231946273,31.838477132673475,14.341721218979547,18.460544399672575,6.028064344827639,17.55612453601422,3.499153577995447,32.94031895086585,21.198066270621936,13.271915346615746,0.9827450271855779,17.511844740697416,4.585103835259934,6.452376255026194,3.0930465407765895,0.01787300063846456,0.671986924008203,0.17887527585432264,53.34165698550458,43.70875572556474
28.3,0.26008591495760935,3649.9208398814676,4434.597105237125,9.293511336224771,31.88349606670942,47.31663387690278,2768.844747851044,64.74667686712105,121.91423067882202,0.22376524843117493,90.34173207622987,49.583179485956585,2675.4536949509557,25.087010797694113,51.11151554067853,3290.273903651453,22.785612793264566,65.33167659693893,4.4794512111512255,277.31756106624465,101.55492902427403,90.78208383711801,31.838477132673475,14.341721218979547,18.460544399672575,6.028064344827639,17.55612453601422,3.499153577995447,32.94031895086585,21.198066270621936,13.271915346615746,0.9827450271855779,17.511844740697416,4.585103835259934,6.452376255026194,3.0930465407765895,0.01787300063846456,0.671986924008203,0.17887527585432264,53.34165698550458,43.70875572556474
28.35,0.2607690302571089,3645.907317467596,4462.1338230077545,9.297525903734604,32.11406698546451,47.14695116787885,2769.2086356193763,65.06582724601164,121.92719538083644,0.22774691432551922,90.36908189184051,51.99639365418213,2676.00690184256,25.07880034467449,49.970949858174905,3291.420713039778,22.797109487339334,65.34103884680046,5.021312822352171,277.2186050145123,101.57546582164895,90.71613942300326,32.53816086377236,14.598936106520283,18.558483529573483,6.042732597696058,17.422845741363098,3.5041135639570786,32.96335170542975,21.210295144990095,12.604282173714749,1.2171437050937455,17.666294907561767,4.652195326900557,6.387669738858393,3.1967204147172663,0.01787300063846456,0.671986924008203,0.17887527585432264,53.34165698550458,43.70875572556474
28.400000000000002,0.25875903869217515,3651.743233567014,4424.393076326842,9.317068364687332,31.970302907909996,46.965354883174534,2768.1999017723238,64.30275574349818,121.92374713342303,0.23015756185454278,90.28390702170277,50.18455588836451,2674.9784080638105,25.03179577456124,49.71437511823429,3289.8402844547322,22.76793665913386,65.33718768537769,4.771753529962223,277.2827342231944,101.55793052784273,90.66400505772621,32.53816086377236,14.598936106520283,18.558483529573483,6.042732597696058,17.422845741363098,3.5041135639570786,32.96335170542975,21.210295144990095,12.604282173714749,1.2171437050937455,17.666294907561767,4.652195326900557,6.387669738858393,3.1967204147172663,0.01787300063846456,0.671986924008203,0.17887527585432264,53.34165698550458,43.70875572556474
28.45,0.255954203337044,3663.0165318561826,4447.315249689839,9.204333223088515,31.43133118288293,47.22939836232472,2768.8339463331695,64.91810650361947,121.9535671734394,0.23159148756949952,90.34366160902962,48.70028281680115,2675.8207152130044,25.36101096272042,49.9186687210834,3290.261429067621,22.807916313654427,65.32479252791771,2.806849455246924,277.02222531749015,101.53049747847572,90.50208460185718,32.60781399337485,14.434318503741254,18.981580656590893,6.060320985242781,17.755860892812482,3.5143659437165464,32.80252427488774,21.17932933270827,13.315773739835285,1.0780384067140745,17.611327673218657,4.643812101065599,6.352433942680927,3.077283669692432,0.01787300063846456,0.671986924008203,0.17887527585432264,53.34165698550458,43.70875572556474
28.5,0.25633844247967713,3663.9160417457897,4402.496271285036,9.187075015006291,32.28204796984614,47.12042719606437,2767.821006120113,65.00794990643877,121.9314677376343,0.23330363900066037,90.24730331615717,49.556947588401776,2674.2180232227133,25.19729869057968,48.82243799081857,3288.9060695583357,22.702311951356673,65.29565439323069,4.107876221892778,277.4286411230511,101.56095464496487,90.46179114648484,32.60781399337485,14.434318503741254,18.981580656590893,6.060320985242781,17.755860892812482,3.5143659437165464,32.80252427488774,21.17932933270827,13.315773739835285,1.0780384067140745,17.611327673218657,4.643812101065599,6.352433942680927,3.077283669692432,0.018414388680401347,0.6630703253056291,0.1608654532331634,54.62419052943943,43.890382010290175
28.55,0.25591108639861626,3674.910157845182,4396.281472554117,9.156561882771888,32.14697455198027,47.23419281601546,2766.7144453710202,64.00124367587446,121.91670971865256,0.2322611265154247,90.30037669519045,48.75850883104104,2674.5963754720315,25.197322605996366,50.057621457943746,3288.4216081704503,22.70547275752485,65.26943568726905,5.513976482644313,277.1891639196527,101.57065346841274,90.76184187353181,32.56702439833159,14.56171964236658,18.746594608709366,6.006668305915276,17.751849968690887,3.4948552401277264,32.55654546828696,21.026460050426213,13.260632241130562,0.9841626267620078,17.56718215075362,4.670142897597947,6.42494252331608,3.0880068967114735,0.018414388680401347,0.6630703253056291,0.1608654532331634,54.62419052943943,43.890382010290175
28.6,0.2572429652000718,3651.066817371317,4428.8585401791515,9.186341121028374,32.09290099167315,46.922123284550445,2768.378918436439,65.6611195020257,121.92556230779219,0.22922447112345173,90.41909363565348,50.18422623412747,2674.7521803754603,25.207246616295873,49.67026666547793,3288.9018775117406,22.894167518335404,65.31339594643202,6.452932483624682,277.11376745017884,101.58152673931423,90.54298523005284,32.56702439833159,14.56171964236658,18.746594608709366,6.006668305915276,17.751849968690887,3.4948552401277264,32.55654546828696,21.026460050426213,13.260632241130562,0.9841626267620078,17.56718215075362,4.670142897597947,6.42494252331608,3.0880068967114735,0.018414388680401347,0.6630703253056291,0.1608654532331634,54.62419052943943,43.890382010290175
28.650000000000002,0.25739534946777287,3657.4485569076405,4416.635584003886,9.257334834904297,32.21357640336706,47.00403555738881,2766.698536226066,64.92509078017275,121.91962319392921,0.22935733832118035,90.27171311878668,49.3541653340291,2673.4135362660677,25.205656254699324,48.279000314717045,3287.448354991071,22.68030535804208,65.32696227480751,2.5740130946930257,277.3127108959197,101.57659611223295,90.61990433864295,32.383917269635944,14.305542340997983,18.772670799909008,6.218033898810892,17.64789302573026,3.4753768483171865,32.71952124844886,21.196638916833567,13.203597087228937,0.988344280806094,17.410043697272556,4.663801033080127,6.39019954829461,3.1218667528284794,0.018414388680401347,0.6630703253056291,0.1608654532331634,54.62419052943943,43.890382010290175
28.7,0.25134565915030255,3642.1339977887706,4475.526772394182,9.234882094767535,31.770730267305623,47.483640917050685,2766.9146718896045,64.89407943555084,121.91783770823264,0.22427257251009958,90.32101083447468,50.767941157576836,2673.5391377096626,25.156544382658048,51.09004869836249,3288.208899846414,22.870998578097446,65.32023352508713,4.965078528049728,276.8668583779014,101.59248477797597,90.5662458918691,32.383917269635944,14.305542340997983,18.772670799909008,6.218033898810892,17.64789302573026,3.4753768483171865,32.71952124844886,21.196638916833567,13.203597087228937,0.988344280806094,17.410043697272556,4.663801033080127,6.39019954829461,3.1218667528284794,0.018414388680401347,0.6630703253056291,0.1608654532331634,54.62419052943943,43.890382010290175
28.75,0.25602914185600784,3604.41149896747,4461.300558667721,9.174408957173014,31.94878411859307,47.22753991044877,2767.9183787835887,64.57474027027644,121.93326230252745,0.22432755150680403,90.42893194789634,48.941893440559625,2674.4618864695203,25.295874077273155,49.18047753062861,3289.3211101650054,22.753147345303116,65.33025288496293,3.278156133333538,276.83071587268677,101.58380767818937,90.65080795291759,32.33740351838849,14.481909793234417,18.80130259832919,6.027399338200936,17.359010613642567,3.4684114206203382,32.75326889583012,21.117076366136608,13.412327334640988,0.8778260309597987,17.379899575108006,4.67021681807567,6.407287356556073,3.0969273957760595,0.013082961687513302,0.6640250334964015,0.17716168031236917,53.51077860072578,42.96607808365326
28.8,0.2562866353521361,3653.6263955439927,4423.262589618463,9.205036848302157,32.200681771096654,47.51843228151878,2767.419549290056,64.6204936678933,121.92463889944399,0.22545849667180948,90.32291891437758,49.491326802565865,2673.677816558826,25.285908509646493,51.30217025278131,3288.499901351144,22.901747869077347,65.34370275462689,2.3809502078743936,276.8350203154275,101.5877661697348,90.62820373625357,32.33740351838849,14.481909793234417,18.80130259832919,6.027399338200936,17.359010613642567,3.4684114206203382,32.75326889583012,21.117076366136608,13.412327334640988,0.8778260309597987,17.379899575108006,4.67021681807567,6.407287356556073,3.0969273957760595,0.013082961687513302,0.6640250334964015,0.17716168031236917,53.51077860072578,42.96607808365326
28.85,0.25618290539092264,3656.4812232298377,4428.495546374497,9.316043320099324,32.008975495275244,47.166832965139726,2767.643086447945,65.07850923760907,121.94140255688629,0.2240425705172048,90.35110249868409,49.332000524876065,2673.5968461846533,25.25940835287998,50.56118502084456,3288.0630936899115,22.829113317149563,65.33344294041186,3.5979152930566274,276.95804480706875,101.56387925651946,90.62254408417587,32.23844147133491,14.399421072936763,19.00309613720598,6.101737172047059,17.301763778491555,3.5371526202776877,32.95498433936052,21.092404145264368,13.069257477930186,1.0962644605877885,17.357231011918046,4.672520219464077,6.32586214279539,3.179835132209424,0.013082961687513302,0.6640250334964015,0.17716168031236917,53.51077860072578,42.96607808365326
28.900000000000002,0.2550873873164761,3657.11114140382,4417.958061712834,9.18911402254134,32.05038423126913,47.26819682940349,2767.138411926706,64.44740460712188,121.93033665747981,0.22182208453898558,90.33847228261138,49.76777729757178,2673.6557280364646,25.264692869270604,49.75413265488015,3287.7052578206462,22.68604844988921,65.32945461377432,4.831531844708374,277.06133875378424,101.56009634896841,90.57006123733524,32.23844147133491,14.399421072936763,19.00309613720598,6.101737172047059,17.301763778491555,3.5371526202776877,32.95498433936052,21.092404145264368,13.069257477930186,1.0962644605877885,17.357231011918046,4.672520219464077,6.32586214279539,3.179835132209424,0.013082961687513302,0.6640250334964015,0.17716168031236917,53.51077860072578,42.96607808365326
28.95,0.25695865059472744,3632.674474957444,4453.923536661996,9.191462884448002,32.2616061155932,46.72870368705588,2766.7721810268163,65.24560593072572,121.92919347808751,0.2202246405621029,90.25831208379907,48.67923471351966,2673.07620695122,25.138929057467568,51.98333628110276,3287.07233752878,22.658163126749166,65.32408138811655,5.201129714716444,277.3804884972927,101.58313653265712,90.2916660147556,32.124416190845594,14.313196232886343,18.343299231080422,6.161592642922096,17.55962408686942,3.516368523667377,32.533162858259836,21.03697919970263,13.267206729404945,1.1393213509287894,17.35824260661434,4.664129569505749,6.341256348269938,3.093805231919988,0.013082961687513302,0.6640250334964015,0.17716168031236917,53.51077860072578,42.96607808365326
29.0,0.260454556451131,3674.2286672466157,4440.133756248292,9.25607686778102,31.933922333903045,47.416592550819715,2767.173176023619,64.92787414892717,121.92604649551443,0.213872359532387,90.32038579224267,50.60539332085639,2673.1537421841276,25.41790163411311,50.87423276317869,3287.252351023655,22.812495268833924,65.31664025603325,5.772394858727769,277.0514658888681,101.56814824244935,90.74424384632816,32.124416190845594,14.313196232886343,18.343299231080422,6.161592642922096,17.55962408686942,3.516368523667377,32.533162858259836,21.03697919970263,13.267206729404945,1.1393213509287894,17.35824260661434,4.664129569505749,6.341256348269938,3.093805231919988,0.01674121956292898,0.6748141265181127,0.16903783876419343,53.39699177899277,44.07495659121173
29.05,0.25646689194835964,3642.5884808258156,4402.024548452295,9.230102473676737,32.00754767055621,47.63130264501895,2766.806336579281,64.48035146843331,121.93109651994592,0.21357823479008878,90.27197500209444,50.33876362074352,2672.8595587218415,25.320206588166357,49.72548863842075,3287.699207166051,22.90913018715048,65.30077104316244,3.6439557660930086,276.9189639516716,101.60116758263409,90.50719677083069,32.11451885066865,14.492676081883033,18.68112435077695,6.204750556973322,17.70501022692694,3.500521611617635,32.904958064149255,21.15336724924216,13.34230249034178,1.0909112175548232,17.61800788296818,4.61921117141551,6.459947559081216,3.1197056956042837,0.01674121956292898,0.6748141265181127,0.16903783876419343,53.39699177899277,44.07495659121173
29.1,0.2551560231974581,3655.618922336893,4449.010397318844,9.288827372890973,32.02748987551051,47.201943545804255,2767.423426367452,64.84173183437414,121.93942664419085,0.21028539936998294,90.33890495763085,49.249863635611405,2673.8302979051114,25.23384489668585,49.160544325086605,3289.13613684311,22.822539795934862,65.2666093859739,7.671843912373474,276.5768485253854,101.53560585684816,90.50682848086868,32.11451885066865,14.492676081883033,18.68112435077695,6.204750556973322,17.70501022692694,3.500521611617635,32.904958064149255,21.15336724924216,13.34230249034178,1.0909112175548232,17.61800788296818,4.61921117141551,6.459947559081216,3.1197056956042837,0.01674121956292898,0.6748141265181127,0.16903783876419343,53.39699177899277,44.07495659121173
29.150000000000002,0.2568868037542506,3647.0484855753925,4443.409041889047,9.333480346781183,32.095733612234405,47.40802560193545,2767.484731904191,65.23089318089447,121.92403591889085,0.21091948365017507,90.31324547992644,48.955450115799486,2673.8889719941026,25.553760489888624,51.3499576618917,3288.6538869131236,22.81237864528407,65.28275890344715,6.597053240891493,277.2359737655739,101.57125853705769,90.57021660894193,32.180503713828806,14.346361561893541,18.93071283181562,6.069542206350628,17.748472160452298,3.4907202451727977,32.59604853455529,21.01383768541354,13.081401012573195,1.0522264605111937,17.754930229499937,4.657689655568285,6.388346773206988,3.1920353796635372,0.01674121956292898,0.6748141265181127,0.16903783876419343,53.39699177899277,44.07495659121173
29.2,0.25457512091720846,3622.992939559597,4442.345162443316,9.255789594351773,31.94857466617016,46.76254662666868,2767.89004151765,65.50161233147165,121.93093119467935,0.2095218212072672,90.35081047582631,48.39470470862279,2674.032760157032,25.19886589423393,48.72493324055755,3289.47326364761,22.998788455993253,65.28135358238063,5.325091692862438,277.1077880214665,101.5304902874641,90.6226389661387,32.180503713828806,14.346361561893541,18.93071283181562,6.069542206350628,17.748472160452298,3.4907202451727977,32.59604853455529,21.01383768541354,13.081401012573195,1.0522264605111937,17.754930229499937,4.657689655568285,6.388346773206988,3.1920353796635372,0.01674121956292898,0.6748141265181127,0.16903783876419343,53.39699177899277,44.07495659121173
29.25,0.2574200461876678,3642.353725448964,4409.974379869523,9.271629377067361,32.05607567102681,47.29728160285321,2767.933502062307,65.92309961453614,121.92718142988166,0.21126156860841253,90.31634240605193,48.988446235132756,2673.892653959514,25.20987754740264,49.485963126739115,3288.8099311661967,22.819425293036367,65.28116209089764,4.850707326529562,277.14100633239906,101.54223807358204,90.4920803280156,31.964932266073752,14.438452678202722,18.92109423572535,6.055894598704093,17.34003388717438,3.4798660202196308,32.387201664776946,21.249690120397148,13.287847121802889,1.150619765591786,16.943181075443285,4.5984004562682586,6.4215259608139545,3.1089711156947484,0.0003109893880456488,0.6646773799940633,0.16304079788297976,52.73438388902728,44.10305258720893
29.3,0.257518338685654,3666.214273364223,4436.770075856252,9.150595445307179,32.07139400948086,47.46785478076306,2767.4697866908004,64.61112234148469,121.91766271879119,0.21290098274334515,90.31701142787558,50.53525023860151,2673.835044553257,25.218840709463752,51.343908322011984,3288.582207124321,22.557397323112223,65.29975467463315,5.45023757683755,276.8168525561013,101.56188329437087,90.69177407425713,31.964932266073752,14.438452678202722,18.92109423572535,6.055894598704093,17.34003388717438,3.4798660202196308,32.387201664776946,21.249690120397148,13.287847121802889,1.150619765591786,16.943181075443285,4.5984004562682586,6.4215259608139545,3.1089711156947484,0.0003109893880456488,0.6646773799940633,0.16304079788297976,52.73438388902728,44.10305258720893
29.35,0.2594546021542471,3648.307707851683,4421.4357732023345,9.168287895522809,31.854595673790453,47.14070639494936,2767.3001318803567,64.73752877112729,121.94594026861299,0.21260554265009937,90.3455004556729,51.3022281804626,2673.7163695209033,25.458080849796225,49.52856607873145,3288.7444450700855,22.7834465983423,65.3085043591503,5.033725632171014,276.98497752621904,101.54807195168902,90.75000808773306,32.31670043751725,14.425501258335094,18.95347113808014,6.241907500706234,17.822417760640928,3.4602117216356105,32.91542026574849,21.105540222277785,13.192513452871788,1.06064244687802,16.898771492429788,4.6447812135122195,6.393126222311528,3.0925147448440238,0.0003109893880456488,0.6646773799940633,0.16304079788297976,52.73438388902728,44.10305258720893
29.400000000000002,0.26050812292246106,3649.128700183093,4425.765798703097,9.194992555311222,32.06388370228796,46.84255810973637,2767.5779313620983,65.51587345013925,121.94283236143805,0.21091061793149285,90.35691835804161,48.491796968616306,2674.1177022884995,25.38241213301651,48.7908209683202,3288.7544875426283,22.862111807554214,65.33255177732356,5.8752535931046115,276.47100453507255,101.53283066724403,90.41497053242298,32.31670043751725,14.425501258335094,18.95347113808014,6.241907500706234,17.822417760640928,3.4602117216356105,32.91542026574849,21.105540222277785,13.192513452871788,1.06064244687802,16.898771492429788,4.6447812135122195,6.393126222311528,3.0925147448440238,0.0003109893880456488,0.6646773799940633,0.16304079788297976,52.73438388902728,44.10305258720893
29.45,0.261932146178267,3632.493884083994,4421.790018336457,9.280374795254183,32.25152537110487,47.29334371974456,2766.5533877037537,65.07295946155875,121.90916967459516,0.21141953056932086,90.22202478743874,49.58236648516864,2673.1369979138294,25.238410415428785,49.50166882463248,3286.7140621645167,22.656776866858443,65.2890875726528,5.98500906025676,277.0432216400972,101.54765288820953,90.67463101012864,32.24756331239271,14.584968558014891,18.958459959516667,5.987581724527061,17.440930340153134,3.4522949829490046,32.344493253259394,21.123692012053272,12.889126855883202,1.1696665233047046,17.901055245030246,4.649979254402447,6.368978207083643,3.0325281953875654,0.0003109893880456488,0.6646773799940633,0.16304079788297976,52.73438388902728,44.10305258720893
29.5,0.2620589910128967,3665.637759662508,4425.4255798761515,9.202437072821525,31.603902206926186,47.14533291942564,2767.836827101077,64.67513178751008,121.92064934930785,0.20647974167552022,90.38438521608902,49.45151982113096,2674.2147022229246,25.42212277617366,50.90354569063852,3288.048916250785,22.947202765174296,65.31616881574341,5.4701814868209295,277.3198556310626,101.53678740221326,90.61553393708013,32.24756331239271,14.584968558014891,18.958459959516667,5.987581724527061,17.440930340153134,3.4522949829490046,32.344493253259394,21.123692012053272,12.889126855883202,1.1696665233047046,17.901055245030246,4.649979254402447,6.368978207083643,3.0325281953875654,0.0031354856711796157,0.65883103024695,0.1719818103075306,54.2445506056574,44.517270460568014
29.55,0.2623737461532027,3670.6184697786343,4415.515529241642,9.182718392972015,31.774225593389872,46.98793755986871,2766.409833104398,64.64873524163724,121.94373223034101,0.20860191290014884,90.28326969400435,49.34236903373985,2673.1788173705954,25.190780031576384,50.24755763732842,3287.8096659082894,22.79064063065073,65.31506853367463,3.8213311913610704,276.95719884964376,101.55005921298056,90.42870754004824,32.48549145607128,14.674316288993218,19.25579407618409,6.098153778748353,17.500238611302223,3.491165086846776,32.765684606703395,21.130176056527848,13.458431207366496,1.0019421154807677,17.386399925279683,4.589733087178834,6.4774067646066955,3.096404336145822,0.0031354856711796157,0.65883103024695,0.1719818103075306,54.2445506056574,44.517270460568014
29.6,0.2625241149840766,3673.375572353431,4412.523706567653,9.229895304645677,31.736781495013886,46.963582857669714,2765.952567502856,64.7336344159907,121.91412167977295,0.20273588469209167,90.19259092247472,49.67787709844063,2672.02060236688,25.1566850630616,47.41378460156254,3287.0313869599013,22.840191083867982,65.27428307433347,3.705293422046659,276.8528710698159,101.57298806492899,90.47914309729028,32.48549145607128,14.674316288993218,19.25579407618409,6.098153778748353,17.500238611302223,3.491165086846776,32.765684606703395,21.130176056527848,13.458431207366496,1.0019421154807677,17.386399925279683,4.589733087178834,6.4774067646066955,3.096404336145822,0.0031354856711796157,0.65883103024695,0.1719818103075306,54.2445506056574,44.517270460568014
29.650000000000002,0.26491271549782597,3659.457196193048,4458.719129182686,9.199328011555085,32.286118319444824,47.322024289526844,2766.2130636862707,63.87104442404093,121.92818832163628,0.20362930068279836,90.24934763437447,50.324347287237174,2673.427316944277,25.174310977534446,49.02841091510102,3287.1622204148107,22.758243029064587,65.26467455189395,5.808610392795567,276.7856278923501,101.55506421731876,90.54375974238319,32.2817643975266,14.331031320397338,18.934679342254015,6.302985940550545,17.950738138760507,3.479953392822716,33.20001635377819,21.239887809950357,13.553962292845839,0.9338231304054752,17.6248189571356,4.620469160358982,6.501239141454843,3.1636790425333796,0.0031354856711796157,0.65883103024695,0.1719818103075306,54.2445506056574,44.517270460568014
29.7,0.26671959128923806,3634.579173848666,4412.398036091555,9.1892796049383,32.207477226020885,46.89198232823895,2767.214348958355,65.79825604238592,121.92819722073182,0.19897553837678847,90.34791220816642,48.26670451393279,2674.3387227172598,25.285001351958087,50.33405957748975,3288.099312448039,22.844834924169906,65.3017303701282,6.955843450033651,277.13910344785285,101.55247144096013,90.71514557103198,32.2817643975266,14.331031320397338,18.934679342254015,6.302985940550545,17.950738138760507,3.479953392822716,33.20001635377819,21.239887809950357,13.553962292845839,0.9338231304054752,17.6248189571356,4.620469160358982,6.501239141454843,3.1636790425333796,0.0031354856711796157,0.65883103024695,0.1719818103075306,54.2445506056574,44.517270460568014
29.75,0.26286756412278495,3673.5259258042133,4430.388364923669,9.249294025888489,32.257692562218054,47.220054771907215,2766.9784573895645,65.45842221196291,121.90366121558571,0.19849221831890138,90.2474550989167,49.59116572252718,2674.153399387093,25.525093885978293,47.723156538677465,3287.8130757246095,22.70708501235037,65.31480668792844,4.450167072416667,276.8070593409626,101.55422387766575,90.28613952395128,31.78456903110238,14.424113122128652,18.909176764692827,6.24282029236046,17.687566101436857,3.413672887453435,32.90426888236424,21.299403121425346,13.046311705535485,1.2543177526870872,17.912121926267712,4.650349462377904,6.373560474036935,3.0608093861251224,0.013097438571400688,0.6797959252935277,0.16573690944600125,53.798115217100545,43.399966642470545
29.8,0.26247027645237864,3650.265019802746,4498.271671938141,9.238494559840472,31.929217443570117,47.345070085567,2767.609590321196,64.4959326755943,121.92262046229177,0.20043441897331107,90.2483291604688,52.16004967034491,2674.031856135051,25.279967541513287,51.17873529758049,3288.5750454907557,22.854689328792848,65.27831339166521,3.6317894682293237,277.0220429445583,101.55939249395075,90.52329546100624,31.78456903110238,14.424113122128652,18.909176764692827,6.24282029236046,17.687566101436857,3.413672887453435,32.90426888236424,21.299403121425346,13.046311705535485,1.2543177526870872,17.912121926267712,4.650349462377904,6.373560474036935,3.0608093861251224,0.013097438571400688,0.6797959252935277,0.16573690944600125,53.798115217100545,43.399966642470545
29.85,0.263980837806526,3633.5463586067217,4452.4554245742875,9.115479266976953,31.747652518089147,47.01246795515215,2768.884265300804,65.20561223656975,121.92821476065062,0.20027279558942465,90.32971719753573,49.67942453665721,2675.2145383892666,25.279160853798935,49.862859741506995,3289.3581930082064,22.885651063438807,65.27403626316166,3.6257119563269686,276.8552115838213,101.54988282978661,90.52176635436565,32.1241070971188,14.604390303277452,18.812492869917275,6.150807680911749,18.025411818868353,3.4854385428139216,32.648956239532104,21.14058676565278,13.42738846720451,1.1052474457898225,17.44917591767881,4.6554219892666,6.38108924010649,3.036987765478936,0.013097438571400688,0.6797959252935277,0.16573690944600125,53.798115217100545,43.399966642470545
29.900000000000002,0.2655778263183686,3635.9802627084787,4463.143758065953,9.20660358832516,31.863650948154074,47.45192580094537,2768.839377669508,65.64473268335801,121.9372426001338,0.2028328483989993,90.26028977336662,49.92015035980136,2675.17184427316,25.125027000785774,49.1681054101012,3289.750842282098,22.93298751885374,65.26334860636892,5.448071822627116,276.70628215904793,101.5707189735698,90.52988581731111,32.1241070971188,14.604390303277452,18.812492869917275,6.150807680911749,18.025411818868353,3.4854385428139216,32.648956239532104,21.14058676565278,13.42738846720451,1.1052474457898225,17.44917591767881,4.6554219892666,6.38108924010649,3.036987765478936,0.013097438571400688,0.6797959252935277,0.16573690944600125,53.798115217100545,43.399966642470545
29.95,0.26789070918104185,3649.3731082039803,4444.456481657359,9.157769907991481,32.27679245906301,47.394096044597454,2769.222344087042,64.61774497895667,121.91471130298193,0.20225888215197055,90.28445250621121,49.12043051733453,2675.3329187771033,25.14988454695858,50.70315580140057,3290.3358372177545,22.786231946620564,65.28287277266038,5.256739692631436,277.06359642892716,101.5670598284253,90.68106829075414,32.05798723114657,14.39547108406951,19.057941591765623,6.2204202837148035,17.689106994294992,3.5094931561235896,32.61321440047829,21.1574400667841,13.227079794131017,0.9846088508183631,17.686930569930873,4.645668061961497,6.341583166483716,3.098032878156698,0.013097438571400688,0.6797959252935277,0.16573690944600125,53.798115217100545,43.399966642470545
