time,D feed load,E feed load,A feed load,A and C feed load,Compressor recycle valve,Purge valve,Separator liquid load,Stripper liquid load,Stripper steam valve,Reactor coolant load,Condenser coolant load,Agitator speed
0.0,0.0,0.0,0.0,0.0,0.0,0.0,0.0,0.0,0.0,0.0,0.0,0.0
0.05,62.884239794061685,53.152976463553244,26.232693192740882,60.55240524723613,1.0,27.91862715437972,37.24274560177941,46.417559099994726,1.0,36.235895234116356,14.478654674386233,100.0
0.09999999999999883,62.8796829369817,53.141078365572746,26.2222385395443,60.53024818170322,1.0,35.13693555893811,37.184110748188516,46.42287954443232,1.0,36.396029353212505,13.479901893627998,100.0
0.15,62.84936083803556,53.11871715226622,26.217487258166624,60.441103334635685,1.0,45.21421897207768,37.115498348151455,46.40319560246678,1.0,36.228232585680296,12.823709192929059,100.0
0.2,62.799571047490964,53.073903885205226,26.188883890094495,60.32666595250167,1.0,54.903717226164694,37.01403530494617,46.33059354306375,1.0,36.101777945477785,12.700328073316465,100.0
0.25,62.769772082099664,53.04558041024431,26.10303491147592,60.392152004542055,1.0,63.77697401731057,36.97117550956103,46.31799919361533,1.0,36.031506661461755,10.801667814984828,100.0
0.3,62.72538299696162,53.07915372507505,26.032378751927713,60.376276917387266,1.0,71.2076247687859,36.91380738273949,46.296065003823934,1.0,35.91075289987981,14.392737228631315,100.0
0.35000000000000003,62.6762263807634,53.068064115644376,25.961568228828764,60.335697255873804,1.0,77.35832363873297,36.85815696242389,46.26884775807773,1.0,35.74627066873626,13.844639222954573,100.0
0.4,62.645335596507834,53.103302728557374,25.916717302646212,60.39031115111346,1.0,82.1045982090325,36.83846395738635,46.27953835756827,1.0,35.562842924080684,12.013350774689332,100.0
0.45,62.61353537990785,53.11754228104868,26.264916033249968,60.33950956254144,1.0,85.42482304844722,36.796045765627845,46.26765351906417,1.0,35.63190304763985,12.47421874267349,100.0
0.5,62.59455412441423,53.13813995562029,26.51970813406936,60.312421241047744,1.0,87.83147670817625,36.73398936315345,46.238525704598786,1.0,35.61644269489633,11.666793187801225,100.0
0.55,62.60971649522784,53.13050420770485,26.341630407953282,60.25881258751036,1.0,88.86858529221307,36.71356504829955,46.24936741687372,1.0,35.533167338757146,10.997128554239309,100.0
0.6,62.620520994593335,53.119797919542016,26.210321945910575,60.27732031388477,1.0,88.69877838800133,36.68773683639261,46.22082643396804,1.0,35.46694713716371,13.934456367893159,100.0
0.65,62.62371312898875,53.13016997942863,26.550024546812462,60.32627938647618,1.0,87.76971137371933,36.67542826380972,46.22816559931201,1.0,35.51609881772718,11.153938279574987,100.0
0.7000000000000001,62.61719979118624,53.12754692731475,26.790692971586413,60.276548574957054,1.0,85.95855475105556,36.63943665884461,46.18448710112092,1.0,35.5419539116404,13.65510150836686,100.0
0.75,62.64202821207846,53.132452392596285,26.58077959188698,60.4494230219327,1.0,83.46384262275802,36.61679186118313,46.19213814008246,1.0,35.510768842546454,14.38374352782207,100.0
0.8,62.64514873309332,53.12617621857284,26.428975541023146,60.516357983665436,1.0,80.54733122372377,36.57814745636482,46.18007346296161,1.0,35.77823597313233,10.270562172371264,100.0
0.85,62.646085986946424,53.11758730571245,26.76467534858906,60.2986065992715,1.0,77.34689105521353,36.53989913919234,46.12191964285987,1.0,35.64825893567512,13.899282980690598,100.0
0.9,62.661142045040336,53.11950408376538,27.013538523347098,60.2633598741467,1.0,73.56330568814171,36.5654733199245,46.11731234862745,1.0,35.6785452010296,12.913906114709373,100.0
0.9500000000000001,62.667296238613396,53.125865864521465,26.7248676455307,60.33888077605875,1.0,69.40207286340569,36.54086715727479,46.11596927806931,1.0,35.790188486269585,11.584211883120922,100.0
1.0,62.68903245344292,53.12356761409356,26.51691540752912,60.342234333021366,1.0,65.1552716388037,36.51527093959616,46.09857664435881,1.0,35.82086618863099,14.645100720751051,100.0
1.05,62.67131989477855,53.17201194892567,26.99061360135656,60.30110426580488,1.0,60.697057621324305,36.50009052623586,46.09695247472197,1.0,35.817806935249,8.034434880224397,100.0
1.1,62.665519883410944,53.227491347409135,27.34477552587601,60.30266013887516,1.0,56.28574128326549,36.50561316717062,46.08964436590509,1.0,35.99858620266478,12.952771349697112,100.0
1.1500000000000001,62.658868232875214,53.2517564504163,27.75173190120327,60.3546096665295,1.0,52.09068842671449,36.509643208435236,46.088177734971175,1.0,35.71868236410444,11.519160988452489,100.0
1.2,62.6580021994565,53.28347984748061,28.051960039349183,60.327259488575066,1.0,48.0945941503166,36.48171693297438,46.09262697435021,1.0,35.93626392084919,12.110879286904176,100.0
1.25,62.651278431599,53.29263364627266,28.023995365846112,60.264108434270405,1.0,44.316581132428254,36.46659588334018,46.04744819509155,1.0,36.07766916657819,13.881494861244935,100.0
1.3,62.68267304755952,53.27425253331348,28.003331839696965,60.34249523928052,1.0,40.74783334446985,36.46634208573408,46.06649280191839,1.0,36.131419953492134,13.491569310829057,100.0
1.35,62.714496055242854,53.25205771395681,28.272408671617164,60.36146177708009,1.0,37.42781975508543,36.50168433439519,46.05683273904084,1.0,36.244202918969854,13.269903489008797,100.0
1.4000000000000001,62.7443280373442,53.24343440028123,28.46953978523768,60.36512438225635,1.0,34.575654143237884,36.46463554736787,46.061877198166144,1.0,36.31750796299662,10.6977962360129,100.0
1.45,62.77595331171471,53.24461365335462,28.533762290297197,60.33008876157316,1.0,31.910596158801937,36.48514849436059,46.033925972560034,1.0,36.150495485162836,13.900337979734857,100.0
1.5,62.79985943538082,53.25428338968654,28.583200898788206,60.29086386001437,1.0,29.429483109272336,36.52128675911604,46.027848912475704,1.0,36.34134530731016,12.912716829067397,100.0
1.55,62.828800285466585,53.2747039057195,28.75450685013594,60.39662455123705,1.0,27.45024742494069,36.54430151252742,46.04423995419454,1.0,36.27978658126942,8.871444960847755,100.0
1.6,62.859562298565194,53.28347219575397,28.88312325131658,60.389418334288635,1.0,25.738241027909805,36.55645195976909,46.03946438166426,1.0,36.52825131961847,11.137638486384287,100.0
1.6500000000000001,62.88376159402879,53.278845626953775,28.771622555702308,60.416629496540764,1.0,24.30509533328788,36.60493581216528,46.031525934258546,1.0,36.33916750389284,14.70686298621359,100.0
1.7,62.89821279758528,53.299589652846144,28.690557939217832,60.40972214620179,1.0,23.27275801095019,36.60343914315374,46.01569184713137,1.0,36.32026129705636,10.840572796871434,100.0
1.75,62.91880947787824,53.30239014005983,28.754970986660478,60.389941291491404,1.0,22.219364816782804,36.63822429671579,46.0020371839909,1.0,36.334449091177945,13.833633616107253,100.0
1.8,62.92701139424427,53.27974455143994,28.80494134822298,60.41226295960566,1.0,21.494415294919587,36.65396256282205,45.98420054020147,1.0,36.354641418335994,12.182857454891533,100.0
1.85,62.95193188236521,53.27732445560846,29.416853697472884,60.19826675636678,1.0,20.96563070919721,36.67655483296018,45.98574680037142,1.0,36.38960551027448,11.722602725838415,100.0
1.9000000000000001,62.97470990128951,53.294463100421815,29.871411813177115,60.22500512361629,1.0,20.494298843412466,36.72225570663067,46.02536439157019,1.0,36.35851573780241,16.770137763124623,100.0
1.95,62.991847191961526,53.31654631157908,29.69196788516155,60.28002665691024,1.0,19.961537376015077,36.7340425196747,46.01340888675711,1.0,36.51024840303985,15.05607149187465,100.0
2.0,63.01186787837702,53.332508691688,29.56167744491011,60.30474066190112,1.0,19.68195618368238,36.782678745965434,45.994208932678994,1.0,36.47587879857761,13.019214764445543,100.0
2.05,62.98972289152366,53.43487239111058,29.917527093810158,60.251782293425315,1.0,19.532628079773847,36.83749365500645,46.03477748943404,1.0,36.483344539434384,15.061017794909107,100.0
2.1,62.96951478072238,53.49465213427413,30.170362181079206,60.29572574488523,1.0,19.35958523863754,36.88640383397126,46.02344217694787,1.0,36.521902725178386,15.215245747666405,100.0
2.15,62.96177999974723,53.53248796240988,30.37510412675881,60.30697148905169,1.0,19.508516949975128,36.95271410644518,46.05511507571762,1.0,36.28332622952297,13.485866956774746,100.0
2.2,62.929333628391596,53.55194953112278,30.520589414060698,60.27671697224802,1.0,19.63990270617037,36.974957942434024,46.01985934563282,1.0,36.35210647670154,14.095779137760257,100.0
2.25,62.910775456157566,53.57661593680896,30.456037412022607,60.33884938165402,1.0,19.8639968203856,37.01667493320826,46.013459745682816,1.0,36.45453604769294,14.03021314536873,100.0
2.3000000000000003,62.96597331114684,53.50630854827139,30.409828909338994,60.31238249473114,1.0,20.393269830926403,37.03334770663137,46.00693182919122,1.0,36.38037468988691,14.099348471556661,100.0
2.35,63.02568820297405,53.48459826914145,30.129950417154117,60.405756308497146,1.0,20.844756517534123,37.0968655666242,46.02950096172167,1.0,36.41980344551217,15.918512257570342,100.0
2.4,63.06837885958068,53.46190881464307,29.923390107810754,60.417230324737794,1.0,21.262213349586826,37.12136405859188,46.00111282285347,1.0,36.44271870343913,13.074643317341074,100.0
2.45,63.106918679798106,53.467190175653485,30.317833248933546,60.277577585626446,1.0,21.618727837148157,37.18931389767331,46.02727697187535,1.0,36.41264193650275,13.739470851668063,100.0
2.5,63.13284076534219,53.457618569554725,30.590935726100852,60.29318487065762,1.0,21.905645239365235,37.229606317697986,46.02407756508099,1.0,36.40593924931296,12.404459580486137,100.0
2.5500000000000003,63.11071417187509,53.53416685896672,30.541466495980618,60.429358688438484,1.0,22.2109723481015,37.26354210137518,46.06958493019484,1.0,36.46075641136093,9.810216948084804,100.0
2.6,63.063712970329256,53.56571207643769,30.503328868520803,60.419323516148765,1.0,22.44779521309007,37.286897600203105,46.05612816582096,1.0,36.52821746343174,14.35100340976745,100.0
2.65,63.024695762243645,53.59678749841535,30.507543916451972,60.343859898565434,1.0,22.614227362150746,37.300538970653875,46.04859098675312,1.0,36.54761076569886,12.744562135508,100.0
2.7,62.99652990638077,53.63496802703406,30.52033725645818,60.35057907571252,1.0,22.847721487932187,37.37072838694687,46.08110354304122,1.0,36.39297687307252,12.045324145199778,100.0
2.75,62.987663742570085,53.65648627364666,30.43196969324864,60.39602185771301,1.0,23.007061217060713,37.42367588410264,46.1179216221724,1.0,36.36852385029548,11.263218504857237,100.0
2.8000000000000003,63.002016773336926,53.62244760011563,30.369255099680753,60.35907924010787,1.0,23.149164613540638,37.4480753772236,46.10921548412528,1.0,36.472019360587375,14.135235906101034,100.0
2.85,63.011057055770955,53.632251433164036,30.265954242312933,60.392461180005,1.0,23.28577371967892,37.484716530388276,46.13062614966451,1.0,36.58292700578157,11.618669116971544,100.0
2.9,63.00700518387422,53.61864191199746,30.17393644529994,60.34591133498461,1.0,23.467827610620436,37.49413324866424,46.10010717865402,1.0,36.537648858986465,13.228867896692927,100.0
2.95,63.01678630932834,53.63305641237626,30.650369258294187,60.09772159572074,1.0,23.32693584752546,37.5286803680452,46.13058812908071,1.0,36.44344382138521,12.41159703228177,100.0
3.0,63.03467383942012,53.6219765044834,30.996549630778382,60.061237030132375,1.0,23.1550727912732,37.524753605496855,46.15132790045577,1.0,36.37318067125694,14.351268906277882,100.0
3.0500000000000003,63.03665681613375,53.63777375213803,30.585985445033977,60.33376654327338,1.0,22.767084280254473,37.54276805693863,46.172981170371834,1.0,36.561649805499755,12.01972795323679,100.0
3.1,63.028256487510085,53.64171278435348,30.27910555646369,60.35855348002495,1.0,22.676164907799954,37.53464684385989,46.16994443882893,1.0,36.624781395160745,15.931211357355258,100.0
3.15,63.04447634472261,53.66476632803101,30.58007779798266,60.197585513276834,1.0,22.478218361395438,37.57443817994138,46.18287526317845,1.0,36.598935166463754,16.59587767313246,100.0
3.2,63.04487184504072,53.66297528280983,30.800751234006245,60.20503630562431,1.0,22.00800804203474,37.620653829967814,46.19138408349585,1.0,36.58282125882437,12.882778606942349,100.0
3.25,63.032339795151124,53.68124582641226,30.413738010415063,60.445022063167706,1.0,21.616672298398942,37.62241148157515,46.19250719425422,1.0,36.41956754566338,9.91678099274719,100.0
3.3000000000000003,63.02806883686415,53.6634774164991,30.122853922169863,60.482091085428884,1.0,21.32393748621819,37.59488700562301,46.2036303190958,1.0,36.54501326804624,12.19438247183832,100.0
3.35,63.03438571726066,53.66961121721379,30.223019172120683,60.39844998727047,1.0,21.09722894175882,37.62567886252853,46.22875650417124,1.0,36.57912581942125,13.309029195875953,100.0
3.4,63.02677546849134,53.64078593856569,30.290193172778395,60.306878815578706,1.0,20.875612242184143,37.63382118884744,46.184963422534395,1.0,36.53307746590152,14.084759120250633,100.0
3.45,63.02056333937236,53.63603317441933,29.933938512417765,60.31449162946495,1.0,20.83699505882708,37.65279121222592,46.180186038753575,1.0,36.74595487607761,11.838406137974133,100.0
3.5,63.04457051831793,53.6305514224245,29.688157717971585,60.38407860009452,1.0,20.83213711947517,37.67341421794966,46.23888989450114,1.0,36.586433103147904,14.681368330125967,100.0
3.5500000000000003,63.023440538614665,53.653409094764505,29.53762305689001,60.465859151573156,1.0,20.563764607708578,37.69455516612989,46.256057644887996,1.0,36.58334191009367,12.175971148254797,100.0
3.6,63.01213123945012,53.6820182794801,29.43254392532524,60.47910465477782,1.0,20.37469573057165,37.719235327766455,46.269242669188664,1.0,36.50367474489342,11.999757991685255,100.0
3.65,62.98608677658749,53.706021290970696,29.5310518999043,60.314583000096896,1.0,20.38184109140262,37.71135830716876,46.24417916997106,1.0,36.75982472556848,13.408157381684925,100.0
3.7,62.96151334258533,53.713647380383726,29.599164094893695,60.267824221410024,1.0,20.4084822851146,37.711845621788285,46.218380865317144,1.0,36.57284266733005,14.551208067608652,100.0
3.75,62.9672273693877,53.72282881991688,29.55443595705877,60.22842874733578,1.0,20.12460669054777,37.72112020508266,46.23957190427397,1.0,36.613990391551965,11.225985191760111,100.0
3.8000000000000003,63.02496735767422,53.64416259670546,29.51834277431896,60.23192079329043,1.0,20.136958582238854,37.71856922581041,46.274557752533724,1.0,36.53149179895445,11.65914983341126,100.0
3.85,63.06975212859219,53.5863367043063,29.59192888565738,60.28794287367965,1.0,19.946327917621034,37.713422295192196,46.29652610747054,1.0,36.68087186754376,14.03515507923145,100.0
3.9,63.094494331840046,53.530601017639036,29.646529091877994,60.25036374886273,1.0,19.688091137768133,37.727245173341736,46.31739556664274,1.0,36.43482229056749,12.374259284577917,100.0
3.95,63.11962568892035,53.485274656689114,29.20668430254429,60.356855687489116,1.0,19.31083475009473,37.713903275159055,46.304536799057345,1.0,36.44220211320926,14.459854229254782,100.0
4.0,63.15293619538375,53.473613502383486,28.893254031490414,60.38527111148086,1.0,18.8429259914935,37.75528604485833,46.341687036766864,1.0,36.56443433304903,12.157079876321932,100.0
4.05,63.13550365878626,53.50374308375939,28.447346320600328,60.5656396597187,1.0,18.65478315370267,37.743572059487185,46.339732404927474,1.0,36.64153744457367,12.476893925766099,100.0
4.1,63.12972253951714,53.500640138910704,28.11909369533618,60.58005863412264,1.0,18.80130543465451,37.74772745672723,46.34861406875525,1.0,36.5133673051303,13.607033211480205,100.0
4.15,63.11955213675815,53.49141938541774,28.053890312083233,60.48838732037356,1.0,18.72089543194529,37.74826136793451,46.33314485610826,1.0,36.63265078328535,13.536624728583716,100.0
4.2,63.11793438976888,53.492259275600496,28.00481336964414,60.50805795286643,1.0,18.828601986184843,37.741374640915865,46.32881488455129,1.0,36.65434135444868,12.183672810299678,100.0
4.25,63.11341216797005,53.49084356143486,28.167556115371262,60.397768433251734,1.0,18.89683036893244,37.73176399258535,46.33545900800626,1.0,36.53608938485538,15.018119444083247,100.0
4.3,63.108161521538776,53.5073363711789,28.284220848544205,60.3386539833764,1.0,18.880512306407937,37.73876327619183,46.33701600986175,1.0,36.51549588204318,13.581890846746068,100.0
4.3500000000000005,63.089363730264424,53.53278772699179,27.81515926057884,60.387658756827626,1.0,18.779738096102328,37.749536842735786,46.34250899179896,1.0,36.59195488746021,11.005239496787459,100.0
4.4,63.07575514978832,53.5353412511683,27.470325505427567,60.417507351735445,1.0,18.756481664351277,37.743810376075416,46.33790190415916,1.0,36.666936816377834,13.888689358492698,100.0
4.45,63.057668681939795,53.53605916277172,27.01910285989334,60.46977844974141,1.0,18.900447036522415,37.74145656367306,46.35268274665974,1.0,36.550531159150665,12.999272147790053,100.0
4.5,63.03864504912658,53.53141100070456,26.68266372465244,60.51767447222691,1.0,18.9545964719625,37.73267607767611,46.35786533335014,1.0,36.61506571413242,13.012808971176996,100.0
4.55,62.995832637289695,53.54523691086922,26.617078768343138,60.48365321374413,1.0,19.154164884354774,37.739399168935414,46.3403895127006,1.0,36.49168016084226,9.65054190417018,100.0
4.6000000000000005,62.98571087844975,53.57425200446734,26.573299707311232,60.558993346266654,1.0,19.251903715870984,37.7401420499075,46.3661383222521,1.0,36.44841533725251,13.792036970085274,100.0
4.65,62.95332152329997,53.58393499885754,26.516554332671426,60.534408942646984,1.0,19.66075616638284,37.753474472116295,46.36506667245152,1.0,36.52247841256182,13.675828556555192,100.0
4.7,62.940255549560035,53.59283374946776,26.479025477158025,60.630243272569786,1.0,20.187934675325483,37.75303106721931,46.38144473816087,1.0,36.568821614148575,11.923293978828973,100.0
4.75,62.93095511935024,53.598946827004404,26.09989607883578,60.61486914176042,1.0,20.563821217031297,37.744340943525735,46.3835565583647,1.0,36.38721228960765,13.98762313335241,100.0
4.8,62.94834106827837,53.57590637909252,25.817626744303077,60.56934723296744,1.0,21.092054491031252,37.758553416388075,46.388428203292705,1.0,36.59020917052342,11.842774009517495,100.0
4.8500000000000005,62.93078026397942,53.58147721462589,25.7312157960381,60.54555531329967,1.0,21.565812463661963,37.74944165620644,46.40081150866611,1.0,36.46763638014977,12.3588893505259,100.0
4.9,62.92553572081919,53.569644152580906,25.665356778415322,60.52457198090177,1.0,22.020714500770524,37.74508674885383,46.41573698409666,1.0,36.459010484101874,14.949931380036292,100.0
4.95,62.9127517153472,53.559950936934804,25.721275371430753,60.42231948268264,1.0,22.521645010346095,37.72829765691436,46.395065852280226,1.0,36.403181748523274,11.837422800006102,100.0
5.0,62.91672039270488,53.57675180626747,25.766783022615876,60.39949343350503,1.0,22.778296708644383,37.73626316456935,46.42567535642218,1.0,36.34551601606373,15.300699424644188,100.0
5.05,62.91089155744729,53.543575540371435,25.21392176915756,60.546587108598104,1.0,22.921557053152974,37.743040561751194,46.40055441665279,1.0,36.529688885036755,13.24178620978109,100.0
5.1000000000000005,62.93105254702546,53.5527952908032,24.819836403045034,60.71504902059849,1.0,22.97435787791936,37.75141755591769,46.4487479310859,1.0,36.67675654487638,13.562221779872408,100.0
5.15,62.91958891060187,53.538579564963165,24.23050497432473,60.6913610328201,1.0,23.231488595996098,37.731846839487076,46.42949510241842,1.0,36.535504938015094,12.070114969185063,100.0
5.2,62.92865812812877,53.52814391166627,23.803937348077497,60.72166802805542,1.0,23.50693354256643,37.7306483748668,46.44571096934464,1.0,36.605428403817456,14.510387048742395,100.0
5.25,62.92331263737345,53.5060923491512,23.79351500189065,60.712158895209726,1.0,23.74626148715222,37.73337461616185,46.437960740080264,1.0,36.43785513711842,12.952487016701742,100.0
5.3,62.91471793709501,53.48397365024462,23.7886457614974,60.67341400751654,1.0,23.79463353517026,37.709995421339066,46.41430227691417,1.0,36.53805273009078,13.181554626661985,100.0
5.3500000000000005,62.903464371148765,53.45915144336148,24.15929292668359,60.56411412302851,1.0,24.105739877594484,37.701253960092345,46.38400441115229,1.0,36.40324852210865,13.86865198050436,100.0
5.4,62.91413092113607,53.43228107806413,24.428777106127498,60.490299379726366,1.0,24.150925875891755,37.6813154116212,46.37536584932542,1.0,36.57336169522673,12.746844011763368,100.0
5.45,62.94003234414207,53.44418525822468,24.173690700340018,60.6877751279779,1.0,24.21249427483012,37.709166639902186,46.43773932008257,1.0,36.6254482819076,14.54723635959127,100.0
5.5,62.94109174245681,53.41086015894674,23.98356220310554,60.66436461651934,1.0,24.20465187170442,37.70482651988435,46.430635769111724,1.0,36.275064479303694,12.326308957986063,100.0
5.55,62.94840588147353,53.408330133633214,24.01419322027396,60.574093994278776,1.0,24.174229513598302,37.666065829640104,46.43515397267001,1.0,36.53311309912442,15.05499491164186,100.0
5.6000000000000005,62.94710885647518,53.420566691617644,24.03466413303785,60.57695566839312,1.0,24.060823338202955,37.690325865530035,46.44255813375559,1.0,36.37260467643731,13.87038489542407,100.0
5.65,62.93592844968138,53.41145912723449,24.08807716096046,60.583306355409675,1.0,23.923986566006334,37.697549664654254,46.46322492673559,1.0,36.420961216379595,13.836858190348567,100.0
5.7,62.936210528735096,53.4078330056965,24.11404366872763,60.55804175138919,1.0,23.883717908984558,37.69431641236581,46.453533641299686,1.0,36.35023642517223,15.657065406833768,100.0
5.75,62.931707963603934,53.399307237171456,23.590462408730758,60.66636382941627,1.0,23.57939239342464,37.65566260439644,46.4699251543198,1.0,36.57591510675441,13.027398286172776,100.0
5.8,62.93161163936645,53.40129046766274,23.206600344805093,60.75942024712885,1.0,23.668758759034564,37.65855064449314,46.48815145676124,1.0,36.48605503789295,13.836016078889207,100.0
5.8500000000000005,62.924226361405196,53.38979902037102,23.007104830555583,60.681693621550686,1.0,23.69535175259474,37.642719983753615,46.471143228363935,1.0,36.34265007174986,15.275010645942157,100.0
5.9,62.914311426181,53.37863728938911,22.86019368720063,60.713740157592305,1.0,23.757192454409914,37.65054376792537,46.47941406449177,1.0,36.49733135899125,12.264750532088616,100.0
5.95,62.91168576692748,53.365766064891254,22.950867829487358,60.630863163312945,1.0,23.548026296820687,37.655006699233375,46.47270872092248,1.0,36.40966998731771,11.525949973220014,100.0
6.0,62.91245292563301,53.35486036005316,23.014885516735493,60.61215940297442,1.0,23.46772982523741,37.64273208403805,46.474434070106774,1.0,36.30601607427316,14.74263044638217,100.0
6.05,62.8643329086639,53.385114222951856,23.477376953388223,60.57683063908426,1.0,23.419807157904568,37.64246978680592,46.48577789500006,1.0,36.247342929372195,13.953371281397592,100.0
6.1000000000000005,62.8397335044828,53.41554915521412,23.816714462101455,60.58181186115185,1.0,23.59539906986303,37.630731650219296,46.48395564454603,1.0,36.415712069788604,14.323706749359195,100.0
6.15,62.829623994220654,53.42175353394988,23.42596344362513,60.674433692746106,1.0,23.643867897049038,37.62159430687892,46.48260916009997,1.0,36.25440793145832,12.736812847829531,100.0
6.2,62.80170407411116,53.42560904255181,23.135661166569914,60.71110469570927,1.0,23.596200329119153,37.59643318896153,46.47850598598226,1.0,36.36825264300722,12.85604682180292,100.0
6.25,62.79144953204675,53.42571245256238,23.244825843525746,60.47103738968477,1.0,23.673680650096387,37.62741974484412,46.46904588719687,1.0,36.31106628431819,11.64931318504555,100.0
6.3,62.78129094043707,53.452733230948624,23.325255640797277,60.44107248498858,1.0,23.915895305410224,37.62233528243023,46.498072518161415,1.0,36.17771588027029,12.000064478743415,100.0
6.3500000000000005,62.76822171698965,53.45747629887483,22.88637642393156,60.71419942777896,1.0,23.966667070077847,37.61858375794469,46.52381013330039,1.0,36.28338352059302,11.81668993506003,100.0
6.4,62.74014334563852,53.46327071277812,22.561918853340426,60.75420326905781,1.0,24.202897614236964,37.58297406535163,46.50848538823253,1.0,36.49112176109749,12.746422828387649,100.0
6.45,62.736188803942134,53.479668005679834,22.40238175435152,60.73563466626388,1.0,24.507256648922123,37.573052409228396,46.53048477087972,1.0,36.24349115803472,13.262617699152491,100.0
6.5,62.71528676973659,53.45188412455972,22.28230101786396,60.661570667814104,1.0,24.62180995897116,37.549567838659634,46.488661182211885,1.0,36.35736329460503,10.389432475250034,100.0
6.55,62.75558955210287,53.3717991446741,22.608471641396356,60.464699545274975,1.0,24.8971416122085,37.551632933072796,46.46377221278755,1.0,36.236563631463504,15.752667646533162,100.0
6.6000000000000005,62.80521733224597,53.317285993332774,22.846672608877373,60.5454747898092,1.0,24.908275529471066,37.56255724666942,46.46666559916904,1.0,36.225056628893995,13.361764602354896,100.0
6.65,62.846820923074304,53.27979085773211,23.05683875456466,60.54508225408065,1.0,24.90025473959056,37.565462438314086,46.47878203370107,1.0,36.30356711938539,11.661911543499482,100.0
6.7,62.86854159307357,53.2463137358343,23.211434607206478,60.57253275926827,1.0,24.946590440345332,37.56823486272975,46.518837376084896,1.0,36.27684995379495,14.096674000068223,100.0
6.75,62.8810115243115,53.195338073282905,23.344727137704236,60.555900434723505,1.0,24.93458919280266,37.54792177150318,46.51996451385308,1.0,36.157394033989746,13.224040802947345,100.0
6.8,62.82079724434462,53.29444195572986,23.441429893086173,60.52737214218631,1.0,24.74478798920495,37.56860558615302,46.51326296516285,1.0,36.31693444019184,14.0074250571448,100.0
6.8500000000000005,62.765145518846055,53.33646691204577,22.880857595928244,60.668525113895434,1.0,24.79453343981597,37.561646657503346,46.5060153443907,1.0,36.35102434112199,16.40547556033835,100.0
6.9,62.74514898593064,53.383631124315485,22.484128073089085,60.66680325125169,1.0,24.6190550690941,37.56832388608161,46.53138260811843,1.0,36.31346931780595,10.601736495344744,100.0
6.95,62.70889302960168,53.40241621425046,22.306241502157015,60.690476691544376,1.0,24.671665776513752,37.562346323071175,46.51515449709726,1.0,36.3538352378038,11.465511842374546,100.0
7.0,62.68916439915835,53.41561287859599,22.179213879415496,60.69504778091811,1.0,25.008925366110365,37.54946206322616,46.50637260295168,1.0,36.17831575623852,14.620128655917323,100.0
7.05,62.64914750958744,53.43140620137574,22.3994988450405,60.577582880639255,1.0,25.064540526048898,37.5638634589625,46.47927594466837,1.0,36.26245446738396,14.462201937143073,100.0
7.1000000000000005,62.62026019245205,53.438101094196824,22.561337824141503,60.545190571262175,1.0,25.23411138880977,37.55586565708053,46.49507012156115,1.0,36.26317400314733,12.039363371199748,100.0
7.15,62.616175895248645,53.450294489995315,22.613490303181386,60.54957080057832,1.0,25.764595831179584,37.538395208765124,46.50047112001557,1.0,36.40961381060914,10.422480021248207,100.0
7.2,62.607358666175834,53.47961023908087,22.643183880213062,60.58568414979862,1.0,25.869817753651567,37.52537307385412,46.49760982784663,1.0,36.36439984471534,13.929846177844363,100.0
7.25,62.59438878666814,53.459460427215426,22.59533660802068,60.52757521909907,1.0,25.88466171298915,37.536377943889946,46.486931172614334,1.0,36.15674382137269,14.157743175150452,100.0
7.3,62.60305777571768,53.464570406554095,22.560904264497758,60.521748709772474,1.0,26.006998717303663,37.51776919835776,46.49789966901018,1.0,36.28686858389782,13.85155187307281,100.0
7.3500000000000005,62.58897648505797,53.450183655187594,22.811919390582844,60.63781940932421,1.0,26.23640869962075,37.49994729864046,46.48308209028604,1.0,36.206236336667445,15.098641097766604,100.0
7.4,62.596984066266984,53.46783146295452,23.000957529102855,60.63647315161655,1.0,26.498312417137466,37.53159691706839,46.49451538600192,1.0,36.239579554531986,13.583115631058728,100.0
7.45,62.60451183721859,53.45384650642343,23.227078727180924,60.36940426302724,1.0,26.6148959003712,37.52750557905224,46.51072690788582,1.0,36.068651770646866,14.212563275695242,100.0
7.5,62.60020363405729,53.45821285968866,23.39004015441257,60.31395205062504,1.0,26.564114320912054,37.49784602305285,46.49046967418892,1.0,35.97548943778083,17.198276272556505,100.0
7.55,62.647022869549026,53.43290646380344,23.34355663143862,60.605957262630376,1.0,26.320144428313473,37.53693828302352,46.507353959764174,1.0,36.20484175014709,13.172698202430636,100.0
7.6000000000000005,62.65996261319336,53.39658639998677,23.310435570820765,60.58111508178253,1.0,26.26180989718851,37.51769842498073,46.48408847934547,1.0,36.235767371239625,12.0717395431062,100.0
7.65,62.65753637989371,53.3844152086116,23.39631543214491,60.45306806120701,1.0,26.313047230049634,37.51791861921817,46.502938930501614,1.0,36.24281406431569,11.639725957883499,100.0
7.7,62.66805782203546,53.37137098636733,23.460795797690647,60.45269882658787,1.0,26.220784133969097,37.54311153584473,46.5201656952448,1.0,36.08335322837215,12.62482365975652,100.0
7.75,62.673063308833356,53.36699759757009,23.899805710733915,60.38863493685647,1.0,26.12855860371065,37.52559480046614,46.51953108251965,1.0,36.25361631605796,16.920257759046684,100.0
7.8,62.6883535741976,53.3512302369905,24.23544951063633,60.402620623783704,1.0,26.02138844838941,37.52428046350044,46.53746679225572,1.0,36.04544815590011,13.69079928054033,100.0
7.8500000000000005,62.68735671531354,53.298226670835064,23.9304846884028,60.40680867736355,1.0,25.686304076209566,37.48631219183996,46.498288446484366,1.0,36.11475938546944,14.465150515992537,100.0
7.9,62.682703944680505,53.2921720838445,23.7192705499981,60.44262434790444,1.0,25.303339131023986,37.5097576155446,46.4660138082441,1.0,36.24113341847601,11.740613667395028,100.0
7.95,62.7010719425187,53.288914907562216,23.792033526671176,60.55672976285632,1.0,25.152335603242697,37.52856072703026,46.50101559335726,1.0,36.087613125494805,15.642028436928024,100.0
8.0,62.70228391065501,53.291670711868434,23.842810694393176,60.62130081019772,1.0,24.975197023864087,37.52370875238926,46.52183994928144,1.0,36.1741781582753,11.662465217409535,100.0
8.05,62.71209830201338,53.28430372079514,23.88882802359744,60.483923534096384,1.0,24.969937549652006,37.522328114688804,46.49545710970489,1.0,36.413935371406104,18.051607872096692,100.0
8.1,62.722937468792296,53.27906477235664,23.920741680045847,60.55439622577973,1.0,24.96870093034533,37.50058388774024,46.51879358533078,1.0,36.36512259465166,16.152826839794233,100.0
8.15,62.73012591436841,53.26146140825432,24.244603415773184,60.455971081110576,1.0,24.915113044532657,37.474523729091516,46.51114473803962,1.0,36.33084665233069,12.814538961899329,100.0
8.2,62.73251666023382,53.25929065887588,24.473136566232018,60.45887055217875,1.0,24.98213356971114,37.50462219883628,46.5163836130048,1.0,36.03760245512941,10.840607578667107,100.0
8.25,62.72228611655434,53.243196080746415,24.24758493430715,60.474448094606245,1.0,24.938031221623334,37.47891754421181,46.47464807416778,1.0,36.126657332133064,12.149744036682637,100.0
8.3,62.72400964188728,53.20929719978515,24.08851393487178,60.53749602115908,1.0,24.93428120266801,37.474981091439815,46.446365882262604,1.0,36.261221332863784,12.988246645294169,100.0
8.35,62.7412179298836,53.20984996974054,24.2773539627363,60.39587487587987,1.0,24.723796710327576,37.47665719640548,46.47277403039693,1.0,36.00772439988262,15.397235950166285,100.0
8.4,62.76099282971068,53.177861106104004,24.40651266013342,60.35405124003924,1.0,24.606401414701054,37.528399534632406,46.488382440161494,1.0,36.06111296665701,11.963045588301018,100.0
8.45,62.76266749027709,53.16803468700649,23.996559763579718,60.58371579931409,1.0,24.586998904164304,37.517245701537654,46.47548659114334,1.0,36.20695003531202,14.709215066535965,100.0
8.5,62.78380088620178,53.184870381097035,23.6896897093185,60.67213501919428,1.0,24.59442822303344,37.52595910839343,46.47752996100305,1.0,36.30900532513309,11.591858203730638,100.0
8.55,62.7604104391276,53.196875173370955,23.940726927276412,60.589130882525595,1.0,24.844518500515726,37.50859557377117,46.471867235917784,1.0,36.336627360330816,14.242872227524371,100.0
8.6,62.755404877947065,53.19133369927886,24.12116476139046,60.54459418712062,1.0,25.10874941411993,37.50799666574564,46.47150129387415,1.0,36.23228157505964,14.684729383317677,100.0
8.65,62.74773993674492,53.21885735915788,24.22051380550887,60.45552052517337,1.0,25.24811955536664,37.51402168153313,46.48626764091913,1.0,36.12941365061849,10.769317826295616,100.0
8.700000000000001,62.736295852077305,53.203382268694114,24.288133904483526,60.473773342687316,1.0,25.254338455392112,37.529135825934254,46.492134096501715,1.0,36.23176438649651,16.37991434031957,100.0
8.75,62.72839251329196,53.20663895951769,24.278785550243096,60.52172920373438,1.0,25.434730922397918,37.53058449990979,46.48006638133476,1.0,36.147010901189496,14.00545345054265,100.0
8.8,62.734134019283744,53.16796297447076,24.27315604450818,60.55429987977136,1.0,25.80160172547093,37.509248845912,46.47885785184615,1.0,36.17481329152365,11.884411096674416,100.0
8.85,62.753664219146934,53.151423270062025,24.32053888053851,60.5942786554196,1.0,25.95589183664891,37.52369482652861,46.48817524129662,1.0,36.200291084745324,12.472631529367657,100.0
8.9,62.76132045354301,53.13533663351701,24.355957465979113,60.57179222421018,1.0,25.995732683163258,37.493824014768435,46.48420854363125,1.0,36.160755663669505,15.096235808701726,100.0
8.950000000000001,62.76006916300041,53.12513875609405,24.475791363366532,60.365029326426686,1.0,26.07185058957491,37.49455005480199,46.4620281089909,1.0,36.083537784020486,11.51194531842959,100.0
9.0,62.78184752911913,53.13084649260407,24.566390852098397,60.302539198269415,1.0,26.09217799211364,37.52188933024261,46.462834345126474,1.0,36.15896229355573,15.11866264493258,100.0
9.05,62.79684373990634,53.119867011324104,24.436323094110243,60.51964548358038,1.0,25.90746730972871,37.526364731570794,46.48481047351573,1.0,36.152313273725696,15.660568816228185,100.0
9.1,62.80245760765456,53.09574794658744,24.33839264078853,60.49245684618544,1.0,26.03929632887622,37.50525803073477,46.45560599748287,1.0,36.27478789284307,12.42094122416865,100.0
9.15,62.807671084365225,53.11294493164543,24.348542729858778,60.50091344580392,1.0,26.098219803554837,37.52756820353356,46.472912878448284,1.0,36.30498642648679,13.478569534589992,100.0
9.200000000000001,62.81871621493189,53.11279425816595,24.351466620862602,60.54420760770519,1.0,26.052592954590953,37.49539768223082,46.488508954662,1.0,36.191143501862726,10.776761826390677,100.0
9.25,62.82737184744146,53.10791415447253,24.637270572102473,60.4073320647454,1.0,25.97870568967014,37.515617188692964,46.472689380485264,1.0,36.24893860729314,14.01461822761077,100.0
9.3,62.789869708474136,53.14544781001735,24.83783924124515,60.35888109605348,1.0,25.863926640013187,37.521808617209004,46.45860435089209,1.0,36.09433034594223,14.181162579399034,100.0
9.35,62.75775308073812,53.171404606138736,24.94439595481162,60.48436315690202,1.0,25.751207731999756,37.480323938221325,46.451857628316105,1.0,36.116239760631565,11.611506671016016,100.0
9.4,62.72876778647527,53.192973855528564,25.024793625858017,60.524205063288605,1.0,25.7265322175326,37.50365873770982,46.462001359295016,1.0,36.16204063081894,14.0292710484888,100.0
9.450000000000001,62.7082115674455,53.212347666079765,25.104677107338343,60.483625145817015,1.0,25.832038535019194,37.52252240898235,46.47010921907388,1.0,35.986089234000666,11.706310700217117,100.0
9.5,62.69195941093975,53.21604426484154,25.15834410795826,60.35950376130603,1.0,25.810463219546186,37.50804812881399,46.47235915767234,1.0,36.02982611768938,14.593023864794674,100.0
9.55,62.71214778979599,53.2080414602647,25.20478171027252,60.3442411720125,1.0,26.036337209838038,37.51680428072133,46.496143593594994,1.0,36.286861162559866,10.168534112219923,100.0
9.6,62.70769923591368,53.17034345106632,25.23316735158601,60.33349788792052,1.0,26.20579269091838,37.52451982928649,46.49917774938214,1.0,36.145945600771874,12.674023136656919,100.0
9.65,62.69448768451042,53.180770143707846,25.12246218069801,60.398727595019835,1.0,26.200775145671006,37.51442428089348,46.476691885880896,1.0,36.1610344782303,14.829377946913604,100.0
9.700000000000001,62.71241007751363,53.19625354204089,25.051943432074268,60.440470680008666,1.0,26.134932485437485,37.54027242970048,46.5118255887354,1.0,36.21185493421673,11.537803417700808,100.0
9.75,62.70554477708751,53.17280730835471,24.902869468200446,60.58674644352286,1.0,26.30463422995049,37.53025737756724,46.50377576038171,1.0,36.284774136037406,16.688288854071068,100.0
9.8,62.752742843621014,53.10630933879192,24.794976127869386,60.60613311837643,1.0,26.567901017131973,37.514407709161866,46.48985204361809,1.0,36.20939835424344,14.620645716197064,100.0
9.85,62.79204481545818,53.066267776891735,24.968397182509495,60.433549251525726,1.0,26.73332283282969,37.51930627437968,46.50841481141929,1.0,36.29308368680054,12.061633260314235,100.0
9.9,62.820436089580966,53.03785913358584,25.090515277500433,60.381992272021606,1.0,26.843999187865155,37.5139877404171,46.48707449398925,1.0,36.209384081928114,11.853195131341575,100.0
9.950000000000001,62.825309278991895,53.01642675693812,24.748538664005228,60.48973850177691,1.0,26.848164976059707,37.51788417523968,46.48927050203637,1.0,36.16276221476368,13.865311624537988,100.0
10.0,62.83739446713814,53.00846133262667,24.495100039010634,60.486896926002636,1.0,26.83203666294451,37.53170940608322,46.48076372918407,1.0,36.222116144495565,11.723735005171736,100.0
10.05,62.74969146633859,53.12808790136076,24.866880951900818,60.40982445860276,1.0,26.861103065031294,37.53443300041439,46.463930471616266,1.0,36.02957110312884,15.851884294584325,100.0
10.1,62.700444138843686,53.19397796744236,25.147987688517418,60.36308018551317,1.0,26.743707314174046,37.52570249525488,46.460812573719934,1.0,36.17501233280532,12.594137910631991,100.0
10.15,62.66035262791972,53.27178979518345,25.12885244504046,60.47791269504143,1.0,26.483608164006725,37.547232104575855,46.510118346523825,1.0,36.09318685746059,13.66719987207399,100.0
10.200000000000001,62.62346812200352,53.28367455202153,25.101875708742526,60.39961533252348,1.0,26.415259394150446,37.52115683970626,46.4648626665907,1.0,36.3472969276832,17.46327708332084,100.0
10.25,62.61224832764039,53.307517474039855,25.364641395464616,60.334640373138164,1.0,26.318395958144926,37.508857721710406,46.457167305782754,1.0,36.171034855053364,12.868678089734056,100.0
10.3,62.66738256099774,53.212903224769434,25.56204483697788,60.3445817622659,1.0,26.321508160825292,37.52253079476511,46.475410174817576,1.0,36.15640798571438,11.839187749970254,100.0
10.35,62.70863169334528,53.13169117915462,25.16029005627936,60.47367758533854,1.0,26.69636026352144,37.504223246510854,46.46772509728084,1.0,36.21525111102011,15.672389044280475,100.0
10.4,62.75545614771245,53.09489639787152,24.867175063320495,60.53891830010826,1.0,26.765375892659684,37.52039635151031,46.489274847599326,1.0,36.088176791186115,15.395176834188689,100.0
10.450000000000001,62.76485082392647,53.04171924816413,25.121247597379437,60.478761962004235,1.0,26.871003874079857,37.493640780321215,46.447535679023865,1.0,36.20652125846213,11.634270547114552,100.0
10.5,62.80294646346933,53.02867455198447,25.308599098508566,60.53342777123511,1.0,27.1533490423243,37.509524570283254,46.45621178263494,1.0,36.29880288802579,14.213296927172314,100.0
10.55,62.80329225031344,53.036003586417955,25.498855887582287,60.42048497780599,1.0,27.177683584829055,37.49248506822194,46.44738338100185,1.0,36.196350286685785,13.032840905867973,100.0
10.6,62.8034157323401,53.040913239715415,25.63643564714448,60.383157542398685,1.0,27.255062916644306,37.48088999485135,46.46328231517473,1.0,36.178056383349755,13.392945540449997,100.0
10.65,62.80398616531915,53.02618130634253,25.682045060274525,60.33141135894319,1.0,27.250327487815063,37.47740827938022,46.45132729775189,1.0,36.23120251188329,13.31476524584393,100.0
10.700000000000001,62.80809612883874,53.033370484340985,25.712099288144614,60.341357050555494,1.0,27.087181474563334,37.510385912007195,46.453051314938484,1.0,36.18049105033587,13.501554153761543,100.0
10.75,62.81491787939403,53.03975352246984,25.66533794732231,60.414007311503774,1.0,26.92109418421083,37.50155215740222,46.47917866516287,1.0,36.3971791539158,14.84718052237917,100.0
10.8,62.73754231299028,53.16786436857854,25.621946791320322,60.34764163340755,1.0,26.56906666314717,37.48570533948153,46.48294792033624,1.0,36.38656672389912,17.127827674964124,100.0
10.85,62.66979219732434,53.248801407832545,26.18248385623682,60.220691854591415,1.0,26.291680076325864,37.495065819898024,46.4823575388702,1.0,36.269618929262734,13.822093627130869,100.0
10.9,62.60017422234056,53.31372071463756,26.59649033417086,60.243380246007725,1.0,26.101796261594973,37.49385460549636,46.47739855752563,1.0,36.05045234454359,16.883562166409703,100.0
10.950000000000001,62.56494804172548,53.32651804668858,27.01210444094589,60.141962360764836,1.0,25.82850076575693,37.50269002187218,46.45574941275113,1.0,36.11996813679783,9.869789152395622,100.0
11.0,62.531796705533154,53.34940033870246,27.32486598442999,60.099773641254664,1.0,25.53768824330672,37.486991131394035,46.46173705890845,1.0,36.0001979208763,12.024580517505584,100.0
11.05,62.622651108376175,53.19254004532455,27.080981002111276,60.22700692961292,1.0,25.40052004821822,37.467370933506636,46.459826169445364,1.0,35.965857213042405,12.981397355037352,100.0
11.1,62.6962658477927,53.0881839386412,26.904959788155594,60.29416181602702,1.0,25.467947985985763,37.47899974280833,46.48863956893664,1.0,36.30999642801227,13.489367228635986,100.0
11.15,62.732144931410105,53.008192376229395,26.568743978494165,60.364994183003404,1.0,25.308802276010862,37.437430367026316,46.46393502255593,1.0,36.13412905883015,16.521997014370562,100.0
11.200000000000001,62.77170979368944,52.942926963808716,26.323325968057738,60.3764721988954,1.0,25.23461155654131,37.45604937056269,46.44533449400221,1.0,36.21372117919426,13.012853424374052,100.0
11.25,62.82621039170115,52.94169795695362,26.40252873694492,60.41458599097155,1.0,25.309829225368215,37.46813433670457,46.45858907021664,1.0,36.255592932206184,11.273990660624818,100.0
11.3,62.8052926952973,53.02240827323776,26.46410236924828,60.36903567303929,1.0,25.422521521725113,37.49329419192961,46.46417666998686,1.0,36.23397953922739,11.791507255836994,100.0
11.35,62.76461432017565,53.042507458834315,26.406531189769897,60.38402884527216,1.0,25.430427860370735,37.45696455781956,46.44096301848645,1.0,36.323116633776,16.18321820239694,100.0
11.4,62.74067427344705,53.05462702737692,26.365773914773776,60.421206006407054,1.0,25.501534439929173,37.4749398881915,46.43499718422627,1.0,36.097397257457494,13.560525453532643,100.0
11.450000000000001,62.73803502138314,53.090315658763544,25.843152711194847,60.490532098658754,1.0,25.683382569507142,37.46927963495366,46.44551226534227,1.0,36.30264329642635,12.50158960807574,100.0
11.5,62.746709831218126,53.10660706966616,25.451615320891072,60.474452215061206,1.0,25.824513670535435,37.472663918201,46.44125971235718,1.0,36.10485356926816,14.601365187720557,100.0
11.55,62.81413900208949,53.00644496004077,25.764667076419336,60.23782186379613,1.0,25.872277032906013,37.46460013980434,46.4157558057892,1.0,36.269600074555605,11.944236571903726,100.0
11.6,62.85725262486868,52.95089951314764,25.994387006238714,60.1645671528307,1.0,25.8561449576397,37.466857931870415,46.41318686997704,1.0,36.17630830699344,14.94145862262883,100.0
11.65,62.91998124191616,52.90229056307578,26.273267833022498,60.2611733454118,1.0,25.860147772087082,37.483213363358786,46.44112563723921,1.0,36.15698614594594,14.038569162111543,100.0
11.700000000000001,62.94691417720444,52.85097404311107,26.47660390567274,60.30816968690141,1.0,25.85523156965139,37.45167094539327,46.45335664715934,1.0,36.271777630457855,13.645511215344026,100.0
11.75,62.96998937067879,52.84523975362296,26.50825679711517,60.358943706502146,1.0,25.657075547374752,37.444715353716184,46.44773960632523,1.0,36.189730034482864,13.857527157301075,100.0
11.8,62.923982878545885,52.92963437637453,26.53673783319121,60.354786788645015,1.0,25.216761961323982,37.47951906227004,46.46676462682885,1.0,36.22106792019876,11.67088415348118,100.0
11.85,62.892925573435186,52.946902736662764,26.316370289473344,60.37315504983185,1.0,25.036294778369005,37.471719141723625,46.441377304711246,1.0,36.212026887701434,15.964501987845829,100.0
11.9,62.85984171464399,52.96859609758691,26.158863349017764,60.47441667351553,1.0,25.003248255039683,37.47253692876685,46.43206073851197,1.0,36.14626737554419,14.553396089068961,100.0
11.950000000000001,62.848272720777395,52.998386725032105,26.489468714976997,60.28655799754468,1.0,24.83496284130696,37.451258034690284,46.44250613925589,1.0,36.182599620741016,15.242868341373198,100.0
12.0,62.84393295056272,53.01790739129589,26.728955277414315,60.32669912663482,1.0,24.734044809663562,37.46245301949154,46.459056737654365,1.0,36.219046543120484,14.639579893755942,100.0
12.05,62.82934937842169,53.03326698769401,26.871405308568182,60.34278795397081,1.0,24.673702189750895,37.46187565357333,46.4496443931989,1.0,36.13043426331031,15.123381901931044,100.0
12.1,62.81189831980123,53.029604058109335,26.972081563014296,60.35628079897902,1.0,24.71037762704927,37.47759131414358,46.46069693935217,1.0,36.248098840635684,13.223579060251431,100.0
12.15,62.79398032110496,53.02098048771395,26.849051065806165,60.354459451030245,1.0,24.9614982722431,37.48519714529915,46.44321120718128,1.0,36.29804805950413,11.183586503883271,100.0
12.200000000000001,62.791580532099765,53.041074190492914,26.75583716894057,60.325486780630634,1.0,25.24361846195088,37.46638551239652,46.43763899944005,1.0,36.22055075995384,14.728303690317595,100.0
12.25,62.77865692665683,53.043845180933644,27.00049219679865,60.2973584258791,1.0,25.330257237983595,37.46847743735484,46.42024626348783,1.0,36.31249456075862,10.630754517897081,100.0
12.3,62.77930977037215,53.081588509236994,27.187378357053834,60.30428239353044,1.0,25.486088056279918,37.512517159424256,46.4461644687058,1.0,36.42191516809609,9.17874454264669,100.0
12.35,62.778270440852936,53.0773987535464,27.20764448727092,60.19330892985163,1.0,25.696622161401393,37.477702074681005,46.441675429114234,1.0,36.230600138776055,13.708042444993685,100.0
12.4,62.77316162034099,53.07004321526855,27.2170995708294,60.182646980974,1.0,25.81688938617785,37.472936775163106,46.42684355682162,1.0,36.26962321737199,13.345616410010944,100.0
12.450000000000001,62.778674788420844,53.06663994092044,26.879170877730754,60.336505010335316,1.0,25.867056072260233,37.468077122450296,46.45443287525364,1.0,36.18366715874065,12.379880984230715,100.0
12.5,62.79798890692253,53.067311703153614,26.63299339102869,60.378423307920315,1.0,25.951302708495817,37.48612891253614,46.46182949485518,1.0,36.37206695992745,13.654171745129906,100.0
12.55,62.763517768954365,53.11258356575801,26.600937004934593,60.33950336355513,1.0,26.255774524641993,37.47560473007639,46.44174903940433,1.0,36.22286226450564,12.522142960801645,100.0
12.6,62.72506032251727,53.14531530883888,26.578149319129594,60.363056787015594,1.0,26.339585032910374,37.47645947667891,46.42299889906066,1.0,36.27712560340708,13.2599662847273,100.0
12.65,62.69916649384658,53.18098199463292,26.848974938438197,60.339597802479986,1.0,26.704190387388486,37.47281427050428,46.432135024188355,1.0,36.31590396436993,13.95128771683028,100.0
12.700000000000001,62.67271202373403,53.20069204755758,27.03957432403776,60.296782830388096,1.0,26.7219219574386,37.4647662788285,46.43855040122029,1.0,36.09901432084929,11.980045647117711,100.0
12.75,62.64847828844662,53.20664120993245,27.241863735199026,60.27397551202265,1.0,26.895175194494804,37.485583553487416,46.442886600607686,1.0,36.28298108948699,11.350848050499378,100.0
12.8,62.69008613285739,53.13698640894248,27.384895702090223,60.247020399249614,1.0,27.119040054587263,37.46620710110264,46.4258239786422,1.0,36.200031017187044,11.366493189886853,100.0
12.85,62.730021429825314,53.08496163457804,27.098888671759227,60.35436618478818,1.0,27.401558448987046,37.45163287850526,46.394537852022154,1.0,36.369144940485064,13.393769566112763,100.0
12.9,62.76392943808596,53.05638708967987,26.904700220256835,60.46873104215052,1.0,27.794168946743074,37.44254465934066,46.4099711414317,1.0,36.0240293959475,11.1734187367101,100.0
12.950000000000001,62.79425149548338,53.040152658794966,26.836264780559485,60.466623840042665,1.0,27.944782242794034,37.471490023629464,46.41539038570066,1.0,36.211761446077816,13.222405223936383,100.0
13.0,62.79958865805309,53.018420008109956,26.780753508869957,60.38708127607137,1.0,28.206531475198688,37.43612863030113,46.393253031427996,1.0,36.267901040778305,13.624996188272176,100.0
13.05,62.83544255787466,52.987803437815025,26.877499338494108,60.402645862100655,1.0,28.42539826336734,37.484019483717475,46.418826579130425,1.0,36.232450721990745,10.603983649474136,100.0
13.1,62.8518593801432,52.96702133964816,26.9494054467469,60.37466976122557,1.0,28.455367882015093,37.45978965422452,46.433475469182824,1.0,36.10906164087148,13.652193354322385,100.0
13.15,62.85987127767761,52.93417244281043,26.78820046988302,60.40501272866467,1.0,28.36501246410233,37.476464304489035,46.4089700859201,1.0,36.17635189979564,12.755665433680003,100.0
13.200000000000001,62.87906839476252,52.92134216838135,26.675083879385348,60.427297047762686,1.0,28.363898989821372,37.461591375566485,46.42483318990446,1.0,36.364459425211,15.193590189266182,100.0
13.25,62.90043069725591,52.932268836132614,26.893823711760923,60.39020620505204,1.0,28.458259435457407,37.455811918115714,46.43105907656204,1.0,36.43438233996741,12.75721171594091,100.0
13.3,62.84415704152869,52.97581213656826,27.053882817240964,60.31389390412046,1.0,28.320480001616477,37.44430332002219,46.40404383515282,1.0,36.2881905043912,13.405377200519924,100.0
13.35,62.79972027711924,53.041928981505386,27.036192405320183,60.29112093905248,1.0,28.06760275490569,37.422188352818395,46.38017999239817,1.0,36.31914510915872,14.142397799121879,100.0
13.4,62.779070467579835,53.070758994455645,27.019489001718842,60.26417370309823,1.0,27.749030478288688,37.43671221891776,46.38300591902294,1.0,36.263500662917735,13.204141386712877,100.0
13.450000000000001,62.76885068985578,53.11769600542758,27.11936124766051,60.37017861730656,1.0,27.431018138528625,37.431984195132976,46.42649581441194,1.0,36.290108853335774,13.736712650354589,100.0
13.5,62.75391886398979,53.14225992397577,27.185019625413346,60.32329354783664,1.0,27.198984356117172,37.435257835560584,46.41502945563298,1.0,36.11560121584378,12.8918854240979,100.0
13.55,62.76460212653882,53.10595327089133,27.534590153729532,60.24138633510597,1.0,26.878949772107692,37.42347732271682,46.41461316394516,1.0,36.166974768368156,13.404325649502772,100.0
13.6,62.76296769742226,53.0953540558861,27.793667123229074,60.24014188590761,1.0,26.58781269770634,37.42686043949789,46.40739057638341,1.0,36.09837980187285,13.65307972865665,100.0
13.65,62.77224236262586,53.08134801438704,27.81662315146594,60.103361797713525,1.0,26.34341184047648,37.42007052113662,46.39423658056696,1.0,36.136024332143904,15.81502678317417,100.0
13.700000000000001,62.77724738221419,53.065082214978055,27.83217980901658,60.098841773911,1.0,25.99016568822465,37.41998118728918,46.393715565704376,1.0,36.25729329026269,13.740182850222634,100.0
13.75,62.78574510608953,53.048956894771486,27.662033541136086,60.230311585894896,1.0,25.886504912887894,37.403386222685256,46.379262652816024,1.0,36.22065106774224,16.152845086737834,100.0
13.8,62.816149436691774,53.011320129168354,27.541782720374652,60.2417720921037,1.0,25.490226951777956,37.42264309827271,46.39501371528404,1.0,36.152614068807594,9.62724305274564,100.0
13.85,62.840124415988754,52.98614151109482,27.267765491184274,60.43105134706172,1.0,25.26388814191607,37.403967602658376,46.40963591440267,1.0,36.25525956216225,12.425905658786796,100.0
13.9,62.848258829616256,52.967709712853456,27.072091076136513,60.48616136730665,1.0,25.220931055681053,37.42205349129459,46.402098230609454,1.0,36.27281806519401,14.142993408111804,100.0
13.950000000000001,62.85927313597341,52.96467658715234,26.775151792277924,60.46083624520553,1.0,25.321467379952086,37.39333854161414,46.4012930984939,1.0,36.275787886614154,13.75319222970441,100.0
14.0,62.86088205115575,52.95057032107884,26.547439908155006,60.50102442400372,1.0,25.516071040382855,37.416485615405286,46.40367364129928,1.0,36.33136954370789,12.884629485382892,100.0
14.05,62.86665026723083,52.94508954081414,26.783090922334463,60.37304527934172,1.0,25.772010790965375,37.39426806648416,46.40780211247901,1.0,36.35488435741534,14.82597478478986,100.0
14.1,62.88598009985503,52.939553756726184,26.947723631903976,60.33103805893851,1.0,25.96535977437436,37.36795904992404,46.394319079421145,1.0,36.3857846113989,12.393689907062242,100.0
14.15,62.905252465462844,52.9385143930387,27.212341697848746,60.28532473643875,1.0,26.03556694576725,37.38511143317889,46.398332976119256,1.0,36.187157475236255,14.367026103067001,100.0
14.200000000000001,62.915326495826726,52.92740501833283,27.39570754537583,60.19338111044101,1.0,26.098445715140333,37.38074826682515,46.38864816527762,1.0,36.21065437868822,12.531259156950837,100.0
14.25,62.924988697437065,52.92095375459867,27.262507907905686,60.3206886946603,1.0,25.80775196515852,37.41169898839909,46.39774486683442,1.0,36.343250756033775,10.303566954116828,100.0
14.3,62.88883389559749,52.98250525357607,27.16214765417018,60.27106798078882,1.0,25.607721769095374,37.40099291670461,46.37448483525771,1.0,36.37404252259843,10.123235431666735,100.0
14.35,62.86198463462911,53.020168072698425,26.70668830762877,60.41749646045608,1.0,25.42624400943416,37.42343586692068,46.3861042940066,1.0,36.235130971213295,14.253185109786092,100.0
14.4,62.84258929000479,53.06938976994563,26.365249352889954,60.46712577197038,1.0,25.27240049425068,37.434654500973856,46.39178514938049,1.0,36.300893563147206,16.153986473620957,100.0
14.450000000000001,62.80517123021983,53.07074276756052,26.253656511998873,60.358066921524355,1.0,25.307330783778234,37.405118478531364,46.36694806137524,1.0,36.28806671452146,11.578910255181055,100.0
14.5,62.79261212606186,53.08607865745613,26.171235279206478,60.32444873816952,1.0,25.49571836966471,37.39278090465711,46.364003013772965,1.0,36.37318795474494,13.150666443535249,100.0
14.55,62.776266607296876,53.0889613060312,26.476896875666764,60.303495869012835,1.0,25.658025732567165,37.396385796114615,46.34598614337645,1.0,36.16400905986102,12.212359417801839,100.0
14.6,62.7841484022688,53.11382307921426,26.701911713307613,60.42528532824553,1.0,25.72105791117951,37.40776722531948,46.37153129440406,1.0,36.3000032329484,11.360397229092582,100.0
14.65,62.774829970115604,53.097760766546614,26.62501593172284,60.44190519511774,1.0,26.177822487720505,37.426328730270455,46.33705968405021,1.0,36.21265584033702,12.916881864599125,100.0
14.700000000000001,62.78205043450378,53.10616738495317,26.57460876841281,60.458119228267805,1.0,26.322611549404368,37.43593065743741,46.36848297011496,1.0,36.112197892917685,13.69470500358128,100.0
14.75,62.79362107332861,53.10229324057728,26.668780081418646,60.33402390997404,1.0,26.75339273860599,37.41985292582138,46.390957453654984,1.0,36.38182500483123,13.470423159296965,100.0
14.8,62.83632253836523,53.00521445053707,26.736413678231635,60.331273093829,1.0,27.03533775160622,37.413967421491485,46.35798574805325,1.0,36.212198937860364,11.48617748501142,100.0
14.85,62.87799995477564,52.96797953249331,26.802765888250388,60.43486060453739,1.0,27.118909685665322,37.40313193175239,46.384869225067106,1.0,36.40272655438215,10.909169595603027,100.0
14.9,62.90305449253376,52.93452805720936,26.85001613922396,60.34803908075651,1.0,27.258667599886028,37.40609130616333,46.38350663350829,1.0,36.31257236486819,10.983891716925172,100.0
14.950000000000001,62.93007119627213,52.94361568003321,26.945385039474075,60.31467047362606,1.0,27.278197179482913,37.427162953463345,46.390865944907276,1.0,36.43356023540399,14.636219878804436,100.0
15.0,62.94791073561417,52.91941212891016,27.02042341767946,60.30032499936791,1.0,27.522692102280228,37.395318450608166,46.3762775146641,1.0,36.207767917974344,14.808382741248739,100.0
15.05,62.9051953182203,52.98710648298473,26.7603780924214,60.50125279504156,1.0,27.522283930752216,37.387062114557295,46.3633514430128,1.0,36.36446913749447,14.845400562184295,100.0
15.1,62.85994300464728,53.05209278815106,26.573303143226795,60.52231265910096,1.0,27.413823471528175,37.39854781132572,46.40754178169082,1.0,36.23911850064509,13.929363493094819,100.0
15.15,62.82741880380101,53.09336992543424,26.877977730657904,60.25632921255079,1.0,27.581620723115336,37.39508202224765,46.40816715810399,1.0,36.322164382130296,15.582861565428722,100.0
15.200000000000001,62.80463739301942,53.1082921762294,27.09490897266326,60.18821294605604,1.0,27.29902957575047,37.395239960803494,46.38033323157339,1.0,36.24211310709686,11.40323523659193,100.0
15.25,62.7835751942381,53.13109762246315,27.465898060579487,60.323701390215575,1.0,27.07686341846906,37.3839291573898,46.39989561300546,1.0,36.2147770234037,15.375110048554665,100.0
15.3,62.80756674620898,53.0835575340835,27.730947066310907,60.4004471249144,1.0,26.939629064788274,37.410486815954464,46.40730103096884,1.0,36.2435041867229,11.101647858328604,100.0
15.35,62.812403541330646,53.04754567608388,27.39748662045887,60.40192701562959,1.0,26.799776687009054,37.41315267244622,46.359647484391864,1.0,36.057193858368045,9.789112441072827,100.0
15.4,62.827079149460005,53.037391884720996,27.16523967627159,60.45872728960495,1.0,26.995159967073075,37.41782615237559,46.38415699868526,1.0,36.323681922475735,12.708483032088655,100.0
15.450000000000001,62.853061152571286,53.00698051112505,27.021532045906092,60.43075186262073,1.0,27.27116945283556,37.40543905287145,46.3781718546791,1.0,36.30330974142486,14.718564913384078,100.0
15.5,62.87007626822514,52.99118007300858,26.917676190170624,60.45053272122671,1.0,27.61551949073076,37.3917416670324,46.374759709232904,1.0,36.37089986261432,13.316776017351486,100.0
15.55,62.82417575280333,53.075749292887274,27.01267029088155,60.46539319528657,1.0,27.80527962459366,37.393739626914986,46.37394470262588,1.0,36.43073545115529,12.715602606958582,100.0
15.6,62.7860971754645,53.166769764407164,27.07614155663671,60.45127398490969,1.0,28.07399742475653,37.395243062045026,46.37382370349873,1.0,36.42983866260052,14.076103685652798,100.0
15.65,62.768430044918624,53.19802251814202,26.632758850628072,60.48388951145554,1.0,28.33361525743801,37.38430384213697,46.399677844248345,1.0,36.42373008520125,13.796754559638057,100.0
15.700000000000001,62.732119105926685,53.232500878765535,26.29939939483775,60.44728179624665,1.0,28.45424923216557,37.38525012964567,46.380904929071804,1.0,36.24422486202514,14.000597234230229,100.0
15.75,62.69764073729644,53.24443425186391,26.451817124424526,60.43811864012234,1.0,28.72222939178944,37.38538278432558,46.37288178195036,1.0,36.41013267612246,13.516952983614605,100.0
15.8,62.68995580000898,53.22877066567815,26.56615610482141,60.3728218156815,1.0,28.760926054135066,37.3803471135526,46.345015150856035,1.0,36.17321814741568,13.807290907266713,100.0
15.85,62.68883422850925,53.21516352271154,26.645213066808655,60.35832399060262,1.0,28.875496525599434,37.39627574941936,46.33500521384969,1.0,36.24962464458404,11.195038905300494,100.0
15.9,62.681602803730776,53.225380034457146,26.709754616108242,60.39942028282041,1.0,29.114936196632907,37.38836918179207,46.33781653032691,1.0,36.13022752800884,14.836810508405627,100.0
15.950000000000001,62.68993112975269,53.217780795590876,26.60516681260319,60.47803995128401,1.0,29.13302987813278,37.3924614871402,46.35014068446918,1.0,36.30501932639805,13.294762858991161,100.0
16.0,62.685227194710414,53.218683661786365,26.52772346111944,60.46390113733028,1.0,29.196239017433136,37.39929698716735,46.36244266740548,1.0,36.33586411050856,14.82983999039616,100.0
16.05,62.70809659950712,53.17825852017576,26.562226743774485,60.28262473212022,1.0,29.255550238170976,37.365852621371985,46.35828198341784,1.0,36.24228271171967,15.128396760839182,100.0
16.1,62.72266903597546,53.16458849497055,26.58336844927822,60.27691621023449,1.0,28.892646306205634,37.3721247951868,46.355813253042605,1.0,36.14954934977185,15.4217971430029,100.0
16.15,62.734847656968114,53.14347534764158,26.62856220727272,60.37285649553384,1.0,28.73954335202637,37.37374843099377,46.337285695002436,1.0,36.26041871082868,12.368004059974371,100.0
16.2,62.736111327267515,53.15734829329567,26.662324565613808,60.4319836024816,1.0,28.57808647328331,37.380108638448355,46.36741242565731,1.0,36.20762477579515,12.825307557487895,100.0
16.25,62.7438194572961,53.150090905894736,26.648048861349398,60.373129412333896,1.0,28.442420777700057,37.36217210529261,46.357137697276166,1.0,36.22097442723844,13.689341381945452,100.0
16.3,62.738312729129255,53.170837742698794,26.63470049760798,60.40709166741913,1.0,28.047424023898333,37.36414181939375,46.34074636741931,1.0,36.20397882211939,13.168614950239308,100.0
16.35,62.73212048812328,53.18372106727318,26.44797513501504,60.56715850123668,1.0,27.861430835776144,37.36638041200672,46.339722176996375,1.0,36.3606285300217,14.032452794262797,100.0
16.4,62.74571585936079,53.196993725409506,26.320845731619233,60.61135510254439,1.0,27.852591979157758,37.39142635471928,46.362526658743725,1.0,36.1081969359371,12.076077466954864,100.0
16.45,62.741429285098185,53.20022109110675,26.554392030634475,60.474348217507796,1.0,27.877003091759516,37.36938896159433,46.35616145971763,1.0,36.26296404416524,12.577896109818465,100.0
16.5,62.74159939606204,53.175399930348036,26.721906250909853,60.432966478582756,1.0,28.082073271138043,37.362096357295115,46.34141097646673,1.0,36.34079899776028,12.27587125494348,100.0
16.55,62.75785634186908,53.12395673930259,26.902166660727914,60.32518559774768,1.0,28.032566183162945,37.36689368130842,46.34448811697027,1.0,36.21297101338993,11.157538008453137,100.0
16.6,62.75523138495842,53.10115173862671,27.033262153238574,60.28887893930109,1.0,27.91133065980782,37.359175561821765,46.323066263564584,1.0,36.217718651417925,11.027706669045076,100.0
16.65,62.76895732076888,53.10234653298028,27.130476701422438,60.368347936528075,1.0,27.661045518168596,37.37021486471898,46.341543877283975,1.0,36.29628770437192,14.163014316132431,100.0
16.7,62.79072586090513,53.11707750005737,27.19780522707739,60.41251909594602,1.0,27.537418668246982,37.36899628641841,46.38374628070347,1.0,36.116510518584825,13.444376018706873,100.0
16.75,62.799575204842846,53.09946356283078,26.881877997378247,60.36371761387145,1.0,27.241981262137884,37.33526272848967,46.350459008187656,1.0,36.20658724823855,13.95829731145344,100.0
16.8,62.80393000824902,53.11804685915438,26.64911882394144,60.30896875991449,1.0,27.09908555260717,37.343904788761314,46.333754966991236,1.0,36.34182935692535,14.056448086865995,100.0
16.85,62.79936641766837,53.13296158029934,26.34272149835927,60.466271366307055,1.0,26.751560772754967,37.36586030879787,46.36115739232988,1.0,36.41909664171811,14.001874273209433,100.0
16.9,62.798679676592194,53.115443407713784,26.11579950850308,60.44604149910033,1.0,26.58244612546684,37.35474640956302,46.338778872701425,1.0,36.44281046821368,12.724221833623712,100.0
16.95,62.80010660848883,53.13686579660968,26.37516048381039,60.417526399215916,1.0,26.320750345239556,37.37209713844016,46.34782503464204,1.0,36.211357805282844,11.590418276334892,100.0
17.0,62.795716644119224,53.11480998965646,26.560711661952514,60.43015392897975,1.0,26.01995224225156,37.33398500779484,46.3116723628928,1.0,36.21627575233433,11.808767971501169,100.0
17.05,62.799595668041455,53.139701402433865,26.59072945614432,60.421352007960934,1.0,26.019851874140002,37.33673073451584,46.33139241323789,1.0,36.29572094572623,10.798971123838186,100.0
17.1,62.817218961327754,53.143739336991615,26.61373227180861,60.439501331131275,1.0,25.912602302067125,37.36596285392471,46.363391870507726,1.0,36.29180793562532,13.005229330396068,100.0
17.150000000000002,62.807336413947,53.13835663262324,26.270311747942007,60.48582290407124,1.0,25.919595043830245,37.35680010936923,46.36873174158391,1.0,36.230577916919486,9.807555590543712,100.0
17.2,62.803884938077985,53.14861622602182,26.017450574292404,60.43273846097525,1.0,26.02010786564832,37.35317515730826,46.37142892141067,1.0,36.3648399372557,13.590061215316013,100.0
17.25,62.79183444110735,53.150345800259274,26.191537394482147,60.38802779167431,1.0,26.132462748845363,37.35589744039066,46.355117939247336,1.0,36.23787804132808,12.574544718029387,100.0
17.3,62.77925490139516,53.15592732508454,26.316030655091645,60.42331018606858,1.0,26.013646379577235,37.356815671964334,46.34439918940053,1.0,36.39947481766208,12.616543762834024,100.0
17.35,62.77214170880217,53.155379950712174,26.15132949464635,60.48505470512627,1.0,26.12541047740084,37.353979639710126,46.323268034014866,1.0,36.360540708680276,11.304042309042941,100.0
17.400000000000002,62.777172241987074,53.18728567138457,26.039716565894313,60.49258358529011,1.0,26.292149104091255,37.3573126047484,46.35844008042822,1.0,36.267160964148296,15.34345151650145,100.0
17.45,62.769813386360326,53.185315933962315,25.979641855037315,60.51788590890099,1.0,26.239885694416994,37.34667052237154,46.36083680554445,1.0,36.131502230938594,13.898896373924606,100.0
17.5,62.76655963527686,53.164904680387146,25.937769474186886,60.4778797944413,1.0,26.464774213615208,37.3533992393534,46.33594205735695,1.0,36.18950556628099,13.84382714135271,100.0
17.55,62.7928643860001,53.13646010888779,25.768759831467538,60.56079562693687,1.0,26.817345401246993,37.37751315671272,46.34601947379371,1.0,36.413197057685046,13.195772212137385,100.0
17.6,62.81773272317772,53.12828659951178,25.642331096310993,60.635406262879364,1.0,26.98165375281608,37.35763897326632,46.36101107890154,1.0,36.324292717110964,12.048565426126006,100.0
17.650000000000002,62.82275673729241,53.11435264361991,25.76340288213205,60.60921957947321,1.0,27.193415424114967,37.36549199963498,46.360193864695134,1.0,36.39757108684719,10.735282382225474,100.0
17.7,62.84223614551904,53.08301380923068,25.85079004115482,60.543880676163205,1.0,27.632292619030117,37.35077605170236,46.334617088396556,1.0,36.168394931237394,14.466106896897207,100.0
17.75,62.852494988635485,53.07542123921672,26.095585432970665,60.51760232675305,1.0,27.69702633024222,37.382681916007165,46.32049112061053,1.0,36.205191380081885,14.963930775084759,100.0
17.8,62.88177884024608,53.064926462449094,26.27801621359159,60.48029972582072,1.0,27.710247798333786,37.38669956593831,46.32201095683977,1.0,36.19413412711856,12.435706643438039,100.0
17.85,62.914717762611176,53.067575765790075,26.66648441648631,60.23704295235241,1.0,27.688062401614726,37.36401099693105,46.32490507866757,1.0,36.28124557197783,11.209980357029071,100.0
17.900000000000002,62.93973169294091,53.074683159789245,26.9570097770155,60.28790994798594,1.0,27.65750497044806,37.37488633448154,46.36130699986909,1.0,36.44775749806936,13.146098831409647,100.0
17.95,62.94990988123384,53.05731504542262,26.254975294851903,60.454820342570365,1.0,27.421098979904595,37.36046278237847,46.35973874205252,1.0,36.155507366180196,15.959851051303254,100.0
18.0,62.95939983865632,53.04745707414097,25.745720488908383,60.50578007649091,1.0,27.16218063565532,37.36487814778661,46.402634931427414,1.0,36.321299382943025,12.319428437162163,100.0
18.05,62.9559598284609,53.02816521620654,25.80757477336485,60.57747763893683,1.0,26.82934080673992,37.36784952453141,46.357793810923,1.0,36.40028560903307,14.409324107059494,100.0
18.1,62.94605746652651,53.03131705417831,25.86111613217164,60.5907471927285,1.0,26.683780245896816,37.35244487377274,46.36146886963865,1.0,36.32927691394609,10.477601843247479,100.0
18.150000000000002,62.934575623702536,53.02890394841334,25.72981351703183,60.5479937740142,1.0,26.69618554004997,37.38290719587507,46.345243322050955,1.0,36.36262891346166,9.77742881917381,100.0
18.2,62.95094122117148,53.01837681268863,25.635574857695016,60.52723232397781,1.0,26.71747274010359,37.405933818625115,46.33733446558052,1.0,36.42357677110707,13.668960228078289,100.0
18.25,62.95425968492027,53.02094712653018,25.57704567596677,60.58994306316304,1.0,26.5665006415578,37.391986810843264,46.32928793082995,1.0,36.276122823666796,13.266324134954768,100.0
18.3,62.917363451024926,53.069976605244065,25.525385743152377,60.54270036237485,1.0,26.56644233187428,37.38610855091844,46.32583377102788,1.0,36.43684130637391,14.7148434655163,100.0
18.35,62.878445602145796,53.101429653029214,25.815610575060457,60.410436316478155,1.0,26.665356713822874,37.3617270998167,46.327190081520726,1.0,36.323967968876524,13.308015648530674,100.0
18.400000000000002,62.870805978671974,53.1329544829246,26.026487139361922,60.41793949674104,1.0,26.53090097532439,37.36596920398894,46.336858767976516,1.0,36.33278483752785,15.795153668651835,100.0
18.45,62.86550049733293,53.148227592075784,26.086889118569403,60.48629220461334,1.0,26.486321608815224,37.36448771830916,46.33779150408898,1.0,36.293882124986204,15.382995783570397,100.0
18.5,62.860364905033855,53.16454218871531,26.13803710721185,60.545043541186836,1.0,26.318952737793744,37.38861691616123,46.357874218230485,1.0,36.46691327947789,12.851818140356809,100.0
18.55,62.88402989859186,53.07368880864893,25.743137561810816,60.51459706076861,1.0,26.393504532634847,37.36008338979286,46.314582370432376,1.0,36.32001885155538,12.127295415656045,100.0
18.6,62.92008365879038,53.02312706256898,25.45583538196253,60.507671079527356,1.0,26.537301504732213,37.36879640868024,46.31820194872849,1.0,36.34669884819545,12.8615261742208,100.0
18.650000000000002,62.95436565912503,53.00834445135917,25.5664493069748,60.63537312399763,1.0,26.658076490596457,37.37779222341236,46.35142794617256,1.0,36.33948227858139,12.303083840813377,100.0
18.7,62.97963059678833,52.99554633566383,25.646899442287374,60.594185859532175,1.0,26.80039653818236,37.3723526073986,46.34204375845994,1.0,36.43482054755837,13.041614130395418,100.0
18.75,62.98637694769954,52.9684988314587,25.850891829523487,60.53783450490217,1.0,27.01867853543301,37.388257531542344,46.342175349935474,1.0,36.47520696207266,14.401012022861696,100.0
18.8,62.98649892967428,53.02038198090873,25.99676848403371,60.54213436364673,1.0,27.041390061960545,37.38271163599363,46.352827585041936,1.0,36.274055491841075,11.980545398614169,100.0
18.85,62.957242851737334,53.02917775417386,26.299185124710743,60.421209761881606,1.0,27.056690930461258,37.35552653947877,46.32183186799347,1.0,36.54207561637595,15.915916082636105,100.0
18.900000000000002,62.954566215951054,53.05648146919994,26.531175450761246,60.483972546158114,1.0,26.97291514153745,37.37971558787395,46.353285654571394,1.0,36.164800586960176,12.927031173803135,100.0
18.95,62.945540975314664,53.05793085270114,26.690185030293296,60.3309405117552,1.0,26.79422116971003,37.388273398167996,46.34594669079802,1.0,36.419329822231916,11.499870572110932,100.0
19.0,62.9375382906845,53.07088851035573,26.803119881548703,60.356826219032676,1.0,26.6273446233019,37.36613718492421,46.35610448286963,1.0,36.21924272750691,12.595894453589361,100.0
19.05,62.89542473982962,53.11878391344189,26.737820902390965,60.48488510655615,1.0,26.56958803625513,37.38208271786316,46.379261507335876,1.0,36.37341605468667,12.079931407522395,100.0
19.1,62.86214781862407,53.142049785565035,26.68829938202867,60.4512135943236,1.0,26.50414237640277,37.383556985267795,46.35033210545245,1.0,36.25037202243544,12.070257395719796,100.0
19.150000000000002,62.85116147232976,53.15549799983998,26.640585733846333,60.40220818323195,1.0,26.60313510733023,37.379269117535,46.362423877234185,1.0,36.22323004913807,11.417617959099264,100.0
19.2,62.818988965352574,53.15229354501222,26.594799821134846,60.382132737859706,1.0,26.484062963587725,37.37995115710408,46.330937291890656,1.0,36.33955067635823,12.453570516355281,100.0
19.25,62.81644711686006,53.17784921715433,26.20311290727103,60.468840216341604,1.0,26.541198988097616,37.37531472059482,46.353282902150525,1.0,36.36659673073453,15.371672745289404,100.0
19.3,62.81167634434818,53.19579928821176,25.902790322030576,60.46213839448035,1.0,26.60180045548013,37.36937169997011,46.34286767017203,1.0,36.18438646490049,10.394696626792726,100.0
19.35,62.803542237637416,53.21419859827948,25.47961817767794,60.56699980248266,1.0,26.933806225175093,37.34474419476913,46.33218539757753,1.0,36.39666771201716,11.309458005946707,100.0
19.400000000000002,62.80409675750722,53.232019356396485,25.168235869125294,60.6071524680709,1.0,27.08841208112688,37.39343006932238,46.3504352599763,1.0,36.10704558355448,13.683859285473474,100.0
19.45,62.80397871571739,53.23102869817771,25.168603200093678,60.53592516424557,1.0,27.321372938595253,37.37312286176406,46.35297670877822,1.0,36.36067036340732,14.94415520630791,100.0
19.5,62.79316242120102,53.24789610915039,25.17191712587024,60.53934997995601,1.0,27.40645161626917,37.36979338142963,46.354803735018706,1.0,36.36926538363097,11.41646105392893,100.0
19.55,62.79286036152902,53.23727892622184,25.048910366574262,60.58986645402759,1.0,27.69791024533297,37.38736028457267,46.34433692148621,1.0,36.401108181217154,14.700340223397516,100.0
19.6,62.79554943177989,53.233778273032854,24.959693045644876,60.570354407727486,1.0,27.902931884699232,37.384927010411914,46.34355563281461,1.0,36.38261605086515,13.680336189999132,100.0
19.650000000000002,62.79006367431461,53.24238730344154,25.235664329198663,60.49855298666292,1.0,28.087688172369,37.37737409471445,46.37898040924371,1.0,36.282828192846566,11.149351634650413,100.0
19.7,62.78054254394563,53.23792820434856,25.428320685815994,60.47163821630333,1.0,28.18425696690833,37.35353412287526,46.34147388332988,1.0,36.2966217057061,14.159860506741833,100.0
19.75,62.780112831679276,53.23592631293809,25.75413596273887,60.360928473507336,1.0,28.267914198184368,37.363836474533876,46.36136560035037,1.0,36.231621349415484,14.184817730840237,100.0
19.8,62.839157426960945,53.16393825015202,25.991218493616643,60.23484724242599,1.0,28.592200104072656,37.30196757306408,46.35439813483809,1.0,36.31645241001718,14.758128193281653,100.0
19.85,62.877633628384466,53.11308974706784,26.28146271895197,60.5034512789088,1.0,28.212364863830068,37.33591468696597,46.397154064607975,1.0,36.20468861151505,11.547872000715836,100.0
19.900000000000002,62.89283309185869,53.04666689682779,26.48173969156815,60.40386140913148,1.0,27.968204261663235,37.3271613326131,46.34673162425236,1.0,36.21447465265748,13.3655520794461,100.0
19.95,62.90426191012524,53.01704375993678,26.281688889899623,60.56574134868441,1.0,27.91581797118912,37.32925894317357,46.32433291814366,1.0,36.31388477789405,10.956971076193254,100.0
20.0,62.93930908867859,53.01503645784622,26.139100181450463,60.61392641549288,1.0,27.653476140070993,37.34407245754071,46.35794794428283,1.0,36.58391958305332,13.113803999487809,100.0
20.05,62.937016871676065,53.06732837695502,25.80694560143229,60.684334976041065,1.0,27.60335676682822,37.33657305811892,46.36375354106379,1.0,36.52809681110288,13.707524444324893,100.0
20.1,62.939972351741126,53.096569655708024,25.562217938822954,60.7943597162016,1.0,27.493990096789997,37.33841487861981,46.38065084594536,1.0,36.22345040479204,11.889284172361306,100.0
20.150000000000002,62.9221647313096,53.11395935103451,25.801455458296743,60.63818345628219,1.0,27.570095897216568,37.34936197248439,46.37019325974567,1.0,36.33376564903516,13.770856551825116,100.0
20.2,62.909451728978816,53.081589843023586,25.96845583928507,60.563443622583314,1.0,27.64430535838405,37.333057707514804,46.321013385764246,1.0,36.315452874796826,11.166337258781375,100.0
20.25,62.91846405291884,53.102307418557004,26.03807188261466,60.55548144175393,1.0,27.661503544701695,37.346259440173185,46.35325595470966,1.0,36.44493641226968,13.105377941772595,100.0
20.3,62.91442107855753,53.11330949572917,26.08357460311006,60.5647513558571,1.0,27.880432491358583,37.368504285532126,46.35190917762079,1.0,36.531957753385825,10.339087610484999,100.0
20.35,62.90164824832836,53.10681837998742,25.715940725875182,60.52700707309314,1.0,27.99176558593939,37.35189247924613,46.328342689810896,1.0,36.27879567133784,14.23088229805781,100.0
20.400000000000002,62.902434516385725,53.10715847281375,25.44612280990475,60.59617375972087,1.0,27.824343635764222,37.37447680398273,46.35052190422167,1.0,36.46164415660843,15.222085517809456,100.0
20.45,62.91229730243554,53.12642691056218,25.806279357947584,60.47089880321336,1.0,27.837136151487318,37.37146747542178,46.36072633226909,1.0,36.36552303031268,10.508188648350304,100.0
20.5,62.91895649258769,53.128047551496,26.06865324229562,60.46271217835626,1.0,27.766921444117816,37.34481558818718,46.3471038732009,1.0,36.58732753721264,13.911057943041447,100.0
20.55,62.93087835616756,53.10693515865373,25.960216466547276,60.52316266364378,1.0,27.739321268252485,37.36462310756433,46.353043019126204,1.0,36.22695889145816,11.068717104998246,100.0
20.6,62.94139752358865,53.089259301849886,25.881685785183826,60.45667175094384,1.0,27.5911274879245,37.366833765845826,46.34701249709852,1.0,36.29916002587378,13.546110299394826,100.0
20.650000000000002,62.93757667359294,53.07672048114632,26.097984054087554,60.44654466842304,1.0,27.416888878909642,37.35539346238511,46.31352182892958,1.0,36.329353583364004,12.508613743368855,100.0
20.7,62.97095863453352,53.067069211394994,26.260917012456115,60.48844641209628,1.0,27.306275665984472,37.346296944138665,46.35046365723046,1.0,36.48377121794497,15.292319264059573,100.0
20.75,62.962458987067635,53.03176381482967,25.98806287002353,60.48573501475329,1.0,27.28702042840987,37.34192597889136,46.32140133330671,1.0,36.28750115851496,11.324468844757675,100.0
20.8,62.96300522405005,53.07663775204047,25.793466373477443,60.52600098542278,1.0,27.09153424024885,37.360313571271725,46.34703608924829,1.0,36.42540305642791,10.986309580738425,100.0
20.85,62.93990974534032,53.07752540974089,25.857818423818077,60.45731895479074,1.0,26.76257807141401,37.35065752730949,46.32219386014997,1.0,36.2661680541589,13.181864581529968,100.0
20.900000000000002,62.924153368012306,53.08880173815737,25.90776610556009,60.50425273643736,1.0,26.501583571227233,37.33210691306176,46.33737579721164,1.0,36.30983391359626,13.34647436576279,100.0
20.95,62.919806369682725,53.10928722229003,26.051033649268575,60.54144257786933,1.0,26.456539898104232,37.34073328269824,46.36306805966599,1.0,36.2489410903383,10.436064183505277,100.0
21.0,62.92506730509488,53.09979719481754,26.151836689171734,60.530241863102454,1.0,26.264959451597033,37.34806263907927,46.35691270691872,1.0,36.282128768167425,9.270962487423102,100.0
21.05,62.9015393372511,53.09798571983296,26.013865805069823,60.387204308479966,1.0,26.214988262693872,37.318374302456505,46.324814283797224,1.0,36.46063515547516,13.320442972403772,100.0
21.1,62.902893551809605,53.14057562659995,25.91968950571577,60.37563569154696,1.0,25.99162659597769,37.32998773634268,46.37057182970148,1.0,36.31628092773025,11.984065889422856,100.0
21.150000000000002,62.88951293464685,53.12271135130737,25.873778716104756,60.41528437582459,1.0,25.704750131835205,37.35816143552244,46.35974407577627,1.0,36.168196573330704,13.802517721596487,100.0
21.2,62.887692489921726,53.128123880495,25.843346703298,60.49177792444888,1.0,25.48064812479275,37.371221404250406,46.378311205242646,1.0,36.3639898992518,17.01272571767394,100.0
21.25,62.881090821168236,53.134882431088855,25.310620966229283,60.63126403667537,1.0,25.482648295607586,37.350674409326786,46.34667476357857,1.0,36.34967022102218,12.788699628025899,100.0
21.3,62.90366898435368,53.11455773624761,24.927814657844806,60.71517095368984,1.0,25.35273238011711,37.35672206009776,46.357184086264176,1.0,36.462780457170304,9.363229750580821,100.0
21.35,62.9090192857106,53.08886611644788,25.009808405819722,60.612585616898194,1.0,25.79409779671384,37.315708195395544,46.3169482682621,1.0,36.451381100121154,9.557063169233686,100.0
21.400000000000002,62.92155539176528,53.07789209932073,25.06799305142089,60.58386638998862,1.0,26.133512181504877,37.33263048985927,46.30958533672028,1.0,36.38028142827679,14.689410785550649,100.0
21.45,62.956444915589266,53.09591810537005,25.356107577992447,60.51936590265159,1.0,26.454989316981464,37.34216138379008,46.346725677594385,1.0,36.4865602112772,14.18398785326136,100.0
21.5,62.975193487668804,53.07522108322665,25.56270671678152,60.45887550172874,1.0,26.778676637071943,37.35043790883601,46.347036737018804,1.0,36.29159263478101,11.029242611741452,100.0
21.55,62.966385607315836,53.08453973117514,25.514388007985957,60.50474398370322,1.0,26.659941755552676,37.36326191070323,46.339591349850025,1.0,36.366339518081546,14.158287849505824,100.0
21.6,62.97941651817977,53.093603747658726,25.475784477725785,60.509919816381924,1.0,26.63322885330314,37.36605555205703,46.35695661325811,1.0,36.35606295866154,11.396645718128482,100.0
21.650000000000002,62.96664770424636,53.09251016084882,25.71059162277896,60.58571631241801,1.0,26.522357045960476,37.39678927851813,46.380038559631515,1.0,36.48110789181902,11.953729065556207,100.0
21.7,62.95566244295008,53.09798689520632,25.888277984779894,60.50289049570206,1.0,26.579098571708762,37.371075510387094,46.36889296024359,1.0,36.369088352634435,13.668415459719565,100.0
21.75,62.95108234591078,53.09086249950502,26.16739038532834,60.370425644281454,1.0,26.62322411781509,37.35318727186163,46.355254766728216,1.0,36.25921606332411,14.160900741838043,100.0
21.8,62.96608810565177,53.088428682595016,26.382223653798825,60.342137572600414,1.0,26.569315737882,37.37090849348996,46.37986605660665,1.0,36.26166681630759,11.550687593067892,100.0
21.85,62.96506079695597,53.05854882757829,26.001024913907678,60.457690360126605,1.0,26.563844249061155,37.37114687581334,46.363792032427504,1.0,36.37103495542315,13.215300964526673,100.0
21.900000000000002,62.962462267105956,53.0682217788124,25.73136120275714,60.555650841161906,1.0,26.585400901946844,37.34583304851456,46.35405356587265,1.0,36.42630537146968,11.979728950121231,100.0
21.95,62.95939425076371,53.07497371185697,25.902947372886658,60.47768125599978,1.0,26.36532902828039,37.33148952354567,46.369427355513714,1.0,36.378102554120176,14.905102517975571,100.0
22.0,62.96118117460256,53.05329290201546,26.022543171771677,60.423971126393795,1.0,26.404403211822437,37.34263567634087,46.369877481648025,1.0,36.34785346137038,13.240129344014388,100.0
22.05,62.97734715578891,53.01067158545332,26.157224188286886,60.39290772956978,1.0,26.25649960281665,37.33907826083478,46.3739476976886,1.0,36.33711983666069,11.074976028480279,100.0
22.1,62.99661274342257,52.99682368939905,26.25654688370038,60.42392139434129,1.0,26.115768926686336,37.36484849539454,46.40641058403317,1.0,36.2578937473767,15.042955130852839,100.0
22.150000000000002,63.00758482661226,52.97440141796306,26.138106112718976,60.45899968822765,1.0,25.86918411619904,37.36574457825928,46.38741711694238,1.0,36.591265782866,12.662438536603092,100.0
22.2,63.02643588134377,52.9719933021893,26.049847147732525,60.43799011467038,1.0,25.84302946049757,37.35143310312713,46.36211313845683,1.0,36.4201996861763,15.68215751610483,100.0
22.25,63.05611859855817,52.979837908957926,26.26566077423548,60.559437091788816,1.0,25.94051052289579,37.35801077966522,46.377470689207584,1.0,36.46511648894796,10.274372690940833,100.0
22.3,63.049206548177004,52.9909538324978,26.419918764037163,60.53298966777527,1.0,25.873097498011024,37.352375103799126,46.360645495546244,1.0,36.390339066761804,14.18669652022337,100.0
22.35,63.04350151728347,53.001255486388764,26.265244448670252,60.456923266564246,1.0,25.828870695603612,37.359361777136506,46.355302171580746,1.0,36.53489742239574,13.246243170043305,100.0
22.400000000000002,63.041748092642024,53.006892844833175,26.15339806952191,60.49206205393663,1.0,25.725053390393636,37.377100474300434,46.364105274450104,1.0,36.43626592634492,12.790875036528783,100.0
22.45,63.040410616110066,53.02664713778057,26.54017889818113,60.40044058934476,1.0,25.408630034501417,37.38853633378403,46.37693610074067,1.0,36.40495076356043,15.192372721419254,100.0
22.5,63.029120858678475,53.025097320251554,26.824212006147555,60.416762262410145,1.0,25.47354466498271,37.40141999141427,46.36051751440288,1.0,36.40618592900015,14.59803391775305,100.0
22.55,62.997930468166196,53.055184065611805,26.654537498149068,60.475735285952275,1.0,25.333157452437128,37.39337591939663,46.34993975188249,1.0,36.20116706044201,13.757706596157478,100.0
22.6,62.97664700111734,53.097391016467135,26.540321650044778,60.49043002154977,1.0,25.41925840049936,37.409984613455364,46.37689224689254,1.0,36.54172984917887,15.292424253191099,100.0
22.650000000000002,62.97466408494553,53.096808473526494,26.321948612565706,60.55059646611338,1.0,25.61301227076164,37.3853784128927,46.37877800584313,1.0,36.36508135646821,14.792587569009605,100.0
22.7,62.96027995027604,53.12789687659831,26.158986132707827,60.554345039539506,1.0,25.780614964273784,37.401931026200735,46.39337283055765,1.0,36.20112662990991,12.48732745232671,100.0
22.75,62.957226737502594,53.13018487416666,26.250152859559194,60.49823295877611,1.0,26.017157498828393,37.36677041770502,46.391177732317416,1.0,36.50210814258025,10.960248177627289,100.0
22.8,62.92168325540471,53.17192227829524,26.316473289442317,60.53467802507527,1.0,26.488163734355087,37.34725898405603,46.386196762978884,1.0,36.28391142543307,14.1975143200568,100.0
22.85,62.8892666038054,53.20847000957784,26.62508270059145,60.408889854582775,1.0,26.62705102982467,37.386546218439705,46.388754914351466,1.0,36.253208800842756,12.062372582301183,100.0
22.900000000000002,62.86891795945408,53.25106051940037,26.850111088730905,60.359175304184085,1.0,26.955668829177256,37.38190324978724,46.3904267821985,1.0,36.34954753110683,12.050806853849206,100.0
22.95,62.84989990020053,53.2503652439206,26.791569789324313,60.38374323635025,1.0,26.965386391050373,37.38437358299968,46.373392242937484,1.0,36.31685807807264,11.469993848645784,100.0
23.0,62.820180755721985,53.248050416734145,26.75544394297303,60.434211734626054,1.0,27.162718926836778,37.3649712753488,46.39422900167167,1.0,36.16782900386416,16.108843025268108,100.0
23.05,62.86516891406918,53.20228493213526,26.61532498913678,60.45942622874553,1.0,27.216074059898123,37.40930306158491,46.422817563676475,1.0,36.39805207432456,11.899901909763352,100.0
23.1,62.878341764083466,53.14344842969213,26.513745831160136,60.42578532000416,1.0,27.198382887100298,37.38840940817119,46.396151466106986,1.0,36.36513277464055,15.317670476966605,100.0
23.150000000000002,62.92569527085942,53.11604667041684,26.504318025156756,60.46234476679841,1.0,27.342014656283673,37.39118251433031,46.42411702553707,1.0,36.37110122070484,11.327010742016718,100.0
23.2,62.931187211068774,53.09259188132308,26.492251026373985,60.473452725433226,1.0,27.534820361269155,37.38013538972969,46.40605084907863,1.0,36.3032113744928,11.341322986959602,100.0
23.25,62.93635853365419,53.06619626926089,26.431168664006265,60.381748810453146,1.0,27.48405020392446,37.35067306967294,46.38352255076962,1.0,36.37958492322488,16.586471661502323,100.0
23.3,62.89345194155839,53.11576405015125,26.38497492741464,60.436638260677746,1.0,27.45355843623858,37.358897110884925,46.376263281795396,1.0,36.30402848460237,10.160530587418853,100.0
23.35,62.87702543571978,53.16957026943272,26.341382460804603,60.52484820605673,1.0,27.28552035824111,37.36621558574347,46.39189993590543,1.0,36.49429427024883,9.85272053209277,100.0
23.400000000000002,62.859608719742184,53.21384713017985,26.305247202208037,60.54116617581998,1.0,27.142015567265947,37.35208421175752,46.38440329890678,1.0,36.363089948215524,16.625184988170293,100.0
23.45,62.832040421751586,53.22407088654498,26.473741478280058,60.44263964772256,1.0,27.100271010630838,37.359661081721185,46.36815678549761,1.0,36.333993479633065,13.649466890701731,100.0
23.5,62.81507812057148,53.235746507880826,26.59248125906164,60.40595303732396,1.0,27.059504796061475,37.355519561025304,46.36297855806731,1.0,36.30178425847695,10.91454386019022,100.0
23.55,62.818711057974504,53.213657872148985,26.618953726068124,60.38067643986579,1.0,27.099165925405426,37.35919374848743,46.35571491961586,1.0,36.33553982651694,13.586626149441509,100.0
23.6,62.84075850233037,53.20431340763181,26.63751657824865,60.35961142355238,1.0,27.04432881567291,37.372466603431455,46.361274336842975,1.0,36.43291044802747,11.6892504548204,100.0
23.650000000000002,62.837226919332466,53.172449668816895,26.351958981247105,60.31089699069168,1.0,26.946190791748382,37.35210866492589,46.333217108045595,1.0,36.270705944565776,13.125137677957138,100.0
23.7,62.849806655375225,53.17809074254244,26.153574482420925,60.40133351973815,1.0,26.938446527917343,37.38238181866506,46.3784509250603,1.0,36.44798710194811,13.216874401179767,100.0
23.75,62.851538632235446,53.1919572891208,26.347432125185772,60.52368062041622,1.0,26.846046678578237,37.386188880354794,46.38139809136351,1.0,36.21080830076383,13.560868712053853,100.0
23.8,62.83615058990145,53.216581584459504,26.489360298465265,60.579300931072126,1.0,26.800597607849628,37.391570350017396,46.398179528256165,1.0,36.28680536450394,14.101393647939176,100.0
23.85,62.81535774363231,53.22174154483602,26.58118258036805,60.40465174803967,1.0,27.056891505468105,37.334780960298,46.36353039985759,1.0,36.401351290054265,16.521257903452497,100.0
23.900000000000002,62.80898798706115,53.247449177708404,26.660705308756373,60.48075960293717,1.0,26.988988012521496,37.355185680049814,46.38362286044381,1.0,36.42365920713253,12.31752550185831,100.0
23.95,62.79490623621519,53.26541338032298,26.245752119835984,60.57936625068754,1.0,27.051907064425883,37.35247138164377,46.40723039469441,1.0,36.30120112815319,13.116293276846342,100.0
24.0,62.790814439004855,53.268836294038636,25.940036543693186,60.592236906799236,1.0,27.29512718161722,37.33694360202055,46.38110265987255,1.0,36.388270057040586,11.182746511682094,100.0
24.05,62.841807583756136,53.18136363742833,25.976004291961427,60.35507393736873,1.0,27.488845506736244,37.330112904832,46.36025602887713,1.0,36.2764024223488,11.20387049564281,100.0
24.1,62.881017375891865,53.114820546023736,26.004204995970056,60.327160390163804,1.0,27.502442500504692,37.32738879643839,46.354597843626735,1.0,36.272931593926224,11.723973640914037,100.0
24.150000000000002,62.92354844526375,53.07554959062843,26.321216844652202,60.339364899349086,1.0,27.283057452758623,37.348085624116834,46.38669230569022,1.0,36.29128679204351,12.53575485663271,100.0
24.2,62.94135687012587,53.04539272437574,26.546933153463026,60.380747212422534,1.0,26.989367320667984,37.35468150394481,46.37310931859409,1.0,36.30093321547473,11.068785259620345,100.0
24.25,62.97579387077676,53.04280249532397,26.715179476777124,60.41071926069225,1.0,26.68520967891294,37.348418071478214,46.37278455899118,1.0,36.20742275791541,13.997713016934377,100.0
24.3,63.01139772653048,52.99282313407887,26.8484264879756,60.4454069608484,1.0,26.291784613443586,37.364063188069004,46.393605599514,1.0,36.485485011643846,14.233269051962559,100.0
24.35,63.030903478773006,52.9624944302116,26.78695119767516,60.37384863738913,1.0,26.06711816293869,37.343875523276886,46.36172871997683,1.0,36.42278956778397,12.210817896649555,100.0
24.400000000000002,63.07248805241114,52.93297417503857,26.756798936340047,60.43413357691725,1.0,25.74662863638989,37.365965451822106,46.38856242306775,1.0,36.408187202228014,9.863220254903045,100.0
24.45,63.08199281070954,52.914527192310885,26.860735643164517,60.34605555499958,1.0,25.361148411924482,37.36386863368529,46.35929011320863,1.0,36.43161616121856,12.014021484364294,100.0
24.5,63.10486198562689,52.92131153826774,26.94718654886398,60.30447905929127,1.0,24.78623077999375,37.356426318219725,46.384281184138715,1.0,36.47685777665143,14.08430984117475,100.0
24.55,63.0865649964518,52.94084288461925,26.81356503658916,60.469750215902934,1.0,24.38631038818579,37.33881762601021,46.38430273710391,1.0,36.421624406822644,10.367681004860646,100.0
24.6,63.08107076339731,52.93211194827756,26.714078735614976,60.4843591688085,1.0,23.88962181709517,37.344221273389095,46.38701634291336,1.0,36.47158177399568,13.288492678275468,100.0
24.650000000000002,63.079313007569446,52.93104389280863,26.54675402218981,60.45646710472996,1.0,23.77838582101482,37.34648706513181,46.37681045608264,1.0,36.29941047813101,12.795642965239026,100.0
24.7,63.100485299837175,52.93871175297185,26.423259332855253,60.487913295727324,1.0,23.58869879836967,37.35044978446542,46.36787284224552,1.0,36.30649198363615,9.699722988843247,100.0
24.75,63.101238152474394,52.93348059043611,26.2078838649731,60.632175676114095,1.0,23.355935488161848,37.37358916183822,46.39335785688504,1.0,36.5267817409399,11.357882032784705,100.0
24.8,63.00728571530945,53.03449801854758,26.042119463262967,60.56809913931789,1.0,23.474383358003035,37.34284151268768,46.35065229279742,1.0,36.48490398803913,12.843932851441142,100.0
24.85,62.964028126488316,53.106723691457084,26.187980578576294,60.58112516677195,1.0,23.801637669031095,37.376952388477385,46.3799081383427,1.0,36.452278416838254,13.711763711319188,100.0
24.900000000000002,62.925759042308606,53.16037290340706,26.287747608770072,60.57287712185843,1.0,23.96908747787186,37.36257041129107,46.37912698181546,1.0,36.406771086033444,12.754994701289718,100.0
24.95,62.87195614595596,53.21344195027495,26.038027770552667,60.509526444149955,1.0,24.455471978839196,37.37809526737642,46.3829734085975,1.0,36.244858575397565,11.937395665680386,100.0
25.0,62.8420365404706,53.22629556571298,25.846864498965996,60.509419678959944,1.0,24.836421074218062,37.4026207130649,46.368919753345324,1.0,36.31231184341168,12.659258428831198,100.0
25.05,62.844382956823225,53.194340985250925,26.249182031969337,60.340464448024754,1.0,25.27160371624433,37.39412963730887,46.36235225137948,1.0,36.391010487997015,12.935318332951876,100.0
25.1,62.87669013428439,53.164156543992306,26.542482075082827,60.299529936100384,1.0,25.78365910285024,37.36944679249347,46.37814808879186,1.0,36.30513930406554,10.850807201573309,100.0
25.150000000000002,62.879673878039014,53.170961926908575,26.232624316152528,60.438929556175225,1.0,25.883311418699755,37.38510671593224,46.37765841481587,1.0,36.24071513069553,14.27913941039182,100.0
25.2,62.87137611145076,53.16594773935802,26.01241705401096,60.51525023023966,1.0,26.20481670614905,37.40378675685293,46.416629525870704,1.0,36.295668017503736,11.922383539094481,100.0
25.25,62.84961503956766,53.147145381909894,26.28663023310231,60.46562517681556,1.0,26.50433888248712,37.377739536986034,46.4086316372217,1.0,36.462448715370186,9.9987495839804,100.0
25.3,62.88290177253007,53.09132190600528,26.484324854829328,60.43604311979184,1.0,26.835040250826975,37.35808350801783,46.3886833033289,1.0,36.29546019580701,12.066929127528846,100.0
25.35,62.895710269863024,53.061241397840234,26.206351304112747,60.52268794796483,1.0,27.121539410958125,37.372211106366585,46.369233725258695,1.0,36.43389950455243,11.753767756219595,100.0
25.400000000000002,62.942222893277425,53.0484177173535,26.00633538206563,60.559100279452686,1.0,27.378301970678404,37.38766138470845,46.384637905187866,1.0,36.44578541534163,12.843668794433809,100.0
25.45,62.943805912419904,53.03262315661282,25.925794155361334,60.523952991847864,1.0,27.737112869580077,37.39612238027216,46.363181868695975,1.0,36.40573100065832,12.11419650905155,100.0
25.5,62.95485652068159,53.022054251835925,25.87184802639918,60.54708824569062,1.0,27.882744367599837,37.39587259562487,46.36258780866089,1.0,36.362706250263194,13.499295244430364,100.0
25.55,62.95227586469806,53.0315839686102,26.014577031184146,60.464364679510595,1.0,27.931153352343834,37.38488933041351,46.35979738435777,1.0,36.425640722979004,14.350660135552534,100.0
25.6,62.95953716869971,53.030924817457894,26.121054435756896,60.47019335940571,1.0,27.956575586040845,37.39211818845723,46.384343942033325,1.0,36.317021294902915,11.544508083395462,100.0
25.650000000000002,62.962784596736064,53.033095480145995,26.11089018157131,60.3407268714096,1.0,27.919177338548824,37.3740764735059,46.37237133251193,1.0,36.380146839396716,13.17651530896168,100.0
25.7,62.97901452867103,53.0135469380308,26.104807102256633,60.318351722845826,1.0,27.874317897968464,37.38260631170304,46.37503639731241,1.0,36.31787457160737,11.41802227006816,100.0
25.75,62.97708463596239,53.02031368455531,26.20219799663078,60.39182853329914,1.0,27.56627534690217,37.398921561354825,46.38227978562179,1.0,36.20104438794851,13.036912775858921,100.0
25.8,62.91074399539704,53.11881097660254,26.27443690954044,60.38755095032755,1.0,27.287429757487274,37.35894550901558,46.40094650639125,1.0,36.423412706210314,11.396589463619186,100.0
25.85,62.846957946662116,53.17488286833184,26.04226320862782,60.58840473158183,1.0,26.98027214745009,37.340374482022085,46.39247007173869,1.0,36.20221123120354,14.939680431838733,100.0
25.900000000000002,62.815258477874806,53.23231959871424,25.877257178998992,60.66038544914666,1.0,26.797844561568656,37.3667347549318,46.38530906041223,1.0,36.251089169097604,10.568703744959377,100.0
25.95,62.781396492210746,53.274579503661606,25.506700059564167,60.59230466786445,1.0,26.80652333345006,37.35114028072292,46.384044591143244,1.0,36.32122247422744,13.468078939671875,100.0
26.0,62.76322366485165,53.29846942551823,25.235796438957227,60.56169005806243,1.0,27.201498106191366,37.31358498586267,46.40372922248648,1.0,36.27203613504249,12.543202692785265,100.0
26.05,62.840191545355566,53.1794350376942,25.886919385592588,60.31698291854031,1.0,27.22696378262152,37.33628541602041,46.40419342162326,1.0,36.22615625482433,15.015956604666647,100.0
26.1,62.88689411232539,53.089557800179115,26.36297059717492,60.34244214330742,1.0,27.196926819831447,37.36876278398286,46.399199871449426,1.0,36.33930489345585,13.408189314539245,100.0
26.150000000000002,62.92711155141899,53.02316970633127,26.633257484775275,60.39645216477072,1.0,27.18824293717802,37.370170542436206,46.40213062363595,1.0,36.43304626664201,14.08893359662132,100.0
26.2,62.95770685267069,52.98548354163809,26.829357030371,60.283157844119465,1.0,27.152783114202855,37.36755176803216,46.40183207092713,1.0,36.4188477462105,14.52272045066402,100.0
26.25,62.97743575000425,52.95577273263183,26.841098825480838,60.45650482745411,1.0,27.033871247966708,37.3602791463155,46.39261086124636,1.0,36.33802102574241,16.20377807715844,100.0
26.3,62.970769584862516,53.00016582721858,26.847589990098754,60.531157314054354,1.0,26.773966537501,37.35879552940063,46.39671543415073,1.0,36.29974221873329,12.84286684115673,100.0
26.35,62.96093331202036,53.0252094538279,26.634657682955524,60.48219110969956,1.0,26.774551986837967,37.368277922462035,46.40499474333641,1.0,36.387654665779415,16.364907484225867,100.0
26.400000000000002,62.95574572328306,53.023393149177714,26.481000253463122,60.53517413736622,1.0,26.658042719479102,37.33830849628038,46.402444822262744,1.0,36.371507143649225,13.868876887787316,100.0
26.45,62.9548342471783,53.033259592395964,26.30704776103706,60.56635096041262,1.0,26.553441528678494,37.34662831040444,46.41988275895644,1.0,36.471960420076705,11.637227502093477,100.0
26.5,62.95564618245569,53.0434462374132,26.178931888252475,60.53935715797101,1.0,26.53028306038731,37.36449505612488,46.42153117898383,1.0,36.443798884443055,9.777465329671164,100.0
26.55,62.92155506122196,53.10363319272095,26.29259189906412,60.40044973281343,1.0,26.544257961133486,37.33831332034043,46.40256787074376,1.0,36.247951265743495,16.442469787544,100.0
26.6,62.88646831147322,53.12332285935077,26.379172039157233,60.36007842233017,1.0,26.58878621011854,37.326252998099456,46.3868195418719,1.0,36.50190596441754,15.047585162063685,100.0
26.650000000000002,62.8627391148358,53.134500356705956,26.349344476835924,60.52348906491818,1.0,26.50497515678649,37.32275993387319,46.37361579951965,1.0,36.44818034625067,15.115786883276556,100.0
26.7,62.83181084526048,53.14762582437933,26.316779649571995,60.50366585412128,1.0,26.6705241344195,37.31093464327234,46.351943719581094,1.0,36.22183389319937,10.038882194943252,100.0
26.75,62.83033249581291,53.20513855930441,25.740306377512717,60.57762299705878,1.0,26.691957807770642,37.34928287333262,46.39012876636502,1.0,36.281164713596866,12.178688921557749,100.0
26.8,62.78496625809492,53.21747562652471,25.318590604946305,60.59178860238975,1.0,26.767928289768754,37.3473511857611,46.35788274250265,1.0,36.487119043761574,12.864483555584481,100.0
26.85,62.77451815171359,53.25045915892807,25.74247890313816,60.47745990410778,1.0,27.159554112422374,37.363596760427576,46.38573559500517,1.0,36.32781746132992,13.541875280209108,100.0
26.900000000000002,62.7518035154833,53.262003891790094,26.048713033883143,60.46164633044718,1.0,27.358096681807577,37.334494653372175,46.38563632825587,1.0,36.47253988140875,11.049689716147004,100.0
26.95,62.731708916378594,53.27294959365373,26.394821478250666,60.36127446191247,1.0,27.52402424067398,37.346012203298514,46.372395879900374,1.0,36.378168048546776,12.953593953418014,100.0
27.0,62.71801158156726,53.298456224543415,26.638486945894293,60.38251604420193,1.0,27.70208108358007,37.34341145877219,46.36497934312017,1.0,36.31920422263986,12.265462314556132,100.0
27.05,62.74208499861947,53.24892472282908,26.525856718556046,60.41444170875098,1.0,27.646633799259547,37.336762926269515,46.36892157619148,1.0,36.276077050695804,11.280536207503891,100.0
27.1,62.779147088294266,53.215500766080076,26.438733765957874,60.39299532487101,1.0,27.60323269362427,37.33070131525679,46.37606376607692,1.0,36.31006486398591,13.354551856848598,100.0
27.150000000000002,62.80753903260091,53.18630319822182,26.076560865564932,60.469556267202684,1.0,27.888309907644736,37.332210140009906,46.392785861396696,1.0,36.21234897337359,14.902168941993457,100.0
27.2,62.83011408887004,53.15706284189896,25.80731210942248,60.46987236815547,1.0,27.927867684712318,37.327511300825314,46.40008454459404,1.0,36.18330162238897,12.292586587408657,100.0
27.25,62.83135747686988,53.127317051063216,25.82558759690346,60.45500581059383,1.0,27.882094084808585,37.28906941203221,46.338790060483035,1.0,36.096724841967955,10.796331266658497,100.0
27.3,62.8783759026515,53.0814689646957,25.846115948618415,60.524863903470326,1.0,27.810893140229517,37.29269581525027,46.34861352033687,1.0,36.2936574394133,12.712975124282554,100.0
27.35,62.90832557598495,53.04626139208666,25.74148478286483,60.46988880919345,1.0,27.640213684757644,37.32473486962929,46.347252194607954,1.0,36.371417169290964,10.63335117258021,100.0
27.400000000000002,62.93730062726335,53.017579398927225,25.66340973305567,60.5174219258988,1.0,27.518713777175776,37.322746503127334,46.35884612906577,1.0,36.32300273464537,13.90173697096217,100.0
27.45,62.96014235821654,53.00638690832409,25.30498644135789,60.60288047019584,1.0,27.396058622089207,37.33575939938466,46.37821999406416,1.0,36.28426361023607,9.259471075098382,100.0
27.5,62.964412577854816,52.98497400257324,25.036138966515157,60.586781056086764,1.0,27.177015705018583,37.34671347637986,46.37994921118225,1.0,36.3302481981419,12.678149391602991,100.0
27.55,62.93451518906621,53.040235004443204,25.229199881289592,60.56812438767266,1.0,27.0962311222932,37.30781906829827,46.364369740105445,1.0,36.427169663629286,10.891504010604642,100.0
27.6,62.92432475396934,53.075255378492436,25.375629499988694,60.5639923542899,1.0,26.885811261415636,37.34063786469396,46.36903683221608,1.0,36.36851077124666,13.673699475473667,100.0
27.650000000000002,62.928952978622945,53.07606462810457,25.03683360338764,60.60619716288376,1.0,26.69262525693179,37.34040114760172,46.3798462911071,1.0,36.37690300613248,13.224613256092244,100.0
27.7,62.91811778411665,53.08098233479978,24.794770063152864,60.62002252346442,1.0,26.512829780880697,37.34840861647521,46.3904566344416,1.0,36.327448783729594,13.635201150018244,100.0
27.75,62.89992131290168,53.070113386979976,24.955726681052447,60.512396107039,1.0,26.529916020657062,37.34673364074646,46.39299641230815,1.0,36.410454806150106,12.943016349912751,100.0
27.8,62.83159799242569,53.150133997045366,25.07084164347972,60.45961192566868,1.0,26.378065273105545,37.329610911704805,46.36323168952226,1.0,36.28409808606828,15.479607736365947,100.0
27.85,62.779469632699595,53.21788075700632,25.322430927550755,60.417630762302785,1.0,25.99498881612461,37.35007086552101,46.3568807363311,1.0,36.41160195319068,14.512672859622242,100.0
27.900000000000002,62.73746369815905,53.23934560241239,25.50787938434149,60.4320922433422,1.0,25.910403888845277,37.34561798609237,46.363282440709185,1.0,36.24392877912114,13.173269916479967,100.0
27.95,62.7061331406024,53.27927848002861,25.68059170409726,60.48640721938467,1.0,26.01158433342268,37.34844887402613,46.346459020609736,1.0,36.33938795347664,13.882665217952647,100.0
28.0,62.6933004172457,53.317219451425224,25.81209686423585,60.48778038334797,1.0,26.130943152501544,37.34962959184202,46.35631527426241,1.0,36.3627782456785,13.520848417315973,100.0
28.05,62.699713982594226,53.301882477048,25.949248051197813,60.39159397136116,1.0,26.420915808373575,37.313773148098,46.35140860865131,1.0,36.21414257510275,13.879723676804181,100.0
28.1,62.70529972705108,53.31001633030827,26.054266924236376,60.35208815193813,1.0,26.22442708552475,37.34519524270242,46.37711035514398,1.0,36.26628060055381,11.886271949624469,100.0
28.150000000000002,62.689143687871024,53.297438881887,25.92530382467004,60.52285565540831,1.0,26.441137781886372,37.36729106977603,46.38774672111363,1.0,36.28404395313299,13.065221678352383,100.0
28.2,62.69283981447982,53.278706339650014,25.83549713232067,60.59793215689341,1.0,26.817651863782707,37.33330390525028,46.38103497330448,1.0,36.43885708742299,13.861959522112723,100.0
28.25,62.685412809568554,53.28329404881275,25.728430019033226,60.485735665232234,1.0,27.280375920964442,37.32989538753419,46.38491950790467,1.0,36.33022146636812,14.898061239337736,100.0
28.3,62.74346233240071,53.20636929603194,25.642264746746314,60.410861188212564,1.0,27.566329961240168,37.3137389195817,46.37675774294932,1.0,36.30872951574152,11.960971209604535,100.0
28.35,62.79766530803375,53.14146503436829,25.58296461529713,60.57793657772669,1.0,27.926300523799654,37.33831683938479,46.38065894266327,1.0,36.38996290565523,13.284956831162276,100.0
28.400000000000002,62.83000475612796,53.106710551498416,25.54041162973361,60.65500268086025,1.0,28.197908122962406,37.30701835095099,46.367067109610396,1.0,36.28362988057578,14.626626502821626,100.0
28.45,62.85398344389064,53.089361137766566,25.28385272478376,60.54304961919224,1.0,28.465819413578664,37.31478907431774,46.38273253814764,1.0,36.4131956164138,13.609185430711674,100.0
28.5,62.87555137497936,53.065232199709776,25.09546129244845,60.531544990183114,1.0,28.477431235819893,37.307418771792534,46.38309461920163,1.0,36.34749420776594,16.062830247557766,100.0
28.55,62.809940607598904,53.146159866068686,25.19692000846252,60.40087281931509,1.0,28.309605507034835,37.31148225270973,46.36791856102603,1.0,36.43080796111182,13.256204813866749,100.0
28.6,62.77176064023638,53.20482341186077,25.275417403227685,60.3854664848401,1.0,28.304754971160396,37.301047782752164,46.365667826439754,1.0,36.37333070074054,13.118465941900238,100.0
28.650000000000002,62.726220140548996,53.24177200923292,25.175475238143253,60.406864162826416,1.0,28.044060312553437,37.30400558115587,46.363149233157266,1.0,36.08578503705025,15.994958146171037,100.0
28.7,62.70246284375682,53.26992794840941,25.100772977748473,60.439745073253306,1.0,27.72297955943302,37.306489149881536,46.36184315959084,1.0,36.41756062342023,12.06395656545424,100.0
28.75,62.6712531360104,53.285535610944066,25.116760032894703,60.44417878215891,1.0,27.561714134883278,37.28950532257084,46.35408755300469,1.0,36.309831220709455,13.917385252342903,100.0
28.8,62.718272479117694,53.22574631084156,25.138845080791832,60.47953685721408,1.0,27.430300301335905,37.31580867980664,46.35704298090634,1.0,36.392852402734576,11.921995995962947,100.0
28.85,62.767850537173025,53.17622473474909,25.1805886502821,60.46925188687929,1.0,27.29772740164989,37.31702772883129,46.37260974902535,1.0,36.447347157711064,15.0836212319415,100.0
28.900000000000002,62.8071190508268,53.14762084133433,25.21577893503153,60.48081541782397,1.0,27.13947454231633,37.348378836575264,46.391751231345445,1.0,36.273514824893226,12.87011704735948,100.0
28.95,62.83390895970235,53.13377464552474,25.416019304887612,60.38663245379421,1.0,26.878710077259477,37.333158285965396,46.40590597144693,1.0,36.21605687537891,12.260307159612712,100.0
29.0,62.84096695158941,53.108610859546616,25.564640075251447,60.367855079141336,1.0,26.473739798831247,37.283541181636004,46.3826230451754,1.0,36.36511281817491,12.100084834515322,100.0
29.05,62.85724673619323,53.08652854574216,25.25974247029489,60.616038054808136,1.0,26.21373112716546,37.31601570784595,46.37293255011469,1.0,36.372231537184966,12.901065482299078,100.0
29.1,62.860596952225286,53.06247544088182,25.03777285086602,60.59791371781694,1.0,26.09198770495991,37.30109084905953,46.3379909132249,1.0,36.47632777170175,14.617179437533178,100.0
29.150000000000002,62.88854463149899,53.086416951393616,25.105070588847724,60.55194904931465,1.0,26.067255054183537,37.31372255059025,46.37297053871057,1.0,36.46632711951557,14.021916538046426,100.0
29.2,62.883611377241834,53.066807297877546,25.147222176555616,60.55719726555874,1.0,26.064797415555077,37.30875874335346,46.34429235224824,1.0,36.46081193422613,14.489397723289704,100.0
29.25,62.90247445904426,53.05503352839955,25.322522662166087,60.51561221368609,1.0,26.091433752839198,37.301460241524296,46.34349693802847,1.0,36.243225042564575,15.74243598509635,100.0
29.3,62.951103122313825,53.00648545397296,25.45761103464238,60.480440823982114,1.0,26.001307301977267,37.32662030884368,46.38537098429546,1.0,36.26419765137599,12.317552762271118,100.0
29.35,62.97390189470097,52.95695818035255,25.646794880550786,60.43368385369598,1.0,26.00268315497546,37.30286053075855,46.34994276701818,1.0,36.435169719682754,12.345039997482978,100.0
29.400000000000002,63.00088752377455,52.93103896463645,25.787065151925965,60.46812716967602,1.0,26.07410565764155,37.285776521668225,46.373912790270815,1.0,36.4339105800811,11.946233187866508,100.0
29.45,63.008810247070286,52.91836985165699,25.77591914706712,60.4385940573648,1.0,25.815819106752482,37.3009713322479,46.362257349640096,1.0,36.33511099731056,11.209040677368566,100.0
29.5,63.0200447732309,52.909018722388204,25.76334209632856,60.41201409562368,1.0,25.69475261332865,37.29569695874403,46.356765272020304,1.0,36.435705425433206,15.921015740095434,100.0
29.55,62.96973729011939,53.01344650058598,25.795622604722933,60.39772271227292,1.0,25.51820912981652,37.32238270292619,46.356578185990905,1.0,36.31830867594711,14.689782455752182,100.0
29.6,62.92906395104396,53.09743792701286,25.8192302566274,60.44854583945622,1.0,25.04423943679612,37.3106509971361,46.34393934177478,1.0,36.297394380452666,10.477284146525456,100.0
29.650000000000002,62.88376188233291,53.14757670146232,25.960279076090217,60.34789156806018,1.0,24.680963394090313,37.30756328929402,46.34474246734881,1.0,36.286082626519324,12.396499858190465,100.0
29.7,62.840912535570965,53.17207841985288,26.055500503035436,60.31442193871458,1.0,24.4906914616193,37.34696238490417,46.36261076480191,1.0,36.359588398788524,13.021564236545302,100.0
29.75,62.82125321051017,53.19905352105289,26.00442099977856,60.46274180651072,1.0,24.467654474599616,37.31266398187436,46.36462717041924,1.0,36.30481707737663,12.206801006418573,100.0
29.8,62.836442239300254,53.16668983510099,25.972795418642384,60.42287040097846,1.0,24.365176039262458,37.30690914076438,46.36883874905081,1.0,36.34258579863487,12.246363153498411,100.0
29.85,62.83961125324144,53.14952511857349,26.1410561364648,60.43968633970833,1.0,24.51804365873498,37.3210629585142,46.36333937469294,1.0,36.32151700786136,13.903148157113968,100.0
29.900000000000002,62.84055693234774,53.121290219258945,26.268003399533228,60.473688878799614,1.0,24.753785618468257,37.326431819969834,46.35852619798234,1.0,36.350758708039216,12.673913723911019,100.0
29.95,62.85008724079984,53.13114496661546,26.173061186202478,60.483912574336564,1.0,25.027482227079542,37.34842691366779,46.34670261055208,1.0,36.28655529841887,11.426514803119204,100.0
