time,A Feed,D Feed,E Feed,A and C Feed,Recycle Flow,Reactor Feed Rate,Reactor Pressure,Reactor Level,Reactor Temperature,Purge Rate,Product Sep Temp,Product Sep Level,Product Sep Pressure,Product Sep Underflow,Stripper Level,Stripper Pressure,Stripper Underflow,Stripper Temp,Stripper Steam Flow,Compressor Work,Reactor Coolant Temp,Separator Coolant Temp,Component A to Reactor,Component B to Reactor,Component C to Reactor,Component D to Reactor,Component E to Reactor,Component F to Reactor,Component A in Purge,Component B in Purge,Component C in Purge,Component D in Purge,Component E in Purge,Component F in Purge,Component G in Purge,Component H in Purge,Component D in Product,Component E in Product,Component F in Product,Component G in Product,Component H in Product,disturbance_id
0.0,0.2667362824235401,3654.9971543797246,4441.883929931867,9.23515649062874,32.17195593726488,47.353511873827024,2800.0000165975675,65.0000177595065,122.89999992811191,0.21120003584856076,91.73973978848298,50.00007550055163,2705.6708491452446,25.27559471450463,50.000396296118545,3325.7144746965178,22.890004859328425,66.58358558930863,4.733368122874836,278.8908106242532,102.45458275844315,92.02786537721666,32.199814660419335,14.907823554990681,18.800171335167253,6.026521643830598,16.6857983665812,4.05160258927819,32.71289246688633,21.799533727636934,13.178278794056878,0.8980032289879478,16.15517625971376,5.399005669839365,6.623627439158525,3.2334824137202705,0.010796565634358608,0.5795752179855835,0.18753892253562657,53.80002547633202,43.94117408105573,0
0.05,0.2660437051080821,3668.290462100831,4434.090549566226,9.235739151317912,32.557471414836485,47.54987901507135,2800.075057134581,65.07653529252177,122.90546196903654,0.21117230993625175,91.73488513832002,49.090930916148665,2705.8399814634467,25.056180217196662,50.97421648109434,3325.8676319185206,22.845867177615034,66.5930788630946,5.270406359281175,278.8263234100553,102.4485595613567,92.13250694155853,32.199814660419335,14.907823554990681,18.800171335167253,6.026521643830598,16.6857983665812,4.05160258927819,32.71289246688633,21.799533727636934,13.178278794056878,0.8980032289879478,16.15517625971376,5.399005669839365,6.623627439158525,3.2334824137202705,0.010796565634358608,0.5795752179855835,0.18753892253562657,53.80002547633202,43.94117408105573,0
0.1,0.2666934804659953,3670.7432617070144,4421.35585130825,9.179289174220935,31.882042191889244,47.27193761709414,2800.0775344060726,66.12617228436005,122.92177637572235,0.21062237430072986,91.79973742499065,48.715813955209065,2706.481925012744,25.236664964548385,49.74253572242255,3326.162849225576,22.65450413143826,66.57934151393546,2.8957538708497195,278.8704252811521,102.44588757008594,92.09262757886219,32.199814660419335,14.907823554990681,18.800171335167253,6.026521643830598,16.6857983665812,4.05160258927819,32.71289246688633,21.799533727636934,13.178278794056878,0.8980032289879478,16.15517625971376,5.399005669839365,6.623627439158525,3.2334824137202705,0.010796565634358608,0.5795752179855835,0.18753892253562657,53.80002547633202,43.94117408105573,0
0.15,0.2677107895570497,3674.9157853882757,4455.968253079205,9.237867737228255,31.82347455427329,47.46509073257371,2800.122181876669,64.83478132463466,122.88450125402797,0.21190444133544206,91.72993271753137,49.865372891930015,2705.660685137839,25.213614591824612,50.91830784416887,3325.7843237336688,22.724960692531393,66.59563084129488,3.6571690482872072,278.6736999828846,102.45025253796305,91.83749668746437,31.984217161257376,14.953999635396393,18.732034177458846,6.009656561745466,16.518123717074392,4.051182836605875,32.72736901576667,21.93633638160527,13.19700050494741,0.9213390002505936,16.17736111967503,5.377096594981534,6.566369193064536,3.202491064350983,0.010796565634358608,0.5795752179855835,0.18753892253562657,53.80002547633202,43.94117408105573,0
0.2,0.2661013995944474,3622.9184156563247,4437.214906730178,9.210221428000631,32.331337021308315,47.56659907624492,2799.7746622838845,65.24855825986029,122.90583532071606,0.21168635526902485,91.72321260685875,49.47062768984125,2705.589173878439,25.298213450200738,49.21600531709709,3325.9357926822195,22.602912296685258,66.57784625734052,5.589656337599689,278.90855376568663,102.45807083377215,92.11637805144854,31.984217161257376,14.953999635396393,18.732034177458846,6.009656561745466,16.518123717074392,4.051182836605875,32.72736901576667,21.93633638160527,13.19700050494741,0.9213390002505936,16.17736111967503,5.377096594981534,6.566369193064536,3.202491064350983,0.010796565634358608,0.5795752179855835,0.18753892253562657,53.80002547633202,43.94117408105573,0
0.25,0.2655758557120755,3662.0294510348263,4442.125934905871,9.214411224755827,32.130977942753866,47.41750823311886,2800.621145218186,65.35455670841247,122.9132580660181,0.20992972354753617,91.78623947533184,51.268154581205806,2705.6849538634756,25.195590926958396,48.69075209992529,3326.2004217115027,23.00538788544894,66.60183912348562,5.5658594550112745,278.67163352027836,102.43003945982625,92.03237302581381,31.923872293898278,14.993335149798984,18.72283518402846,6.2423675315438105,16.371987061687612,4.058832405357888,32.50692645980309,21.764378351946597,13.25657437638253,0.8713418722844569,16.124824058677362,5.400448531779007,6.667881618584128,3.2365862284606344,0.011348586154330455,0.5809940211708081,0.20421305056139677,54.41777459364683,43.15193159738025,0
0.3,0.2664154694654958,3680.3439309443065,4437.867638302419,9.193778637578713,32.27099939378226,46.99078478726251,2799.922499145013,64.78474980449575,122.90100041713515,0.20800559219628556,91.68215550554027,48.50047595541793,2705.3470891811953,25.412549067870387,50.64497881249645,3325.219005892707,23.11382726449769,66.57356116391588,5.5825219273426745,278.47904420715815,102.44823859284841,91.98732687894208,31.923872293898278,14.993335149798984,18.72283518402846,6.2423675315438105,16.371987061687612,4.058832405357888,32.50692645980309,21.764378351946597,13.25657437638253,0.8713418722844569,16.124824058677362,5.400448531779007,6.667881618584128,3.2365862284606344,0.011348586154330455,0.5809940211708081,0.20421305056139677,54.41777459364683,43.15193159738025,0
0.35000000000000003,0.26946709476889474,3657.6975768823113,4423.42681776863,9.271092509499352,32.365904315315504,47.52344433959003,2799.944858537946,64.82481145785003,122.89676484554153,0.21264881295950755,91.72656250555168,50.430193268298844,2705.7782473038155,25.23357903049875,48.38360710658754,3325.2883641890103,22.70374678632659,66.58183365879147,6.901357574610582,278.94542499977354,102.46221849815142,91.90073070378389,31.907445057830245,14.922235255309678,18.576340125295452,5.908975127153784,16.736141548926263,4.059560031459526,32.56138001460434,21.962093958786703,12.858734720695555,0.9217619015348535,16.043091133782127,5.442539783022735,6.623985872560654,3.2946667023568286,0.011348586154330455,0.5809940211708081,0.20421305056139677,54.41777459364683,43.15193159738025,0
0.4,0.26765965433698796,3665.259343954474,4501.975462833964,9.184183663343049,31.945540343791684,47.31161529652845,2801.8056012494962,65.55006555977992,122.90963038686851,0.2120016304466722,91.77091702918904,50.74395360333587,2706.853694941948,25.33047379325907,48.984692381707994,3327.5921429044165,22.994807542699807,66.57574986228724,4.685344249990978,279.24052128514245,102.45445247304534,92.12925873888014,31.907445057830245,14.922235255309678,18.576340125295452,5.908975127153784,16.736141548926263,4.059560031459526,32.56138001460434,21.962093958786703,12.858734720695555,0.9217619015348535,16.043091133782127,5.442539783022735,6.623985872560654,3.2946667023568286,0.011348586154330455,0.5809940211708081,0.20421305056139677,54.41777459364683,43.15193159738025,0
0.45,0.26621066839958774,3653.408851656919,4417.523703671014,9.315348175531726,32.053612622267565,47.236458958263476,2801.3317823001776,64.8210102858129,122.89866906281885,0.21908312359048399,91.79891940767942,51.210085671898696,2707.252433972284,25.430239692566573,50.229877856850784,3327.8752668903744,22.69308695982029,66.58617427540514,3.277191629393786,278.76088381615403,102.41776019481289,92.12390426934095,32.4843992327321,14.8033242424429,18.96662535757675,6.03639026510918,17.08045204140565,4.051058706938988,32.95547633527778,21.84674470534806,13.312515066176106,1.0605776524287724,16.265864358058785,5.371327471551295,6.594187970072611,3.2363614393801208,0.011348586154330455,0.5809940211708081,0.20421305056139677,54.41777459364683,43.15193159738025,0
0.5,0.26686456818588844,3663.5934973460744,4486.766899105171,9.239402563659926,31.980500656189136,47.62082643474883,2801.1533099539975,64.81140680390043,122.89682774595613,0.22183353988807042,91.71928573982711,49.59068316718896,2706.8660052185146,25.04654254977394,49.076877430928704,3327.19975553048,23.09958365540668,66.57556742208787,5.210923370965182,278.7936206257387,102.44555425520795,92.01398439845994,32.4843992327321,14.8033242424429,18.96662535757675,6.03639026510918,17.08045204140565,4.051058706938988,32.95547633527778,21.84674470534806,13.312515066176106,1.0605776524287724,16.265864358058785,5.371327471551295,6.594187970072611,3.2363614393801208,0.013880210970980564,0.5918040818917856,0.1949669780133702,53.13308875611797,43.8811081258616,0
0.55,0.2670059334412444,3600.81260844289,4448.830702192264,9.23387876702889,32.13461578723025,47.095514214641796,2802.0353489196877,65.05868842632664,122.8957657850392,0.22247731585392022,91.78420500028074,49.77184925593545,2707.0634987116837,25.2701773180304,51.60988883852717,3327.5833361809646,22.915610494323317,66.58632509786167,6.613579616789522,279.1713186854525,102.44843682563445,92.22489318419042,32.428516425395266,14.834085780836613,19.1126134403282,6.023442551964321,17.22165119319528,4.08652696470473,32.62917049705179,21.831414519785028,13.156499808821515,0.9536335851600817,16.00960721612557,5.396198471690869,6.625042448245614,3.1936501628674563,0.013880210970980564,0.5918040818917856,0.1949669780133702,53.13308875611797,43.8811081258616,0
0.6,0.2677036322185532,3635.7058307323896,4410.186634768237,9.284811098709763,31.873789152000224,47.58725137244098,2801.3864377991667,64.97670829634349,122.88200617028494,0.22420953664738785,91.7498137446451,50.088298625039606,2706.5277866295837,25.48207436662379,50.50407410488598,3326.7067943882544,22.964461302295632,66.60735871441473,2.4325399913271375,278.6779542117795,102.46486230060587,91.9792326072459,32.428516425395266,14.834085780836613,19.1126134403282,6.023442551964321,17.22165119319528,4.08652696470473,32.62917049705179,21.831414519785028,13.156499808821515,0.9536335851600817,16.00960721612557,5.396198471690869,6.625042448245614,3.1936501628674563,0.013880210970980564,0.5918040818917856,0.1949669780133702,53.13308875611797,43.8811081258616,0
0.65,0.26937615123952874,3645.70924876651,4408.48206880281,9.116203992807225,32.66924208723636,47.29556579252188,2800.122082602486,65.18183317615357,122.90494086253419,0.2269427598193203,91.71356465304595,51.20262466737709,2705.5221676596984,25.446964042074924,49.23269257310433,3325.607555620758,22.930047058451773,66.5911289937405,5.000571399658262,279.012819452242,102.45210192486238,91.99196244580453,32.42403717766963,14.819309372971416,18.633481963737005,5.875191047829525,16.734434342676362,4.056144385518642,32.534906642167535,21.786887862178254,13.553483295816921,1.0454994837650133,16.12285644068947,5.412137278923237,6.684710952002784,3.2001069899796946,0.013880210970980564,0.5918040818917856,0.1949669780133702,53.13308875611797,43.8811081258616,0
0.7000000000000001,0.26967401628920834,3674.4433867983976,4427.729821166312,9.165694814609914,31.983658100441996,47.17388056498242,2799.190453132216,65.60059261336592,122.91469972533464,0.22324612553578116,91.67726427149844,48.08836214429393,2704.715709228403,24.99481773680131,50.25089865255599,3324.7345066195653,22.937740943008436,66.59649989471312,2.904313552077521,278.9402100942237,102.48111040723845,91.93044272413336,32.42403717766963,14.819309372971416,18.633481963737005,5.875191047829525,16.734434342676362,4.056144385518642,32.534906642167535,21.786887862178254,13.553483295816921,1.0454994837650133,16.12285644068947,5.412137278923237,6.684710952002784,3.2001069899796946,0.013880210970980564,0.5918040818917856,0.1949669780133702,53.13308875611797,43.8811081258616,0
0.75,0.26480357477815886,3660.7586093137265,4470.5481428289395,9.219432879886373,31.96249970756366,47.433148472927215,2798.9963927936956,64.94141752431237,122.92138089176595,0.22121079040584682,91.76350221177921,50.54294510830972,2704.592388201904,25.125205732052194,50.05774834267833,3324.6520221978017,22.96914000784945,66.60340202098484,4.717881178330777,279.0508434344526,102.4643421550163,91.94969671975402,32.30855230934669,14.825560369369235,18.160764176694364,6.162985847719709,16.330140444602655,4.0354134684483975,32.7002184471737,21.75356594006591,13.384602466062482,0.7963632978193015,16.279633893883215,5.392314793046804,6.643188387262209,3.2484024734212595,0.004109700384965915,0.5588375068523674,0.1921627080023687,54.3181524153052,43.676211629705165,0
0.8,0.26728785613275313,3649.5655981222653,4457.4654950481345,9.235030117766945,32.099623998711216,47.428253970408946,2799.412773447781,64.33148726688886,122.90422847134741,0.21848296438050585,91.77111562418897,49.72106708241925,2704.738494851823,25.047896226336917,49.20763182734491,3324.45489037139,22.923214130633955,66.58763025418487,4.165701233206793,278.80497051524077,102.45189343651349,92.20565737973766,32.30855230934669,14.825560369369235,18.160764176694364,6.162985847719709,16.330140444602655,4.0354134684483975,32.7002184471737,21.75356594006591,13.384602466062482,0.7963632978193015,16.279633893883215,5.392314793046804,6.643188387262209,3.2484024734212595,0.004109700384965915,0.5588375068523674,0.1921627080023687,54.3181524153052,43.676211629705165,0
0.85,0.26045432011421815,3665.069100492375,4417.475985543679,9.138896278214174,32.29368805591909,47.28992155031079,2799.3404730189095,65.17432221083862,122.89898241079914,0.21669188328124842,91.78697050392681,47.866369114984515,2704.9200723196227,25.634420135625724,49.630844077781745,3324.747589402582,22.915747685764952,66.58681031767733,4.703124231819821,278.62054029711527,102.42824561252591,92.03597969092878,32.6531470304949,14.881360051531178,18.958482424833047,5.923480495970183,16.70290235817442,4.030436178513147,32.57618899437971,21.83055387697495,13.053211866024652,0.8976927925402779,16.24510729808589,5.35329881983361,6.685845812596827,3.3046661083837354,0.004109700384965915,0.5588375068523674,0.1921627080023687,54.3181524153052,43.676211629705165,0
0.9,0.2559733391056488,3646.297145792708,4452.583930919557,9.211371837926194,32.34113386509837,46.94594766147823,2799.249820386462,65.09457400901975,122.89839720343303,0.21325259584614714,91.73680632643539,50.17886575918063,2704.7087753039705,25.16093251776071,48.274943680544034,3324.907785985439,22.95114426507707,66.560205825624,4.190030879519451,278.9939976637374,102.45260431151476,92.16533208716208,32.6531470304949,14.881360051531178,18.958482424833047,5.923480495970183,16.70290235817442,4.030436178513147,32.57618899437971,21.83055387697495,13.053211866024652,0.8976927925402779,16.24510729808589,5.35329881983361,6.685845812596827,3.3046661083837354,0.004109700384965915,0.5588375068523674,0.1921627080023687,54.3181524153052,43.676211629705165,0
0.9500000000000001,0.25863249723169374,3643.073759087918,4422.571348634782,9.222213663072692,32.017583242014126,47.28397301657997,2800.238733353061,65.71688383885521,122.90735838382382,0.21528937305156487,91.80071233648917,50.83701237981156,2705.031933765665,25.271395183311306,49.99651781129304,3325.7118516047244,22.891921405622167,66.5863191999831,4.624099935698163,278.91755220329486,102.4576588753263,91.99307422968423,31.917060383033295,14.688937514801871,18.506774181390377,6.00751006665509,16.520794777511053,4.00418633560229,32.57898758693933,21.805955273891456,13.353369969035587,0.9489908818780682,15.894125849969836,5.414435897865361,6.5868582961894075,3.187588041268674,0.004109700384965915,0.5588375068523674,0.1921627080023687,54.3181524153052,43.676211629705165,0
1.0,0.2609670785574581,3641.1841529204903,4447.524170586318,9.079225643312924,32.51547626672638,47.294815897043286,2799.455608422465,64.85704641996776,122.9091780608829,0.2146806705312075,91.72939528108367,49.39568350814779,2705.103187217895,25.243847301111746,50.743327971435555,3324.5423519439064,23.020573881961916,66.58485008796892,5.309673817220011,278.9356236512181,102.47300166624393,91.98127081428008,31.917060383033295,14.688937514801871,18.506774181390377,6.00751006665509,16.520794777511053,4.00418633560229,32.57898758693933,21.805955273891456,13.353369969035587,0.9489908818780682,15.894125849969836,5.414435897865361,6.5868582961894075,3.187588041268674,0.013206603844368869,0.5712677900489581,0.18590683953070583,53.56009689710733,44.51080005860095,0
1.05,0.25852907633587113,3653.1623336743087,4433.761903240012,9.192529669132831,32.34960656392985,47.008898957825366,2799.7485635272,65.0068746908617,122.8960891262976,0.21160274249020777,91.72370025168559,50.60674805211555,2704.660667293415,25.263862671307542,49.5358997328228,3325.157125972997,22.805320372095753,66.56440226212044,3.422296505554115,278.96260945637584,102.49444086534393,92.10185593343238,32.31902009337963,14.794621492191451,19.13302372943247,5.879734004857846,16.60252239567195,4.065651937249176,32.889557037119545,21.804429445546553,13.183219187416318,0.8347612981428641,16.365133416082603,5.394810300467201,6.668033006501925,3.255499802223345,0.013206603844368869,0.5712677900489581,0.18590683953070583,53.56009689710733,44.51080005860095,0
1.1,0.26018950633417093,3641.0681958534515,4431.4233661280305,9.258111117302724,32.12468751452407,47.5361202388778,2799.8146397374317,65.19384754342927,122.89972884466094,0.21256433858208532,91.73855616316744,50.68245031609253,2705.0913848184346,25.03560106818035,51.71396107677214,3325.659893838431,22.912141749648104,66.58666011602824,3.8639123821052737,278.672040483569,102.4510070609171,92.12747877790785,32.31902009337963,14.794621492191451,19.13302372943247,5.879734004857846,16.60252239567195,4.065651937249176,32.889557037119545,21.804429445546553,13.183219187416318,0.8347612981428641,16.365133416082603,5.394810300467201,6.668033006501925,3.255499802223345,0.013206603844368869,0.5712677900489581,0.18590683953070583,53.56009689710733,44.51080005860095,0
1.1500000000000001,0.26393631935464745,3655.2095126415365,4425.393475489372,9.17100713862691,32.18629092289226,47.661913509215246,2800.065520957878,64.83501767142964,122.90545056485661,0.20851518682839712,91.75877485862169,49.3204495864036,2705.985311354826,25.26923467556024,49.73032882833984,3325.930727682968,22.944390073617473,66.59454911147647,6.826724020102956,278.52803498148114,102.47032908240787,91.9778418130935,31.547171780025423,15.044470599041542,18.59512594049294,5.985475073297663,16.94763407053183,4.027762379719829,32.7337870962447,21.682255989095793,13.315061114723253,0.8174983523222068,16.235832153734037,5.3859910529537975,6.615262077049716,3.265728412332144,0.013206603844368869,0.5712677900489581,0.18590683953070583,53.56009689710733,44.51080005860095,0
1.2,0.2658590507403861,3653.3235136726175,4409.495177776264,9.146059866587109,32.15339211317381,47.218787714248684,2799.6533479668074,64.85164127010324,122.87572515758951,0.2079344372473536,91.76523768757018,49.23877564487777,2705.3931202339827,25.30638987502348,49.779697054149906,3325.267478015688,22.91655635522745,66.58113820435774,3.8018455114000114,279.02288366084014,102.45411153694091,92.17713914712373,31.547171780025423,15.044470599041542,18.59512594049294,5.985475073297663,16.94763407053183,4.027762379719829,32.7337870962447,21.682255989095793,13.315061114723253,0.8174983523222068,16.235832153734037,5.3859910529537975,6.615262077049716,3.265728412332144,0.013206603844368869,0.5712677900489581,0.18590683953070583,53.56009689710733,44.51080005860095,0
1.25,0.2674092726089362,3665.4615554642405,4456.118452423317,9.308259397025449,32.076540353257435,46.89016368969228,2799.386156049302,64.78022846922352,122.90117466794679,0.2140619602772347,91.74714669721396,49.02340099037814,2705.3143292494556,25.204872830726377,51.65894078871734,3325.3576949639582,23.02425724098707,66.61603333428911,3.7365438075720894,278.7148164457922,102.43824444030373,91.92077100573043,32.17196206703359,14.91838169352125,18.81070224456303,6.032823128633115,16.14887506796052,4.084352560910829,32.38228289226953,21.78645813535467,13.077400846770047,0.7494941164206581,16.01440709488144,5.408770924325376,6.543792445305327,3.2288120557209194,-0.0020979296216713673,0.5678722995247266,0.1672037293833249,53.44488089331943,43.96690929909748,0
1.3,0.26725175202845847,3659.435812973902,4416.164362645006,9.300924747160575,32.15350470721694,47.53068933001065,2800.6113317824434,64.77926101710753,122.90823216295965,0.2120125044611351,91.78331784673595,49.78701860199106,2706.055092615827,25.381258184263665,51.78248959929275,3326.7602264857883,22.919012062687674,66.5939926433153,4.909110920928162,278.84960033014653,102.4579461154976,92.2181618465709,32.17196206703359,14.91838169352125,18.81070224456303,6.032823128633115,16.14887506796052,4.084352560910829,32.38228289226953,21.78645813535467,13.077400846770047,0.7494941164206581,16.01440709488144,5.408770924325376,6.543792445305327,3.2288120557209194,-0.0020979296216713673,0.5678722995247266,0.1672037293833249,53.44488089331943,43.96690929909748,0
1.35,0.2675616788774699,3641.695337835756,4406.009453522977,9.209665475830523,32.24992139532078,47.77051688413396,2800.792160688529,65.94813585930768,122.89962482700854,0.21347114498290504,91.79034874520426,51.72582668313517,2706.319051193417,25.162826081097762,51.382413009890236,3327.2509260085067,22.77400994602253,66.58337077033475,5.322015859049401,278.7749811078111,102.4651193209122,91.85476938558142,31.85495522220552,14.905019031656694,18.94896397452389,6.112138024240954,16.833967969276202,4.046938097260691,32.108764248880455,21.809088031886343,12.849268700248253,0.8136185690691031,16.331267779464127,5.369072942543895,6.646043653949388,3.262278034703891,-0.0020979296216713673,0.5678722995247266,0.1672037293833249,53.44488089331943,43.96690929909748,0
1.4000000000000001,0.26678621282840986,3633.5374467821393,4412.098420271935,9.179625141294464,32.025462743926376,47.44326686807167,2799.6410594641425,65.78671800577688,122.88898388239463,0.21166684208740208,91.6994298803941,48.336088351593446,2705.791839240561,25.222615367187803,49.616736108122296,3325.5645725521936,22.96252581512622,66.58007677840354,3.5781871634459534,278.8840951972243,102.48277107494808,92.15246871834627,31.85495522220552,14.905019031656694,18.94896397452389,6.112138024240954,16.833967969276202,4.046938097260691,32.108764248880455,21.809088031886343,12.849268700248253,0.8136185690691031,16.331267779464127,5.369072942543895,6.646043653949388,3.262278034703891,-0.0020979296216713673,0.5678722995247266,0.1672037293833249,53.44488089331943,43.96690929909748,0
1.45,0.26846633586328933,3648.0791581132803,4470.661130553671,9.261337373138975,32.356703444534,46.969708230608866,2800.0697694611067,65.8721457558444,122.90695871134503,0.2138032933160993,91.70586130777525,50.99478568639108,2705.1429291611817,25.016560038740735,48.75855240013426,3325.8182535265596,23.040425958187946,66.57810157223513,5.226156141601631,278.61892512372583,102.45192968437512,91.97027802948799,32.18822000010027,14.896805107544047,19.03099755020181,6.02482596797682,16.115992194745203,4.066855958617175,32.94372407622924,21.76577845735065,13.400588131755706,0.9777101198078625,16.104507537648598,5.406843998823739,6.617449833068032,3.2313471121224326,-0.0020979296216713673,0.5678722995247266,0.1672037293833249,53.44488089331943,43.96690929909748,0
1.5,0.2698512654746823,3651.7225345189463,4451.581502431042,9.321023466369262,32.311768449760436,47.278719242513965,2800.1031684779696,66.01477174902956,122.90121040354917,0.20880080807469395,91.77204620899035,50.45181867059646,2706.2665133151468,25.243477033967448,49.95380923613948,3325.867427753503,22.881807792083084,66.58650976822268,5.1240319134093,279.0233597683939,102.43461537173042,92.14908067034298,32.18822000010027,14.896805107544047,19.03099755020181,6.02482596797682,16.115992194745203,4.066855958617175,32.94372407622924,21.76577845735065,13.400588131755706,0.9777101198078625,16.104507537648598,5.406843998823739,6.617449833068032,3.2313471121224326,0.01469209109228024,0.5695522033959711,0.17238929592649993,53.264348950536366,43.55281660715794,0
1.55,0.27205111549176364,3668.480529452434,4416.506621020052,9.210450247217555,32.328240343146206,47.486473074276425,2800.143139224786,64.73486385740016,122.91101811601118,0.21084784538569415,91.7787813610342,49.229739057529734,2706.0967067028205,25.19429126349235,49.35662240757828,3325.949866413939,23.094562095159468,66.5953312205295,5.205230789871694,279.0413603395342,102.44217753676065,92.10761297168784,32.321696560274276,15.013316536103657,18.399293067613197,6.086772607426331,16.468339489179588,4.07097810840479,32.73955299938777,21.90881469921791,13.368314128205352,0.8274055680009629,16.25449020285818,5.390643307022793,6.630353544403479,3.2242507306145445,0.01469209109228024,0.5695522033959711,0.17238929592649993,53.264348950536366,43.55281660715794,0
1.6,0.27246695701230433,3653.16883856528,4462.764795850307,9.30817602279245,32.27077335152146,47.293617656330696,2799.1299169622166,65.2630543862384,122.90244331552312,0.2154464207339487,91.65351591149887,49.172538892660306,2704.4176197133015,25.160761352792917,48.39848697861936,3324.115980782894,23.043600351061823,66.58648521757581,4.5622062133991905,279.0019356035485,102.45217916523043,91.87329552347931,32.321696560274276,15.013316536103657,18.399293067613197,6.086772607426331,16.468339489179588,4.07097810840479,32.73955299938777,21.90881469921791,13.368314128205352,0.8274055680009629,16.25449020285818,5.390643307022793,6.630353544403479,3.2242507306145445,0.01469209109228024,0.5695522033959711,0.17238929592649993,53.264348950536366,43.55281660715794,0
1.6500000000000001,0.26600561032710573,3640.9181473168364,4445.825770120619,9.234836181187461,32.268040671714175,47.54151276474981,2799.188334239972,64.61780653383974,122.9074210027129,0.21405013469875414,91.69005452143976,51.02396862950756,2704.3494590643613,25.096289908663987,51.741686569550076,3325.2283459199557,22.847587188478254,66.55188793451059,4.585548857136843,278.9044370898682,102.46252421725443,92.02124378400273,32.00312185224086,14.813408526110068,18.500497908274678,6.057518316915036,16.729659874445563,4.052978782698823,32.64592656538791,21.815039416591667,13.429489401145842,1.020992474036766,15.966557227621461,5.444470450206685,6.522334588513416,3.197043310716203,0.01469209109228024,0.5695522033959711,0.17238929592649993,53.264348950536366,43.55281660715794,0
1.7,0.265344648191155,3661.708341533442,4412.062940360021,9.2500482014822,32.038021337479194,47.21448317477254,2800.652830072104,64.88107791705244,122.90213176563657,0.21224269930527292,91.77309410410605,50.729385682396575,2705.9837861404994,25.510862466102,49.01980631028191,3325.424092608212,22.978092280257822,66.54615193086101,3.288874642974694,278.82490012138186,102.43010563218384,92.06809937048405,32.00312185224086,14.813408526110068,18.500497908274678,6.057518316915036,16.729659874445563,4.052978782698823,32.64592656538791,21.815039416591667,13.429489401145842,1.020992474036766,15.966557227621461,5.444470450206685,6.522334588513416,3.197043310716203,0.01469209109228024,0.5695522033959711,0.17238929592649993,53.264348950536366,43.55281660715794,0
1.75,0.26181671098256765,3650.673390931294,4429.546792684929,9.271840568193277,32.17536259311745,47.44897130501814,2800.0678549911527,64.55971753922061,122.89316143709473,0.21116357561278704,91.69928741914418,49.92054778451133,2705.119373549774,25.28745298901821,49.55521967439473,3325.4415869645723,22.88756031566577,66.55566819040456,2.9114159463776677,278.7886240550536,102.41861700830678,91.856168213482,32.00577527991585,14.775237022970341,18.83341510272185,5.842729095066147,16.51552302742605,4.064553237366907,32.49783697089843,21.749440622692752,13.468174252678672,1.1341975727806477,15.835188012802874,5.437616477904445,6.590707453355262,3.354257278111408,0.017181091729620204,0.565815752069722,0.1989232375278794,53.261935492231856,43.45230656524048,0
1.8,0.26399601441523435,3648.31276575281,4430.9418444699895,9.326611768162817,31.956505936196834,47.24959576793884,2800.1871362512784,65.54884585728402,122.92596660676001,0.2113711111339925,91.7301968815813,49.95296034007906,2706.0026893914883,25.490185068518365,49.722674995231806,3325.659443396684,22.843506132784615,66.53270618351641,6.1102776499967675,279.1500974099291,102.42562573451939,92.2124289990366,32.00577527991585,14.775237022970341,18.83341510272185,5.842729095066147,16.51552302742605,4.064553237366907,32.49783697089843,21.749440622692752,13.468174252678672,1.1341975727806477,15.835188012802874,5.437616477904445,6.590707453355262,3.354257278111408,0.017181091729620204,0.565815752069722,0.1989232375278794,53.261935492231856,43.45230656524048,0
1.85,0.2621278336786205,3652.4447217615393,4375.950792614739,9.2128611937019,31.952888546969714,47.59048599746056,2800.2296762290275,64.38707226249927,122.89685435735264,0.21289102784661548,91.72548989875088,48.25049266760588,2705.858621784016,25.27813334598141,48.483050643006536,3326.6109163255524,22.755065819871447,66.56019870671058,4.688371148863108,279.17628641508446,102.44258130206944,92.0764236545059,32.01534741435691,14.893962894839222,18.931564902843526,6.029835475347997,16.473337923767428,4.0163559678090754,32.658547638951504,21.7319680654743,13.44038382143674,0.9663355666324397,16.40541595654933,5.411287100327513,6.625582731301355,3.3621990236452897,0.017181091729620204,0.565815752069722,0.1989232375278794,53.261935492231856,43.45230656524048,0
1.9000000000000001,0.2649486046823408,3673.92068199877,4438.488423638158,9.19360483407761,32.24471605624873,47.40900512667913,2800.402156235192,65.05686496593937,122.89026245936822,0.21258558011374212,91.75007344268094,50.04634709024921,2706.2425613218434,25.263475495870612,51.07331407663626,3326.1987170010116,22.91776714849652,66.5584250128908,4.903532541771445,279.03599093239336,102.41335041845883,92.06568392030387,32.01534741435691,14.893962894839222,18.931564902843526,6.029835475347997,16.473337923767428,4.0163559678090754,32.658547638951504,21.7319680654743,13.44038382143674,0.9663355666324397,16.40541595654933,5.411287100327513,6.625582731301355,3.3621990236452897,0.017181091729620204,0.565815752069722,0.1989232375278794,53.261935492231856,43.45230656524048,0
1.95,0.2688652643016781,3650.5045873132754,4425.816218388969,9.207787071584372,32.22708902499529,47.599271532078774,2801.179808144888,63.941654343088175,122.90470483280019,0.212460938409495,91.81074266797464,51.49536132833188,2706.6903409955967,25.426041083950974,48.50878853762913,3327.016335319147,22.878123621158075,66.56404985581663,3.7831948791599155,279.14388634211144,102.43259150088285,92.33962353401475,31.882898450348904,14.855104054516309,18.521268376797558,6.189308435840344,16.84213400831039,4.061768467756057,32.983174182006536,21.644992711898404,13.378136957889165,0.8670617860825166,15.884734247358804,5.340405733080928,6.629254787567318,3.274279146223779,0.017181091729620204,0.565815752069722,0.1989232375278794,53.261935492231856,43.45230656524048,0
2.0,0.2686451524136606,3665.2132042702938,4449.555800931715,9.202364240701352,32.104588403604886,47.04102624891197,2800.833591525771,65.71011086134911,122.90723697021033,0.21686310721734028,91.83005400564302,50.422806299208936,2707.071004432787,25.21687415915057,49.59595045656426,3326.9675721773533,23.00862537340646,66.62908832835406,4.939508559830572,279.0504052458473,102.40625351198584,92.06839212866339,31.882898450348904,14.855104054516309,18.521268376797558,6.189308435840344,16.84213400831039,4.061768467756057,32.983174182006536,21.644992711898404,13.378136957889165,0.8670617860825166,15.884734247358804,5.340405733080928,6.629254787567318,3.274279146223779,0.021691044205410806,0.5700893644034641,0.18068513823981594,53.51603835071434,44.38553467415407,0
2.05,0.26601793539525986,3657.0146465087582,4447.804560956682,9.235490061403915,31.960239037548455,47.62243678422944,2800.6296412762467,64.95067353988456,122.91235266076195,0.21901914562380081,91.808070027746,50.47686180178811,2706.448821890934,25.440264009908148,49.414733791440774,3326.5907455505867,22.91406801132592,66.61461552593242,5.48165097343256,279.1253282946631,102.42167927905244,92.05833862692617,32.36758706746617,14.987538615156241,18.742106182881344,6.198026586259526,16.86642654957786,4.01594433208538,32.86181773232971,21.840391423152933,13.149962486192416,0.8845870931753098,16.373674431643085,5.381288611391952,6.532360220265778,3.159551824424026,0.021691044205410806,0.5700893644034641,0.18068513823981594,53.51603835071434,44.38553467415407,0
2.1,0.267350735383134,3704.8171761590484,4427.99540259358,9.266265326111329,32.1823757443659,47.548770976004,2800.0482458506563,64.92444043572551,122.89820085796468,0.21743704527708832,91.72622663744397,50.77397834389262,2705.694756343843,25.272433275004733,51.687842656579136,3325.8337175470206,22.862162533771443,66.60461360786573,4.784968818712995,279.31389996565946,102.4433290185103,92.19392125071177,32.36758706746617,14.987538615156241,18.742106182881344,6.198026586259526,16.86642654957786,4.01594433208538,32.86181773232971,21.840391423152933,13.149962486192416,0.8845870931753098,16.373674431643085,5.381288611391952,6.532360220265778,3.159551824424026,0.021691044205410806,0.5700893644034641,0.18068513823981594,53.51603835071434,44.38553467415407,0
2.15,0.26418653145384,3684.554684561271,4398.354865281479,9.202393487524915,32.03294982131969,47.25345243320608,2800.1066989147266,64.88421550860605,122.8989548265568,0.22074798092354087,91.73093168120673,49.45923140509778,2706.768374220034,25.37173914091882,49.848203880302194,3325.4660246612807,22.85783995144574,66.60428721353371,3.9417678722801712,279.2378731687643,102.43713074389812,92.04178100632856,32.15516113593898,14.83535706846132,18.676042212423297,6.088291483430751,16.39332651803872,4.064574447881984,32.347173139661066,21.85809802676276,13.35552654911269,1.0161842109469987,15.95368877312994,5.380109800085925,6.604285105397408,3.1989102241618057,0.021691044205410806,0.5700893644034641,0.18068513823981594,53.51603835071434,44.38553467415407,0
2.2,0.26397286701769934,3644.5190483836,4448.463559161276,9.147558456005351,32.315184858738476,47.41969489359926,2799.985754893072,65.5640348829825,122.89180234347864,0.2208189497150453,91.69505319457743,48.840175022347005,2705.535144214425,25.186460932604998,47.10847804479414,3325.5540295429532,22.811360112719942,66.60803402008752,4.621032401252156,279.1188998507508,102.43438130976844,91.99226564356086,32.15516113593898,14.83535706846132,18.676042212423297,6.088291483430751,16.39332651803872,4.064574447881984,32.347173139661066,21.85809802676276,13.35552654911269,1.0161842109469987,15.95368877312994,5.380109800085925,6.604285105397408,3.1989102241618057,0.021691044205410806,0.5700893644034641,0.18068513823981594,53.51603835071434,44.38553467415407,0
2.25,0.2643802609036629,3644.354068768548,4432.695401804272,9.278053527845543,32.39059392269043,47.300470311878485,2800.6716328321004,65.62210333629753,122.91055273951129,0.21698876397877365,91.81892444535556,50.19871033552005,2705.7191332023226,25.01225620332796,49.669833613236996,3326.1532424722304,22.986208723027616,66.6040403933686,2.487482114827391,279.39332506881004,102.43390054972139,92.23562149208817,32.424923691870944,14.930563941609458,18.78340724703477,6.190375278532838,16.667750125009558,4.069798171189171,32.97805490965709,21.772241847349232,13.14023370087799,0.9732552787969305,16.758742668464283,5.381302040528955,6.621177195225634,3.2187124200593265,-0.005595035245674984,0.5851112966418018,0.1945640318210785,53.706050535407876,45.12619555467052,0
2.3000000000000003,0.2651700032399639,3663.3367944680613,4433.302161108167,9.31358860683331,31.94748927714456,47.38276038386546,2800.707101159919,64.50250391641742,122.90216779142524,0.22182338511042196,91.84850442861523,49.768500214940474,2706.6595058030625,25.37703365080153,51.39088636945699,3326.7201066542934,22.869119912259695,66.63113275020808,6.138734690637939,278.75935539071486,102.4060333502422,92.02754861653204,32.424923691870944,14.930563941609458,18.78340724703477,6.190375278532838,16.667750125009558,4.069798171189171,32.97805490965709,21.772241847349232,13.14023370087799,0.9732552787969305,16.758742668464283,5.381302040528955,6.621177195225634,3.2187124200593265,-0.005595035245674984,0.5851112966418018,0.1945640318210785,53.706050535407876,45.12619555467052,0
2.35,0.2616539659923021,3658.5936041538703,4427.34943636983,9.180393962423462,31.998136776776313,47.683711871880014,2800.4229676207406,64.78268938984459,122.91115601267528,0.21925285058990615,91.77496884202058,49.76944665136281,2705.5167368263005,25.330634048130776,49.55890422693444,3325.543050891881,22.82303008519172,66.64485287698248,3.805402183756743,279.2311067150499,102.43317008644429,92.01125764761873,32.615769075330455,15.02596621109864,18.916272275559656,6.069242284088557,17.09919659790869,4.038120693321618,32.56604707841775,21.769660670515172,13.378685823629812,0.9362327485265826,16.22187841255423,5.3637600318365335,6.69158244293787,3.157317112423464,-0.005595035245674984,0.5851112966418018,0.1945640318210785,53.706050535407876,45.12619555467052,0
2.4,0.26311830023872207,3642.5794589804154,4432.350813893251,9.172683411316608,32.15358755058207,47.50489969568821,2799.645336206725,65.16037958204964,122.91483139565565,0.2194552005193808,91.72662894843288,50.44180341440598,2705.297932122564,25.276801023614947,51.540313621035786,3325.2912943880833,22.898566193965465,66.60688138389187,5.376711400329349,279.16996800875074,102.43927160413568,92.20829365016203,32.615769075330455,15.02596621109864,18.916272275559656,6.069242284088557,17.09919659790869,4.038120693321618,32.56604707841775,21.769660670515172,13.378685823629812,0.9362327485265826,16.22187841255423,5.3637600318365335,6.69158244293787,3.157317112423464,-0.005595035245674984,0.5851112966418018,0.1945640318210785,53.706050535407876,45.12619555467052,0
2.45,0.2618388085588023,3715.3318942238184,4386.758604047859,9.24125240388953,32.4275260559209,47.23443125796334,2799.6774505725516,64.47525776427327,122.90248264135765,0.21588433137708848,91.76050394509777,50.37881263203053,2705.659367819792,25.2303613928609,49.8502265226595,3325.3694115683443,22.91150159756467,66.61898827463959,5.363679448311004,279.04967136346295,102.4466056006468,92.06432400701807,32.12085121968512,14.837861466332585,18.87042747765898,6.107760859529572,16.57258726322565,4.05363174788354,32.63726174192109,21.886587798759706,13.14458565809232,0.915298439837743,15.728255192399487,5.457734890700329,6.67376211629676,3.290771657768391,-0.005595035245674984,0.5851112966418018,0.1945640318210785,53.706050535407876,45.12619555467052,0
2.5,0.26001583589504246,3694.2847479564634,4414.563003032369,9.186804149318666,31.80068207630172,47.257533175081214,2799.4263735663235,64.96917471343832,122.88010854926566,0.21926125978189273,91.76721282465009,50.21591138370921,2704.9989896116213,25.30789676144929,50.983587803019745,3325.2304989129584,22.958304770937893,66.63112113926444,3.669942155275237,279.2572804673712,102.45339793369399,92.1846149168791,32.12085121968512,14.837861466332585,18.87042747765898,6.107760859529572,16.57258726322565,4.05363174788354,32.63726174192109,21.886587798759706,13.14458565809232,0.915298439837743,15.728255192399487,5.457734890700329,6.67376211629676,3.290771657768391,0.012736597341709037,0.5893124230681879,0.21010493318144877,53.79998091025577,44.16923635510202,0
2.5500000000000003,0.26355663901120086,3682.368476675978,4431.829917530833,9.26477547763331,32.127555372396564,47.46132426674674,2798.5446386404865,64.32067452694223,122.89035764621997,0.21697925813019822,91.75546359480475,48.441462738534916,2704.767752714892,25.208759087348813,50.48968319153994,3324.9385323570245,23.055929164295193,66.63061460267576,4.945227025209207,278.9031974603388,102.45444647490604,91.98684233516089,32.08194611965994,14.884095978207101,18.5997475021638,6.064625557752251,16.82751335629903,4.03786041735343,32.52243079029629,21.719224999029674,13.144034959181447,0.8235932479668342,16.2639432249209,5.42182686102003,6.668950166297404,3.2873700499940792,0.012736597341709037,0.5893124230681879,0.21010493318144877,53.79998091025577,44.16923635510202,0
2.6,0.2657964297241252,3660.869831238444,4454.216325442854,9.198636472852018,32.18270505408054,47.337990403055244,2799.777047227398,64.66397493898333,122.91427473722761,0.21311405997398117,91.81732988169915,49.61910642811227,2705.7489565081073,25.27403224311724,50.73455422234806,3324.8545995092195,22.626732219565866,66.62805854304642,3.285128331432116,278.88615866737075,102.4510216180592,92.2624509514729,32.08194611965994,14.884095978207101,18.5997475021638,6.064625557752251,16.82751335629903,4.03786041735343,32.52243079029629,21.719224999029674,13.144034959181447,0.8235932479668342,16.2639432249209,5.42182686102003,6.668950166297404,3.2873700499940792,0.012736597341709037,0.5893124230681879,0.21010493318144877,53.79998091025577,44.16923635510202,0
2.65,0.2658722291261031,3648.898732790242,4448.450311569297,9.2505230264021,32.21105262443494,47.43944368146677,2799.7003346376364,65.2112287289385,122.91208249780559,0.21474798523360725,91.71810010273285,50.2753146744263,2705.232465038649,25.36496156213706,50.649868906315064,3324.7454708422424,22.92344845271491,66.64771573070583,4.261852844052537,278.85738840653835,102.4430055220406,92.07422517026949,31.955503276533847,14.919344490078565,19.010531199132018,6.050905328563056,16.78168598712912,4.041996416686506,32.51992035254441,21.763474840820454,13.131071054553743,0.8963519493781262,16.167714363010344,5.351692537663231,6.606640711656182,3.3271831902940012,0.012736597341709037,0.5893124230681879,0.21010493318144877,53.79998091025577,44.16923635510202,0
2.7,0.2644314540300447,3621.2664767262936,4436.489420719329,9.174680262233665,32.19308095951647,47.60488041702647,2799.7560523624784,65.39066406025772,122.89504157674362,0.2101873795267138,91.73683962452706,48.81469296991347,2705.3078068306977,25.26931417885591,49.010857850872426,3325.978677899368,22.89416015363967,66.61575653711888,4.52411366837003,278.95257189217375,102.4557808318229,91.94679991731466,31.955503276533847,14.919344490078565,19.010531199132018,6.050905328563056,16.78168598712912,4.041996416686506,32.51992035254441,21.763474840820454,13.131071054553743,0.8963519493781262,16.167714363010344,5.351692537663231,6.606640711656182,3.3271831902940012,0.012736597341709037,0.5893124230681879,0.21010493318144877,53.79998091025577,44.16923635510202,0
2.75,0.2654434705634343,3661.974411379882,4425.938306403222,9.332035813962447,32.34562298275885,47.492498232809325,2800.3598416902373,64.61080996993095,122.89975335067913,0.21473416751221097,91.80843673879455,50.69528808362924,2705.89923707288,25.127144194717786,47.9581927644099,3325.604145452556,22.810725264590694,66.61871315472304,5.7041334860268575,278.5847469449765,102.44884526660691,92.1792524876516,31.77127970500422,15.033704642894802,19.11845232291987,5.982641662611547,16.234057580788683,4.0260806541584095,32.562245145005924,21.77246890227697,13.249793363571687,0.9320044517381934,16.02735415942079,5.3508633811191055,6.653324048225204,3.2115891440673723,-0.006802264445042821,0.5770021625811398,0.20959929706422956,54.43374157784876,43.595130620657024,0
2.8000000000000003,0.2684489027751411,3646.950273875769,4463.659479708113,9.204047836290725,32.17103589005088,47.49874937820959,2800.0456255886725,65.95498663836604,122.89405456881639,0.21401339950174442,91.75494122480296,49.227582813952836,2705.3132750642744,25.18745262438468,50.7310788581447,3325.320778361359,22.889594296064562,66.64624719298524,7.397815574736105,278.9020306466532,102.45284925098746,92.01833356554886,31.77127970500422,15.033704642894802,19.11845232291987,5.982641662611547,16.234057580788683,4.0260806541584095,32.562245145005924,21.77246890227697,13.249793363571687,0.9320044517381934,16.02735415942079,5.3508633811191055,6.653324048225204,3.2115891440673723,-0.006802264445042821,0.5770021625811398,0.20959929706422956,54.43374157784876,43.595130620657024,0
2.85,0.2719286379160611,3652.5239736683793,4473.658220046414,9.224593404930038,32.48551666271545,47.68281651732061,2799.2634048316454,65.40423271487946,122.89195435969044,0.21341022153148417,91.73183814781976,49.60486159798461,2705.4665348496164,25.0228715030934,50.94830441412168,3325.0669941067417,22.88906681338235,66.63363245416602,6.923851409211039,279.45216711362747,102.45784927682884,92.20666484284212,32.031901589338794,14.816233925035458,18.68637824720385,6.015289002030329,16.634222480968194,4.005544279869214,32.58045285480265,21.89990635671293,13.545549336462967,0.9212004078798245,16.091805042138883,5.4097688141182765,6.620352533832127,3.195893829801781,-0.006802264445042821,0.5770021625811398,0.20959929706422956,54.43374157784876,43.595130620657024,0
2.9,0.27324368633092133,3624.6630353231626,4425.8290760328155,9.237903631067418,31.91755660813648,47.39692808774026,2800.3659265711835,64.1936479253607,122.89479975915526,0.2148580176146929,91.8009563419211,49.3813113105868,2706.7073830937693,25.35017907043385,49.406776186302835,3325.765841546318,22.70089361343183,66.6226717192296,6.99398379232419,279.02163188183636,102.44817050702345,92.11079961194577,32.031901589338794,14.816233925035458,18.68637824720385,6.015289002030329,16.634222480968194,4.005544279869214,32.58045285480265,21.89990635671293,13.545549336462967,0.9212004078798245,16.091805042138883,5.4097688141182765,6.620352533832127,3.195893829801781,-0.006802264445042821,0.5770021625811398,0.20959929706422956,54.43374157784876,43.595130620657024,0
2.95,0.27227686426439834,3645.501579876404,4498.358964825258,9.160866194948236,32.34315127699155,47.427699910632576,2800.8031294235425,65.48211604418853,122.8943607017962,0.21486074587461493,91.82061705626863,49.650189611575556,2706.360724245619,25.362507526332898,50.42955150650622,3327.2149957617353,22.978210206620428,66.62300323058915,5.917785679099529,279.33749053115247,102.45608889172367,92.24121115496517,32.00282639964965,14.935201136973596,18.893340482827025,5.9111361345055675,16.734393208921002,4.025986152563206,32.74799951480999,21.831219099028083,13.268127892917848,1.0443635137406213,15.870142440017485,5.362403374210601,6.6552165347863514,3.2341506300528264,-0.006802264445042821,0.5770021625811398,0.20959929706422956,54.43374157784876,43.595130620657024,0
3.0,0.27376519472831745,3663.2920195926354,4451.739893662026,9.263087019212058,31.973151082005117,47.060051724709545,2800.869277259179,65.32028358797015,122.897616190702,0.2145489921255844,91.86592135497769,51.17220780859428,2706.8020937197216,25.28870170995581,49.754336138918504,3327.951193283583,22.97627276573911,66.66796792860572,4.151770859673833,279.0431155928436,102.4393297314785,92.08671665119178,32.00282639964965,14.935201136973596,18.893340482827025,5.9111361345055675,16.734393208921002,4.025986152563206,32.74799951480999,21.831219099028083,13.268127892917848,1.0443635137406213,15.870142440017485,5.362403374210601,6.6552165347863514,3.2341506300528264,0.016022567978719416,0.5901923337801148,0.19926546172197676,54.46454373793908,43.63114032934683,0
3.0500000000000003,0.27074413736313324,3689.0236242492765,4465.22032287136,9.16323296001106,32.40920656064625,47.21353533833155,2800.1954192760454,65.58382719848447,122.88829957092054,0.22068640963735364,91.6653477707371,49.503194232189244,2705.5280066705345,25.047930056059837,50.42277548654604,3325.5533629002593,22.878923099959575,66.62151756684398,3.479092770932646,279.2991744167369,102.4803725202189,92.02188281029164,32.472325805471016,15.006755097112773,18.872932201068235,6.045378427338775,16.163659435035598,4.036897778324464,33.10134005963648,21.712684021123895,13.182429544503213,0.8204421902299279,15.935536570504524,5.377962251273538,6.616869985685564,3.237770838602757,0.016022567978719416,0.5901923337801148,0.19926546172197676,54.46454373793908,43.63114032934683,0
3.1,0.2709376889352503,3646.8401178853446,4453.006502416884,9.25171984781526,32.142398273106224,47.460700663842786,2801.346267198626,64.47138802220839,122.90151579239257,0.21765983851721052,91.8072087524873,49.10196024276401,2706.7655985208826,25.33317280853902,49.81678306824331,3326.9284553089533,22.8110807738866,66.61450016616959,4.669726870013664,279.2993730482667,102.4642107203952,92.16644984783315,32.472325805471016,15.006755097112773,18.872932201068235,6.045378427338775,16.163659435035598,4.036897778324464,33.10134005963648,21.712684021123895,13.182429544503213,0.8204421902299279,15.935536570504524,5.377962251273538,6.616869985685564,3.237770838602757,0.016022567978719416,0.5901923337801148,0.19926546172197676,54.46454373793908,43.63114032934683,0
3.15,0.2706847491874964,3639.729277421507,4450.063787426403,9.235098882829197,31.96753388830852,47.38591872573526,2800.6455218066467,64.82671602404442,122.89354171724526,0.21872979304773613,91.81994407656826,50.186168681371484,2706.4393139335098,25.101677635318968,48.24848596759927,3326.8875860099292,22.833337570353223,66.62668553896185,2.7421452031605833,278.81160970897224,102.47112990366423,92.14519759977436,32.37616407051694,14.872541184100575,18.950100452754768,6.087206405325271,16.590571461558472,4.07056054111721,32.94251450758487,21.637376370412365,13.51422981380172,0.7715506408672702,16.251732343051376,5.39994819063509,6.779861786212655,3.178484562576553,0.016022567978719416,0.5901923337801148,0.19926546172197676,54.46454373793908,43.63114032934683,0
3.2,0.2693426825168179,3641.3222910174304,4472.940325510264,9.228746892662995,31.901741682612155,47.06655484350225,2801.015868675433,64.75995977556609,122.90110845065998,0.22158669339331932,91.89362447448265,50.4556246596972,2707.3040986105857,25.335105968174204,50.94060346030875,3327.289779978136,22.878232309610425,66.62037701488077,6.038992006574756,279.3036154877846,102.46620480170073,92.30010930657303,32.37616407051694,14.872541184100575,18.950100452754768,6.087206405325271,16.590571461558472,4.07056054111721,32.94251450758487,21.637376370412365,13.51422981380172,0.7715506408672702,16.251732343051376,5.39994819063509,6.779861786212655,3.178484562576553,0.016022567978719416,0.5901923337801148,0.19926546172197676,54.46454373793908,43.63114032934683,0
3.25,0.27004945517751305,3653.8070959223996,4487.101742033393,9.321096956227764,31.90210217156212,47.670293455205034,2800.2602621675833,64.75052356740741,122.9124537426106,0.22240344750918498,91.76692052403281,48.2641112476571,2705.564499837265,25.15945706108223,50.505416911399024,3326.420318482613,22.846121169717996,66.67780519141226,4.789101106267839,279.00163118249577,102.48193639605711,91.90153047861146,32.15887511335698,15.115820204184903,18.461455656264143,6.115324246072637,16.56637880318058,4.011478045692684,32.89577318873544,21.69146805315814,13.476169713565692,0.8989929472784509,16.29430395165867,5.368493171769684,6.618612027348136,3.2906256821049773,0.005021812865120525,0.5889311345352516,0.19373260708306214,54.16805650073091,44.21104356832772,0
3.3000000000000003,0.26688040281762426,3640.449758592307,4447.357051168575,9.203034859737905,32.26411507630414,47.32321966283586,2800.1136880064173,64.35092513753133,122.91132041070898,0.22404346159639746,91.74032300977663,49.1126112642621,2705.333478493297,25.258490134076784,49.73237149819837,3325.479864817752,22.83423205693758,66.64632036530905,4.4050057621143965,279.18787787236295,102.47932977892192,92.26072726795746,32.15887511335698,15.115820204184903,18.461455656264143,6.115324246072637,16.56637880318058,4.011478045692684,32.89577318873544,21.69146805315814,13.476169713565692,0.8989929472784509,16.29430395165867,5.368493171769684,6.618612027348136,3.2906256821049773,0.005021812865120525,0.5889311345352516,0.19373260708306214,54.16805650073091,44.21104356832772,0
3.35,0.2672453339601484,3613.6858667335687,4454.51514092171,9.253164877605155,32.05272428024694,47.555485645413626,2800.3703679570153,65.45112032181582,122.89394121803862,0.22480129009173347,91.81765405791407,49.47234903391078,2706.7177385704945,25.055101806541067,48.40373904466418,3326.6283027585746,22.867299010808267,66.64744952740003,4.755425440621628,279.0254322794252,102.47020345470928,92.04627658267341,31.733899415003137,14.987998069047498,18.641533043405865,6.047859156385577,16.95184575316944,4.035991003160086,32.87498909508303,21.56614353181148,13.231822691087114,0.9775869688247593,15.963962759958903,5.382422327943601,6.696579073448584,3.1777300314974424,0.005021812865120525,0.5889311345352516,0.19373260708306214,54.16805650073091,44.21104356832772,0
3.4,0.26296958776544427,3643.794434042805,4482.4426514104725,9.284858383915351,32.52620174398517,47.26621013052841,2800.8809976422785,64.55065102113963,122.90588350093367,0.22332497515931407,91.87843236559674,50.11601413760582,2707.2235160758123,25.468379304593036,48.52660480233989,3327.1086410436224,22.77110514338069,66.64973269503682,4.037757086294491,279.11320957458736,102.43800927328569,92.25372469084036,31.733899415003137,14.987998069047498,18.641533043405865,6.047859156385577,16.95184575316944,4.035991003160086,32.87498909508303,21.56614353181148,13.231822691087114,0.9775869688247593,15.963962759958903,5.382422327943601,6.696579073448584,3.1777300314974424,0.005021812865120525,0.5889311345352516,0.19373260708306214,54.16805650073091,44.21104356832772,0
3.45,0.26568003471055907,3651.166075458472,4455.074206175597,9.258906300319882,32.3301530264361,47.27499368791316,2800.527512431453,65.60679680425591,122.90434791774851,0.2276993704093761,91.7862618930001,48.22578365242296,2706.083034092624,25.141892450560626,49.823732439329525,3326.761919227098,23.354681938645086,66.64618569064079,3.860353657350445,279.16266006738044,102.45948129628243,92.06433911151198,32.63253747424186,14.663135018528905,19.005439860606394,6.209935148428434,16.205078381513186,4.037164873526181,32.667139249707525,21.77729424269717,13.648671492696277,0.917335000348217,16.096670543392126,5.380614482570347,6.700924852142648,3.250323909344028,0.005021812865120525,0.5889311345352516,0.19373260708306214,54.16805650073091,44.21104356832772,0
3.5,0.2685506313928442,3639.1644107197903,4459.09463235043,9.30672929141082,32.176141924813564,47.712845511826636,2799.815075827159,64.17526830826958,122.87792991933468,0.22946762450684224,91.71655229903449,50.47790424092846,2706.059915069389,25.150697208769316,48.80256867132446,3325.7677198576334,22.734843619439616,66.61617427965508,3.6593884189650714,278.5932815647274,102.46340993393589,92.03436508964704,32.63253747424186,14.663135018528905,19.005439860606394,6.209935148428434,16.205078381513186,4.037164873526181,32.667139249707525,21.77729424269717,13.648671492696277,0.917335000348217,16.096670543392126,5.380614482570347,6.700924852142648,3.250323909344028,0.007255032711780867,0.571769249934731,0.18654188946371178,54.45445141310386,43.94381845335201,0
3.5500000000000003,0.26725926491515817,3679.5196402415795,4422.5218239509895,9.195777240270637,32.18900025753092,47.486609975493664,2799.984682078211,65.31490376260956,122.87796838214157,0.23256392132122844,91.71977061598179,50.99237571400658,2704.999808961743,25.27360262557736,49.53666717865309,3325.77093146694,22.787493645171413,66.62021622582982,4.020382853195638,279.31137737527564,102.45172389895099,91.91024903435861,31.793828504797567,14.758900457592272,18.95360212237189,6.013958366755837,17.027778058915843,4.028652300740895,32.69020368921629,21.740727215900762,13.373540046344145,0.9865768639591749,16.08696994401395,5.349808720623322,6.689533577876639,3.2597066917725797,0.007255032711780867,0.571769249934731,0.18654188946371178,54.45445141310386,43.94381845335201,0
3.6,0.26730800235814045,3622.8589286492406,4460.402559340302,9.325050471336654,32.09281297140772,47.437012747535825,2799.6153311635685,64.61065029309847,122.88327873380717,0.22870075055860106,91.7550565597986,49.133962203515736,2705.1100879210417,25.497185264078386,48.73129693926147,3325.1418164846,22.909040101465056,66.61325389956019,4.272104376822675,279.21293790089845,102.45580494347386,92.0758542624929,31.793828504797567,14.758900457592272,18.95360212237189,6.013958366755837,17.027778058915843,4.028652300740895,32.69020368921629,21.740727215900762,13.373540046344145,0.9865768639591749,16.08696994401395,5.349808720623322,6.689533577876639,3.2597066917725797,0.007255032711780867,0.571769249934731,0.18654188946371178,54.45445141310386,43.94381845335201,0
3.65,0.26919278276992065,3672.402922694038,4484.3535825704885,9.212178584489068,32.493282146517785,47.18981415989693,2800.0081497193264,65.14863419847056,122.91100691718242,0.22828837099030014,91.79762228217264,50.482214263812494,2705.885214821559,25.0352107108283,49.627077197011204,3325.1960896141777,22.996637852866556,66.61087053770221,4.231530113682598,279.01291656852266,102.48434141871583,92.20434749809317,32.241315478526,14.98910172122048,18.4373110329328,6.0474842256917025,16.423042806428697,4.016739388693417,32.50284769520817,21.843851708025,13.333312673673129,0.8999576430628892,15.978036768576274,5.3894068410620815,6.709375372908997,3.2255928026300675,0.007255032711780867,0.571769249934731,0.18654188946371178,54.45445141310386,43.94381845335201,0
3.7,0.2700159523546345,3645.949533960283,4436.487484038958,9.22242622139184,32.10933135013352,48.08008457136414,2800.0760984123663,65.17331997415548,122.91408474213274,0.2268485124877843,91.89426657980673,50.07117319121197,2705.746533464409,25.337986079912838,50.92515547937783,3326.075297813548,23.044030802724002,66.64237521034222,3.8898618868116985,278.98441298243864,102.46757524898347,92.4236492037312,32.241315478526,14.98910172122048,18.4373110329328,6.0474842256917025,16.423042806428697,4.016739388693417,32.50284769520817,21.843851708025,13.333312673673129,0.8999576430628892,15.978036768576274,5.3894068410620815,6.709375372908997,3.2255928026300675,0.007255032711780867,0.571769249934731,0.18654188946371178,54.45445141310386,43.94381845335201,0
3.75,0.2694007884356898,3657.1935264973604,4471.791456527255,9.256269758124693,32.370806351215144,46.87455775734502,2800.285399792396,65.57650403565208,122.89916701240587,0.22673329091311975,91.87077967444125,49.633355746265295,2706.438754041472,25.394541350286673,49.52097527525286,3326.197067623923,22.938059740439254,66.64286570661787,4.978876268261517,278.82376953032457,102.4591816499311,92.08969265604732,32.10108380469973,14.846176553990608,19.055458943900113,6.014782643319025,17.619786766521436,4.047224783976219,32.69393448282316,21.72806361815647,13.233121440394836,0.8165595488538557,16.13815369009088,5.452180049754177,6.665708103666815,3.2553573616247897,0.014193271813464827,0.5633384968340914,0.1959439873688203,54.09691896420307,43.64783653832314,0
3.8000000000000003,0.26453545414437707,3643.964360839837,4446.627291597,9.137857171808513,32.2037562983298,47.56673208438166,2799.6044004501055,64.30280451396732,122.91147108368881,0.22387659056330803,91.71130325991946,51.62671605939047,2704.7576319477566,25.215811027056755,52.36511256892792,3325.3259884687227,22.952179401757064,66.66480998217254,4.301298267003934,279.1582870730778,102.4661257252265,92.08947915695933,32.10108380469973,14.846176553990608,19.055458943900113,6.014782643319025,17.619786766521436,4.047224783976219,32.69393448282316,21.72806361815647,13.233121440394836,0.8165595488538557,16.13815369009088,5.452180049754177,6.665708103666815,3.2553573616247897,0.014193271813464827,0.5633384968340914,0.1959439873688203,54.09691896420307,43.64783653832314,0
3.85,0.26655258946499616,3656.472942518541,4446.088044179287,9.243379902515603,32.3058138847949,47.47865242712797,2800.731655074687,65.21164285606163,122.89942740227595,0.22575109392915307,91.8683843963633,50.462750873832576,2706.34789314371,25.181407312277244,48.93481772436705,3326.772429566764,22.985188248998725,66.63762725788503,6.00367947561986,278.9109310967221,102.4527715516146,92.27418544386532,32.25823406373099,14.929079909609293,19.026387675939844,5.945772095996101,16.67894668408832,4.028452421864162,32.97613961140498,21.5115003765737,13.681771804099098,1.0088587780185487,15.966431904819249,5.354079718860135,6.632172164560871,3.279613307136045,0.014193271813464827,0.5633384968340914,0.1959439873688203,54.09691896420307,43.64783653832314,0
3.9,0.2692861655849183,3654.240120677894,4439.127865439981,9.244509864118028,32.06769613699431,47.15011268720298,2800.0914233502863,65.61756506727629,122.89183518682388,0.22765492788314942,91.84272729159257,47.52006762810621,2706.106101064422,25.189194979529734,49.565627109965725,3325.6056551183465,22.94757682179721,66.64955604117037,3.602107656426983,279.1173291776761,102.43881641972024,92.12678329659991,32.25823406373099,14.929079909609293,19.026387675939844,5.945772095996101,16.67894668408832,4.028452421864162,32.97613961140498,21.5115003765737,13.681771804099098,1.0088587780185487,15.966431904819249,5.354079718860135,6.632172164560871,3.279613307136045,0.014193271813464827,0.5633384968340914,0.1959439873688203,54.09691896420307,43.64783653832314,0
3.95,0.27118836284578757,3661.8566999670375,4435.448753831344,9.297989012621938,31.93350007656798,47.45750309295373,2799.640278952492,66.57582654311302,122.90907767862294,0.2269848174116552,91.74957678208725,50.83758539005435,2704.9063698167256,25.097850551928087,48.54524277930471,3324.944285763327,22.98262062906054,66.66326099400041,6.008984279558208,278.6916083433375,102.47738273512945,92.08955956303133,32.19219674910832,14.843350458217087,18.93706915270909,6.016903960798465,16.713491339064255,4.085762965405277,33.136144407233814,21.38710583239672,13.290332420669682,0.8499294194862123,16.17448235899568,5.375827900258321,6.578842021125263,3.1813449037223136,0.014193271813464827,0.5633384968340914,0.1959439873688203,54.09691896420307,43.64783653832314,0
4.0,0.2718973244822913,3670.422710817558,4480.713872610457,9.096280412057475,32.555938232462736,47.28595027337525,2798.487783746596,64.54576278167649,122.90360236300532,0.22444176638702842,91.70443808398139,49.89286102300545,2703.8064227395325,25.261225429361485,49.546773931418954,3324.0256890858805,22.906215691651916,66.62964927525287,4.890418189818602,279.05983375396215,102.48501050389079,92.13611085473818,32.19219674910832,14.843350458217087,18.93706915270909,6.016903960798465,16.713491339064255,4.085762965405277,33.136144407233814,21.38710583239672,13.290332420669682,0.8499294194862123,16.17448235899568,5.375827900258321,6.578842021125263,3.1813449037223136,0.0017436712947214023,0.5667339402057918,0.1921698666383474,53.74478853223529,43.022774782072,0
4.05,0.27019469827385767,3674.174115822972,4470.8914077302525,9.185754304232427,31.91666385088658,47.78353642811496,2799.67889893115,65.02806311828064,122.89952723597467,0.22145836673257716,91.8868996016831,49.3549690170221,2705.2196883180127,25.15337348821043,49.73195877276544,3325.705864491963,22.738441427705094,66.63651253772461,7.382583471685637,279.2513643005012,102.44899455189291,92.15552535569623,31.668661128833733,14.920210104742324,18.419807625830334,5.995899558264307,16.743740973425744,4.028296324328373,32.91321704766089,21.53296529622508,13.427434013110181,0.8867335486594605,15.786603764961072,5.364463945595843,6.6444994532604795,3.270905348873987,0.0017436712947214023,0.5667339402057918,0.1921698666383474,53.74478853223529,43.022774782072,0
4.1,0.2713526452147036,3635.8049703449724,4433.199048907743,9.215105667400405,32.0303705008988,47.09069363722766,2799.1494770891986,65.91537258733341,122.90246387102826,0.22145937626196704,91.8223361998623,50.47544473352733,2704.9023399222147,25.148344213441028,49.848675101094386,3324.81522749975,22.909140291224364,66.65664062854175,3.7714513705810315,279.19002207631365,102.46803748185434,92.04813372635425,31.668661128833733,14.920210104742324,18.419807625830334,5.995899558264307,16.743740973425744,4.028296324328373,32.91321704766089,21.53296529622508,13.427434013110181,0.8867335486594605,15.786603764961072,5.364463945595843,6.6444994532604795,3.270905348873987,0.0017436712947214023,0.5667339402057918,0.1921698666383474,53.74478853223529,43.022774782072,0
4.15,0.271596439195486,3674.0539205970417,4440.40911164178,9.205946064245254,32.45757137388259,47.30127384326588,2798.663866352641,65.49215207257406,122.88216656303396,0.21913768780165485,91.70099104948517,49.92165261832454,2703.9409347829614,25.073455459092447,48.392739750443994,3323.721036994801,22.82943257076545,66.61348760399463,6.4492595980024925,279.34117322671244,102.47326496655039,92.29487628083602,32.1578424464975,14.91367261070827,19.231811958842883,6.1976293685404915,16.499945461253773,4.04811260557728,32.382674530429746,21.620701515973487,13.622503106810639,0.9759982423766888,15.654256146928436,5.418749573217137,6.72369088926695,3.3042914111809663,0.0017436712947214023,0.5667339402057918,0.1921698666383474,53.74478853223529,43.022774782072,0
4.2,0.2695092518307477,3648.9870966813955,4434.517704610804,9.287831103599192,31.904485152462307,47.41343302693998,2800.6604953723845,65.34889319638529,122.90463838448999,0.21511650425654327,91.84685062676932,50.69358261130705,2705.5685791611468,25.136549324301065,49.703045954643294,3325.879816925776,22.8419091166062,66.61807786385444,3.1736358896470467,278.8450425540368,102.43414483948395,92.07550084648199,32.1578424464975,14.91367261070827,19.231811958842883,6.1976293685404915,16.499945461253773,4.04811260557728,32.382674530429746,21.620701515973487,13.622503106810639,0.9759982423766888,15.654256146928436,5.418749573217137,6.72369088926695,3.3042914111809663,0.0017436712947214023,0.5667339402057918,0.1921698666383474,53.74478853223529,43.022774782072,0
4.25,0.2741002025403982,3631.7711153183254,4451.140382559563,9.229992749056956,32.13140389434563,47.211204709201155,2799.1925401922585,65.77511324231993,122.90288790752436,0.22008107716231778,91.75945220891616,50.60061822097322,2704.609206864305,25.095403012102153,48.663694565015795,3324.8296043386263,22.813992092175297,66.62084947209914,2.466595186437678,279.19715022560507,102.43749927875237,92.12743340435667,32.209974560026474,14.844671441027666,19.190324744432203,5.929288240990522,16.77097349915069,4.029719810873822,32.81463139780656,21.829767438151535,13.058589237704902,0.8564153664388805,16.420630861699593,5.372406970330482,6.609565191450563,3.261989037593016,-0.01713240578625011,0.5693743186582109,0.19114517152231214,53.946158532897456,42.900160302263494,0
4.3,0.2727612992960237,3611.6586210235905,4437.228310813243,9.20057985785595,32.085362088083485,47.38199915409002,2799.31743080507,65.2370543169824,122.90860501845117,0.21552650687227567,91.81876489069921,49.838447607879544,2704.9099660905717,25.087605089837933,49.4423735397367,3324.862741808795,23.158257944974558,66.62775074012244,5.8607762677173785,279.5059584685687,102.44309149173108,92.10419312422658,32.209974560026474,14.844671441027666,19.190324744432203,5.929288240990522,16.77097349915069,4.029719810873822,32.81463139780656,21.829767438151535,13.058589237704902,0.8564153664388805,16.420630861699593,5.372406970330482,6.609565191450563,3.261989037593016,-0.01713240578625011,0.5693743186582109,0.19114517152231214,53.946158532897456,42.900160302263494,0
4.3500000000000005,0.2741852750307228,3653.248761237648,4478.669854846067,9.191616922392823,32.15830704511261,47.58432152041458,2799.1787535365042,64.83087433797662,122.90427447298418,0.21106797464998953,91.80557872965178,50.445708480077734,2705.0413984869265,24.952588911746513,49.9039956375576,3324.3292388220575,22.906886681604256,66.6367448802572,2.4137304809343596,279.03958489045095,102.4485947235377,92.1902919020528,32.21253001896474,14.65784101490268,18.488890647088816,5.833796590938687,16.472582073600897,4.062941731012368,32.771129626522,21.68721474441231,13.348628159153293,1.0062298212624685,15.95398365133914,5.3688324146983595,6.629356751323045,3.258697574124104,-0.01713240578625011,0.5693743186582109,0.19114517152231214,53.946158532897456,42.900160302263494,0
4.4,0.2777239903769392,3614.9389013356963,4401.861098859899,9.215990816285503,32.22905730585234,47.22634188193963,2799.3943903900827,64.468912616108,122.91055546207156,0.20942250369050894,91.82468928730336,51.858215040449956,2704.402950610113,25.114453494412896,48.300547394884426,3325.0501392795527,22.862501079912654,66.65715419253524,5.205105448889507,278.7240538691518,102.44946653328314,91.97829236101101,32.21253001896474,14.65784101490268,18.488890647088816,5.833796590938687,16.472582073600897,4.062941731012368,32.771129626522,21.68721474441231,13.348628159153293,1.0062298212624685,15.95398365133914,5.3688324146983595,6.629356751323045,3.258697574124104,-0.01713240578625011,0.5693743186582109,0.19114517152231214,53.946158532897456,42.900160302263494,0
4.45,0.27508523936223883,3664.4203216890664,4498.46403581795,9.253598760619468,32.37493584853287,47.544710158390735,2798.9147865967984,63.90004097145102,122.9035826703964,0.21040866630041644,91.76874728926771,51.43316420025448,2704.465401032502,25.18572142567465,50.991862157774136,3324.4501462418216,22.935706669887274,66.64296783351399,5.64842198537952,278.72757074909975,102.4640390150052,92.062955595254,32.2717549808972,14.771297082804136,18.65703548078843,6.034413395835213,16.877008437785914,4.038473193007455,33.11317334716626,21.635205973120478,13.399973349638897,0.7894011957044716,15.841187617260296,5.376663301338514,6.570691726192632,3.3352664095676983,-0.01713240578625011,0.5693743186582109,0.19114517152231214,53.946158532897456,42.900160302263494,0
4.5,0.26980326910025154,3655.0667434806305,4502.840312758231,9.191271974885748,32.13303008335193,46.75100124131563,2799.5033130786846,65.33559016559542,122.90078841966408,0.21155187293423808,91.74334110737385,48.883091617957014,2704.736767000851,25.242809419903956,50.794195490352095,3324.260274216202,22.88999657041943,66.63536416040878,3.592840991709923,279.4285691373817,102.45399562016016,92.04219167812862,32.2717549808972,14.771297082804136,18.65703548078843,6.034413395835213,16.877008437785914,4.038473193007455,33.11317334716626,21.635205973120478,13.399973349638897,0.7894011957044716,15.841187617260296,5.376663301338514,6.570691726192632,3.3352664095676983,-0.011067444957985536,0.5604829936552622,0.18587708314717719,53.21972538693427,44.32874809376678,0
4.55,0.2696909434481338,3634.006649226104,4436.057192048363,9.262508548533592,32.6393778802626,47.17808622765703,2799.2321997080035,64.57084830925211,122.91946896383666,0.20579795744414428,91.76119921236004,51.30576004873519,2704.9321284212383,25.048566350176074,50.15699188132985,3325.157516384727,22.57646066855735,66.61684802489594,4.090597502902611,279.21194083827675,102.4615682997582,92.14021477139397,32.53561943525038,14.750857272787618,18.87206106056303,5.812719776407269,16.31474852278828,4.020521492722314,32.4230155137489,21.742705671921136,13.684682943485116,0.9033235003043512,16.04300857743248,5.370751037055834,6.642764660546505,3.2567883664451363,-0.011067444957985536,0.5604829936552622,0.18587708314717719,53.21972538693427,44.32874809376678,0
4.6000000000000005,0.2663474876574371,3667.172514708438,4400.756553165157,9.15559212830377,32.57759143341472,47.349832158968205,2800.054959381139,64.35468597100687,122.8953881862981,0.20591682135247916,91.78271452549436,50.541739773067484,2705.462809072548,25.204357968664407,48.164469220265296,3324.9214330169443,22.892479370477414,66.62643562323552,4.493762122123642,279.5753869561053,102.44364180208713,92.12575402619251,32.53561943525038,14.750857272787618,18.87206106056303,5.812719776407269,16.31474852278828,4.020521492722314,32.4230155137489,21.742705671921136,13.684682943485116,0.9033235003043512,16.04300857743248,5.370751037055834,6.642764660546505,3.2567883664451363,-0.011067444957985536,0.5604829936552622,0.18587708314717719,53.21972538693427,44.32874809376678,0
4.65,0.26646199079786603,3645.8737956661107,4430.850612376751,9.286439929127118,32.30638418318831,47.28683257833487,2799.724952161673,64.26524669534686,122.90220142096256,0.20713716342504226,91.78982118303516,50.37504049510002,2704.87206140882,25.118677491842348,51.451589109708024,3325.450501528013,23.005753098944478,66.64135716514075,5.9674176387958155,279.0909110829617,102.44488590936842,92.08333639001118,32.120755518335955,14.893242110790634,19.07975720384495,5.995829216353668,16.683957661151034,4.010587256794006,32.61695091326212,21.644412284820298,13.00762328469359,0.8469352632898126,15.705216123341025,5.348537138226409,6.608607296840857,3.283262000984567,-0.011067444957985536,0.5604829936552622,0.18587708314717719,53.21972538693427,44.32874809376678,0
4.7,0.2685924389199619,3658.1099890350797,4438.532204656365,9.220132639772894,32.157759068889646,47.593570608623125,2799.430649823524,65.00512384279828,122.89647180464965,0.20869873984420056,91.78148553985274,51.13095692179804,2705.5900727001062,25.179472596024826,51.53502079770806,3324.8224079887154,22.92714785596481,66.65374630655657,5.984380360628366,279.38624501321436,102.44326223676524,92.25553746892798,32.120755518335955,14.893242110790634,19.07975720384495,5.995829216353668,16.683957661151034,4.010587256794006,32.61695091326212,21.644412284820298,13.00762328469359,0.8469352632898126,15.705216123341025,5.348537138226409,6.608607296840857,3.283262000984567,-0.011067444957985536,0.5604829936552622,0.18587708314717719,53.21972538693427,44.32874809376678,0
4.75,0.2677649514860547,3658.6526451586456,4404.764473019617,9.172160370473758,32.51291562929583,47.355751562178845,2798.9131014421887,64.57218686287361,122.88689945826225,0.20756370628860976,91.741074323434,48.47318146845267,2704.4088863086076,25.207827239956003,50.93863887809832,3324.6148501018884,22.83528950343745,66.66098192779555,6.0872856379560005,278.9901610549538,102.42224812312547,91.85341235130042,32.43923431281491,14.747082671417973,18.729654311156313,5.899489063908444,16.602172571593897,4.01696604117385,32.27047669678456,21.585014488593085,13.463017985504168,0.9888418131219572,16.036051689279624,5.383561216448663,6.651789254760923,3.396256887341272,-0.0010979683366008734,0.5613131850286949,0.20091165021764812,52.38965182140322,44.303457438315206,0
4.8,0.27322612744392677,3659.7959872554875,4416.012570048214,9.288646589347936,32.42934016881303,47.687942560128924,2797.5168564693486,65.33181410485507,122.91551779205156,0.20003656940798542,91.67001749100204,49.66319555310716,2703.9377301240343,25.09954046764504,49.55878617675573,3323.215706654087,22.89671825931023,66.60461752157116,2.5505449396266577,279.38575848530894,102.44339317349596,92.25857298138631,32.43923431281491,14.747082671417973,18.729654311156313,5.899489063908444,16.602172571593897,4.01696604117385,32.27047669678456,21.585014488593085,13.463017985504168,0.9888418131219572,16.036051689279624,5.383561216448663,6.651789254760923,3.396256887341272,-0.0010979683366008734,0.5613131850286949,0.20091165021764812,52.38965182140322,44.303457438315206,0
4.8500000000000005,0.26824749277087595,3663.0283239241344,4454.792800202824,9.28222798711093,32.03640414441344,47.29974951451335,2799.5133202237894,64.54594659175791,122.92842853596294,0.20012526767625605,91.87576273532366,49.84180363763882,2705.180656373383,25.26642593183432,50.102743894492185,3325.0570028418597,22.764548609007246,66.65083810164715,4.886459121468369,279.44270292291077,102.41121514267977,92.09241250679838,32.185482217707154,14.941573637401136,19.082208393603228,6.2186083766015825,16.720872067497385,3.9935106885598866,32.667125668034316,21.644851959980787,12.771216249648852,0.7852770307527623,15.86413391488244,5.326233458210557,6.6535599531063045,3.121341296796698,-0.0010979683366008734,0.5613131850286949,0.20091165021764812,52.38965182140322,44.303457438315206,0
4.9,0.2679604398415928,3655.6161091272334,4423.684275865959,9.135735412899054,32.17954183043813,47.60160550091066,2798.842427039159,64.5734338522404,122.89398126371978,0.19831197712545623,91.7795390612747,49.77531312065458,2704.158248933736,25.04871089290699,50.610376779549995,3323.8717085741196,22.72732544489683,66.66498157092937,5.8991686466778965,279.4682352190835,102.39201132972471,92.09844667446235,32.185482217707154,14.941573637401136,19.082208393603228,6.2186083766015825,16.720872067497385,3.9935106885598866,32.667125668034316,21.644851959980787,12.771216249648852,0.7852770307527623,15.86413391488244,5.326233458210557,6.6535599531063045,3.121341296796698,-0.0010979683366008734,0.5613131850286949,0.20091165021764812,52.38965182140322,44.303457438315206,0
4.95,0.2708369320202438,3633.012761394452,4435.466550559953,9.15110183285253,32.57454722387668,47.383242428478816,2798.7352470995406,65.0948705122084,122.89307600771012,0.19570413500979347,91.8420552195842,49.58666398272062,2705.0985663237716,25.14039427934908,50.719438581021535,3324.863265574141,23.061906883009215,66.66873862720787,3.929770208483178,279.3615228553167,102.41399926359854,92.16349495141068,32.62362272562908,14.816813974872007,18.999024999838813,6.020264119175716,16.41572357498309,4.051085062165563,32.80915599924101,21.694135676735584,13.217384126033199,0.830916947522007,15.883723736334638,5.356263947948414,6.653295215949849,3.250842877448029,-0.0010979683366008734,0.5613131850286949,0.20091165021764812,52.38965182140322,44.303457438315206,0
5.0,0.27070987688346987,3673.55685207454,4410.26972128254,9.20216526907822,32.436211060146405,47.277868528656434,2797.08312068601,64.72988617051492,122.88711721927905,0.194771990899243,91.63790607232232,50.626447456534194,2702.205688315304,25.286797948613405,49.62902600969884,3322.0164396505475,22.7749277377397,66.64246013607666,3.650832457750404,279.4831649299102,102.43057882683624,92.11363640297996,32.62362272562908,14.816813974872007,18.999024999838813,6.020264119175716,16.41572357498309,4.051085062165563,32.80915599924101,21.694135676735584,13.217384126033199,0.830916947522007,15.883723736334638,5.356263947948414,6.653295215949849,3.250842877448029,0.017126068073292318,0.5709336471628822,0.16942736102111056,54.034934637017216,44.774178019887266,0
5.05,0.27132480917331625,3693.122293716854,4434.215722491893,9.229110360784857,32.10920217104757,47.31690161262915,2798.466830677253,64.99747141027562,122.89189017330139,0.1936650219179996,91.81130018158424,49.84648374647269,2704.539634969325,25.24401871562815,49.17876141291327,3323.7395093090413,22.962794794042523,66.65135918246887,5.376296755557426,279.42874983811,102.42065640606639,92.18806379119177,32.58055321632406,14.845659571925237,18.543780076326648,5.894554529169458,16.420043286588964,4.032258475319269,32.990288883714506,21.729521925210005,13.150668958059716,0.8969488293542953,16.13833241092366,5.41372205671117,6.5974366813358465,3.2171024134476567,0.017126068073292318,0.5709336471628822,0.16942736102111056,54.034934637017216,44.774178019887266,0
5.1000000000000005,0.26944871313192387,3672.8655402613745,4447.1790120432515,9.314255137884661,32.41979689274986,47.48752920953103,2797.9868692876485,65.4223464103269,122.89769761579818,0.18712879563226562,91.71749430119365,49.885528483831784,2704.0173906043965,25.31646395481017,49.947970585553584,3323.469299827265,22.97117446967002,66.64236312621645,3.3596167675266275,279.2949263136046,102.42264930445569,92.03085573966615,32.58055321632406,14.845659571925237,18.543780076326648,5.894554529169458,16.420043286588964,4.032258475319269,32.990288883714506,21.729521925210005,13.150668958059716,0.8969488293542953,16.13833241092366,5.41372205671117,6.5974366813358465,3.2171024134476567,0.017126068073292318,0.5709336471628822,0.16942736102111056,54.034934637017216,44.774178019887266,0
5.15,0.26634757843106777,3634.1189422483817,4447.553189402488,9.277204762559528,32.21825067091779,47.22333420150699,2799.254136450186,64.21178098891149,122.9083648227956,0.1850974813714461,91.81021793969866,49.17788789944735,2705.320933063235,25.3696086493358,51.1741242719319,3324.5779419390333,22.84868840837621,66.65515887257816,4.635173643146007,279.04775008067685,102.41364969346208,92.19554042967674,32.024612209150675,14.853642302708437,19.20343753295515,6.101308446390125,16.76470775860365,4.015765069674114,32.57094941973811,21.733348490039592,12.896189961685968,0.9337001516787287,15.865530976785859,5.35721611718172,6.575569820943716,3.0835462891731584,0.017126068073292318,0.5709336471628822,0.16942736102111056,54.034934637017216,44.774178019887266,0
5.2,0.265525878666683,3655.2454634138458,4461.45437370118,9.216847534963392,32.091931610121634,47.04080084291691,2799.1253003074708,65.12669693685379,122.8942461134777,0.18575325129397996,91.72400443794385,49.71293102208052,2704.730145936916,25.423518052512584,50.34932054390217,3324.7928287340483,22.85233594253752,66.64895461399229,3.6728483245172914,279.1974770868997,102.44943366068381,92.02967241129922,32.024612209150675,14.853642302708437,19.20343753295515,6.101308446390125,16.76470775860365,4.015765069674114,32.57094941973811,21.733348490039592,12.896189961685968,0.9337001516787287,15.865530976785859,5.35721611718172,6.575569820943716,3.0835462891731584,0.017126068073292318,0.5709336471628822,0.16942736102111056,54.034934637017216,44.774178019887266,0
5.25,0.27125769023744434,3639.45910560448,4487.897237756695,9.187382148982543,32.36471152717097,47.03169580172209,2799.431350760759,65.40048554832428,122.90209630418228,0.18289340482663372,91.69114808155243,51.72622647007614,2704.6290345140656,25.21371294058126,49.39897852165415,3324.0534775652072,23.004044060769615,66.62020289148198,4.304731263402052,279.50978734716057,102.43397761636889,92.06056932857356,32.24087188807433,14.870967037650534,18.734209801233078,6.125852865386177,16.695919202775567,4.0488699854306365,32.72423023978087,21.836850946469404,13.262733173086923,0.8179234998902436,15.99842179262238,5.3506410922694405,6.702040885608045,3.2268431562496804,0.023218357090130454,0.5826399688061261,0.1829811665949413,53.78326952974059,43.780800891972724,0
5.3,0.2721122964677874,3638.549911639553,4426.089822850691,9.173311383601398,32.19663751630687,47.69784976262871,2799.75427834672,64.37770446739752,122.91153038895732,0.17976246539056162,91.69334033255534,51.12442300901901,2705.566924117228,25.034985094447833,48.69253027425268,3325.046911988066,23.018831295745603,66.6054508734902,5.129563735840489,279.6588570247098,102.44562753087637,92.10383687078321,32.24087188807433,14.870967037650534,18.734209801233078,6.125852865386177,16.695919202775567,4.0488699854306365,32.72423023978087,21.836850946469404,13.262733173086923,0.8179234998902436,15.99842179262238,5.3506410922694405,6.702040885608045,3.2268431562496804,0.023218357090130454,0.5826399688061261,0.1829811665949413,53.78326952974059,43.780800891972724,0
5.3500000000000005,0.2709435940692101,3673.354766261792,4455.552540773954,9.206394721829808,31.92755514232951,47.2843770898273,2800.2427508873384,64.83872899182401,122.89234629751486,0.18394663749486964,91.74419702357231,50.06866768529315,2705.7136008273696,25.28662788324984,48.7422047391831,3326.19034417447,22.705091761514073,66.60371259802653,4.800654912049055,279.3196868385712,102.44491136383745,92.16371902264966,32.28357323241782,14.925280747103375,18.848429391272628,6.077377773245631,16.596848768198477,4.063757119595929,32.8039743298203,21.583731439385623,13.658085064865457,0.8308163215643254,16.195277891294918,5.407292403073774,6.613665527343294,3.1364774657013856,0.023218357090130454,0.5826399688061261,0.1829811665949413,53.78326952974059,43.780800891972724,0
5.4,0.2681372854285037,3653.3020043684546,4439.869158081081,9.296391381101301,32.48737471280773,47.19033356718611,2800.9460896256132,63.97265160949178,122.900113651538,0.18247443696933224,91.81846154933011,50.57089145482912,2707.0508865956403,25.115854696812743,49.15260924580714,3327.34682619166,22.838655220539906,66.62438873284418,4.392544647292559,279.8190819094928,102.41398595692134,92.30202555387578,32.28357323241782,14.925280747103375,18.848429391272628,6.077377773245631,16.596848768198477,4.063757119595929,32.8039743298203,21.583731439385623,13.658085064865457,0.8308163215643254,16.195277891294918,5.407292403073774,6.613665527343294,3.1364774657013856,0.023218357090130454,0.5826399688061261,0.1829811665949413,53.78326952974059,43.780800891972724,0
5.45,0.269094326703925,3671.9371552529274,4450.178725957305,9.157809161796008,31.965865807123098,47.65703695173174,2801.644775538641,65.1306415011137,122.89563863238232,0.18795641880789318,91.79660381132857,50.97373984276152,2706.6787625266193,25.421866010549024,48.116526067871064,3328.341187170147,22.696640257220047,66.64363104813158,5.10309396588887,278.96454619440914,102.40178877575923,91.83067925314683,32.52535479926206,14.883465281286126,18.680943375206198,6.022529604550328,16.865352948765995,4.040100633408412,33.48255336427432,21.630984024958018,12.836795043804287,0.924305164654778,16.417051311265205,5.358578461534526,6.632444583422551,3.271109252551671,0.023218357090130454,0.5826399688061261,0.1829811665949413,53.78326952974059,43.780800891972724,0
5.5,0.2698182407219431,3660.655188589294,4424.7707927973415,9.198869095246216,32.35949264315179,47.38496187474379,2802.276087288341,64.79895658042246,122.89626161912561,0.1935010958041309,91.743270424115,50.129046871019675,2707.4950783512663,25.132420967993166,48.983194730902255,3327.7497805568332,22.67750421804925,66.62094282959576,5.918786005140898,279.4754721152929,102.42180836255314,92.2081664360086,32.52535479926206,14.883465281286126,18.680943375206198,6.022529604550328,16.865352948765995,4.040100633408412,33.48255336427432,21.630984024958018,12.836795043804287,0.924305164654778,16.417051311265205,5.358578461534526,6.632444583422551,3.271109252551671,0.013203690336742164,0.6034521959875753,0.20143193296096,52.91412543537705,43.50166965454533,0
5.55,0.2676930012101221,3676.4573848762593,4429.497112326585,9.171291800630863,31.992399221317566,47.60335840717887,2802.599147092033,65.21183465280905,122.91182605704951,0.196889398091746,91.88425745015819,48.31393977812876,2708.9432142081487,25.19613736040568,50.747224777612004,3328.856105398045,22.851348554558157,66.63674563849999,5.432209907437659,279.82280411798433,102.38907172002163,92.3915774858251,32.072225417812504,15.024834115379043,18.530595684630914,5.963118635461077,17.182724401869446,4.023597175825896,32.74894930559734,21.679689418651773,13.743135956040817,1.0067236045078167,15.919720223310417,5.398402109035091,6.707428997718218,3.2622225429417204,0.013203690336742164,0.6034521959875753,0.20143193296096,52.91412543537705,43.50166965454533,0
5.6000000000000005,0.26621687037168706,3671.975781169642,4394.3686939103345,9.211465335160614,32.56856680360957,47.05777779299035,2801.053466693112,64.17946053776116,122.90042824664455,0.20385563933970827,91.68754381326043,50.999240686863885,2707.081936320729,25.347642151658473,50.52450963835392,3327.0182265546914,22.937689105912675,66.66041460777728,4.796115069558992,279.592702136178,102.43569609412611,92.06760481224353,32.072225417812504,15.024834115379043,18.530595684630914,5.963118635461077,17.182724401869446,4.023597175825896,32.74894930559734,21.679689418651773,13.743135956040817,1.0067236045078167,15.919720223310417,5.398402109035091,6.707428997718218,3.2622225429417204,0.013203690336742164,0.6034521959875753,0.20143193296096,52.91412543537705,43.50166965454533,0
5.65,0.26467475046795974,3710.4716318486753,4428.468298853842,9.188468263502825,32.240803634318745,47.29606198994427,2801.549679663197,64.69402483599518,122.87981608260212,0.20659412279178851,91.74446522991903,49.126998054739694,2707.50924291912,25.072684266997875,47.90662020798675,3327.525665049545,22.82242260849559,66.61585184357551,6.701255701303248,279.3645246389562,102.41097123884609,91.92721550244734,32.751519127863354,14.916764907952087,18.57658163883128,5.800079767464375,16.429881646977904,4.04274141721172,33.042450976275695,21.863483442848022,12.992616924767663,1.0599754734296303,16.32993944209852,5.371575183849869,6.619431325372401,3.2588324726002718,0.013203690336742164,0.6034521959875753,0.20143193296096,52.91412543537705,43.50166965454533,0
5.7,0.26519467429823473,3677.5243900802416,4411.482087808856,9.215163461823387,32.18335767715758,47.45247861633743,2801.6273734136516,65.4598821569283,122.9044352692222,0.2061507819472357,91.67144707267234,49.461686203741564,2706.342450675203,25.290320161347392,49.02657727423582,3326.651202593189,22.821963899047006,66.60254256264378,3.999061908091534,279.3345212778249,102.41977713612981,92.07031250787203,32.751519127863354,14.916764907952087,18.57658163883128,5.800079767464375,16.429881646977904,4.04274141721172,33.042450976275695,21.863483442848022,12.992616924767663,1.0599754734296303,16.32993944209852,5.371575183849869,6.619431325372401,3.2588324726002718,0.013203690336742164,0.6034521959875753,0.20143193296096,52.91412543537705,43.50166965454533,0
5.75,0.2617482401062511,3650.924359763909,4417.446417170349,9.242394317752941,32.075662502575405,47.54214936973417,2800.752510310433,65.30521812273494,122.9063789461761,0.20581506232845,91.7187037290279,50.478422691853346,2706.2945045686565,25.05527917424942,50.08009691283392,3327.053712315632,22.866990773209555,66.57192786835446,4.82264373574179,279.2449174168264,102.4197816494828,92.10492052483349,32.866200666659616,14.866937277364409,18.697056799260658,5.864740071897489,16.589710880990477,4.03608551443975,32.91965291707519,21.77138288542485,13.709194802923879,0.7761043028725583,16.168996203828932,5.384104660337237,6.711832216344285,3.2409480061620646,0.014535257119187406,0.5639849274306551,0.2048281587102301,53.394269643046236,44.06490242547138,0
5.8,0.2605365729359754,3660.5458441134424,4441.6782292078715,9.204633528159187,32.18529387459171,47.610441597104455,2801.236203781174,64.68578058127733,122.90126351858228,0.2099661637060949,91.73122833527057,50.970315052635065,2706.2319361249224,25.186524290004666,50.69108667176338,3326.436465143279,22.795076606369907,66.57732246867658,5.407952234836306,279.5294721598831,102.4317735211514,92.04663972596326,32.866200666659616,14.866937277364409,18.697056799260658,5.864740071897489,16.589710880990477,4.03608551443975,32.91965291707519,21.77138288542485,13.709194802923879,0.7761043028725583,16.168996203828932,5.384104660337237,6.711832216344285,3.2409480061620646,0.014535257119187406,0.5639849274306551,0.2048281587102301,53.394269643046236,44.06490242547138,0
5.8500000000000005,0.25973794784257154,3670.519108692366,4432.693322321588,9.241644543766398,32.40215359513579,47.46530770639413,2800.5318182041415,64.72783775697818,122.88593009944411,0.2136169914064263,91.7816725152683,50.716329745555065,2706.654495083321,25.202602954030628,49.424029026763776,3326.669478228871,22.916587298628357,66.58662514960994,5.539327002403401,279.5352410266755,102.4268945483575,92.25175626656896,32.70783168426391,14.894363260459869,18.8829789967094,6.060912014633074,16.5579106128259,4.092424985304719,32.901279972276754,21.556457049867248,12.943949833557038,0.8274816890793381,15.773889243771123,5.369752969301178,6.6654827968518156,3.229823170159145,0.014535257119187406,0.5639849274306551,0.2048281587102301,53.394269643046236,44.06490242547138,0
5.9,0.2547071713402255,3695.938932788392,4434.038557342728,9.239934332357183,32.251868448531944,47.051226016764886,2800.6146276418185,65.63866929763454,122.90729096647374,0.21074648739979085,91.7357035293398,48.18201337393104,2705.4750391892767,25.166040851521064,48.79050226667986,3326.4959104840223,22.78788143812209,66.60361947896804,3.619296419086009,279.1080958288203,102.4336752342204,91.7711606532752,32.70783168426391,14.894363260459869,18.8829789967094,6.060912014633074,16.5579106128259,4.092424985304719,32.901279972276754,21.556457049867248,12.943949833557038,0.8274816890793381,15.773889243771123,5.369752969301178,6.6654827968518156,3.229823170159145,0.014535257119187406,0.5639849274306551,0.2048281587102301,53.394269643046236,44.06490242547138,0
5.95,0.25913530636296833,3631.773131102948,4445.018834197166,9.284043843900623,32.21551247953223,47.184606864755565,2799.604646167853,65.19078576197623,122.89551174137799,0.21238501493828518,91.69186380926985,49.5989593034585,2704.949464309283,25.37782698271619,50.45996458524526,3324.7663612609263,22.783938740998313,66.5987633512347,3.5261690641813352,279.744450681917,102.47027146720836,92.25875090406956,32.379577156174804,14.858126300835602,18.623294410218364,6.190377218149922,16.87129791170987,4.0205369726661475,32.661264324626224,21.650840180369602,13.131782677172263,0.9064007540611025,15.692941486598674,5.40726551185564,6.646532750066538,3.233387409521247,0.014535257119187406,0.5639849274306551,0.2048281587102301,53.394269643046236,44.06490242547138,0
6.0,0.25658459921343135,3667.0298368869635,4423.610746528453,9.322556594454609,32.491768670845424,47.573377852564725,2799.6914104679017,64.90440898423726,122.88001221001458,0.2112318557674301,91.7624860765389,49.84544764446531,2705.155461904732,25.05846740209174,49.554833660759286,3325.355034642752,22.84045352311381,66.62215295964417,4.777467234038569,279.3319135546865,102.43865402963026,91.9813403288888,32.379577156174804,14.858126300835602,18.623294410218364,6.190377218149922,16.87129791170987,4.0205369726661475,32.661264324626224,21.650840180369602,13.131782677172263,0.9064007540611025,15.692941486598674,5.40726551185564,6.646532750066538,3.233387409521247,0.019358854478427057,0.561364098421892,0.1966682643996203,54.02340525078464,44.23842379702449,0
6.05,0.2581326034198083,3656.889164084116,4412.524101333814,9.233103571484333,31.923774301400712,47.61117855388204,2799.7604835115612,65.85705146075676,122.88411931422431,0.20857629304453448,91.8112331083537,50.628130692979724,2705.9120832797626,25.244855747562006,49.131555520155175,3325.6614870091857,22.667249352451506,66.61595596563319,5.5572440258710065,279.4927950335251,102.43491903735953,92.23336932412886,32.30053269259689,14.880616910135869,18.70051570626497,6.037003961688432,16.52540592037081,4.053619120830939,32.66266636877173,21.704049374073804,12.818006864155045,1.0610809320372425,15.592771400653618,5.376547904345625,6.61679670423102,3.2923060625990805,0.019358854478427057,0.561364098421892,0.1966682643996203,54.02340525078464,44.23842379702449,0
6.1000000000000005,0.2595972782479969,3637.6290346235405,4449.811552257086,9.228197857213754,32.33868105868141,47.061945469723874,2799.4780661371046,64.1284158770498,122.87609426189847,0.20698504588271216,91.6616446201375,48.91502528384662,2704.445029885688,25.32318896405695,48.50925015856821,3324.7701617363064,22.74845673159638,66.62635713319689,5.499664417497299,278.90621944309544,102.47199677585735,91.80778715528037,32.30053269259689,14.880616910135869,18.70051570626497,6.037003961688432,16.52540592037081,4.053619120830939,32.66266636877173,21.704049374073804,12.818006864155045,1.0610809320372425,15.592771400653618,5.376547904345625,6.61679670423102,3.2923060625990805,0.019358854478427057,0.561364098421892,0.1966682643996203,54.02340525078464,44.23842379702449,0
6.15,0.25796547786976187,3665.439995774412,4464.411750697574,9.210835684171714,32.31739946255627,47.4967487176569,2800.1483661987745,64.85364943310394,122.90606354598039,0.2055744230933297,91.73293874779073,49.933149791652745,2705.4556634595674,25.34783828722496,50.9771254068442,3325.047237309762,22.876467605030268,66.60855497034188,6.425647787634093,279.6248692165622,102.46663002253526,92.23871718676354,32.148522982224854,14.838204303135361,18.86076862978333,6.013379496765008,16.708296577130195,4.012975920030814,32.4793084278604,21.749975964975746,13.377257476204496,0.8923857489518999,16.134220778155463,5.381917409590839,6.608707848569847,3.2043892248155896,0.019358854478427057,0.561364098421892,0.1966682643996203,54.02340525078464,44.23842379702449,0
6.2,0.2580598919285064,3677.1222656511086,4395.3291289619065,9.266024393639428,32.00974861437431,47.54563794107439,2801.0584501960843,64.78975046907645,122.91031556973566,0.206722670231915,91.85537154680614,49.56650113155861,2707.249919046087,25.31599293688984,50.83546986737487,3326.9002394900845,23.127291831244527,66.64019728020779,5.368638895502217,278.8900114657258,102.43174872182081,92.02321786484194,32.148522982224854,14.838204303135361,18.86076862978333,6.013379496765008,16.708296577130195,4.012975920030814,32.4793084278604,21.749975964975746,13.377257476204496,0.8923857489518999,16.134220778155463,5.381917409590839,6.608707848569847,3.2043892248155896,0.019358854478427057,0.561364098421892,0.1966682643996203,54.02340525078464,44.23842379702449,0
6.25,0.26149316098986747,3692.2222452811807,4481.206946520624,9.208844594621375,32.660412156510674,47.62461159331232,2799.9217074533803,65.20783261746712,122.90375277365104,0.2062764760136216,91.8309130806635,51.941246633211065,2706.6043150173846,25.334470163103873,51.44054573921386,3325.9549030423395,22.849196370139087,66.64376011935951,5.4477461864758014,279.39428751131686,102.42973121603924,92.22825616915898,32.125822171820765,14.817659369803172,19.161670477963014,6.106541721735879,16.652570977960952,4.049632647764262,32.645937205951036,21.77660354853841,13.483688215133489,0.9119722375653588,16.370715586606632,5.440403419125413,6.583652112505289,3.1371343732215093,0.008186331953632884,0.567255686856218,0.1775248743613972,53.403461344920856,43.93901237427893,0
6.3,0.2642551881484394,3648.380589927742,4406.552947682815,9.200606760582767,32.301841192659964,47.27760060550392,2800.255107642409,65.77302146763657,122.8847511079839,0.20995354154374946,91.80116193825778,48.14408608758897,2706.1741896378467,25.469003767233687,50.94021834811774,3326.4007109535664,22.960094187622584,66.66399507532559,3.5261498599164574,279.39936775745883,102.44616826050077,92.18631497679411,32.125822171820765,14.817659369803172,19.161670477963014,6.106541721735879,16.652570977960952,4.049632647764262,32.645937205951036,21.77660354853841,13.483688215133489,0.9119722375653588,16.370715586606632,5.440403419125413,6.583652112505289,3.1371343732215093,0.008186331953632884,0.567255686856218,0.1775248743613972,53.403461344920856,43.93901237427893,0
6.3500000000000005,0.26626017944332536,3642.203436946906,4427.084578175796,9.249248022368231,31.95733335637287,47.125159353677965,2799.424305651403,65.0162583215308,122.89143259858005,0.209984878402849,91.70213069613634,49.501263531807126,2704.738420343165,25.29519501128417,50.89023629292611,3325.0031804063424,22.9826759936978,66.65757864399532,4.673066617090934,278.8992059156289,102.44620130435086,91.89946625083088,32.73628277952849,14.856197955967367,18.805754347849383,5.860993386570448,16.452133977295528,4.02032237862556,33.024120565581406,21.682595327950402,12.76534594819014,0.7932178165789159,16.000557020464722,5.378605148483527,6.778730735348578,3.276425046817948,0.008186331953632884,0.567255686856218,0.1775248743613972,53.403461344920856,43.93901237427893,0
6.4,0.26851029455489356,3674.0540812721474,4417.674487710316,9.209660213430354,32.36916124889043,47.22968521469211,2800.0610786705784,65.509079979098,122.90277552203322,0.20715188450483715,91.82801441746965,52.02983961549951,2706.1477252207355,25.337052093262862,51.450447935151715,3326.1258614438857,22.81858828157185,66.62760445377317,4.71447423870866,279.304046137823,102.45610273114958,92.29745246687837,32.73628277952849,14.856197955967367,18.805754347849383,5.860993386570448,16.452133977295528,4.02032237862556,33.024120565581406,21.682595327950402,12.76534594819014,0.7932178165789159,16.000557020464722,5.378605148483527,6.778730735348578,3.276425046817948,0.008186331953632884,0.567255686856218,0.1775248743613972,53.403461344920856,43.93901237427893,0
6.45,0.26724459055179656,3670.9939874610873,4415.111484538907,9.130808902162213,32.12561907703517,47.37408853113551,2799.597223856116,64.948973769821,122.88100343653392,0.2097289225446839,91.75611434627315,48.63650360370442,2705.5396838061374,25.185171512426443,48.49480308132286,3325.1214102853924,22.85997656956136,66.65988702416905,4.160866765133268,279.3329161276361,102.43355056239545,92.01951260350287,32.192594797106906,14.872886763787877,19.002168668572555,6.011099355042484,16.762295128567516,4.074797832465202,32.96168198008205,21.763870841935724,13.53131634830282,0.7816681418635939,16.428241572021523,5.383886530581899,6.6351459385789004,3.185914456580147,0.008186331953632884,0.567255686856218,0.1775248743613972,53.403461344920856,43.93901237427893,0
6.5,0.2622587962532799,3667.377739896602,4421.452707840856,9.235293831224963,32.019074838267386,47.51448750391644,2799.278625029468,64.9628148175351,122.89469865351143,0.20737731198252854,91.7669278679191,50.98956053406811,2705.8723864335225,25.146114948467208,51.561002836321606,3325.363677068699,22.81812419787049,66.62802188918518,7.93550443216332,279.36001405617844,102.446278909004,92.1493472247789,32.192594797106906,14.872886763787877,19.002168668572555,6.011099355042484,16.762295128567516,4.074797832465202,32.96168198008205,21.763870841935724,13.53131634830282,0.7816681418635939,16.428241572021523,5.383886530581899,6.6351459385789004,3.185914456580147,0.016724852685745063,0.576986152331518,0.17935354384635804,53.208483929143334,44.065019421230915,0
6.55,0.26494385209366883,3666.3804936514666,4424.41800515761,9.22564849839589,32.08062690882481,47.41364329157517,2799.726704491174,65.46211121361839,122.91061671420853,0.2039363110932559,91.72246154318253,49.83987085561718,2703.9406732315024,25.061493678370365,51.080947712530644,3325.3250574869658,22.719917071057395,66.6187066429976,7.471956784460571,278.91441688186404,102.43399608783226,91.89657399411217,32.4614618884352,14.863253359099641,18.777738828561326,5.859215326630273,16.592577263247403,4.055593444852053,32.694987654689655,21.870374512692155,13.21668579741657,1.0157088401472356,16.05878545472916,5.3960351000015265,6.6547713553441,3.3436754421609747,0.016724852685745063,0.576986152331518,0.17935354384635804,53.208483929143334,44.065019421230915,0
6.6000000000000005,0.26843758714887794,3671.9477541673573,4432.421559087808,9.177459552606441,32.460208438834094,47.6587298101684,2799.5730494152185,65.09874648829134,122.92680668860496,0.2030510527797964,91.77023581528537,48.496952812352895,2705.268751641017,25.100257830638085,49.15155741901023,3325.357365002636,23.009453380230607,66.60696678418448,3.263738013900735,279.48295669095467,102.47730772463606,92.30161106803249,32.4614618884352,14.863253359099641,18.777738828561326,5.859215326630273,16.592577263247403,4.055593444852053,32.694987654689655,21.870374512692155,13.21668579741657,1.0157088401472356,16.05878545472916,5.3960351000015265,6.6547713553441,3.3436754421609747,0.016724852685745063,0.576986152331518,0.17935354384635804,53.208483929143334,44.065019421230915,0
6.65,0.26421584930530323,3664.7319509868,4439.093655493232,9.208561911596071,32.242869944346836,47.236973426677544,2800.199161077875,64.86491207955474,122.90904574039463,0.2033866221435199,91.88092020322439,51.32038568439522,2705.3015388350477,25.305818446504997,51.20604914989081,3326.319325289564,23.053401332271672,66.66398705500083,5.08295402444947,279.28457719008645,102.44742420626936,91.97338617409964,32.270076417885114,15.008934325167388,18.860163438743122,5.946947757683391,16.630679164667203,4.059246138650379,32.186868578519885,21.715910007259932,12.818816219146068,0.9095610809774741,15.767024077752886,5.39218878216119,6.6367499229296225,3.217802699986,0.016724852685745063,0.576986152331518,0.17935354384635804,53.208483929143334,44.065019421230915,0
6.7,0.26228844902219006,3687.3203761826526,4417.194041685058,9.247236057905527,32.038234372491644,47.64590717526704,2799.209012385683,65.22505368522866,122.90473135492435,0.20309420003318054,91.72784104755745,50.30576283322724,2704.940254007585,25.345633040581294,50.82157342358943,3325.008139854915,23.161741159663137,66.64538959156339,4.922190836137974,279.3490776550989,102.44867576723448,92.26068958320234,32.270076417885114,15.008934325167388,18.860163438743122,5.946947757683391,16.630679164667203,4.059246138650379,32.186868578519885,21.715910007259932,12.818816219146068,0.9095610809774741,15.767024077752886,5.39218878216119,6.6367499229296225,3.217802699986,0.016724852685745063,0.576986152331518,0.17935354384635804,53.208483929143334,44.065019421230915,0
6.75,0.26322014539123656,3663.7794394522134,4428.853769166383,9.147375293072281,32.34414322023744,47.21729679539387,2799.815847646905,64.68652109427842,122.9042705656447,0.2015636697689872,91.85788373835493,49.67045167766223,2705.858464812678,25.191127769465588,49.69671395661845,3324.944143019664,22.99068188245363,66.65536128033155,6.103502187765839,279.22158984884715,102.41860876732368,92.09922013560224,32.23504077808836,14.953282250899697,18.97495939596939,5.867010737380201,16.300501281757647,4.051574596419032,32.39759295638848,21.77046815797464,13.304269284982581,1.002845862261655,15.851079408002022,5.405257477661078,6.68276880909882,3.2354153537356973,0.016087938173635834,0.5739474269630995,0.1982713779718197,54.27084740354112,42.45851522168997,0
6.8,0.2639390849202531,3633.055966226043,4402.062291889558,9.26748800757301,32.08418504109698,47.108793539465395,2799.198911965051,64.17439279627673,122.87894267142829,0.2036133318929667,91.76249247727917,51.51392634242917,2704.8791224766046,25.371285916282424,50.09531514136217,3325.0061635174156,22.879520676623848,66.65036654087508,5.0928357099345725,278.77771311833857,102.43790836324985,91.99233539077991,32.23504077808836,14.953282250899697,18.97495939596939,5.867010737380201,16.300501281757647,4.051574596419032,32.39759295638848,21.77046815797464,13.304269284982581,1.002845862261655,15.851079408002022,5.405257477661078,6.68276880909882,3.2354153537356973,0.016087938173635834,0.5739474269630995,0.1982713779718197,54.27084740354112,42.45851522168997,0
6.8500000000000005,0.264034599333479,3661.426686265869,4423.484797624067,9.228067774227068,32.34302640953089,47.26117433327323,2799.1084060684043,65.03768912690859,122.89782244098235,0.20038114417084088,91.77933051266375,52.368016368496804,2704.9743967292607,25.338106469655266,51.79306035759583,3324.4829566867475,22.832645499639863,66.64188223968861,4.640120766532525,279.1509706754781,102.44222848460178,92.10779558587657,31.90528230742759,14.93047310661058,18.644522246313134,6.0384650153173505,16.348364474759205,4.00819202973985,33.04001963252438,21.87246158222064,13.381385156773156,0.9408396247446859,16.43209527776672,5.345300842609626,6.707607829680895,3.2155650126629625,0.016087938173635834,0.5739474269630995,0.1982713779718197,54.27084740354112,42.45851522168997,0
6.9,0.2650793539944972,3665.467723566748,4437.11001302452,9.172834427504519,32.099656696616144,47.26446992124614,2798.8931753846514,65.36835784823633,122.91554766497835,0.1988823915636265,91.75106463102583,49.374558338311566,2704.991888631282,25.231997746198306,48.74193093475323,3325.093152541968,22.815158076043016,66.64892730776275,7.751253410415894,279.0378451045551,102.44276147787154,91.85950352587979,31.90528230742759,14.93047310661058,18.644522246313134,6.0384650153173505,16.348364474759205,4.00819202973985,33.04001963252438,21.87246158222064,13.381385156773156,0.9408396247446859,16.43209527776672,5.345300842609626,6.707607829680895,3.2155650126629625,0.016087938173635834,0.5739474269630995,0.1982713779718197,54.27084740354112,42.45851522168997,0
6.95,0.26616671964012534,3666.754447462974,4441.890436968499,9.261743769742619,32.429172840184435,47.416206407498024,2799.4267493373623,65.6364420224756,122.9120942029333,0.19752852391520645,91.7154092668751,49.211358016160666,2705.0412226731323,25.26561766024571,49.3494764510068,3324.606699407996,22.856122346776736,66.63902740505462,5.635782936289031,279.1458909857862,102.45318804952127,92.10228599217096,32.36221761236619,14.841499910748052,18.490071408702597,5.841946420879671,16.568723338218437,4.013080567868141,32.72066160473042,21.85494877559065,13.130699946578176,0.8994598415526313,15.727547371167056,5.442021200037395,6.572410427894489,3.229058462883808,0.016087938173635834,0.5739474269630995,0.1982713779718197,54.27084740354112,42.45851522168997,0
7.0,0.2660817984261457,3654.5426475790546,4425.508272288492,9.203617775531795,31.84766155846505,47.492844319067316,2800.8351044945584,64.83823368981757,122.91131974247091,0.1969439153341775,91.83083386496293,48.50655410177838,2706.3782845902797,25.2057649566656,48.75585607472771,3326.341972472158,22.917448043763514,66.61932194970929,3.1959568477150073,279.0154423627253,102.44533630725272,91.97535385943992,32.36221761236619,14.841499910748052,18.490071408702597,5.841946420879671,16.568723338218437,4.013080567868141,32.72066160473042,21.85494877559065,13.130699946578176,0.8994598415526313,15.727547371167056,5.442021200037395,6.572410427894489,3.229058462883808,0.0055339559202039965,0.5752675005940482,0.1743767655798527,53.78994218687193,43.962280995616425,0
7.05,0.26305204315513664,3651.5634912999817,4426.919733904001,9.202065801398442,32.052475786927516,47.21456531630444,2800.911486220845,65.0182407605965,122.92539682609932,0.20221375078483905,91.74571242128832,50.032512444606645,2706.412715214495,25.58180337893161,50.117260171868594,3326.911581537124,22.879413585186832,66.60523986536734,2.228425787497857,279.1450766442195,102.4349736681771,91.97529877428501,32.29017051768751,14.795783955558289,19.134834221281743,6.134104982025159,17.305270653520655,4.060549236491477,32.99217846675708,21.915507146910212,13.246159439459097,0.9223953955164936,15.738473173437313,5.409641792204963,6.546275342225866,3.207010844231889,0.0055339559202039965,0.5752675005940482,0.1743767655798527,53.78994218687193,43.962280995616425,0
7.1000000000000005,0.25945027060514536,3673.973519492644,4444.435150476089,9.284857253954188,32.141736821885175,47.42983455496075,2801.936998958506,64.82705117345685,122.91215161685152,0.20285386797471,91.77242017903875,51.10029616449639,2707.391118253037,25.08759374997364,49.75614919312465,3327.1726299530537,22.970647385353587,66.61162629495699,3.9668192880630015,279.26668288073245,102.44572918966757,92.4966371201195,32.29017051768751,14.795783955558289,19.134834221281743,6.134104982025159,17.305270653520655,4.060549236491477,32.99217846675708,21.915507146910212,13.246159439459097,0.9223953955164936,15.738473173437313,5.409641792204963,6.546275342225866,3.207010844231889,0.0055339559202039965,0.5752675005940482,0.1743767655798527,53.78994218687193,43.962280995616425,0
7.15,0.26469594271435487,3606.7764970795524,4467.827063982648,9.268565811636618,32.2342642861735,47.31314783769307,2801.0072571896562,65.2034784062239,122.88109215243219,0.20317363945632075,91.81144164224149,51.660233924717325,2707.3087516098776,25.08159481806891,48.12279721088491,3327.391250181254,22.999365304548487,66.62062651112576,4.480633709586736,279.1127911108365,102.41742062126518,91.95308004898436,32.015614033812405,15.103363113252499,18.732070959058916,6.07885106734237,16.741012325089727,4.085859333018387,32.72619912970871,21.805188410369592,13.183298111073317,0.7316322917009089,15.787856391537275,5.432255988726494,6.6883585037766276,3.2095577790189322,0.0055339559202039965,0.5752675005940482,0.1743767655798527,53.78994218687193,43.962280995616425,0
7.2,0.26525580919931474,3647.1532566912556,4430.697433183958,9.240946312837117,32.4259914886777,47.696125070592615,2800.5774026868967,65.61215864799452,122.8821322439079,0.20811746733726616,91.6608458817097,51.33199850148384,2706.106047399411,25.301567205045934,49.36995930270073,3326.268744788241,23.14130695419507,66.61914874085396,3.265163864531286,278.8863549591229,102.4496392328175,92.02954371568423,32.015614033812405,15.103363113252499,18.732070959058916,6.07885106734237,16.741012325089727,4.085859333018387,32.72619912970871,21.805188410369592,13.183298111073317,0.7316322917009089,15.787856391537275,5.432255988726494,6.6883585037766276,3.2095577790189322,0.0055339559202039965,0.5752675005940482,0.1743767655798527,53.78994218687193,43.962280995616425,0
7.25,0.26457044985408557,3680.5589715554866,4433.250430084252,9.253980904004848,32.0720078426712,47.3142557430931,2800.7618209776015,65.29765667538562,122.88994081749149,0.2112698674168041,91.7372692366236,49.00944562124522,2706.7738248151013,25.444882628471564,48.36385201508285,3326.642518953828,22.87662683808336,66.57605265047903,5.208650021840867,279.0130464565824,102.46435387257041,92.10979383812615,32.009761270987134,14.88024384405147,18.878516260020547,6.187853518467834,16.54962018439067,4.057787016996021,32.50267338151253,21.800002661795745,13.605919559724207,0.8846633240641841,16.028318268334015,5.418398301654013,6.7066162079044975,3.2059204821490024,0.02241501434410765,0.5878631475918359,0.17602858941447702,53.803027718111295,43.51085689092707,0
7.3,0.26690785323086197,3664.2827763756286,4414.597364055672,9.222213534437893,32.07610888058575,47.47840356078111,2802.1365294591733,64.81465129476402,122.89528466889362,0.21326788450847808,91.84684108100063,50.79872366685892,2707.5783878283487,25.503475175776515,48.47783444464171,3327.742836400341,22.753896540767112,66.63671169979605,5.716261340859042,278.86137542141864,102.43960727838918,92.0868411252343,32.009761270987134,14.88024384405147,18.878516260020547,6.187853518467834,16.54962018439067,4.057787016996021,32.50267338151253,21.800002661795745,13.605919559724207,0.8846633240641841,16.028318268334015,5.418398301654013,6.7066162079044975,3.2059204821490024,0.02241501434410765,0.5878631475918359,0.17602858941447702,53.803027718111295,43.51085689092707,0
7.3500000000000005,0.26758209080641404,3651.8094552118996,4451.216695334703,9.24214262920093,32.21977656314921,47.65547474436679,2800.534723076294,65.15431645549164,122.89634162334275,0.21265455201111003,91.69988582724844,49.597226140839226,2706.579909598043,25.30216731251737,50.79914471670935,3326.994464831986,22.791555615922423,66.63532657517518,3.6076075761073323,279.04575063238093,102.4257288895833,91.80476376628904,32.12626129623507,14.865708203449758,18.865933310679445,6.154228619229703,16.497516823003362,4.041066389119881,33.22440806701695,21.76843603785639,13.078848438647455,0.8910242923918018,16.07715105853767,5.416278969482452,6.548765406973463,3.1227978334549777,0.02241501434410765,0.5878631475918359,0.17602858941447702,53.803027718111295,43.51085689092707,0
7.4,0.2674868218125235,3662.7525320241857,4419.063981628945,9.25701691755801,32.18641330762417,47.55318619714134,2800.3884643883525,64.51075256044028,122.89582880957066,0.21634193125595486,91.6879454187816,49.76468613192061,2705.7375527312415,24.98157585961941,47.66279304339691,3325.763493722294,22.996215298480042,66.59367446012371,4.243331177697116,278.89741201307777,102.45029558711292,92.14349901575177,32.12626129623507,14.865708203449758,18.865933310679445,6.154228619229703,16.497516823003362,4.041066389119881,33.22440806701695,21.76843603785639,13.078848438647455,0.8910242923918018,16.07715105853767,5.416278969482452,6.548765406973463,3.1227978334549777,0.02241501434410765,0.5878631475918359,0.17602858941447702,53.803027718111295,43.51085689092707,0
7.45,0.2667150119108282,3669.8840370860203,4411.228078290812,9.2025796960627,32.10080352779565,47.409830458859005,2801.010991571715,64.8733793742056,122.90847797481527,0.21931306138667092,91.82509123078466,48.52151814560183,2706.4080627761978,25.03038819503852,48.985077159402415,3327.384643979555,22.80349105312211,66.60718474628817,4.595422850231503,278.9709941800983,102.45805342579479,92.14878453708396,32.168949143540026,14.833901616915051,18.587068231229967,6.066164221572478,16.97278346445118,4.047872826465291,32.79591933711868,21.760781505979008,13.571859561274112,0.9727142852912836,16.080555037666354,5.38379346793702,6.670640816198601,3.1762206943556346,0.02241501434410765,0.5878631475918359,0.17602858941447702,53.803027718111295,43.51085689092707,0
7.5,0.2670112240372129,3644.676434820895,4479.174008289876,9.163785722626129,32.27583236412249,47.27992574229605,2800.3517890166504,63.900565086430134,122.89936959930917,0.21996138495754416,91.76224484601136,50.64056281243301,2705.918508336952,25.355193860325922,50.57061815134942,3325.9396433036472,22.81126616924659,66.61427374390955,5.39539574129328,278.8758072426001,102.44956851051276,91.93800339217263,32.168949143540026,14.833901616915051,18.587068231229967,6.066164221572478,16.97278346445118,4.047872826465291,32.79591933711868,21.760781505979008,13.571859561274112,0.9727142852912836,16.080555037666354,5.38379346793702,6.670640816198601,3.1762206943556346,0.033303220894435916,0.56627912799859,0.17598525930581918,53.90250901600181,43.78416038212579,0
7.55,0.265037205928039,3658.3210888639833,4445.108420832844,9.31241146622716,32.124060105676854,47.51806838359169,2800.564315321151,65.29376224644197,122.88355872791573,0.22147186414224224,91.72728417776464,51.00435524123943,2705.787285969398,25.32570622191637,49.66866803092294,3325.9631950890866,22.900513983380748,66.60016831217354,6.2860697561310275,279.29017303327385,102.44359226257363,91.92049034657303,32.32532713016217,14.89478667587748,19.002588864677225,5.858828959627804,17.19770800702889,4.025412343239427,32.57323461526611,21.925852046626744,13.35085570515635,1.060832639538357,16.139304285390743,5.428874092522602,6.695586073016874,3.1958928303093685,0.033303220894435916,0.56627912799859,0.17598525930581918,53.90250901600181,43.78416038212579,0
7.6000000000000005,0.2645894954465092,3671.4088426938583,4438.596178723142,9.201537320706791,32.36923211522446,47.55096410445178,2799.918528674253,64.71006506582454,122.89002039216692,0.2175135884921735,91.68168148167665,49.103889396862975,2705.630398475856,25.198350871555725,50.14531818404935,3325.61622589368,22.79323660653305,66.59506480925609,5.113169580031756,278.6454166581776,102.45239909325058,92.10489107144954,32.32532713016217,14.89478667587748,19.002588864677225,5.858828959627804,17.19770800702889,4.025412343239427,32.57323461526611,21.925852046626744,13.35085570515635,1.060832639538357,16.139304285390743,5.428874092522602,6.695586073016874,3.1958928303093685,0.033303220894435916,0.56627912799859,0.17598525930581918,53.90250901600181,43.78416038212579,0
7.65,0.2659215240076181,3650.7787526846528,4424.755239699724,9.261284053278311,32.10611596901688,47.25081297272612,2799.7058706210605,65.74421951673601,122.88865951874816,0.2179506081590082,91.6746308030978,48.77502926339711,2705.2766894780157,25.31776851552772,49.68229454400966,3324.821529969606,23.082839847723573,66.56805817863406,4.687038668418344,278.78229523607286,102.45926861056257,91.95721560997171,32.525995519309284,14.980901811398033,18.61610495268453,6.06985456675311,16.705189770856347,4.098040680225086,32.824514652796665,21.750476755841664,13.099101798135797,0.9860652593581225,16.516421004719135,5.376495283369848,6.660446769293199,3.213919197654697,0.033303220894435916,0.56627912799859,0.17598525930581918,53.90250901600181,43.78416038212579,0
7.7,0.26521247148238003,3640.6628846030935,4444.291680921937,9.266210452875534,32.1979815273615,47.08185803422553,2799.5597807168683,64.86185206485953,122.89097543057507,0.2201343954499923,91.74046562107328,48.714899521650295,2705.4305849614125,25.32129162543099,50.585718435763084,3325.432213145721,22.953171473578873,66.57612534439563,6.283790337119066,278.6520354370669,102.46844189353301,92.13763392499986,32.525995519309284,14.980901811398033,18.61610495268453,6.06985456675311,16.705189770856347,4.098040680225086,32.824514652796665,21.750476755841664,13.099101798135797,0.9860652593581225,16.516421004719135,5.376495283369848,6.660446769293199,3.213919197654697,0.033303220894435916,0.56627912799859,0.17598525930581918,53.90250901600181,43.78416038212579,0
7.75,0.26469042286551375,3643.2286866113454,4424.729964172612,9.139032275099499,32.00671292121976,47.419067941392505,2799.415386571557,64.89417345078178,122.89893681752234,0.2160107478214563,91.75477487145122,50.91746628068361,2706.1552436474644,25.24016221345004,51.5990992029258,3325.6402257804543,22.88598854156357,66.5792286857155,6.09303300460322,278.97561584531655,102.45979982581274,91.90847727780405,32.386903006837635,14.906816872016714,18.672319973267648,6.102753817009534,16.6499499877621,4.023182759353811,32.7200462594642,21.75485695670358,13.433165765220199,1.026256678287489,15.861925665906814,5.4167528856180365,6.677849458311298,3.252875606325928,0.005714593506073462,0.574071942671982,0.179108842683327,54.2242692712401,44.09945264538599,0
7.8,0.2620403165012431,3676.6227308153066,4424.208578598249,9.328542223770352,31.916335745038673,47.26253571982105,2800.0064246377683,65.5217354954919,122.91162180454269,0.21541629752581484,91.78217316244434,49.37231699169037,2706.353622789699,25.100373571041352,47.87424753552035,3326.1296951793242,22.74630739527726,66.57813517815372,5.4595613438678186,278.9399309147832,102.46251042173276,92.138893618498,32.386903006837635,14.906816872016714,18.672319973267648,6.102753817009534,16.6499499877621,4.023182759353811,32.7200462594642,21.75485695670358,13.433165765220199,1.026256678287489,15.861925665906814,5.4167528856180365,6.677849458311298,3.252875606325928,0.005714593506073462,0.574071942671982,0.179108842683327,54.2242692712401,44.09945264538599,0
7.8500000000000005,0.2608026826479213,3643.248088066686,4465.946944958198,9.272871419957681,32.40099752195576,47.30880573166785,2801.4426312357764,64.51784606437046,122.92883685754275,0.21769023404902443,91.88634575028992,51.80783599677471,2706.9245584018,25.13266558573332,48.05134128641413,3327.224207253361,22.967505884752907,66.6308575577097,4.988922747754791,279.1649524115335,102.44152007367713,92.18569654068628,32.19629196414524,14.812914647988647,18.869376532571437,6.249885322532289,16.7997638405538,4.073272285721851,32.390741746437335,21.904806180317795,13.196655037042333,0.9201435895266307,16.414516030709375,5.405736394060652,6.663333222084157,3.2471615292133875,0.005714593506073462,0.574071942671982,0.179108842683327,54.2242692712401,44.09945264538599,0
7.9,0.2604052108124625,3689.9355621838617,4433.737519781053,9.286506207323523,32.043490921817664,47.57780515034802,2799.5870618362233,64.77484096406563,122.89657360861094,0.21670368599282713,91.74226881096307,51.39282601098479,2705.365485330773,25.342606596428688,50.37877472189695,3325.5453001950964,22.796758819576617,66.61761072576034,6.451876548058765,279.08430193203446,102.45176349129005,92.10433536558375,32.19629196414524,14.812914647988647,18.869376532571437,6.249885322532289,16.7997638405538,4.073272285721851,32.390741746437335,21.904806180317795,13.196655037042333,0.9201435895266307,16.414516030709375,5.405736394060652,6.663333222084157,3.2471615292133875,0.005714593506073462,0.574071942671982,0.179108842683327,54.2242692712401,44.09945264538599,0
7.95,0.2622552737706131,3668.601161711768,4402.449962095668,9.189193499322483,32.17405109664341,47.40344249727558,2799.450822590052,65.30016072379219,122.89814352377776,0.21513022351810232,91.7698837339011,50.19928608273116,2706.2242932307718,25.213296722359875,49.84587481684584,3325.1773958908457,22.997498940272635,66.64689920580598,5.737814897338705,278.7228057092128,102.44565291738613,92.02599870459163,32.32204745758677,15.04730589118957,18.805713349384146,6.012391544577972,16.70717206186178,3.9991606170808014,32.57209829800097,21.9471397474897,13.259346819759582,0.8380527228906278,16.341153857756307,5.358620347902889,6.628001071446868,3.2741092427267393,0.005714593506073462,0.574071942671982,0.179108842683327,54.2242692712401,44.09945264538599,0
8.0,0.2618295478143813,3645.4635242705526,4439.38144067852,9.199681017161662,32.542513530740585,47.172105547505616,2798.621989436609,65.46373783662644,122.88452592300358,0.21793679431198168,91.68368485827341,51.62696268117936,2704.727309290326,25.203798140910035,48.73561502825861,3324.6661596265067,22.76018678583746,66.60932597908199,5.829966382579574,278.6186032779001,102.4768995258246,91.98498686984898,32.32204745758677,15.04730589118957,18.805713349384146,6.012391544577972,16.70717206186178,3.9991606170808014,32.57209829800097,21.9471397474897,13.259346819759582,0.8380527228906278,16.341153857756307,5.358620347902889,6.628001071446868,3.2741092427267393,0.013614191002708786,0.5712589394450224,0.17013253506063816,53.5605176076471,44.06938854995016,0
8.05,0.26347754639390614,3654.759799003409,4495.1672966382885,9.269005152637968,32.14479817500588,47.5879605205819,2799.419679321064,64.09083405919027,122.89634929574794,0.2166297681009912,91.78899382902387,50.9827039782344,2705.3382553991373,25.287547254390052,49.064240878033004,3325.4441239554767,23.110396517952164,66.62537557665723,7.243938879108327,279.1615860266216,102.47632527924776,91.96195740510007,32.237061459279396,14.855938343446303,18.683919587258583,5.9110707052851374,16.631616968131244,4.084286678491448,32.20485545213888,21.81089698875276,13.041812435571865,0.7792745722170534,15.892989847083793,5.371617031473281,6.69008416905187,3.195633685553912,0.013614191002708786,0.5712589394450224,0.17013253506063816,53.5605176076471,44.06938854995016,0
8.1,0.262522238162306,3643.7997533384473,4455.228194395566,9.11477710151607,32.12168557686522,47.32543220147575,2798.552715774174,65.34172492224295,122.89933412340537,0.21420814564647994,91.67972098543723,48.2858234858049,2704.0928682581853,25.297759803284627,50.33687278465379,3324.8139633308638,22.94229161782804,66.60292641432173,5.420757507845987,279.2262987115424,102.47258092005056,91.98367623971977,32.237061459279396,14.855938343446303,18.683919587258583,5.9110707052851374,16.631616968131244,4.084286678491448,32.20485545213888,21.81089698875276,13.041812435571865,0.7792745722170534,15.892989847083793,5.371617031473281,6.69008416905187,3.195633685553912,0.013614191002708786,0.5712589394450224,0.17013253506063816,53.5605176076471,44.06938854995016,0
8.15,0.26400926416644543,3648.8895953408232,4420.358196245186,9.339496018177012,32.299484295475686,47.080660030660084,2799.762921697586,64.94986941705776,122.88833214954938,0.21288431647413256,91.81603081430232,51.58195734646992,2706.0326128965153,25.210957788152115,49.47386887709944,3325.6028669741618,22.760338183060146,66.58370665190738,3.802066921407569,279.0079089781991,102.45294780319983,92.33322681204993,32.40469900522769,14.93297997636483,18.896972831558276,6.062452703334357,16.444502482239013,4.064104999528107,32.57454759643907,21.807615559189514,13.130151012948755,1.0810360715603873,15.987584975413391,5.3565242836900655,6.644432930952904,3.263390547997899,0.013614191002708786,0.5712589394450224,0.17013253506063816,53.5605176076471,44.06938854995016,0
8.2,0.2646820878973598,3605.3364802393326,4449.985250104678,9.23552742689013,32.270916563556646,47.17742115927647,2800.4133086593815,64.3048220153097,122.89416457951715,0.21097080250281586,91.86617154012515,49.9971791415069,2705.944666022628,25.240388413615246,49.173258880087374,3326.2657523780863,22.892101577363185,66.62910972148632,3.9167667573302727,279.00128663379303,102.44842799101929,92.10658198724545,32.40469900522769,14.93297997636483,18.896972831558276,6.062452703334357,16.444502482239013,4.064104999528107,32.57454759643907,21.807615559189514,13.130151012948755,1.0810360715603873,15.987584975413391,5.3565242836900655,6.644432930952904,3.263390547997899,0.013614191002708786,0.5712589394450224,0.17013253506063816,53.5605176076471,44.06938854995016,0
8.25,0.2610666788517173,3645.7948183685057,4446.793163597421,9.21927826696252,31.98360817485256,47.436426517936596,2799.079225942743,65.36071782252576,122.91234894658439,0.21219309166562705,91.73036336480877,50.421079906939354,2705.1626645179,25.170770415120845,49.35210944234466,3325.053235471772,22.965344330436906,66.62989809591524,6.102418623782644,279.09849292774896,102.44304795836824,91.91118837149989,31.979353330376618,15.048202359150379,18.685012832690223,6.130790953740093,16.776417599771808,4.024693613983477,33.20795048103691,21.70347866274629,13.15998665130721,1.0029648616634028,15.91966192584822,5.399024611819086,6.670059330150332,3.231539581309864,-0.009216662054259776,0.5736467964972777,0.18783366955021288,54.07896016116509,43.66201507330035,0
8.3,0.261780710065651,3631.2223188192943,4445.143432217739,9.262496034944018,32.04404404380534,47.63822386870447,2799.4960168469897,65.32338242134128,122.92238588757692,0.21115184649430446,91.79268038755656,49.76993382049392,2704.9410752350664,25.545530913369248,50.681836647105776,3325.1590632419657,23.048407351727953,66.61051824896579,4.521418581720371,279.0350967737587,102.44266015164804,92.19110730486518,31.979353330376618,15.048202359150379,18.685012832690223,6.130790953740093,16.776417599771808,4.024693613983477,33.20795048103691,21.70347866274629,13.15998665130721,1.0029648616634028,15.91966192584822,5.399024611819086,6.670059330150332,3.231539581309864,-0.009216662054259776,0.5736467964972777,0.18783366955021288,54.07896016116509,43.66201507330035,0
8.35,0.25998950002423776,3640.5838307175104,4467.33891204167,9.280733662217006,32.313920767240596,47.37911062754273,2799.297727396262,66.57280848429777,122.89379107732445,0.21388293152220017,91.76643582008418,50.90053921475019,2705.253149578588,25.38095207976351,50.061447022367304,3324.893646991626,22.699307386039177,66.62329938193693,4.552144934618649,278.55651189131237,102.4580608000333,92.00826665944257,32.16581724715928,14.91236867855884,18.846100692511424,5.799926381896938,16.132407185269187,4.057786261679677,32.65107443923973,21.787490605060373,13.394602370167295,0.8189550075453128,16.401214931232314,5.3720623771444975,6.608249228181458,3.201124153144954,-0.009216662054259776,0.5736467964972777,0.18783366955021288,54.07896016116509,43.66201507330035,0
8.4,0.26183043156344465,3665.9362298676556,4438.886439886927,9.252896273088943,32.12296068595772,47.35177330943651,2798.990787230589,65.45420989446039,122.89495616214232,0.20807075146319207,91.74904193937577,49.6459893526302,2704.6447090643655,25.312508674855042,50.141657668075474,3324.515705997385,22.871906484874085,66.59407416478368,3.4506724324321345,278.99199085444604,102.45651251565862,92.20623123165461,32.16581724715928,14.91236867855884,18.846100692511424,5.799926381896938,16.132407185269187,4.057786261679677,32.65107443923973,21.787490605060373,13.394602370167295,0.8189550075453128,16.401214931232314,5.3720623771444975,6.608249228181458,3.201124153144954,-0.009216662054259776,0.5736467964972777,0.18783366955021288,54.07896016116509,43.66201507330035,0
8.45,0.2646330038957392,3653.8225942411773,4453.737118082342,9.174627412308856,32.32540285638749,47.227815020383076,2800.0057353913853,65.93671574482327,122.9086358298449,0.2066011554636235,91.8476074820797,48.63541371880683,2705.8296168122765,25.24283305195587,48.709117399961386,3326.415985011678,23.021537860548413,66.62534360525677,6.321581322908538,278.834711660178,102.45660315876678,91.98746867919128,32.236781097110644,14.72994521064318,19.043355545229257,5.9300669504325,16.38651149230288,4.057296723420669,32.51616159394598,21.618313332864584,13.045426163178421,0.828709887470306,15.867593189211046,5.382754188413717,6.583984348384377,3.256067549856658,-0.009216662054259776,0.5736467964972777,0.18783366955021288,54.07896016116509,43.66201507330035,0
8.5,0.2660925453773922,3646.9900571613807,4463.490675849194,9.298754006088867,32.26963281833875,47.5710992241192,2799.00100170443,64.74050930401992,122.90502683539567,0.20592137957439724,91.71681261621559,49.504302441229164,2704.7595508074482,25.271508593339632,49.95961407963439,3325.1380389694823,22.90062426026435,66.62747305064947,4.612505355207211,278.95043172966416,102.45378674424639,92.09562776282384,32.236781097110644,14.72994521064318,19.043355545229257,5.9300669504325,16.38651149230288,4.057296723420669,32.51616159394598,21.618313332864584,13.045426163178421,0.828709887470306,15.867593189211046,5.382754188413717,6.583984348384377,3.256067549856658,0.00804273926266469,0.5764002790827177,0.18510932223542859,53.345773760588614,43.86504301140654,0
8.55,0.2653935573290384,3667.9099337713274,4424.139691416841,9.204642206119743,32.27485023707572,47.175057843840285,2800.0485853336354,64.9675293685295,122.89866620387811,0.203081064482043,91.8166886844643,51.48848654380884,2705.712276739316,25.321024741517224,50.86940562928033,3325.938981183652,22.866622983661316,66.60165287746702,3.257971045815025,278.85979861935044,102.43932286923048,92.07857092322018,32.17729078788407,14.812173748051244,18.36541791345373,6.031192073447075,16.6729111616592,4.069580844729945,32.69361955411953,21.681290164218822,13.332962481902738,1.0505137661875146,15.937797581684435,5.410100951187649,6.7092144150966275,3.1915540380263594,0.00804273926266469,0.5764002790827177,0.18510932223542859,53.345773760588614,43.86504301140654,0
8.6,0.2664818474756348,3668.1312263364553,4430.445007712337,9.265954682246875,32.33651853456051,47.02026380977168,2799.1585781949716,65.45839822756693,122.89224915284287,0.20894998453067964,91.71713195306612,50.09716358401438,2705.3373840525887,25.205550383336362,49.12765907107073,3324.756247339507,22.956541502009284,66.62889213718515,4.7255137853950275,278.84185769641664,102.4423370115875,92.00258529400914,32.17729078788407,14.812173748051244,18.36541791345373,6.031192073447075,16.6729111616592,4.069580844729945,32.69361955411953,21.681290164218822,13.332962481902738,1.0505137661875146,15.937797581684435,5.410100951187649,6.7092144150966275,3.1915540380263594,0.00804273926266469,0.5764002790827177,0.18510932223542859,53.345773760588614,43.86504301140654,0
8.65,0.26240656895812253,3657.345768178066,4387.355314010926,9.3200948164582,32.33247599350002,47.50013341542645,2798.9855073523454,64.73026981569652,122.91186852667482,0.2082547508666108,91.68392404196743,50.60556277539095,2705.1702992474043,25.214918903742237,50.604224161549176,3325.4419467183798,22.771230354335053,66.59530465644055,3.995177961529671,278.59583211044,102.45571831519258,91.9120047507914,31.976332255579578,14.79677300287499,18.993070845220206,5.998402315306236,16.74676660659352,4.058560346062467,32.49343044141126,21.80434300011766,13.083982295802423,0.9803767872376054,16.016418216466548,5.372719019159994,6.599579435031522,3.2184894188940727,0.00804273926266469,0.5764002790827177,0.18510932223542859,53.345773760588614,43.86504301140654,0
8.700000000000001,0.25954299467511804,3652.0718075613304,4401.511407379664,9.275260994059686,32.10118217226929,47.69519609569133,2801.0439037107844,64.36756234680836,122.91535435089394,0.20669409905091732,91.84193511703158,49.44978995481165,2705.8649469066945,25.242280118866883,49.86337228386825,3326.7228493676516,23.10605500287912,66.60930369861703,3.34664909026918,278.6087332834587,102.43819228786803,92.20673336598941,31.976332255579578,14.79677300287499,18.993070845220206,5.998402315306236,16.74676660659352,4.058560346062467,32.49343044141126,21.80434300011766,13.083982295802423,0.9803767872376054,16.016418216466548,5.372719019159994,6.599579435031522,3.2184894188940727,0.00804273926266469,0.5764002790827177,0.18510932223542859,53.345773760588614,43.86504301140654,0
8.75,0.2631876327132097,3649.5440536935093,4453.420299067706,9.224210583470688,32.34601030759134,47.68260515912706,2799.105088123913,64.44601527349143,122.90447570848785,0.21005517276288063,91.62782654686276,48.938642963465135,2705.377705319326,25.446008466688337,50.308594748720786,3324.7987317563625,22.723010241841386,66.58595960739736,5.101060728495261,278.68855006859627,102.43666073383616,91.73615329643053,31.743950516330607,14.989823730733299,18.893654380997017,5.93320432294865,16.399463472622124,4.031814340991184,32.76860776886086,21.705574131607246,12.768698765609253,1.0243224363853718,16.158899839675318,5.385691413759246,6.607825088836808,3.1744254257765774,0.0364900755732281,0.5692181379066807,0.17108741852359205,53.879855883693416,43.68269496018092,0
8.8,0.2675033267373543,3671.126935500659,4382.227140551329,9.178159758369496,32.031662119802874,47.18057777065342,2799.3721517295,65.19787222024708,122.89771937962985,0.20709218731791004,91.66410412238154,48.337715180265235,2705.3015432536736,25.48256205533016,49.20317401757642,3324.3342120597413,22.864907599598734,66.57203600759227,4.149879939078627,278.56442758814586,102.4708214725922,92.05410154210887,31.743950516330607,14.989823730733299,18.893654380997017,5.93320432294865,16.399463472622124,4.031814340991184,32.76860776886086,21.705574131607246,12.768698765609253,1.0243224363853718,16.158899839675318,5.385691413759246,6.607825088836808,3.1744254257765774,0.0364900755732281,0.5692181379066807,0.17108741852359205,53.879855883693416,43.68269496018092,0
8.85,0.2680586473996992,3660.8993974827804,4443.2682829030955,9.276263393264559,32.16569190456632,47.20647273514578,2799.8597457489004,64.7738717345931,122.87683559427614,0.20389854600018262,91.73702391771832,50.661731641640614,2705.1126210510097,25.24725010887572,48.67268621129552,3325.366003862783,22.833751403902617,66.57056232028907,6.186093102045346,278.8364007926713,102.4384999129993,92.1440874469708,32.178478047033856,15.044221573303082,18.72730258544737,6.075382630488633,16.716863883022942,4.07809584647494,32.864838864996095,21.9454590736545,13.33536222350814,0.8928789677425328,16.420229661690126,5.377841187435283,6.559657341521132,3.18667514179218,0.0364900755732281,0.5692181379066807,0.17108741852359205,53.879855883693416,43.68269496018092,0
8.9,0.269266317134697,3634.296918126425,4449.632008661328,9.276863268584448,32.17839454163426,47.103954030261235,2800.728456704872,65.56125762924731,122.90617447294866,0.20762774627375752,91.7469840694866,48.55572135139834,2706.18738931748,25.067256135911567,50.1903548974123,3325.829006388282,22.933113105112813,66.59352963457383,5.730551349216768,278.8382097595448,102.44491029287235,92.00168494700215,32.178478047033856,15.044221573303082,18.72730258544737,6.075382630488633,16.716863883022942,4.07809584647494,32.864838864996095,21.9454590736545,13.33536222350814,0.8928789677425328,16.420229661690126,5.377841187435283,6.559657341521132,3.18667514179218,0.0364900755732281,0.5692181379066807,0.17108741852359205,53.879855883693416,43.68269496018092,0
8.950000000000001,0.26643839888208704,3653.7896328452807,4431.767119428591,9.190352838710542,32.243732486671554,47.20370178339784,2799.6368018299936,64.81082399029683,122.89117005091627,0.2041856858782166,91.65950178147773,49.831283474952784,2705.1737946014,25.3104302576705,50.66936159521429,3325.3562975220675,22.646130359555134,66.56394844248838,4.293182406590826,278.78370622220007,102.44512972798313,91.85872902364576,32.268987274536634,14.947063768268281,19.038949029178617,5.9388607657785935,17.06320499334351,4.035842317496121,32.85140005046467,21.951525169556337,13.653840058041599,0.8709170734509581,16.025453479470553,5.339778313077841,6.6410177614312484,3.30530892005558,0.0364900755732281,0.5692181379066807,0.17108741852359205,53.879855883693416,43.68269496018092,0
9.0,0.26468036142398216,3663.358257143625,4453.462838219343,9.187189722052883,32.04761230308195,47.13642530408155,2799.8752595824285,65.26893415871776,122.896916627823,0.2057450884491485,91.721651418933,51.69469266005269,2705.5434499307935,25.316784904047406,49.420812862601245,3325.915638691144,22.893484268996605,66.5541874419167,4.11974791673973,278.7501174620377,102.42827361764516,91.96350437255303,32.268987274536634,14.947063768268281,19.038949029178617,5.9388607657785935,17.06320499334351,4.035842317496121,32.85140005046467,21.951525169556337,13.653840058041599,0.8709170734509581,16.025453479470553,5.339778313077841,6.6410177614312484,3.30530892005558,0.028363382293851432,0.5725452931901329,0.18290065747885326,53.805544925016676,43.843467309410435,0
9.05,0.26728112317070474,3655.842389600924,4432.1853063462295,9.165236984185817,32.12863857483934,47.0314999702394,2799.162944152518,65.96379056867423,122.88835947228543,0.2051384893138944,91.65824895814467,49.91648044029329,2705.4904307749307,25.18989835491173,51.748517414724475,3324.670846313238,22.88453530867815,66.54992388954501,5.5551934930714255,278.6068225365482,102.44024284504142,91.93216392208268,32.400801042753336,15.087530385640147,19.340942777041057,5.912997814294102,17.11378650841862,3.986597790435243,32.72772100696553,21.637140907704257,13.026037190137476,0.6932894535774314,16.434011761547428,5.420802125059034,6.689850925276975,3.127351408060421,0.028363382293851432,0.5725452931901329,0.18290065747885326,53.805544925016676,43.843467309410435,0
9.1,0.26725032879967664,3636.165041666118,4401.092831732044,9.216222457536277,32.40162724460406,47.33114477279019,2800.1407201612046,64.4989910556088,122.90617993394422,0.20380694848326586,91.77074150132353,51.188261672579166,2705.793921151784,25.255193407365738,50.49051389649284,3326.472695362403,22.910560085337647,66.56766909720615,4.597818862414284,278.7650615801705,102.42281556918633,92.0811834338597,32.400801042753336,15.087530385640147,19.340942777041057,5.912997814294102,17.11378650841862,3.986597790435243,32.72772100696553,21.637140907704257,13.026037190137476,0.6932894535774314,16.434011761547428,5.420802125059034,6.689850925276975,3.127351408060421,0.028363382293851432,0.5725452931901329,0.18290065747885326,53.805544925016676,43.843467309410435,0
9.15,0.2700030277550036,3652.6238854369444,4411.923514809626,9.285922420991923,32.60901906248228,47.28276388412284,2800.0549734368237,64.25398985714706,122.89245893092874,0.20523496755146167,91.71440022619143,51.24327768038009,2705.4540580823764,25.27893534377404,49.32562501420987,3325.083367876698,22.73976548466333,66.57540005268172,4.532434515805917,279.0428529964766,102.45835106645724,91.92312789241174,32.22590331343733,14.826680536357182,19.072041867877918,6.014784908378251,16.641387742694178,4.047388184536037,33.14112233854884,21.752985650041975,13.224737442856252,1.013093837751426,15.781025978149163,5.399563500209629,6.620132833123239,3.227107376591635,0.028363382293851432,0.5725452931901329,0.18290065747885326,53.805544925016676,43.843467309410435,0
9.200000000000001,0.2735704363834311,3694.733497044246,4450.91375835524,9.108082924201879,32.38848776354388,47.53440292244759,2798.391360058527,64.72061430611815,122.90672916713444,0.20160421272580228,91.65695880439881,48.49943197714719,2704.037080376325,25.12312153369571,48.16205559541491,3323.844889569144,22.712907122227328,66.5886731833639,3.8027534686414444,278.9377262450678,102.47099071586148,91.97099104122114,32.22590331343733,14.826680536357182,19.072041867877918,6.014784908378251,16.641387742694178,4.047388184536037,33.14112233854884,21.752985650041975,13.224737442856252,1.013093837751426,15.781025978149163,5.399563500209629,6.620132833123239,3.227107376591635,0.028363382293851432,0.5725452931901329,0.18290065747885326,53.805544925016676,43.843467309410435,0
9.25,0.27192164286512843,3676.1605737447944,4465.149716676272,9.178130077489634,31.952184266485972,47.030422814383876,2799.1887542066092,65.13625214807212,122.89322810801228,0.19869297518249124,91.7718316391968,51.83418767081576,2705.3206061288824,25.48831443798375,49.82923411884354,3325.3404837519433,22.93563200483724,66.58118011699727,2.735073237769531,278.8404644642752,102.43272838448057,92.18432060560855,32.251116646067274,14.933141776663279,18.95012953360531,6.088776074999425,16.441585811996934,4.059566489528061,32.55294923722043,21.6505030877684,12.756561030263768,0.8936989847603967,15.84833100102664,5.418634442901975,6.6850940366558635,3.34208892735081,-0.0035689179219530326,0.5734336909586353,0.18543540595766356,53.93556252091173,43.90083109568458,0
9.3,0.27369064580913816,3644.0005534520437,4424.514891296276,9.261141447726816,31.88171481641384,46.86407517638696,2800.402209841401,64.8136271670903,122.90574061129753,0.20253820200088762,91.83794945544324,51.55614580237235,2705.6986430628313,25.297297558144507,49.70563428519197,3325.411057970373,22.884828848564222,66.61887311467925,3.804999665913038,278.7147567817874,102.4483685019452,91.95175200717742,32.251116646067274,14.933141776663279,18.95012953360531,6.088776074999425,16.441585811996934,4.059566489528061,32.55294923722043,21.6505030877684,12.756561030263768,0.8936989847603967,15.84833100102664,5.418634442901975,6.6850940366558635,3.34208892735081,-0.0035689179219530326,0.5734336909586353,0.18543540595766356,53.93556252091173,43.90083109568458,0
9.35,0.27091761574681245,3668.944230728242,4440.619655475243,9.157465303442079,32.288564653938266,47.341465619479834,2798.4710823315168,65.12159996844224,122.89271672975703,0.20080861270552577,91.58856860107448,49.06407174850748,2703.8364050937253,25.157185648877253,48.57391095376343,3324.386867968741,22.659880636226802,66.58971283760768,5.906020381434777,278.83815892465105,102.45779270168072,91.9382545129496,32.11347097274451,14.957866599412446,18.602733178110405,6.038411003722901,16.79398375415868,4.0326008896370515,32.61518804491831,22.034105547232002,12.734832896079352,0.9256906706514467,16.03685386938652,5.380091742156434,6.5636390283324895,3.1925401867462804,-0.0035689179219530326,0.5734336909586353,0.18543540595766356,53.93556252091173,43.90083109568458,0
9.4,0.2701518614593064,3684.636515400181,4487.836287977561,9.21460289224304,32.1446158615433,47.058830867145375,2799.2710724284057,64.80319277173248,122.90080964294796,0.19605077403283772,91.69454641061925,51.40751505901844,2705.3404496453036,25.183503036520545,52.16513388315942,3325.102999472445,22.980733753307142,66.56242890217231,3.2579369707340735,278.4695733910918,102.43805867612338,91.82864521320387,32.11347097274451,14.957866599412446,18.602733178110405,6.038411003722901,16.79398375415868,4.0326008896370515,32.61518804491831,22.034105547232002,12.734832896079352,0.9256906706514467,16.03685386938652,5.380091742156434,6.5636390283324895,3.1925401867462804,-0.0035689179219530326,0.5734336909586353,0.18543540595766356,53.93556252091173,43.90083109568458,0
9.450000000000001,0.26820349254950737,3674.4661580529064,4445.226746552751,9.317415858008598,32.148449417243185,47.463419098866666,2799.855262995284,64.48706259947605,122.89915721108994,0.1949988605937543,91.67504021444185,49.75234977860313,2704.9953413000717,25.303896645589845,49.15876985719554,3325.319591588639,22.945564542323584,66.55806778471405,6.504269275326433,278.51306232783276,102.45337633354532,92.03428695129757,32.28634870030705,14.900206489901684,18.893460698772884,5.9012245665614484,16.582034100284197,4.067058678176823,32.52184531253395,21.83140409414501,13.141988943704833,0.795755201734355,16.172032804656332,5.382549201772305,6.6802697277891205,3.2458056124932098,-0.0035689179219530326,0.5734336909586353,0.18543540595766356,53.93556252091173,43.90083109568458,0
9.5,0.2684825435432222,3679.0127663236103,4463.896988947872,9.253943905981332,32.16417249905845,46.8063439325026,2800.61700292794,65.09469943901617,122.8977404172137,0.19997695813106903,91.7657638859078,50.43063737004854,2706.7857633195626,25.289612821495314,51.23185745164127,3326.7667185506907,22.854869638212204,66.57416082886489,3.190452250293448,278.67722059339553,102.43904610616335,91.92741293002786,32.28634870030705,14.900206489901684,18.893460698772884,5.9012245665614484,16.582034100284197,4.067058678176823,32.52184531253395,21.83140409414501,13.141988943704833,0.795755201734355,16.172032804656332,5.382549201772305,6.6802697277891205,3.2458056124932098,0.005905548903609906,0.5743949540993506,0.18907658739978894,53.44083746790415,43.51268410273636,0
9.55,0.2686428638125992,3671.88918869351,4423.230964188821,9.199638632326888,32.196648609696986,47.3218037868503,2800.6203517137446,65.45491398903974,122.90516612542565,0.2010449275009229,91.71200640229472,49.657698443333906,2706.437056029366,25.45839096712264,50.883691501342966,3326.374180028526,22.86603497438246,66.57305789688945,3.5982967029070196,278.3357366614291,102.45724997714929,92.1265206854509,32.13405444815604,14.916709224835417,18.839272568266452,6.175982966909733,16.699059743907195,4.074059295401202,32.589380703001595,21.99292811628924,13.294798326433666,0.9846237527996186,16.210617977172625,5.398442814471592,6.697088332304898,3.2242025677640154,0.005905548903609906,0.5743949540993506,0.18907658739978894,53.44083746790415,43.51268410273636,0
9.6,0.26799297572485914,3655.567117832454,4444.902831258208,9.140579214221423,32.16139154578051,47.68594916912284,2799.51892681799,65.23684774795443,122.9003307304407,0.1979637351155857,91.66008305755422,50.31672842553706,2705.413714968962,25.59162804507542,49.28657645025387,3325.600443540457,23.15597335265367,66.56497721396343,5.29477113279003,278.95495537674316,102.44319276051903,92.05373737939254,32.13405444815604,14.916709224835417,18.839272568266452,6.175982966909733,16.699059743907195,4.074059295401202,32.589380703001595,21.99292811628924,13.294798326433666,0.9846237527996186,16.210617977172625,5.398442814471592,6.697088332304898,3.2242025677640154,0.005905548903609906,0.5743949540993506,0.18907658739978894,53.44083746790415,43.51268410273636,0
9.65,0.2666595333663194,3666.58758736323,4421.297304514525,9.319527155440317,32.22722371729476,47.64524665781026,2800.9221798347944,65.77093331266796,122.9037667314645,0.20336539357157113,91.7697014433535,49.968344457277674,2706.979247542791,25.31087508742741,50.33907512187643,3327.249573217952,23.002297861405182,66.56988434247506,6.470230827502104,279.24626773818835,102.43823468599483,92.08842543687099,32.2948799211161,14.95030393074089,19.041257804857608,5.989235192667702,16.893309127935073,4.044068981170642,32.729239580938696,21.916730201960505,13.079045964176554,0.9344032341646142,16.106456472055847,5.363977582480475,6.645863573553344,3.2027414081533276,0.005905548903609906,0.5743949540993506,0.18907658739978894,53.44083746790415,43.51268410273636,0
9.700000000000001,0.26961414106169107,3626.999571672562,4446.973449824647,9.304324515109291,32.14239127978471,47.28239382214004,2800.6341404668165,65.73028741482602,122.90954131149338,0.20489045924222932,91.77633919420312,49.54029363271738,2706.7025226635187,25.09771117124159,48.98591918964872,3326.423544013334,22.963385721302764,66.55369227065444,2.4634934554508394,279.2618586610567,102.44414666596802,92.05721241203581,32.2948799211161,14.95030393074089,19.041257804857608,5.989235192667702,16.893309127935073,4.044068981170642,32.729239580938696,21.916730201960505,13.079045964176554,0.9344032341646142,16.106456472055847,5.363977582480475,6.645863573553344,3.2027414081533276,0.005905548903609906,0.5743949540993506,0.18907658739978894,53.44083746790415,43.51268410273636,0
9.75,0.2698645193236073,3673.146959780759,4445.4409989456435,9.210513840938152,31.973875423519505,47.569968736574864,2799.381033363059,65.2772812242199,122.89689549273352,0.20501186601410973,91.6691177670819,49.67785522986679,2705.850371201903,25.318894463705387,48.045587433131054,3325.531177337857,22.82516908166125,66.57175343127027,3.7834795444093565,278.6454314687605,102.44351475574977,91.87440022246246,31.545604016053794,15.025149509058146,18.831932137973645,5.773964577356582,16.64283972050036,4.08053830009617,32.94630375974829,21.83984222907174,13.18616431795356,0.8343964935825,15.890942718423826,5.427805328562657,6.520624018545517,3.1918790710097804,0.027964825305353797,0.5693049163621212,0.1788971393515543,54.733942331969956,43.4971664777431,0
9.8,0.27165169264715283,3656.871699766638,4431.954101192351,9.315467632260587,32.15444222645995,46.94718199203312,2799.8578404772193,65.0869819376075,122.90453136616595,0.2026386556254104,91.7373098970216,50.25856806516573,2705.445980704982,25.378641409863928,49.014792605799045,3325.8172312961797,23.1137948619944,66.58103144372724,6.129360768755733,279.0997343667015,102.44983324106326,91.93614100550171,31.545604016053794,15.025149509058146,18.831932137973645,5.773964577356582,16.64283972050036,4.08053830009617,32.94630375974829,21.83984222907174,13.18616431795356,0.8343964935825,15.890942718423826,5.427805328562657,6.520624018545517,3.1918790710097804,0.027964825305353797,0.5693049163621212,0.1788971393515543,54.733942331969956,43.4971664777431,0
9.85,0.27219718154750355,3665.8452068597253,4411.128964846603,9.259734407498643,32.50563916149648,47.05340872875862,2799.8866212864227,65.62446976338714,122.88102449965429,0.20525274064706558,91.66177852576749,49.940462754780825,2705.183314432832,25.271957367941877,50.15250023478163,3325.0001491328894,22.830546320589928,66.57975298159066,6.001449378059323,278.6931522117684,102.44778423403494,91.92610077766143,31.525482092746948,15.051864729058432,19.227020978683605,6.077449431147744,17.047005721157305,4.056697292161747,32.55285995185626,21.768810226761733,13.420094830606388,0.9738822225872232,16.190835174687468,5.427854559378085,6.606800859897476,3.1905949006949896,0.027964825305353797,0.5693049163621212,0.1788971393515543,54.733942331969956,43.4971664777431,0
9.9,0.2751852536387875,3640.8056485511524,4450.693353635402,9.268191728692841,32.324575867982375,47.27988345029682,2799.689946138794,65.84894505838224,122.89948352014663,0.20436493053078805,91.65212270877244,48.9273011058254,2704.9969694438587,25.386272077966602,50.922143110859956,3325.8098779507677,22.645701032743755,66.56364204425971,4.592795641006469,278.6118926091848,102.43850136042295,91.82757304780147,31.525482092746948,15.051864729058432,19.227020978683605,6.077449431147744,17.047005721157305,4.056697292161747,32.55285995185626,21.768810226761733,13.420094830606388,0.9738822225872232,16.190835174687468,5.427854559378085,6.606800859897476,3.1905949006949896,0.027964825305353797,0.5693049163621212,0.1788971393515543,54.733942331969956,43.4971664777431,0
9.950000000000001,0.27759273581895577,3639.678908900619,4467.717224925717,9.183439523348355,32.436583123742494,47.44941289598274,2800.221349411282,64.17106374849557,122.89590546691522,0.20421191883957063,91.6651480959814,50.98641880597307,2706.557889145723,25.332504499843072,49.784957679627475,3326.3423329247116,22.763889563025007,66.5394043420648,2.988636671870424,278.6015395499863,102.46417130518381,92.2116149414134,31.866048227693724,15.17791741086172,18.712960146028834,6.117604293285691,16.763163396424677,4.0760697532157755,32.59045335908595,21.774240527586347,12.901270629366019,0.8447817319386014,16.069062208179197,5.418040643139373,6.64510426528469,3.3021513778425264,0.027964825305353797,0.5693049163621212,0.1788971393515543,54.733942331969956,43.4971664777431,0
10.0,0.2834067990811535,3678.0023119601647,4480.978150633399,9.204402528932876,32.03539561742471,47.387133726516204,2801.6943723067543,64.95826802137955,122.89294961546473,0.20879735712528788,91.80757608516646,48.64544684264326,2707.3130652569553,25.25332793956783,50.10125222234538,3327.693832477411,22.82123595120535,66.58161685780891,5.425235167182987,278.7642015049596,102.43453242055975,91.92313864732286,31.866048227693724,15.17791741086172,18.712960146028834,6.117604293285691,16.763163396424677,4.0760697532157755,32.59045335908595,21.774240527586347,12.901270629366019,0.8447817319386014,16.069062208179197,5.418040643139373,6.64510426528469,3.3021513778425264,0.00876720925813763,0.5708259540375002,0.19034641592531334,53.65944307585182,44.42957946508314,0
10.05,0.2803566949382865,3662.440840516636,4442.647088617731,9.210104180271205,32.019704332991694,47.1233060940261,2800.7961051987772,64.60127664713099,122.88243754745122,0.21218890354534134,91.69896939856447,49.1046953818523,2706.651417992496,25.42471327352188,49.0429442346101,3327.1049950643546,22.93680609331019,66.59022699587226,3.9241848480455213,278.54813483602317,102.45773080003272,91.94108282269168,32.08698189023526,14.954627539932732,18.573861329021476,6.108470850727276,16.202756598267847,4.052486196242433,32.1298893175984,21.822222008545975,12.849097485930933,0.8516986257150782,16.00831868446299,5.362849207177899,6.612021022428009,3.2559825071272015,0.00876720925813763,0.5708259540375002,0.19034641592531334,53.65944307585182,44.42957946508314,0
10.1,0.27924976803530405,3661.0176633864075,4416.620924620137,9.325885922052093,31.859234308704675,46.96666152666503,2802.4171862365265,64.70931049841059,122.9074905148618,0.2131060217133197,91.75977485919057,48.93839023721574,2707.386413698845,25.286349240241947,48.9980625284039,3327.820141944919,22.81735843323733,66.57176904134181,6.047300535886031,278.69784433859456,102.45250504589939,92.10699491957803,32.08698189023526,14.954627539932732,18.573861329021476,6.108470850727276,16.202756598267847,4.052486196242433,32.1298893175984,21.822222008545975,12.849097485930933,0.8516986257150782,16.00831868446299,5.362849207177899,6.612021022428009,3.2559825071272015,0.00876720925813763,0.5708259540375002,0.19034641592531334,53.65944307585182,44.42957946508314,0
10.15,0.2749714833545415,3660.04278904736,4388.264008626183,9.203112050929095,32.208781313280795,47.673825091584135,2801.5651805126417,64.85415468684742,122.90180982688435,0.21711954968655722,91.70614118205344,50.35353554543663,2707.3224807598613,25.360148660480117,50.17745509646249,3327.4512308484886,22.93211878406794,66.58518309262583,5.721349076530716,278.71026943137923,102.42036879093097,91.82178281871423,32.19379124183822,14.900054738604936,18.8303570319964,6.051142478168944,16.70349122749903,4.097171382765288,32.44404682691526,21.809268509522717,13.178669019192414,0.6500065357347518,16.39117692166086,5.427320748891882,6.73358775215004,3.1926234736829344,0.00876720925813763,0.5708259540375002,0.19034641592531334,53.65944307585182,44.42957946508314,0
10.200000000000001,0.27484657486774655,3682.741842740637,4414.469864684807,9.215556523828244,32.34669300923282,47.355190554939334,2800.290718568244,65.66999701113788,122.8808291824817,0.2160389396812903,91.5947054117644,52.43939570173474,2705.730613039426,25.469597666763562,49.09585342263202,3326.065216691329,22.899763835190416,66.55278660910845,5.408512250490162,279.2573103119458,102.4643616875649,91.961871944645,32.19379124183822,14.900054738604936,18.8303570319964,6.051142478168944,16.70349122749903,4.097171382765288,32.44404682691526,21.809268509522717,13.178669019192414,0.6500065357347518,16.39117692166086,5.427320748891882,6.73358775215004,3.1926234736829344,0.00876720925813763,0.5708259540375002,0.19034641592531334,53.65944307585182,44.42957946508314,0
10.25,0.27070495899179065,3648.5969200776367,4429.335821695103,9.201215496378106,32.625637010268434,47.72637931480845,2801.358467557776,64.8464219864332,122.88465513165656,0.21712252533029022,91.72750071673457,47.955733971880896,2706.7740309978662,25.265320646829974,49.851249875844125,3326.989486658821,22.894033026157388,66.53371009808538,4.929606630596851,279.045808206366,102.47523107618244,92.14909904203097,32.14663196229583,15.009811264290027,19.077870780221808,5.913701586375846,16.313817776982674,4.04283203043187,32.5669380267034,21.87360882162666,12.706206247489252,1.1161082971313965,16.13513904865151,5.397975077590029,6.575894293632638,3.2264221866492853,0.00037107208138528053,0.5926950974567251,0.19606537450354167,53.172252837506434,43.77240098639836,0
10.3,0.27103116653667775,3676.580328753533,4444.118227292851,9.271555046379596,31.957149577620395,47.376330121038094,2800.497718622704,64.39202944065673,122.89873258214415,0.21900674021407743,91.72723301248436,51.25249469946458,2706.2319652002925,25.399982635070064,50.327933165030544,3326.8084660877785,22.796829702826482,66.55170734154147,3.989431703946063,278.403367615243,102.45697714295842,92.07058281599336,32.14663196229583,15.009811264290027,19.077870780221808,5.913701586375846,16.313817776982674,4.04283203043187,32.5669380267034,21.87360882162666,12.706206247489252,1.1161082971313965,16.13513904865151,5.397975077590029,6.575894293632638,3.2264221866492853,0.00037107208138528053,0.5926950974567251,0.19606537450354167,53.172252837506434,43.77240098639836,0
10.35,0.27285467184774487,3657.826769764391,4487.651417350728,9.211365536443429,31.970495501517675,47.683963847564975,2799.148098533636,64.84770086278252,122.8986227922088,0.22123116448388372,91.64151548320805,50.81636087561075,2705.1965890371544,25.36986961848952,50.00499819963325,3324.9549822184636,22.796455217406336,66.55158310830733,6.395295991576311,279.1748709078333,102.46379574592268,91.92479755901545,32.173482050854986,15.047828467090909,18.669002978121917,6.179318882556281,16.779114243881327,4.053091360849378,32.14628419752799,21.783687519039855,13.466638446520264,0.9945741807417294,16.240976076309558,5.378685510884588,6.638556230814694,3.1956912080178084,0.00037107208138528053,0.5926950974567251,0.19606537450354167,53.172252837506434,43.77240098639836,0
10.4,0.2753472645699056,3637.3376655336747,4398.684547105006,9.205215997068768,32.46850576970596,47.30134641069489,2800.095806477875,64.695296813659,122.91567669376337,0.21980274638619365,91.74286836431372,50.23418472548359,2705.3384625647973,25.55213715704547,51.4092062654619,3325.581005525592,22.832263534929695,66.55760586533835,5.70198341571461,279.07729518224977,102.4627414623493,92.09978889454896,32.173482050854986,15.047828467090909,18.669002978121917,6.179318882556281,16.779114243881327,4.053091360849378,32.14628419752799,21.783687519039855,13.466638446520264,0.9945741807417294,16.240976076309558,5.378685510884588,6.638556230814694,3.1956912080178084,0.00037107208138528053,0.5926950974567251,0.19606537450354167,53.172252837506434,43.77240098639836,0
10.450000000000001,0.27450849118089815,3653.5770346308796,4421.025322991489,9.245711263046221,32.247232037641744,47.05354172955377,2799.6409955789545,65.26017885928879,122.90959548146539,0.21792816158045522,91.8111890743632,51.31012549475615,2705.9144672128486,25.260288128485524,50.642482685176674,3325.4572023383607,22.719861906600954,66.58469176306025,4.483297158534833,278.9721600918506,102.45040658641192,92.10443703475745,31.969252598003806,15.004631007600892,19.019357154928812,6.125352300843443,16.54699446042213,4.053320701268998,33.29349351126591,22.03674286644677,13.092327677508758,0.9889454691661115,16.58163956991465,5.389702396840641,6.591319748960863,3.2341862136151067,0.00037107208138528053,0.5926950974567251,0.19606537450354167,53.172252837506434,43.77240098639836,0
10.5,0.2715622425202273,3657.0891831840686,4428.154850889584,9.169976497616133,32.15629589166354,46.86610515695101,2798.850120799129,65.70414004418807,122.88172114176768,0.21573618924589807,91.75069993813604,49.96731615741702,2704.4441472348767,25.101330879788577,48.87833916344025,3325.056226495014,23.000047022375934,66.59220056958472,3.515147251189611,278.55654969425893,102.42264921408781,91.95739952897027,31.969252598003806,15.004631007600892,19.019357154928812,6.125352300843443,16.54699446042213,4.053320701268998,33.29349351126591,22.03674286644677,13.092327677508758,0.9889454691661115,16.58163956991465,5.389702396840641,6.591319748960863,3.2341862136151067,0.031762206232105746,0.5909086094131573,0.19249011809589137,53.800336241078995,44.19522983391899,0
10.55,0.27548918793648136,3673.970204100559,4406.670347534213,9.25477786858539,32.095297314113616,47.05820579141431,2797.825922619483,65.01702323118663,122.90111894918152,0.2122165412383135,91.6946150193572,48.769187475233736,2704.2256905208674,25.11261736987674,51.393484776824025,3324.351248515304,22.873794114305696,66.57551480566595,6.026183418319216,278.86942177960844,102.42526101926813,91.99617909216542,32.387401980148915,14.961001864274587,18.53791021414192,6.09487044405947,16.588889032671425,4.0664802166220575,32.45327028189461,21.814450521010876,13.309216961280447,0.8670082918600567,16.15816425156561,5.332362883394031,6.582993552857187,3.249809358814185,0.031762206232105746,0.5909086094131573,0.19249011809589137,53.800336241078995,44.19522983391899,0
10.6,0.27715082419371967,3689.446735999292,4400.499664186651,9.252313045410546,32.05476483447913,47.566256406154665,2799.6916549540533,65.07102883200506,122.91178979473888,0.20744146018017598,91.78048596204313,51.27180770604053,2704.814036453119,25.24935361064952,51.3883259646098,3325.0324087720987,23.03819136806758,66.60030533424953,5.653250369600448,278.64799995736024,102.44494642127226,92.00503367737245,32.387401980148915,14.961001864274587,18.53791021414192,6.09487044405947,16.588889032671425,4.0664802166220575,32.45327028189461,21.814450521010876,13.309216961280447,0.8670082918600567,16.15816425156561,5.332362883394031,6.582993552857187,3.249809358814185,0.031762206232105746,0.5909086094131573,0.19249011809589137,53.800336241078995,44.19522983391899,0
10.65,0.27424009241722985,3673.5569209899195,4461.1596554412135,9.196753083098791,32.01516490144756,47.32911535320949,2797.708041238378,65.44329645875086,122.87883210800493,0.2075411715948866,91.61847944282766,48.69569219261282,2703.760967953876,25.30129146806438,50.96680892616528,3323.102362469154,22.959460440809416,66.58198153809974,6.179203173530451,278.9924702869784,102.46202993150277,91.80257385612654,32.18204865748937,15.072813279950669,18.656199468212257,6.07575563942471,16.89218022580746,4.058588697977948,32.38061489136037,21.758606715250703,13.21591194076276,0.96851361232003,15.798365272266071,5.461365454919673,6.595101877644186,3.2906363454583434,0.031762206232105746,0.5909086094131573,0.19249011809589137,53.800336241078995,44.19522983391899,0
10.700000000000001,0.2691817298524193,3640.791408331272,4414.632923089522,9.191371514988372,32.32639945564032,47.345290215537275,2798.580208680335,65.63955722659993,122.89408105230696,0.20204548240137762,91.66163487689589,50.631320724009385,2704.1485572676543,25.217690196169745,49.75119097421256,3323.3678556486357,23.034476344449924,66.55522073580762,4.976791530616558,279.2933167227246,102.46401751293988,92.18858498281072,32.18204865748937,15.072813279950669,18.656199468212257,6.07575563942471,16.89218022580746,4.058588697977948,32.38061489136037,21.758606715250703,13.21591194076276,0.96851361232003,15.798365272266071,5.461365454919673,6.595101877644186,3.2906363454583434,0.031762206232105746,0.5909086094131573,0.19249011809589137,53.800336241078995,44.19522983391899,0
10.75,0.2687791732999862,3670.829103803855,4406.500003509981,9.20328892085829,31.999649527669686,47.3015802171276,2798.614405103443,65.07214006598682,122.88937678214292,0.2038456540832147,91.69990952571004,49.222240916715506,2704.4553305374716,25.22111664564102,52.35222121621027,3324.8956109737696,22.94694113461679,66.56102807983106,6.568984410833532,278.94575581362625,102.45862116354172,91.87355823601708,32.23286684830718,14.887868804250335,18.936582643307336,5.886989625626833,16.620714839179218,4.084247051894341,32.84557292774901,21.801900714596016,13.172048429684764,0.930366342813815,16.132276084390966,5.41530093411738,6.6098986219189575,3.2493664360245247,0.0169830923395592,0.5877012748537799,0.17047604880057673,53.94855018447028,42.62014504328198,0
10.8,0.26921022752004364,3665.598558617818,4460.151057354525,9.218151230634911,31.86640685998776,47.53291055850105,2798.8995602023906,65.58849277207797,122.89652144493134,0.19832905765898584,91.69353047956567,48.69474913490214,2704.7406628874105,25.67321234625995,49.65698619999684,3325.1436991234236,22.840963033638694,66.54865890767343,6.5207464910016695,279.24699657431484,102.45195898688927,92.0262759917862,32.23286684830718,14.887868804250335,18.936582643307336,5.886989625626833,16.620714839179218,4.084247051894341,32.84557292774901,21.801900714596016,13.172048429684764,0.930366342813815,16.132276084390966,5.41530093411738,6.6098986219189575,3.2493664360245247,0.0169830923395592,0.5877012748537799,0.17047604880057673,53.94855018447028,42.62014504328198,0
10.85,0.26948114700028425,3672.2476319195903,4477.057944482858,9.214806315944688,32.05743153121967,47.34655172242014,2800.6491807583134,64.8456839797018,122.90834021073786,0.19810350593814852,91.87524759906698,49.50901273073367,2706.345900192658,25.359897921150587,50.81556413239147,3326.29825901582,22.745717497338287,66.57980429873612,5.526939630971325,278.88306130971694,102.43433538410567,92.3029808235789,32.62983235626038,15.190626987102872,18.781656033095736,5.950516059155572,16.905816840607024,4.040157180017985,32.68811478282235,21.82390440513693,12.95106267940104,0.9837234255137688,16.288347013312467,5.469409154856474,6.617108817939394,3.276799944340087,0.0169830923395592,0.5877012748537799,0.17047604880057673,53.94855018447028,42.62014504328198,0
10.9,0.27104447309933266,3666.2432625745314,4407.8896107603,9.235171572342157,32.08046023258018,47.36942527488417,2800.613592224978,64.35552025214591,122.89803785934421,0.20271350700240248,91.81902594326372,49.5745053990491,2706.494369571446,25.089003433933552,51.67128028913483,3326.68937461459,22.817639576812002,66.613241772955,4.306924319875463,278.82828364167267,102.4195386533784,91.88419895660597,32.62983235626038,15.190626987102872,18.781656033095736,5.950516059155572,16.905816840607024,4.040157180017985,32.68811478282235,21.82390440513693,12.95106267940104,0.9837234255137688,16.288347013312467,5.469409154856474,6.617108817939394,3.276799944340087,0.0169830923395592,0.5877012748537799,0.17047604880057673,53.94855018447028,42.62014504328198,0
10.950000000000001,0.2678108642971468,3628.491404133689,4408.307673855445,9.264461659083675,32.18797798187974,47.938251360630716,2799.826305881286,65.34506404317703,122.9092131732229,0.2027789555662564,91.74869825270542,51.31842062881,2705.782899910516,25.063342827649677,50.99312090547967,3325.7007510019453,22.773276202605157,66.60816760056606,4.185154872550401,278.9030685812785,102.44015420404294,92.0994582550257,31.750866182035672,14.872346897711422,19.125794580326268,6.1045990324655195,16.602510276314714,4.056670229620214,32.88346793750836,21.718260030175944,13.41218287373595,0.7449666752361995,16.81503582271338,5.43383367456166,6.672928243950753,3.2305569516959145,0.0169830923395592,0.5877012748537799,0.17047604880057673,53.94855018447028,42.62014504328198,0
11.0,0.2674433221224393,3656.6364592581745,4468.270276835428,9.27759522482498,32.00752524188753,47.568668758270235,2798.6371268949633,65.12898383815107,122.90257729107388,0.2007458147015368,91.69299282502676,48.65648737033738,2704.6219642379465,25.185124304338228,49.67877005728727,3324.3585239124773,22.757104959898953,66.60952941950812,3.0929581334238936,279.22272446408135,102.41991841762966,92.03996596338187,31.750866182035672,14.872346897711422,19.125794580326268,6.1045990324655195,16.602510276314714,4.056670229620214,32.88346793750836,21.718260030175944,13.41218287373595,0.7449666752361995,16.81503582271338,5.43383367456166,6.672928243950753,3.2305569516959145,-0.008243645997913768,0.5740144367636021,0.19168828191595552,53.715149412016466,43.38864825733434,0
11.05,0.2720283522263734,3638.9905346443566,4429.774869148178,9.208811529550925,32.21277115361663,47.435629909424435,2799.8778489662914,64.55946598795877,122.90360202298855,0.20122724584425758,91.81555861908853,50.37585644423909,2706.049146765478,25.206472988693136,51.95324153774345,3326.013362002743,23.023736810928437,66.58774466431551,3.952354496705772,278.84406913187826,102.45303520530864,92.08205622789103,32.34702340836145,14.999355219500691,18.413715240136828,6.020209135788062,16.755234547334094,4.042095811211713,32.430264174360666,21.918870686228885,13.129129602015754,0.8084438145190682,16.25363702491372,5.409258667220528,6.59945337459978,3.1889156491727557,-0.008243645997913768,0.5740144367636021,0.19168828191595552,53.715149412016466,43.38864825733434,0
11.1,0.27461604097386977,3675.676399058217,4414.000717816745,9.16668889789781,32.10313342638352,47.3510028626915,2800.465556405889,64.89861902817474,122.90252373958343,0.2023280848428049,91.81335420032312,49.75679902661431,2705.4874899906677,25.25084455315748,49.473415900899056,3326.2490531074163,22.97572561298638,66.62961517753152,4.387171154905397,278.96194668383737,102.42670178806587,92.02627588822676,32.34702340836145,14.999355219500691,18.413715240136828,6.020209135788062,16.755234547334094,4.042095811211713,32.430264174360666,21.918870686228885,13.129129602015754,0.8084438145190682,16.25363702491372,5.409258667220528,6.59945337459978,3.1889156491727557,-0.008243645997913768,0.5740144367636021,0.19168828191595552,53.715149412016466,43.38864825733434,0
11.15,0.2710820673556454,3642.478511521951,4426.254388920466,9.240165226553446,32.23577543181457,47.176616754067794,2799.3053859080146,64.05344051580404,122.88236714033204,0.19967309806499997,91.694741571962,49.516505441850306,2705.007572840425,25.215995920023552,50.603556117344944,3325.6217699613285,23.111574553125273,66.60907222294195,4.888234373909826,278.87014622785654,102.45836758379369,91.96040956104069,32.52412567250307,14.972801383884171,18.775636966814734,5.981529187311285,16.776436498329364,4.065105189586347,33.09442177275886,21.912663429354442,12.813779860536584,0.8535801712514784,16.417609567146492,5.38533935647642,6.674120183687694,3.301740460195479,-0.008243645997913768,0.5740144367636021,0.19168828191595552,53.715149412016466,43.38864825733434,0
11.200000000000001,0.26733018034247985,3663.0458075743886,4459.691935908231,9.159529338072117,32.05473459386446,47.50308809479141,2800.869247379032,64.78428875295597,122.91481116779434,0.19820813461657547,91.83972403848888,50.22076179663318,2705.939142752512,25.10393943574941,49.23490898902052,3326.6030775661334,22.930633810544542,66.60005866906027,7.180087550196028,278.69205608461095,102.41685443483931,92.10948633743085,32.52412567250307,14.972801383884171,18.775636966814734,5.981529187311285,16.776436498329364,4.065105189586347,33.09442177275886,21.912663429354442,12.813779860536584,0.8535801712514784,16.417609567146492,5.38533935647642,6.674120183687694,3.301740460195479,-0.008243645997913768,0.5740144367636021,0.19168828191595552,53.715149412016466,43.38864825733434,0
11.25,0.26590932584590266,3644.19210001788,4404.593147438115,9.216680304387014,31.956386080472882,47.680252475459056,2799.6838381925545,65.29732180661142,122.89383125138889,0.20643157831973064,91.6758014841266,50.05462346007497,2705.306597759758,25.302276254714066,49.30750000512576,3325.2237887360116,22.842977218604766,66.60365246781203,6.155485480608316,278.8302682681631,102.42464113779847,91.84549897964787,32.05272395019731,15.027585020230395,18.77200538942997,6.167572739562741,16.46879025820057,4.062509722249704,32.515552489847515,21.956641576577617,13.412636683430673,1.1204677399109673,16.527325162367802,5.3992857208154765,6.49364721472413,3.3509853431354535,0.024714702587921383,0.5663012359299718,0.19162927678814512,54.335582786983004,43.876304514653064,0
11.3,0.26806691971251784,3663.0026608892294,4440.630174838192,9.193816099131464,32.33937764238012,47.53755000634416,2800.4150008300785,65.31604200112785,122.87956107993703,0.20381025260891825,91.78954210044715,50.65756108150452,2705.9528584273835,25.070769833588432,51.698219590708575,3326.180498028173,22.652905229563803,66.58250373109884,7.307270087179677,279.1674482669822,102.43292726131718,92.23528728300263,32.05272395019731,15.027585020230395,18.77200538942997,6.167572739562741,16.46879025820057,4.062509722249704,32.515552489847515,21.956641576577617,13.412636683430673,1.1204677399109673,16.527325162367802,5.3992857208154765,6.49364721472413,3.3509853431354535,0.024714702587921383,0.5663012359299718,0.19162927678814512,54.335582786983004,43.876304514653064,0
11.35,0.2677461192599859,3679.34630404905,4454.023031350586,9.241209400791291,31.871229631290984,47.13271261754662,2799.865142412838,65.09708507767152,122.88363303166933,0.20471246568966556,91.76619753467284,49.393537011690576,2705.423452262401,25.522747523060687,49.45642396467591,3326.3424005723664,22.701095732185472,66.59965182738839,3.8610993402755835,279.11564243281776,102.4287897987954,92.00829104822388,32.19691253489824,15.012280086109115,18.942150498891966,5.948646037873221,16.43200726777857,4.1283583323251785,33.08295433833622,22.01256921736026,13.208931504531023,0.9304327954651223,16.134401648296198,5.3763892124614205,6.630869616148594,3.21830931280847,0.024714702587921383,0.5663012359299718,0.19162927678814512,54.335582786983004,43.876304514653064,0
11.4,0.26900579118364615,3632.6435190035854,4455.086294396459,9.271045469917233,31.99926726218144,47.374623387686306,2799.394622624403,65.91227994333613,122.89166845867375,0.20476244903967783,91.65821747479987,49.65797744815836,2705.1154558560215,25.524294149283197,49.562211973159144,3325.0494198228885,22.922191033853796,66.57038616901657,5.026505888046081,278.6741905389293,102.44022425617806,91.87140305165667,32.19691253489824,15.012280086109115,18.942150498891966,5.948646037873221,16.43200726777857,4.1283583323251785,33.08295433833622,22.01256921736026,13.208931504531023,0.9304327954651223,16.134401648296198,5.3763892124614205,6.630869616148594,3.21830931280847,0.024714702587921383,0.5663012359299718,0.19162927678814512,54.335582786983004,43.876304514653064,0
11.450000000000001,0.26967373458916144,3640.4917081604367,4429.3533956380525,9.192669845117738,32.38134634090171,47.577619124328066,2800.3564435348894,64.72859651722221,122.8851524200172,0.2015732456592112,91.76527349701405,48.71217117320799,2705.8652531803814,25.126558395525265,49.859537927901314,3325.9326941090094,22.9896526356862,66.56561695785847,2.671011760159086,278.9872498066556,102.4660418785822,92.12009120411909,31.986472461860316,14.787019011246269,18.937224478720907,6.097357187336315,16.335513776778654,4.0317244840189925,32.790719176696385,21.899027097049718,13.069659829767506,0.8375617899582013,16.22134434368622,5.379494032062652,6.696642728034836,3.2342290150112305,0.024714702587921383,0.5663012359299718,0.19162927678814512,54.335582786983004,43.876304514653064,0
11.5,0.2716475427320958,3679.774649234543,4440.952902098993,9.22928916658704,32.37753634938001,47.361509571753615,2800.0850358705734,65.39409821178604,122.886348258681,0.19926942832444197,91.67935116774265,50.21675110221422,2705.570687256424,25.251533349683076,50.39820122082585,3325.0179327022056,22.83326743756781,66.56710030280539,4.602851760303182,279.1641622549109,102.47540462888185,91.8686826438428,31.986472461860316,14.787019011246269,18.937224478720907,6.097357187336315,16.335513776778654,4.0317244840189925,32.790719176696385,21.899027097049718,13.069659829767506,0.8375617899582013,16.22134434368622,5.379494032062652,6.696642728034836,3.2342290150112305,0.0030703744541146416,0.5761833772726604,0.1824349788314998,54.76905592360146,43.781234461252154,0
11.55,0.2726792305094189,3661.681359550461,4457.563410943425,9.198617491090351,32.074203607067155,47.38136623066362,2800.0322489820837,64.73321384612063,122.87859392614989,0.20322610569722016,91.68469544584002,50.254580151066605,2705.4973184403207,25.36215136751771,50.16274316974054,3325.926627070854,22.908728947559005,66.54984423120982,3.9693237020974337,279.00166126532486,102.47405604924315,92.0400240795467,32.588289102190004,14.96286689000947,18.556883010489305,6.033894706829391,16.624810150887498,4.096847559157594,32.56192544572707,21.73809802842466,13.06544245142316,0.7606840477625031,16.26489311971218,5.374189200931796,6.520732435778046,3.250620595615779,0.0030703744541146416,0.5761833772726604,0.1824349788314998,54.76905592360146,43.781234461252154,0
11.6,0.27638658098710295,3639.506352465173,4444.986411092647,9.289134103434241,32.398248794742,47.38377341050249,2801.1182519886574,64.83906582695448,122.8882468482367,0.2021122808295525,91.73790363823683,50.725894950340034,2706.379591119932,25.373393666745315,50.70203209842659,3326.5542493749845,22.874892694025394,66.5452028252131,5.803861220603972,278.9989152084659,102.4513634029001,91.87159020161423,32.588289102190004,14.96286689000947,18.556883010489305,6.033894706829391,16.624810150887498,4.096847559157594,32.56192544572707,21.73809802842466,13.06544245142316,0.7606840477625031,16.26489311971218,5.374189200931796,6.520732435778046,3.250620595615779,0.0030703744541146416,0.5761833772726604,0.1824349788314998,54.76905592360146,43.781234461252154,0
11.65,0.26904629543405933,3655.375734693739,4456.731581458241,9.207538908877794,32.271239254168364,47.079891194827496,2801.9857863810075,65.81550465409684,122.91107667286936,0.2085518798135578,91.82595372184328,50.7157577602718,2706.958711184161,25.280579685567925,48.54699278257546,3327.9617529964585,22.975122019962136,66.58465455695078,7.301408615273327,279.11675710232714,102.45154759144823,92.08307367260872,32.149534817066076,14.744997527110405,18.731915257981935,6.040684533830129,17.121749507856965,4.075560608091937,32.652161069615744,22.066806612196114,13.162685162732167,0.8663265627567627,16.149574867284983,5.446324789100445,6.631201889152909,3.259581240593339,0.0030703744541146416,0.5761833772726604,0.1824349788314998,54.76905592360146,43.781234461252154,0
11.700000000000001,0.2669312491612514,3683.277798201833,4436.970116545518,9.243794365325803,32.36634706599569,47.49860706205887,2800.5274345344023,65.60280135861608,122.90333955328215,0.20963252487501127,91.70449151973456,51.27687356846097,2706.6162708619095,25.179816191641773,52.32892412765171,3326.558411579264,22.8510002487943,66.57426908089919,2.7270073371733976,278.90431336708684,102.4613446829261,91.93415677176425,32.149534817066076,14.744997527110405,18.731915257981935,6.040684533830129,17.121749507856965,4.075560608091937,32.652161069615744,22.066806612196114,13.162685162732167,0.8663265627567627,16.149574867284983,5.446324789100445,6.631201889152909,3.259581240593339,0.0030703744541146416,0.5761833772726604,0.1824349788314998,54.76905592360146,43.781234461252154,0
11.75,0.268269131654949,3638.1993572384054,4426.523796607563,9.222763818545827,32.26899138636129,47.419975375235836,2800.609515812913,65.43907081217763,122.8944955571021,0.2100146226464629,91.68231863495168,50.24250285736666,2706.125647795884,25.296206529766636,49.789140499689466,3326.655144543431,22.735718117039553,66.57296114720272,4.195889377719614,278.970462501854,102.46696468368707,91.99448292656184,32.12718011187757,14.869536411323663,18.411433741442064,6.0138194237251055,16.769469991395628,4.060182609871382,32.73107116829884,21.93309405882631,13.540989608395586,0.8699226965290884,16.455850629261718,5.424997612334449,6.677237296516006,3.2226342269729997,0.0013699576348862649,0.5842534155258976,0.16581956156114627,54.13173096246786,44.25229200181714,0
11.8,0.2661698018483243,3645.2346045176123,4456.654096883024,9.292699243379273,31.95054290874269,47.139620598666454,2801.5584016783596,64.3366408267645,122.88664762187905,0.2114159777022304,91.70763660283397,52.05352412502822,2707.448479908411,25.230037126882742,49.34515643453966,3326.580692128812,22.90783616614579,66.54770144256847,3.0036578267839458,279.13550086393457,102.46781562771793,92.2908283151119,32.12718011187757,14.869536411323663,18.411433741442064,6.0138194237251055,16.769469991395628,4.060182609871382,32.73107116829884,21.93309405882631,13.540989608395586,0.8699226965290884,16.455850629261718,5.424997612334449,6.677237296516006,3.2226342269729997,0.0013699576348862649,0.5842534155258976,0.16581956156114627,54.13173096246786,44.25229200181714,0
11.85,0.26619339387386837,3638.448571681875,4425.902746782089,9.222562944127674,32.130941830783335,47.29842559378911,2801.31975435134,64.11166558737578,122.91223380843628,0.21890177061272387,91.7520146131717,50.1602477361991,2707.772279198581,25.364700382880823,47.8114584548407,3328.051081507937,22.58734968998734,66.56762090918753,5.825687012703161,278.8444214985077,102.47760877409236,91.98111596147541,32.13494844138162,15.12847049978125,19.059785243800107,5.948625069430631,16.415341831751878,4.0579677729343135,32.476423723844086,21.918352746883276,13.016065757347839,0.9575697863013897,16.19954031915405,5.430865596332956,6.610319802142771,3.182573264993965,0.0013699576348862649,0.5842534155258976,0.16581956156114627,54.13173096246786,44.25229200181714,0
11.9,0.2638964800586261,3654.1452726915827,4444.413687253209,9.221485395573117,32.216295857573435,47.420952954202,2801.989547955715,64.91441005382768,122.89694532124895,0.22027490457122625,91.72343963784438,50.326167396462296,2707.0591520236776,25.399830180834982,50.892976973133685,3327.9392863271523,23.05818942117001,66.56099785576636,6.00787920694793,279.1919856073338,102.45317573587617,92.17028798290785,32.13494844138162,15.12847049978125,19.059785243800107,5.948625069430631,16.415341831751878,4.0579677729343135,32.476423723844086,21.918352746883276,13.016065757347839,0.9575697863013897,16.19954031915405,5.430865596332956,6.610319802142771,3.182573264993965,0.0013699576348862649,0.5842534155258976,0.16581956156114627,54.13173096246786,44.25229200181714,0
11.950000000000001,0.2673983044665095,3644.521591411632,4462.377404660258,9.250913450872583,32.22414870054471,47.52161295729376,2801.5972089416423,64.72660554892843,122.88941929192193,0.224829110815738,91.76335116762795,50.65122269972161,2707.982526794094,25.23560161390222,49.43230429400348,3327.424227384039,22.920255229642418,66.57288946596248,4.3180388093299245,279.0263598963125,102.44751272276253,91.90522228983798,32.17540376412778,14.908342046029682,18.347712570068015,6.045512144289162,16.329809780790253,4.038711861260071,32.596004056457424,21.914447919062663,13.036695702992413,0.9155760579658774,16.76300956691528,5.441938064831286,6.578089549452667,3.271987545848755,0.0013699576348862649,0.5842534155258976,0.16581956156114627,54.13173096246786,44.25229200181714,0
12.0,0.2698433984677736,3683.4580497809693,4456.249389652368,9.139494495706982,32.01944335392854,47.59239189620378,2800.976217585037,65.00364710854433,122.88468066330732,0.226765065512786,91.68391724930117,49.81825091144344,2705.958287285036,25.46815791802179,48.81941560677691,3326.901697762335,22.965707663656165,66.56498276242658,4.542519502160319,278.7126283145916,102.48749716413292,92.01788420306139,32.17540376412778,14.908342046029682,18.347712570068015,6.045512144289162,16.329809780790253,4.038711861260071,32.596004056457424,21.914447919062663,13.036695702992413,0.9155760579658774,16.76300956691528,5.441938064831286,6.578089549452667,3.271987545848755,0.014318598650498938,0.5970745301169063,0.1852412322172256,54.10275783144385,44.071274078329466,0
12.05,0.2653101235813981,3650.46802021655,4449.469265372938,9.23148457352723,32.48292972798763,47.608505073567564,2801.791549048606,65.1369021943263,122.91004755375188,0.22538234792220344,91.76863293925331,50.84908504601402,2707.478294890104,25.415880017432762,49.88325570622997,3327.2736982997694,22.961582903351452,66.56522065536262,3.5752223899317492,279.0233354631881,102.49436494633349,92.11433843500835,32.10605579828814,14.92559952017707,18.29985573405128,5.894470309254427,16.631810320761478,4.062483426001424,32.580144774912625,21.805266229388458,13.15772338057967,0.8422606554707618,16.80073851975331,5.434979689151847,6.63339114945591,3.2126586101114056,0.014318598650498938,0.5970745301169063,0.1852412322172256,54.10275783144385,44.071274078329466,0
12.1,0.2642727101842294,3656.2345782925586,4455.038105656751,9.240971424658238,32.187109990478874,47.30539075102499,2801.536534536758,65.34430995084742,122.89592732948078,0.2258617872094649,91.75160918868467,50.81962077698461,2707.139198345321,25.4091931608454,48.75866392247848,3327.784840879713,22.850808919888124,66.54685448215986,5.351407626505993,278.76575811199655,102.43544505704892,92.0464468081076,32.10605579828814,14.92559952017707,18.29985573405128,5.894470309254427,16.631810320761478,4.062483426001424,32.580144774912625,21.805266229388458,13.15772338057967,0.8422606554707618,16.80073851975331,5.434979689151847,6.63339114945591,3.2126586101114056,0.014318598650498938,0.5970745301169063,0.1852412322172256,54.10275783144385,44.071274078329466,0
12.15,0.26001991450687434,3666.745757096427,4443.469607922153,9.218165728783072,32.20393822183816,47.48260908176707,2801.944137258825,64.22259717198659,122.88433368616808,0.23307445992607267,91.7862372159264,52.352899656198716,2707.513978987522,25.399085289914932,51.8524035018248,3327.4416910694877,22.85263927394233,66.58113527952106,4.031232446764698,279.1866872247836,102.47275864319042,92.0348092347056,32.38295773510407,15.013005727049801,18.43529116545242,5.977208404394507,17.031061832195466,4.039866097324564,32.549242216546276,21.86538321319607,12.78004984624971,0.8151411027215736,16.063133690983207,5.39210907503407,6.617072330203582,3.2543031341359283,0.014318598650498938,0.5970745301169063,0.1852412322172256,54.10275783144385,44.071274078329466,0
12.200000000000001,0.26029276633749443,3640.8325156673486,4478.100174985043,9.221900054234718,32.011225951745224,47.696502468902445,2801.545528144554,64.85294839968526,122.90900609977975,0.235632664971287,91.78662357392237,49.9911462482596,2706.502523886789,25.358058895417415,49.46089712746449,3327.244696947591,23.04000611616745,66.57228073498688,3.499976606999515,278.6951867403296,102.46210250901926,92.04865921135104,32.38295773510407,15.013005727049801,18.43529116545242,5.977208404394507,17.031061832195466,4.039866097324564,32.549242216546276,21.86538321319607,12.78004984624971,0.8151411027215736,16.063133690983207,5.39210907503407,6.617072330203582,3.2543031341359283,0.014318598650498938,0.5970745301169063,0.1852412322172256,54.10275783144385,44.071274078329466,0
12.25,0.25953846182693435,3634.297302708307,4433.6772628276485,9.19490741434535,32.00945599571045,47.175092649716134,2801.089728819746,64.09813645376293,122.88516285930106,0.23706319338099008,91.74640250498346,50.38593811112742,2706.768027328565,25.364903717927113,49.78697730848195,3326.452406761836,22.898053920955476,66.58389727845874,5.010144749512772,278.98923146708194,102.48197484548746,91.98236416833225,31.903316723067555,14.966034630768013,18.25862119885059,6.179984274869303,16.803347408605497,4.039191281611898,32.62408932915628,21.952832772138272,13.018885327395193,1.0831719220081184,15.965636394848119,5.406947946044469,6.648907059177855,3.1857884418325675,0.022562287310233055,0.5784529274236684,0.19124835815769203,53.330750111731355,42.96860860612518,0
12.3,0.2574614445627896,3647.373608722724,4415.411500109227,9.399177812014745,32.02536114848064,47.535737667877626,2801.262622303064,65.55764115679061,122.9170782893552,0.240131599531537,91.77995539184391,50.99081059138589,2706.3447339474037,25.279832496716875,49.73990843126558,3326.7558063206425,23.04768070863917,66.58446459568458,5.3358905280458755,279.2783830285809,102.46971039447709,92.17298777800723,31.903316723067555,14.966034630768013,18.25862119885059,6.179984274869303,16.803347408605497,4.039191281611898,32.62408932915628,21.952832772138272,13.018885327395193,1.0831719220081184,15.965636394848119,5.406947946044469,6.648907059177855,3.1857884418325675,0.022562287310233055,0.5784529274236684,0.19124835815769203,53.330750111731355,42.96860860612518,0
12.35,0.2562065469484855,3677.757222724055,4451.118040364204,9.259170273994414,32.15082180694782,47.25513182810197,2800.674502601706,64.79879175692176,122.91871024362084,0.235291339959811,91.7734090516878,49.07271806594371,2706.131904182133,25.309981419341703,50.276581693447525,3326.567600729392,22.922186566878864,66.58084029516255,2.9644033270918575,279.0912451943656,102.46704861632438,92.14774139326181,32.001551794993695,15.000539633215672,18.689286441636526,5.982379336378775,16.74397984556548,4.036858796020862,32.482844573894326,21.68615154731632,13.162559224684635,0.8845746814821971,16.254104503356963,5.39342615572864,6.596774197973336,3.236197894580672,0.022562287310233055,0.5784529274236684,0.19124835815769203,53.330750111731355,42.96860860612518,0
12.4,0.25814581284257315,3673.176430129936,4417.751237865175,9.281206476424122,32.35343296076711,47.488603938927966,2800.0895467412606,65.12897255475505,122.91361972342217,0.24068565844261525,91.77006186422024,50.088546086666014,2705.5846713525875,25.366916364356786,50.576112069909286,3326.260727954756,23.000776273441545,66.56919223815531,3.814524797979618,278.974814321809,102.45359488654847,91.96907904131983,32.001551794993695,15.000539633215672,18.689286441636526,5.982379336378775,16.74397984556548,4.036858796020862,32.482844573894326,21.68615154731632,13.162559224684635,0.8845746814821971,16.254104503356963,5.39342615572864,6.596774197973336,3.236197894580672,0.022562287310233055,0.5784529274236684,0.19124835815769203,53.330750111731355,42.96860860612518,0
12.450000000000001,0.25810928654368065,3669.139160475781,4395.807715148984,9.169237567244437,32.095240309572006,47.410648122991525,2798.9619864151286,65.30396097684392,122.87496743753111,0.23707940228933994,91.63067869882728,48.92652624100975,2705.0152302079346,25.355112617450665,50.32140051759002,3324.5471249462225,22.82970480278436,66.55702850963522,3.7496430702119303,278.7205451323761,102.47171593771267,91.90515942465117,32.885546407989864,14.751631289836967,18.70452404856068,5.948102758417977,16.13528842119248,4.013667248125805,32.7054215343694,22.05656658063545,12.963246249694544,1.0026381337792887,16.465652461040598,5.394296900553113,6.513008852875026,3.134747585993846,0.022562287310233055,0.5784529274236684,0.19124835815769203,53.330750111731355,42.96860860612518,0
12.5,0.26206468800586874,3657.922932065011,4406.135831883414,9.227547675947708,32.21418821805234,46.88716535731455,2799.215405988538,65.48623415125195,122.89650390081846,0.2308100431452,91.7310962940637,49.13174509865565,2704.5652581565187,25.28970565184026,50.12112678201272,3325.1288346020947,23.034917175979597,66.55050801408449,3.2969551813924514,279.1002272102423,102.45805562682645,92.09600333611824,32.885546407989864,14.751631289836967,18.70452404856068,5.948102758417977,16.13528842119248,4.013667248125805,32.7054215343694,22.05656658063545,12.963246249694544,1.0026381337792887,16.465652461040598,5.394296900553113,6.513008852875026,3.134747585993846,0.006368009498742884,0.5776900541189179,0.1805967504990675,53.4478252016255,43.81947897718787,0
12.55,0.258865317503992,3636.026568827991,4425.8982652531395,9.281073988850798,32.074012129866325,47.327764358780435,2798.1506523527355,64.33441910455811,122.90302118972163,0.2329825033828864,91.6891746973885,48.62942582040941,2703.5700787783903,25.036616948151774,51.26738127221455,3323.9248475122695,22.801622605929055,66.57000683940285,4.393617892032697,278.7906402121106,102.46486852912604,91.92295688700722,32.25811194425355,15.006078957752603,18.75006269523153,6.006287927151483,16.525994210292343,4.0631351935500515,33.24783589557344,21.727150824816125,13.406658118907355,0.7905411744970862,16.154687211505717,5.378540964236432,6.603863670971062,3.245378937512797,0.006368009498742884,0.5776900541189179,0.1805967504990675,53.4478252016255,43.81947897718787,0
12.6,0.25676862661227867,3680.5972441214726,4427.564488317843,9.175036014325055,32.139922348942555,47.66130054851915,2799.0554746037674,64.90082910041392,122.9153727530387,0.2256883495733681,91.79226001457164,48.164097452738964,2704.1239704930026,25.414799878710987,49.00748078898195,3324.5021636266097,23.053817757115937,66.58934551659316,4.432311639947796,279.06386782453325,102.45611973820597,92.19043896395144,32.25811194425355,15.006078957752603,18.75006269523153,6.006287927151483,16.525994210292343,4.0631351935500515,33.24783589557344,21.727150824816125,13.406658118907355,0.7905411744970862,16.154687211505717,5.378540964236432,6.603863670971062,3.245378937512797,0.006368009498742884,0.5776900541189179,0.1805967504990675,53.4478252016255,43.81947897718787,0
12.65,0.25874636563416004,3625.2971441105187,4417.725674473095,9.339174727360925,32.29489632944573,47.616475676936425,2798.5649193886993,65.27202740454032,122.89240682790955,0.22548409973432962,91.83694459435246,47.75043639298384,2704.5692438355964,25.17675513686033,50.08028811302783,3324.649674052175,22.866629949610594,66.59614969074352,5.771035419563174,279.05432411096496,102.44924616420788,92.03334130082287,31.89868894606804,15.11411697412908,18.682796378329936,5.944309778412336,16.702600556984716,4.072651650608327,32.645239381130565,21.84599361777009,13.468522850314987,0.8651168113843811,15.963699059479207,5.394378822257703,6.593127924253012,3.29633393522036,0.006368009498742884,0.5776900541189179,0.1805967504990675,53.4478252016255,43.81947897718787,0
12.700000000000001,0.2576264015981854,3686.5519372018075,4429.805163655645,9.201851300242392,32.28659761883157,47.09701825095188,2797.754780767705,65.46016949403392,122.88716694657414,0.22241696256435364,91.79947717408996,48.80690625354363,2703.755057579935,25.347297803577177,50.316057235605705,3323.2376159180853,23.00155068764085,66.63001603090572,5.114279109705105,278.54657453139515,102.43606797458479,91.98027967764158,31.89868894606804,15.11411697412908,18.682796378329936,5.944309778412336,16.702600556984716,4.072651650608327,32.645239381130565,21.84599361777009,13.468522850314987,0.8651168113843811,15.963699059479207,5.394378822257703,6.593127924253012,3.29633393522036,0.006368009498742884,0.5776900541189179,0.1805967504990675,53.4478252016255,43.81947897718787,0
12.75,0.26091799613392025,3656.3146159331495,4458.492595473726,9.258299562805124,32.25852321379448,47.63712659121051,2798.4975423449832,64.53029426094277,122.92112365776585,0.21942610769185464,91.83230398753629,48.78321908662904,2704.347688873341,25.48144419303899,50.7716510171892,3323.9885951504566,22.93095243726496,66.63114919222635,4.374975332448711,278.6237975389532,102.43824191192229,92.12982731832386,32.02358360092073,14.886356796259287,18.548288881270672,6.235966484293512,16.894805760294776,4.053173943976893,32.36496962385211,21.83687095157755,13.222370715126738,0.7587406565427824,16.06152122543722,5.351102488577598,6.61462754295929,3.2919781057608106,0.029972361915575445,0.5861010624495689,0.17719383319492232,54.50149263351576,43.852698213635534,0
12.8,0.26143930642844887,3652.5413329621633,4473.14087743414,9.158717302298294,31.694414523636816,47.45857089264763,2798.2735523564584,63.53137890943617,122.88456371176052,0.21487719101126787,91.81738145055381,50.9578608736501,2704.1057249654464,25.337732850668704,50.248353214530425,3323.9025626146995,22.954603663262212,66.61186494179297,4.692935658673915,278.5907349951294,102.43690191575436,91.9705044645846,32.02358360092073,14.886356796259287,18.548288881270672,6.235966484293512,16.894805760294776,4.053173943976893,32.36496962385211,21.83687095157755,13.222370715126738,0.7587406565427824,16.06152122543722,5.351102488577598,6.61462754295929,3.2919781057608106,0.029972361915575445,0.5861010624495689,0.17719383319492232,54.50149263351576,43.852698213635534,0
12.85,0.26051487781802385,3656.306533505586,4447.23600420826,9.146427707892105,32.28124987367574,47.45947753744509,2797.621747025657,64.69833444300178,122.89116347814685,0.21114703976464713,91.65641467991824,49.55109483938038,2703.487633741487,25.287855545612995,49.3934779701033,3323.047604367073,22.8476994094445,66.63388090396016,4.037359090045372,278.94031030733083,102.46220079998056,91.79183700609713,32.157261333765305,14.931160262477492,18.678433729704725,6.156507690664747,16.764728789115868,4.012248963881683,33.03532227704286,21.832352502622978,13.402405799258533,0.9492504274664612,16.10434987207938,5.41902691236181,6.669621223883181,3.136604885059954,0.029972361915575445,0.5861010624495689,0.17719383319492232,54.50149263351576,43.852698213635534,0
12.9,0.2629351849896702,3639.059155580799,4468.192288037117,9.280859150067393,32.635710893465685,47.421021590866374,2799.3665787944683,64.3556711877535,122.91110309205555,0.2071671672140381,91.86375251949748,49.39377412857199,2705.252611642299,25.25754747556407,49.818308021905224,3324.8706420082,22.98813636783052,66.58960974932526,3.2656055187532766,279.0403987708295,102.43394453210627,92.2014356413325,32.157261333765305,14.931160262477492,18.678433729704725,6.156507690664747,16.764728789115868,4.012248963881683,33.03532227704286,21.832352502622978,13.402405799258533,0.9492504274664612,16.10434987207938,5.41902691236181,6.669621223883181,3.136604885059954,0.029972361915575445,0.5861010624495689,0.17719383319492232,54.50149263351576,43.852698213635534,0
12.950000000000001,0.2637849791081212,3637.2139521820013,4430.786545063814,9.222518867194484,32.29745886593744,47.52570862719177,2798.983153448944,64.22587626888847,122.90362746205925,0.20853906730706842,91.78384992650676,49.04638100614904,2704.7954152741845,25.46148290307016,51.098998570527684,3324.5556001775317,22.870882894224493,66.61755302986545,3.9132324204432725,278.78082375270895,102.42252033730252,91.99831409681778,31.96362513792542,14.98704996639348,19.090803629268457,6.017360937540957,16.6877581039763,4.065097727786684,33.01782464621395,21.671871846907653,13.513243067774184,0.7648470675988397,15.987822778763416,5.385229972219425,6.685019887364339,3.2629616439845,0.029972361915575445,0.5861010624495689,0.17719383319492232,54.50149263351576,43.852698213635534,0
13.0,0.2609749137171716,3636.4962515868824,4488.968129644169,9.212692168834343,32.04620151249388,47.40448489815883,2800.2297241998563,66.025219290854,122.91300401661424,0.20599766152759616,91.80762917136902,50.70087474871504,2706.089523848563,25.247228736876327,51.099873507194076,3326.1091482085153,22.97690692401875,66.62925170734081,5.026973335821274,278.86625439970004,102.44143364432018,92.17348605332259,31.96362513792542,14.98704996639348,19.090803629268457,6.017360937540957,16.6877581039763,4.065097727786684,33.01782464621395,21.671871846907653,13.513243067774184,0.7648470675988397,15.987822778763416,5.385229972219425,6.685019887364339,3.2629616439845,0.012548748228186534,0.5889989704666899,0.172723878550341,54.94815608789207,44.34110400892833,0
13.05,0.2621584363090008,3638.5799937426127,4465.920272978057,9.242972275460593,32.31424911156892,47.13700445241518,2800.663164322605,63.32332562920402,122.88085079571071,0.2096120318799251,91.83198775742501,49.37157994210088,2706.423384228681,25.222260127273945,50.20995463507774,3326.2345383819907,22.938494813880983,66.62726514566035,3.6399137664179557,279.33693857922884,102.4346888611397,92.1819064997692,32.060152243152146,14.919635984231297,18.552670075913724,5.998487886944744,16.586321981089284,4.075116021853422,32.85742798543116,21.814587346681904,13.480762200558683,1.0307563249462435,16.509072842453122,5.382496126801122,6.6479103850034305,3.3692553090905064,0.012548748228186534,0.5889989704666899,0.172723878550341,54.94815608789207,44.34110400892833,0
13.1,0.2676664221141801,3660.135183513166,4465.597861173145,9.15688970242234,32.575877558949536,47.29564945151261,2800.1865984536093,64.35740340862549,122.89706034250759,0.21030580762337692,91.84747055389215,49.19602911615037,2706.034505778715,25.234232787397723,48.925726154359374,3326.5337934620984,22.963853961065045,66.63312893243456,3.6100745711808893,278.8467827207612,102.45634307764506,91.96351117196717,32.060152243152146,14.919635984231297,18.552670075913724,5.998487886944744,16.586321981089284,4.075116021853422,32.85742798543116,21.814587346681904,13.480762200558683,1.0307563249462435,16.509072842453122,5.382496126801122,6.6479103850034305,3.3692553090905064,0.012548748228186534,0.5889989704666899,0.172723878550341,54.94815608789207,44.34110400892833,0
13.15,0.2644361608510103,3619.45891011211,4462.374602748887,9.238513603098275,31.961134400016334,47.17590320607306,2800.2655611420273,65.11365446417518,122.89276158394593,0.21263826706948685,91.76145892022812,50.45298717910655,2705.9788384220087,25.158254811916432,49.04909168223707,3325.634445423698,22.82873007722458,66.612798726681,4.723938369569278,278.79143891129036,102.47318282464931,92.15497427469724,32.21328675670656,15.004399574177052,18.372696012842123,5.834497837745005,16.60644987675172,4.023695808874797,32.57627337480611,21.87171512393628,13.221216713679278,0.803855732777025,16.48471351058701,5.392008323115209,6.649626366760409,3.128486394710208,0.012548748228186534,0.5889989704666899,0.172723878550341,54.94815608789207,44.34110400892833,0
13.200000000000001,0.26457690841026626,3656.3379511368544,4472.036932084554,9.269721020588698,32.05633872238092,47.31907864924513,2800.929698378448,65.32084145397249,122.8953763876958,0.21521348791486228,91.74190475391633,49.62656749258948,2706.5238857108266,25.103010768573547,50.414404299344795,3326.2699393021408,22.715129494919452,66.61821871937839,4.211434804487977,279.10026602121377,102.46966034642404,92.16376279027308,32.21328675670656,15.004399574177052,18.372696012842123,5.834497837745005,16.60644987675172,4.023695808874797,32.57627337480611,21.87171512393628,13.221216713679278,0.803855732777025,16.48471351058701,5.392008323115209,6.649626366760409,3.128486394710208,0.012548748228186534,0.5889989704666899,0.172723878550341,54.94815608789207,44.34110400892833,0
13.25,0.26163660986649856,3644.1910446109096,4456.730818936205,9.241428230564212,32.183003212280234,47.318035955687776,2801.1135663992445,64.14038483723051,122.87939079944694,0.2141888192100385,91.7808866649697,49.61144125637664,2706.367809899695,25.37585477825568,51.00901721239377,3327.600866471175,23.04451438683461,66.60058979078607,4.251827546990456,278.87167305765905,102.46363676453664,92.05634649535654,32.111222349409935,14.895136347424657,18.548949006246954,5.827764961166109,16.679369505747378,4.0468961902620695,32.33304238738838,21.923778754319777,12.725065390824414,0.9802393512839314,15.726398972674527,5.427285845005497,6.643251776741596,3.2044147462459533,0.02861833090204437,0.59800364874717,0.18786683333049994,54.07464895668081,43.15936190331512,0
13.3,0.2563811659209084,3646.086319991861,4458.111252849889,9.233052815684797,32.27614842867952,47.290429055772485,2801.6166968863236,64.8556635387437,122.90305508540578,0.2212186901795692,91.69547827441023,49.110202436382004,2706.9069264442096,25.168347918882866,49.47494069096349,3327.432590815101,22.853309565779504,66.57428268806773,6.795075389053771,279.06786218779047,102.48894560721884,92.09207790388571,32.111222349409935,14.895136347424657,18.548949006246954,5.827764961166109,16.679369505747378,4.0468961902620695,32.33304238738838,21.923778754319777,12.725065390824414,0.9802393512839314,15.726398972674527,5.427285845005497,6.643251776741596,3.2044147462459533,0.02861833090204437,0.59800364874717,0.18786683333049994,54.07464895668081,43.15936190331512,0
13.35,0.2590209635542534,3622.6859042520555,4428.291347730815,9.197071351929154,32.54734718158496,47.19471979073615,2801.1516019192727,65.00718602765359,122.89615416154189,0.22212896976763882,91.69955032278925,49.97487391417213,2706.969540214447,25.246751965767903,51.01897559574541,3326.7391223050186,22.898211688549633,66.5660523307613,3.297385406542852,278.6707622109742,102.48063869034527,92.11066836729307,31.73935961547953,15.02543219327843,19.126002310791062,5.851431483833608,17.024115148570186,4.044492889366976,33.09226648324621,21.869115266718783,13.291852736008362,0.8499445899047939,16.173154282707905,5.382652600512713,6.681586422726426,3.272222280069261,0.02861833090204437,0.59800364874717,0.18786683333049994,54.07464895668081,43.15936190331512,0
13.4,0.2584974304473194,3652.7749349294254,4441.588938887341,9.194921817063838,31.940662664746068,47.490895527657685,2801.453439030323,64.45920895980679,122.90451821784225,0.2262311027165499,91.70416054681745,50.532845274740765,2707.160335762044,25.229779296260055,50.43743483762386,3327.8538210224747,22.79653035370967,66.55486753439229,5.644951397532661,278.9141743206726,102.48751718674023,91.9707180493459,31.73935961547953,15.02543219327843,19.126002310791062,5.851431483833608,17.024115148570186,4.044492889366976,33.09226648324621,21.869115266718783,13.291852736008362,0.8499445899047939,16.173154282707905,5.382652600512713,6.681586422726426,3.272222280069261,0.02861833090204437,0.59800364874717,0.18786683333049994,54.07464895668081,43.15936190331512,0
13.450000000000001,0.2634420028737228,3640.412179511133,4482.660006949461,9.30560057009476,32.131245501972536,47.31441513619,2802.024285856774,64.47029339753027,122.9166080483786,0.22997351088377466,91.82086697299312,51.44508830541605,2707.245342391262,25.13916835677142,50.76575942880643,3328.0952855615265,22.96045578806336,66.58086494791313,5.082773794625575,279.0141781148693,102.4850114073137,91.98844600888145,32.593942941184224,14.917188455922338,18.77894517199994,5.934590673063961,17.095698595849296,4.039348681281135,32.908398800699736,21.743130100956897,13.428774526169859,0.846813519595732,16.05548802189834,5.385415767086667,6.597762530167893,3.262632950170839,0.02861833090204437,0.59800364874717,0.18786683333049994,54.07464895668081,43.15936190331512,0
13.5,0.26641314551597084,3665.661218916499,4459.984475381161,9.145848698778968,31.865157673413623,47.02977779199024,2800.090304257335,65.10977680561297,122.89361191807916,0.23166687892156299,91.66815886089299,50.63913050394044,2705.659292415503,24.954920272300786,49.359973341065206,3326.33985224686,23.039256288214965,66.58196187048488,3.949704714591232,279.0391847116633,102.49931760217603,92.01457323497637,32.593942941184224,14.917188455922338,18.77894517199994,5.934590673063961,17.095698595849296,4.039348681281135,32.908398800699736,21.743130100956897,13.428774526169859,0.846813519595732,16.05548802189834,5.385415767086667,6.597762530167893,3.262632950170839,0.00645254565203851,0.5677197058941366,0.17342799176124207,53.882960694625396,44.425797570046925,0
13.55,0.26478864572973976,3623.691226615614,4474.960124942689,9.337397399081146,32.21060497750629,47.28625683711591,2800.5204764727378,64.55046307424234,122.90405551677637,0.2290116110139603,91.78251872403703,51.810279431278126,2706.6542319108294,25.248483699145194,48.982010059420936,3326.327854405071,23.112202102576745,66.56594489442215,5.76738454347395,278.7732514354213,102.45754821115315,92.19571310092724,32.07357922874796,14.875462045965591,18.98610796188374,5.7858955436971415,16.691195051345858,4.028283507166215,32.70758043882424,21.875531488583764,13.406987029847539,1.1142905523989453,16.081062441293252,5.368887655454837,6.560098928420966,3.209563713597773,0.00645254565203851,0.5677197058941366,0.17342799176124207,53.882960694625396,44.425797570046925,0
13.6,0.26482476196779337,3638.5337650327533,4492.541665098719,9.290074715356532,32.15268797747189,47.62831298455434,2800.922929916371,64.59914477080721,122.91423318699496,0.2315990869218498,91.79540742220563,48.55114518401959,2705.998011447012,25.16063223753577,52.131941677075886,3326.5913889009066,22.863815937622345,66.61390780545342,4.3871741350834075,278.58041929663284,102.47287941033441,92.00114856543851,32.07357922874796,14.875462045965591,18.98610796188374,5.7858955436971415,16.691195051345858,4.028283507166215,32.70758043882424,21.875531488583764,13.406987029847539,1.1142905523989453,16.081062441293252,5.368887655454837,6.560098928420966,3.209563713597773,0.00645254565203851,0.5677197058941366,0.17342799176124207,53.882960694625396,44.425797570046925,0
13.65,0.26571571646118314,3657.2532261039937,4420.531655244067,9.157784990898277,31.89639031868435,47.331089638959085,2800.201699346823,64.73394023196042,122.91792113903792,0.22913092560927067,91.74309309012801,50.17755569538447,2705.5475177874896,25.44256321134845,49.83795031575482,3325.237966058373,22.90563508014251,66.6172830675913,4.744937879659936,278.80936985021634,102.46804831043552,92.05015682624413,31.948812147625183,14.982038688463959,18.953554997057285,6.001528947175989,16.996936961854733,4.028120764951146,32.578960704171195,21.885261192061343,13.304588637341043,0.8985624476026749,16.14854809865304,5.3571825301047875,6.636836243612405,3.2979950568850276,0.00645254565203851,0.5677197058941366,0.17342799176124207,53.882960694625396,44.425797570046925,0
13.700000000000001,0.2657590081867109,3631.000858416828,4429.98405194042,9.241918789583716,32.166271409002114,47.08680312945947,2800.0705377822633,65.2216498934575,122.9026856786058,0.2271439135054843,91.77844106582691,49.59525487524551,2704.917556029864,25.263932712513807,51.64312268531367,3325.5781406359215,23.041284014379727,66.60737433515735,4.030082336468578,279.1450633455378,102.46165009364157,92.15735518582778,31.948812147625183,14.982038688463959,18.953554997057285,6.001528947175989,16.996936961854733,4.028120764951146,32.578960704171195,21.885261192061343,13.304588637341043,0.8985624476026749,16.14854809865304,5.3571825301047875,6.636836243612405,3.2979950568850276,0.00645254565203851,0.5677197058941366,0.17342799176124207,53.882960694625396,44.425797570046925,0
13.75,0.26844511317778796,3638.641326526825,4471.522758508102,9.186637034447326,32.0376335105085,47.46551269190304,2798.8743575485323,65.1161356946428,122.91115736385602,0.22784656003803302,91.7519668971975,50.15961505521419,2705.080466246771,25.190473361120713,48.83222676282661,3324.7230220134493,23.10570809658754,66.61589348588492,5.4287672557600715,279.251417097029,102.46317619750073,92.10818662870807,32.00674394575695,14.742180396021336,18.682360520010718,5.939941463601178,16.57403341391707,4.012327410365169,32.62415540316902,21.77075314800539,13.20332804115514,1.0525420579576288,15.71268401973714,5.4185801516917245,6.607639514229043,3.208949314636877,0.019257408453608453,0.5744246844030427,0.1736528291401154,53.77613337358193,43.77234566228549,0
13.8,0.26961329153434627,3619.5822241089763,4451.281227080995,9.243858015036189,32.10980973630769,47.48843618576182,2800.1474587250823,65.24746018418725,122.91470754895785,0.22548967452257002,91.85317491721109,48.88127723219219,2705.5913662763987,25.233653719003755,51.693276178497726,3325.72507328493,22.960630438961932,66.62440091362382,4.75360075460438,278.6048544245016,102.46733420180264,92.20654864821856,32.00674394575695,14.742180396021336,18.682360520010718,5.939941463601178,16.57403341391707,4.012327410365169,32.62415540316902,21.77075314800539,13.20332804115514,1.0525420579576288,15.71268401973714,5.4185801516917245,6.607639514229043,3.208949314636877,0.019257408453608453,0.5744246844030427,0.1736528291401154,53.77613337358193,43.77234566228549,0
13.85,0.26621519915620445,3641.3198787433475,4431.053049187301,9.26607623398708,32.03356486535655,47.020187211116465,2799.517278412639,65.03265273106622,122.9164451792623,0.22592666016664692,91.80567283810764,48.311376628988924,2705.4651475515325,25.06160115715875,50.88380670236772,3325.513969881892,23.01683878869796,66.65077043558767,3.396068929303769,278.9501393190829,102.44078107303847,91.82587923452984,31.880993818935323,14.901746087834008,18.81199085861178,6.010851554425082,16.84772883784433,3.9890168317721963,32.83505952703518,21.90603489075576,13.72154860509946,0.6183278447913342,16.412583512347755,5.390989794674678,6.694104233086066,3.243984012645324,0.019257408453608453,0.5744246844030427,0.1736528291401154,53.77613337358193,43.77234566228549,0
13.9,0.2662383149069655,3655.244626726274,4418.683056779426,9.287114740478215,31.74652849813112,47.34520296009396,2798.3935965180135,64.63410573642645,122.8954409182145,0.22062334938297753,91.64636138891895,49.44377990908469,2703.559089455536,24.994261486843545,49.108702270064796,3323.645348714585,22.96104106231946,66.61066541361797,5.727232364535689,278.86555851615685,102.49863080437326,91.9491189244472,31.880993818935323,14.901746087834008,18.81199085861178,6.010851554425082,16.84772883784433,3.9890168317721963,32.83505952703518,21.90603489075576,13.72154860509946,0.6183278447913342,16.412583512347755,5.390989794674678,6.694104233086066,3.243984012645324,0.019257408453608453,0.5744246844030427,0.1736528291401154,53.77613337358193,43.77234566228549,0
13.950000000000001,0.26852384719207234,3649.584163081767,4446.46907551204,9.320906154945718,31.914474330123426,47.45644817392563,2798.677392442816,64.87326234191772,122.91784476936698,0.21860519906304868,91.76838641786698,50.87398519505539,2704.501109286391,25.21391761000247,51.35745063214897,3324.6895028470553,22.79670311858986,66.5913119358724,6.488180005590495,278.6379104834294,102.43329823598198,91.8439364074431,32.24423023953439,14.87273805665543,18.923535952924173,5.825389372374061,16.42925739066117,4.054416656365414,32.72333821845495,21.676447114971854,13.158697245560127,1.0268679276707753,16.248175372593266,5.367607238185469,6.6479906231251435,3.208415830142526,0.019257408453608453,0.5744246844030427,0.1736528291401154,53.77613337358193,43.77234566228549,0
14.0,0.2701566455763522,3654.7251160470546,4447.854365011517,9.165833350656877,32.47264205569179,47.13783306867725,2799.3692474502614,63.826137226544176,122.91425182707319,0.21312441349720593,91.83562041018408,51.90944448835246,2705.2926320132738,25.27841008804341,49.60134723844285,3325.217468485611,23.19084876705514,66.57048423761663,6.434527198004195,279.1158381995914,102.44286794373753,92.32896436292097,32.24423023953439,14.87273805665543,18.923535952924173,5.825389372374061,16.42925739066117,4.054416656365414,32.72333821845495,21.676447114971854,13.158697245560127,1.0268679276707753,16.248175372593266,5.367607238185469,6.6479906231251435,3.208415830142526,0.02317016603830484,0.5842184076883246,0.17907884118584103,54.20986282263702,44.18942451422125,0
14.05,0.2694983387871928,3636.48449984229,4437.30944176856,9.189728190953364,31.706459441955303,47.6324091413212,2799.144883070139,64.28286226545508,122.88087348871547,0.21742903180583012,91.76377436607659,48.85811898338175,2705.4183499318256,25.40306186278214,50.23234110499674,3325.712980558152,23.008694084652454,66.63020996609997,3.203312202018823,278.6667730582167,102.46435592549594,91.7495158107821,31.871630901629317,14.952656065069544,18.76771337185732,5.9067880774430925,16.100314643520484,4.011724951472647,32.82669886596098,21.81024814374841,13.075583838954344,0.9983735490940577,16.217688669164374,5.362326507875692,6.671372961377062,3.226495395401464,0.02317016603830484,0.5842184076883246,0.17907884118584103,54.20986282263702,44.18942451422125,0
14.1,0.26716526883218444,3645.410531713217,4453.814510222035,9.19882652655128,32.28460874981779,47.692788357066014,2798.7506709963986,65.32178274408035,122.90803072713115,0.21540672313242468,91.6847189239001,49.70399166647208,2704.430213623124,25.373848297551,49.402874688323635,3324.304313224264,22.846778611663535,66.58007542820836,5.435139614324507,279.39463004590687,102.46204498124207,92.15521976176043,31.871630901629317,14.952656065069544,18.76771337185732,5.9067880774430925,16.100314643520484,4.011724951472647,32.82669886596098,21.81024814374841,13.075583838954344,0.9983735490940577,16.217688669164374,5.362326507875692,6.671372961377062,3.226495395401464,0.02317016603830484,0.5842184076883246,0.17907884118584103,54.20986282263702,44.18942451422125,0
14.15,0.2690753293243812,3615.5096028327207,4472.69224882601,9.230851874828685,32.09693639303767,47.338472900154436,2800.4687695922034,65.2156044591713,122.89847653996804,0.21807934947967386,91.88710508199836,49.99230394428678,2706.130884791215,25.27562229434914,51.30821270398458,3326.477075002525,22.843568380233442,66.61245190600638,4.6493096520223025,278.99240150662223,102.45883858595988,92.26999116821061,32.12742081232138,14.936377381217136,18.42097187307133,6.285808505725978,16.404227071723145,4.025677095088955,32.480893899857094,21.73230306655438,13.516049325181479,0.8615670684220417,16.02620389454173,5.401905075189581,6.642757827719341,3.2607632029971194,0.02317016603830484,0.5842184076883246,0.17907884118584103,54.20986282263702,44.18942451422125,0
14.200000000000001,0.2682376917060804,3647.9664451827425,4445.7971710788215,9.363209901336377,31.95667948169866,47.4817893041195,2798.6933701505227,64.61517675706958,122.9038254304725,0.21605262856597282,91.60453743707912,49.32297511363905,2704.102490934971,25.211659883176825,50.74034400909317,3324.652154343539,22.89097203063439,66.61096100270197,4.946345305210589,278.9261136067062,102.49190449569379,91.68175465829412,32.12742081232138,14.936377381217136,18.42097187307133,6.285808505725978,16.404227071723145,4.025677095088955,32.480893899857094,21.73230306655438,13.516049325181479,0.8615670684220417,16.02620389454173,5.401905075189581,6.642757827719341,3.2607632029971194,0.02317016603830484,0.5842184076883246,0.17907884118584103,54.20986282263702,44.18942451422125,0
14.25,0.26550418982016943,3655.3896602204504,4401.455769974526,9.262794905635525,32.04385577418536,47.016051264280584,2799.698388994603,66.12452445893446,122.90434682473538,0.2115188379859639,91.70070144124253,48.57528431065038,2705.790216912775,25.217897368555217,51.97901540785601,3325.236853554949,22.960582612904293,66.54878590597343,4.281648352482823,278.6960312642994,102.476757201548,92.33419600967,31.974876879908408,14.896797688583703,19.11000491092992,6.006288655071706,16.619820965262573,4.00645092008926,32.57278520630626,21.59236038704925,13.274219887871048,0.9932077383162197,16.137651611600102,5.356941941502688,6.5626102583169565,3.1912694612713457,-0.00016286541708978274,0.5803475171250453,0.17865453191107047,53.94136162567239,44.64427999388176,0
14.3,0.2630856725619973,3642.678161102593,4465.081152123919,9.258301437453573,32.029022806325465,47.53427100942411,2800.9121901492267,65.60326160130663,122.91423919194273,0.21547809343352597,91.81339621142058,49.61606380370189,2706.8473301254285,25.27910497676166,50.57674325981421,3327.55171097689,23.111463051370016,66.57744681112625,4.039682843005339,278.71368379021965,102.45563178799294,91.8028837883954,31.974876879908408,14.896797688583703,19.11000491092992,6.006288655071706,16.619820965262573,4.00645092008926,32.57278520630626,21.59236038704925,13.274219887871048,0.9932077383162197,16.137651611600102,5.356941941502688,6.5626102583169565,3.1912694612713457,-0.00016286541708978274,0.5803475171250453,0.17865453191107047,53.94136162567239,44.64427999388176,0
14.35,0.26758567731305877,3659.329104175964,4422.135575113138,9.187919328180257,32.38024428349923,47.48728607281907,2799.9944324556477,64.80971166028368,122.89707907802823,0.21564505706002485,91.70138975278206,50.79009383308083,2706.070401155543,25.193466256517784,48.94507057843033,3325.867175190317,22.926422832567567,66.57220367343741,5.014787265139985,279.02151891328833,102.47723697937515,92.32570112337496,32.0236053237879,15.051543279685017,18.439642459533598,6.0630360431652575,16.6717121155202,4.0094429074191575,32.94965198444877,21.674115093629123,13.364397451235519,0.9518187274926868,16.108940321378654,5.367384582601703,6.651854266675524,3.1988248370669004,-0.00016286541708978274,0.5803475171250453,0.17865453191107047,53.94136162567239,44.64427999388176,0
14.4,0.26977294790859524,3637.1102971571604,4469.83298217524,9.274080474680272,31.948040193166445,47.66018648597574,2800.300238123252,65.41973760666369,122.91255623858184,0.21643758456981596,91.8404147331853,49.54161103477892,2706.424506890333,25.30910520662474,49.82759665832903,3326.621231184269,22.822276283305925,66.6018586766101,6.5407162692903995,278.8009185455277,102.47285383561402,91.96665385381803,32.0236053237879,15.051543279685017,18.439642459533598,6.0630360431652575,16.6717121155202,4.0094429074191575,32.94965198444877,21.674115093629123,13.364397451235519,0.9518187274926868,16.108940321378654,5.367384582601703,6.651854266675524,3.1988248370669004,-0.00016286541708978274,0.5803475171250453,0.17865453191107047,53.94136162567239,44.64427999388176,0
14.450000000000001,0.26709287242698165,3660.301374949108,4412.073344242773,9.26248955187674,32.018204870709184,47.20884788790567,2799.5184791707256,64.40962195498393,122.88872055908007,0.21786434456872547,91.74351972228335,51.566896808022186,2706.221814894674,25.109958292737954,50.91646399366363,3326.1088745451484,22.923724884273156,66.60112850350774,3.0275947788308875,278.72646605137214,102.44266415632333,92.09056997248683,32.09563253052354,14.888315598334817,19.01172539087097,6.091463397791006,16.29103946582146,4.039936293896695,32.558520294127135,21.640893809305368,13.19335690396632,0.9972578018088564,16.215247156568772,5.338763218075513,6.573325271831389,3.227232288272847,-0.00016286541708978274,0.5803475171250453,0.17865453191107047,53.94136162567239,44.64427999388176,0
14.5,0.26354304128404804,3646.3374315908422,4445.899088817946,9.259057634994033,32.02297676460596,47.676523807501184,2801.2690115030778,65.3407530997111,122.91468111564468,0.2179000028185948,91.75817633378182,50.49315734319848,2706.5961646446704,25.304187944205754,51.51033307556651,3326.541169238818,22.951104192721765,66.60735136589396,3.270299526757208,279.05336628482286,102.4482257384603,92.03116057532633,32.09563253052354,14.888315598334817,19.01172539087097,6.091463397791006,16.29103946582146,4.039936293896695,32.558520294127135,21.640893809305368,13.19335690396632,0.9972578018088564,16.215247156568772,5.338763218075513,6.573325271831389,3.227232288272847,0.002444833893678288,0.5712188655555412,0.1807736309347781,54.62490354527573,44.1531064778268,0
14.55,0.26739765123864967,3634.3838360758036,4448.102241316578,9.236519630704823,32.06817971522109,47.505800310853886,2799.6072379481916,64.81894282411879,122.91226627860256,0.22279439483333957,91.65484510830656,49.57927386886011,2705.5120024588787,24.948817737948705,50.1594109021036,3325.9725757891993,22.748858828129542,66.57478700345656,6.355985164529114,279.05648435182246,102.47371607858221,92.01004560956824,32.232345166676865,14.828405087669614,18.839637110789845,6.066949559967537,16.61595538938162,4.046093597784836,33.20411275709094,21.888490167362406,12.827707886260605,0.9578768118280859,16.131242066601796,5.355908811467262,6.576110084786305,3.196401622065496,0.002444833893678288,0.5712188655555412,0.1807736309347781,54.62490354527573,44.1531064778268,0
14.6,0.27006358509371914,3656.318042592654,4415.377441215111,9.280881452771037,32.0939290299439,47.81778274595947,2801.0715736180186,64.28993689031809,122.89687282140474,0.2183459861317206,91.81012338896838,51.16102440319038,2707.0712518619275,25.21030293238834,50.96448410185043,3326.565559126811,22.888244686490363,66.57830193218228,5.317431105977831,279.08891798119674,102.4461051918891,92.21609910535147,32.232345166676865,14.828405087669614,18.839637110789845,6.066949559967537,16.61595538938162,4.046093597784836,33.20411275709094,21.888490167362406,12.827707886260605,0.9578768118280859,16.131242066601796,5.355908811467262,6.576110084786305,3.196401622065496,0.002444833893678288,0.5712188655555412,0.1807736309347781,54.62490354527573,44.1531064778268,0
14.65,0.2692299244398422,3642.8010133252205,4454.298087914007,9.238181015232753,32.0983672604867,47.37521747760982,2799.2339836145366,64.47417924712067,122.89026914467595,0.22322575234293904,91.64403225958327,50.03548719385118,2705.18101605709,25.08639948729385,50.74658384826688,3325.2356185969156,22.954018630033563,66.58426594809531,5.17738777937954,279.0431817483108,102.45019213093015,91.89932505864356,32.36029894962288,14.70008225714776,19.202937766773044,5.881459011819854,16.894631926768373,4.051448770535563,32.654395612399355,21.638992389449506,13.019584956355008,0.9083322280892293,15.903909270457138,5.3956661513015325,6.533307087164457,3.168263187352734,0.002444833893678288,0.5712188655555412,0.1807736309347781,54.62490354527573,44.1531064778268,0
14.700000000000001,0.2668071450134131,3634.292302299035,4478.137566095528,9.227029537173047,32.378233025514945,47.43838048491924,2800.257282767401,65.77825729719954,122.91033476759688,0.22056002746809727,91.75071795367536,50.09046811976485,2705.7865298259435,25.39660242472504,49.94586550610217,3326.078847291499,22.904463901128096,66.56629728445989,7.049433625288591,279.6557762270627,102.47091132454219,92.4005882767267,32.36029894962288,14.70008225714776,19.202937766773044,5.881459011819854,16.894631926768373,4.051448770535563,32.654395612399355,21.638992389449506,13.019584956355008,0.9083322280892293,15.903909270457138,5.3956661513015325,6.533307087164457,3.168263187352734,0.002444833893678288,0.5712188655555412,0.1807736309347781,54.62490354527573,44.1531064778268,0
14.75,0.26850051623120186,3668.015509089466,4448.510650517932,9.256158569189623,32.176115715723654,47.15596648051808,2800.368665505107,64.70537318314702,122.89281188585979,0.21953537533850634,91.78893110511899,49.20846768122625,2706.144160787474,25.39548966524531,51.00925675816292,3326.16409122867,22.986114163823085,66.60956521385408,4.354375322526479,279.13394196096743,102.4584932335556,92.18714096907097,32.17856846052774,14.713303529373986,18.482536778165652,6.0023077911520835,16.72561963067954,4.056134399170354,32.54762565538204,21.64612274159712,13.185792611359695,0.9522824554120914,15.691638107439871,5.37415196905823,6.688123037679881,3.25582491274092,0.01778883975954911,0.5550936865698916,0.18062461237875807,54.014826407692226,43.73393929065304,0
14.8,0.2702774443368923,3651.88470220989,4479.462435297023,9.150614046846988,32.05505268666893,47.106606789637674,2800.492584356286,65.46583536329798,122.91752619682737,0.22398559372284146,91.79344909598707,52.34797485971496,2705.8549751142746,25.267774004070834,49.774756141165035,3326.2793393218753,22.951427800863616,66.6378283201007,6.15093954453231,278.7605430143396,102.46925888881975,92.05572838900241,32.17856846052774,14.713303529373986,18.482536778165652,6.0023077911520835,16.72561963067954,4.056134399170354,32.54762565538204,21.64612274159712,13.185792611359695,0.9522824554120914,15.691638107439871,5.37415196905823,6.688123037679881,3.25582491274092,0.01778883975954911,0.5550936865698916,0.18062461237875807,54.014826407692226,43.73393929065304,0
14.85,0.2673672816571307,3653.0641111904956,4477.028805181704,9.27542583551521,32.39783266267451,47.41485984220542,2798.8513354909046,65.15481869555921,122.91724913873468,0.21942226714941918,91.67748613290397,51.54793373724217,2704.950658915401,25.192894232932673,51.011861293247264,3324.609957790097,22.827052841165596,66.61954490085408,2.6976069434531906,278.6812625166997,102.49297615602923,91.9265416308031,32.31067128756583,14.932671890461906,19.00041142219106,6.085459498249741,16.542841871850058,4.044785916471526,32.70628916728002,21.56917499356569,13.287542476738025,1.0036589269829121,16.09750255764895,5.367249526761625,6.680341330571078,3.159770540382199,0.01778883975954911,0.5550936865698916,0.18062461237875807,54.014826407692226,43.73393929065304,0
14.9,0.26665580651357473,3666.55891107488,4445.637471795053,9.18284885839413,32.14851226806186,47.520238295708374,2799.1050357530976,64.27858228544017,122.89351068298613,0.22408284153371374,91.6570659127614,49.69454473744185,2705.3134646439676,25.399043305184016,48.61778091547042,3324.9614655439846,22.934408364026545,66.60109503329379,4.677457890686694,279.0828905982943,102.4861484992884,91.98161219447616,32.31067128756583,14.932671890461906,19.00041142219106,6.085459498249741,16.542841871850058,4.044785916471526,32.70628916728002,21.56917499356569,13.287542476738025,1.0036589269829121,16.09750255764895,5.367249526761625,6.680341330571078,3.159770540382199,0.01778883975954911,0.5550936865698916,0.18062461237875807,54.014826407692226,43.73393929065304,0
14.950000000000001,0.26922373089981505,3643.5958128380153,4449.612237297499,9.355856268853755,31.935294278525685,47.67743990774583,2801.207026919197,65.76590235016678,122.90366684634783,0.22006745885618956,91.85822559284637,49.10419926719322,2706.4394736555087,25.271490777212694,49.56445923270182,3327.2034131731566,22.952428668170153,66.58223642311282,5.023399700457413,279.0235108451853,102.46167756256662,92.3047259248253,32.291506375727266,14.805374289523833,19.173423085411198,5.8793396178125255,16.709150007267695,4.011927000430228,32.97858005978105,21.63190142791461,13.055391160268723,0.8073399601889035,15.868779726296783,5.4061367955012765,6.6376845501825565,3.2389462088876084,0.01778883975954911,0.5550936865698916,0.18062461237875807,54.014826407692226,43.73393929065304,0
15.0,0.2676961172590739,3616.1976587417344,4455.4579304986555,9.32454499497788,31.980111667100104,47.39523735612861,2800.064508852431,64.20418215193197,122.89779885786942,0.2234216515491247,91.72425661419221,49.336215470434034,2704.7925783283704,25.468287709263116,48.945482978461314,3325.816925831576,22.845730593869852,66.62253319974303,4.7726748120193045,278.80715820853845,102.47304860664411,91.90307959527065,32.291506375727266,14.805374289523833,19.173423085411198,5.8793396178125255,16.709150007267695,4.011927000430228,32.97858005978105,21.63190142791461,13.055391160268723,0.8073399601889035,15.868779726296783,5.4061367955012765,6.6376845501825565,3.2389462088876084,0.02136997747232841,0.5625632080560512,0.19423618356914632,53.04549314844821,44.6657837442543,0
15.05,0.2689650400275193,3633.92900975099,4508.45678434913,9.207047537769668,32.04183783516135,47.370705123350206,2799.5987750353333,64.37874679131018,122.90219505602697,0.22075390989525115,91.78719683096865,48.80583427873997,2705.9635552249742,25.13511751392599,50.09687676124751,3325.355355095857,22.892251451845148,66.6199785199351,3.037736497259944,279.0670634397476,102.44346801537453,92.21876517114622,31.765171024404474,14.726714101608419,18.92542819532493,6.163345806350937,16.541254697835083,4.007444030964001,32.99402090875536,21.694812921813263,13.613343604047458,0.8393178041273868,15.992393245360429,5.3470949826348155,6.543780686221725,3.256723640142422,0.02136997747232841,0.5625632080560512,0.19423618356914632,53.04549314844821,44.6657837442543,0
15.1,0.2706560720892128,3664.2000570785135,4438.2901834578615,9.181170938929112,32.28983636533231,47.47514780487375,2798.7698070864512,64.33546382673329,122.90371269433058,0.218119522698981,91.7383032749358,49.899221737717184,2705.1422726365877,25.13367614979993,51.71450022346187,3324.6553882358794,22.887985955543975,66.61385830364165,4.932952790613945,278.68176409511045,102.47586394837201,92.00538489323094,31.765171024404474,14.726714101608419,18.92542819532493,6.163345806350937,16.541254697835083,4.007444030964001,32.99402090875536,21.694812921813263,13.613343604047458,0.8393178041273868,15.992393245360429,5.3470949826348155,6.543780686221725,3.256723640142422,0.02136997747232841,0.5625632080560512,0.19423618356914632,53.04549314844821,44.6657837442543,0
15.15,0.2714835469397401,3625.5229151169133,4453.858436410692,9.247786940539793,32.443366822064654,47.54793000226704,2798.7439515718333,65.1128047378893,122.90727639411712,0.21518506506853116,91.80225849899966,49.47339270990871,2704.6859736277656,25.201382827521275,49.81178968261627,3324.4307088604514,22.73811522378523,66.64377568658195,5.202634776456736,278.91830489302066,102.47001317471339,92.06836931138311,32.2924698949767,14.850212149497672,19.067552649256054,6.068573815483518,16.36807645431009,4.026516286313749,32.60294101757807,21.896808723480003,13.628062483002095,0.6895601006840125,15.787946872861639,5.362903788973074,6.704486592741097,3.172772645278549,0.02136997747232841,0.5625632080560512,0.19423618356914632,53.04549314844821,44.6657837442543,0
15.200000000000001,0.27347756535386536,3648.730595429161,4427.956749802462,9.295006592230541,32.448613784749334,47.64901389673299,2798.2797800288554,63.72632796463043,122.89811548403797,0.21323127861142768,91.73041423073708,49.601261150637725,2704.428322482218,25.144097216749188,50.03070508500767,3324.134453506364,22.839217508786735,66.62093816410068,5.202956149454541,279.26532375252344,102.45498966025119,92.03566727455869,32.2924698949767,14.850212149497672,19.067552649256054,6.068573815483518,16.36807645431009,4.026516286313749,32.60294101757807,21.896808723480003,13.628062483002095,0.6895601006840125,15.787946872861639,5.362903788973074,6.704486592741097,3.172772645278549,0.02136997747232841,0.5625632080560512,0.19423618356914632,53.04549314844821,44.6657837442543,0
15.25,0.2764090195905044,3671.1915307975114,4411.121149033528,9.24836840851254,32.16557550212743,47.4572299732711,2797.7921967249476,65.79665609244321,122.90705950848732,0.20664372315884144,91.74367766497062,51.9792533190949,2704.2109339575663,25.049808372501143,50.80543037833961,3323.303083047192,22.908617555608103,66.61400753696559,5.736181747916572,279.30583695092594,102.46656876254677,92.11317163378804,32.13625377815915,14.821543067993474,18.434584325621802,5.887259246686321,16.68793854908346,4.004308614411383,32.8394765500227,21.77101143200084,13.293127682868478,0.9232116633246452,16.204562265092616,5.363554325632881,6.6105769492073225,3.2708074276923313,0.00785298719950079,0.5756225071407824,0.17887975454488547,53.537353325344355,43.25372703698199,0
15.3,0.2707044000699127,3639.164885999954,4467.650117526076,9.168410327680904,31.925110287565815,47.11310855640987,2798.329429001142,65.27384212347273,122.90427633322635,0.20851959427238992,91.77792900092867,50.42756320365684,2704.015198952043,25.267993476568577,51.42145978398967,3324.083378155506,22.743665261882352,66.62802079564749,6.184621505054762,278.93845932563437,102.44198214109232,91.923421381832,32.13625377815915,14.821543067993474,18.434584325621802,5.887259246686321,16.68793854908346,4.004308614411383,32.8394765500227,21.77101143200084,13.293127682868478,0.9232116633246452,16.204562265092616,5.363554325632881,6.6105769492073225,3.2708074276923313,0.00785298719950079,0.5756225071407824,0.17887975454488547,53.537353325344355,43.25372703698199,0
15.35,0.2703613113094982,3655.905736898905,4443.6391538843545,9.236982219284,32.15859973966909,47.37413696846,2799.0984431947136,63.85607627179495,122.88327971267915,0.20740910379611824,91.82933638224947,49.62960800294039,2704.788055537085,25.21331251763817,48.82384152530447,3324.753009501565,22.94239225354822,66.6370143613447,4.454437650665349,278.7959024064855,102.42744478618923,92.1657100236606,32.65908949615578,14.987925541515501,18.923674882264898,5.816868790107863,16.382296760415954,4.052912296649457,32.95634508792104,21.628252814131123,12.662118751556214,0.7778152645285626,16.044934388517643,5.393600109459939,6.615913509934134,3.28926214738296,0.00785298719950079,0.5756225071407824,0.17887975454488547,53.537353325344355,43.25372703698199,0
15.4,0.2675934513107778,3632.570608299584,4437.854589613752,9.262174334433782,31.95383830506083,47.21443468697035,2799.752938689649,64.94144344699353,122.90469475719365,0.20664776188515943,91.78164345952281,50.2591873370354,2705.183623439028,25.146354600660768,49.89435303906024,3325.5531775296167,22.894569870296326,66.6356194320024,4.9280885479825045,278.8664559642072,102.41660158886697,91.88135515988611,32.65908949615578,14.987925541515501,18.923674882264898,5.816868790107863,16.382296760415954,4.052912296649457,32.95634508792104,21.628252814131123,12.662118751556214,0.7778152645285626,16.044934388517643,5.393600109459939,6.615913509934134,3.28926214738296,0.00785298719950079,0.5756225071407824,0.17887975454488547,53.537353325344355,43.25372703698199,0
15.450000000000001,0.26705659953486055,3644.8041923135347,4381.766437693579,9.202106797106277,32.231579388777206,47.460622451887495,2798.7738209499616,64.40795555162373,122.87994025868353,0.20387687662367326,91.67910034342486,48.862930856615996,2703.838188293776,24.994136141032858,49.25815002925297,3323.907153897899,22.841349552986767,66.59795496323378,3.7364707706047318,279.06555552778974,102.45309687929378,91.96950686211066,32.295355894977604,14.752386195174468,18.803700924883323,5.967306475578577,16.825268845144343,4.055662271870815,32.738334751699306,21.809292792796274,13.234410244902392,0.6770529429423205,16.114529091072338,5.3934852519485,6.6674763674934665,3.3474652808837173,0.00785298719950079,0.5756225071407824,0.17887975454488547,53.537353325344355,43.25372703698199,0
15.5,0.26373900662626115,3662.2171439083236,4439.871920397429,9.333055158205285,32.24378089476888,47.42491591558191,2798.9786103214265,65.94890017289958,122.909136414621,0.20430785311240737,91.7234499492556,48.849418157430435,2704.262747861556,25.192154459036825,49.871094756342515,3324.914299778204,22.911461848794698,66.59203677067974,5.124059054361193,279.27469053810216,102.4705035004004,92.06099072825769,32.295355894977604,14.752386195174468,18.803700924883323,5.967306475578577,16.825268845144343,4.055662271870815,32.738334751699306,21.809292792796274,13.234410244902392,0.6770529429423205,16.114529091072338,5.3934852519485,6.6674763674934665,3.3474652808837173,0.0028532777513103433,0.5764919782190505,0.18540938430661377,54.66990322656483,44.949685778029114,0
15.55,0.2659406115417922,3669.8260473441196,4463.273233937769,9.234991263219325,32.315586596514635,47.46480246151287,2798.5130880149827,64.75042594260167,122.89909072169182,0.20022329308717748,91.71601814621617,49.235976652372685,2704.401777497465,25.06513321835576,50.04558809166762,3324.53391476901,22.809656355760833,66.59572147280755,5.583534589144322,279.0643864124237,102.43198746651426,92.10510636082188,31.673595656577646,14.718114588917167,18.71264236725264,5.944609451218917,16.841124969941003,4.026810077495605,32.563835085572705,21.65076786240456,12.90415303622268,0.8834121407144548,15.656473495315122,5.364155785264248,6.663284260277322,3.190216565487904,0.0028532777513103433,0.5764919782190505,0.18540938430661377,54.66990322656483,44.949685778029114,0
15.6,0.26538795709963786,3664.6096785104137,4421.176967225819,9.223497789268809,31.807928987705186,46.92038999301718,2799.7673600238245,65.56918638556566,122.91230235297213,0.1986662461662931,91.78501826922898,50.910670082682856,2705.3727243292706,25.2234237123895,48.54923739171996,3324.8481681897274,22.871282405196354,66.60450575643557,5.934206176927667,279.29625822370264,102.46415707857231,92.02158040199856,31.673595656577646,14.718114588917167,18.71264236725264,5.944609451218917,16.841124969941003,4.026810077495605,32.563835085572705,21.65076786240456,12.90415303622268,0.8834121407144548,15.656473495315122,5.364155785264248,6.663284260277322,3.190216565487904,0.0028532777513103433,0.5764919782190505,0.18540938430661377,54.66990322656483,44.949685778029114,0
15.65,0.266632784117678,3655.1782094836703,4436.9496842328535,9.23960476782935,32.16326489905403,47.53475449315586,2799.069802690557,64.91337826925607,122.89556123810493,0.19833540459432705,91.69253700914126,48.976191422918426,2705.179678990038,25.088614703578095,49.95952881490457,3324.943529715043,22.791183108437682,66.6164240496117,5.534759568914228,278.9365070470626,102.44119899068487,92.0244626531788,32.36022504090812,14.955879573663148,19.49303893092499,5.9796147243786795,16.732650875424312,4.054226031587059,32.97259807471602,21.602005780068104,13.587923798741487,0.9513727970334415,15.764479834361374,5.378664604812392,6.571076831830927,3.3019714420606787,0.0028532777513103433,0.5764919782190505,0.18540938430661377,54.66990322656483,44.949685778029114,0
15.700000000000001,0.2673975522398398,3650.850298345925,4490.250435121027,9.235156961277925,32.18410285765997,47.09782287079597,2801.12895230948,64.52687249631121,122.91076681190597,0.19855513185471257,91.79656551457857,50.046854871219466,2706.772536321552,25.419955813676836,49.441741567223794,3326.3841120215393,22.933398396721312,66.60709216231967,5.698880164128189,279.1785125036358,102.45166854467806,92.2254773526651,32.36022504090812,14.955879573663148,19.49303893092499,5.9796147243786795,16.732650875424312,4.054226031587059,32.97259807471602,21.602005780068104,13.587923798741487,0.9513727970334415,15.764479834361374,5.378664604812392,6.571076831830927,3.3019714420606787,0.0028532777513103433,0.5764919782190505,0.18540938430661377,54.66990322656483,44.949685778029114,0
15.75,0.27436700907071293,3675.1547743302185,4447.306459961749,9.235329437600074,32.62647836537089,47.65407371230696,2801.983613283724,64.50287166006873,122.90082961584066,0.20062392662014636,91.86438253808946,50.35771814160922,2707.6830026172634,25.35811148409499,49.84112680401935,3328.4069136342996,22.808790037423233,66.63724622555385,3.7966202446426314,279.2074336370559,102.42322226971055,92.13408934824906,32.4350669628474,14.692786877340398,18.99389946036537,5.953693420002423,16.564975418531542,4.048173797789511,33.054881648353934,21.808590385033714,13.292396888155885,0.8740604576144018,16.49723904633199,5.358720962629269,6.646001978102461,3.2196241954930933,0.000476936243690107,0.5832061327807062,0.19421139014394742,53.36159850738434,44.66546207242389,0
15.8,0.27546747144070455,3622.2315031408284,4444.083559636224,9.250434846297416,32.3624610999363,47.09811988525592,2800.997515112865,64.71546973178452,122.91202643893699,0.20562274856442211,91.81027885723728,49.55559251352099,2707.390789192457,25.178791707558236,50.35107862400089,3326.6000380550404,22.63697271558369,66.66333036908524,4.649999958370927,279.1128277336207,102.4573502388843,92.14731439310671,32.4350669628474,14.692786877340398,18.99389946036537,5.953693420002423,16.564975418531542,4.048173797789511,33.054881648353934,21.808590385033714,13.292396888155885,0.8740604576144018,16.49723904633199,5.358720962629269,6.646001978102461,3.2196241954930933,0.000476936243690107,0.5832061327807062,0.19421139014394742,53.36159850738434,44.66546207242389,0
15.85,0.2736413588236775,3625.6700777483297,4434.4773885431505,9.20697408702749,32.159981417923845,47.63812769973591,2800.078721008098,65.15940604259809,122.88799989144158,0.2094692025711683,91.73793911401528,48.4401726546084,2705.961587051906,25.322568838003143,49.874451716878745,3326.158743971574,22.91432079527153,66.64392042452508,7.802726278572391,279.2191025776479,102.47221028696154,92.24026756299574,32.0244383895173,14.951730623044812,19.25034870245005,5.989124170598015,16.938108696555194,4.0110807112648565,32.86336474820509,21.658576671832012,13.562115771935455,0.903781660548309,16.49437266085591,5.38500268478778,6.657346928029823,3.271613781862478,0.000476936243690107,0.5832061327807062,0.19421139014394742,53.36159850738434,44.66546207242389,0
15.9,0.27526981833227965,3662.229391074706,4431.763762733885,9.170083850549885,32.29689923113608,47.248044495757,2800.3020870519035,64.65748811287474,122.90743809382896,0.2094780987604905,91.77663588676624,48.6932054874363,2706.1459513107793,25.291589990670744,48.960268041897805,3325.9588865716805,22.843194193555952,66.66556223622663,3.2933143317121614,278.94464490541696,102.44583015750482,91.83323093275213,32.0244383895173,14.951730623044812,19.25034870245005,5.989124170598015,16.938108696555194,4.0110807112648565,32.86336474820509,21.658576671832012,13.562115771935455,0.903781660548309,16.49437266085591,5.38500268478778,6.657346928029823,3.271613781862478,0.000476936243690107,0.5832061327807062,0.19421139014394742,53.36159850738434,44.66546207242389,0
15.950000000000001,0.27711842695492817,3640.899021323819,4385.4248987331675,9.276151333675145,32.22717886118472,46.92022651396757,2799.7766623978428,64.3520341059027,122.90421419039868,0.208428456306495,91.79638538071485,51.12468681453073,2705.7150530554904,25.33124555250907,51.80412500923853,3325.8510058772595,23.064552352796255,66.65156704386723,5.253896433524132,279.2364151052653,102.43537647557079,92.0725737860589,32.05429432704886,14.972917879662923,18.92211576475847,5.98068190882934,16.621801989065144,4.047108746761546,32.43596356759208,21.665983125082192,13.629345191418503,0.9051120929545395,16.01624076857978,5.380979624290333,6.632786175611749,3.207336028768365,0.000476936243690107,0.5832061327807062,0.19421139014394742,53.36159850738434,44.66546207242389,0
16.0,0.27840866690209715,3673.2048148995177,4456.301774823452,9.249087702478858,32.27416975929739,47.751242649044926,2799.860381891877,65.26158352289715,122.90819650863854,0.2079664895015626,91.7782031737955,49.8408816563967,2705.1797551186837,25.36881504695754,49.83777846123656,3325.0336071192064,22.768458690415404,66.64337666624496,4.008401762529125,279.05912850836205,102.45626026419164,91.95122208385936,32.05429432704886,14.972917879662923,18.92211576475847,5.98068190882934,16.621801989065144,4.047108746761546,32.43596356759208,21.665983125082192,13.629345191418503,0.9051120929545395,16.01624076857978,5.380979624290333,6.632786175611749,3.207336028768365,0.003820041715868877,0.5722166711724951,0.18491977708637153,53.293340798620505,44.499380154657146,0
16.05,0.2797900950169083,3674.949550628475,4423.748666026195,9.202466311351227,32.27432318617945,47.93370207362434,2799.189387295071,65.94813489978087,122.93413082615311,0.20215020352836996,91.72154800951692,50.58301676356704,2705.3526759440574,25.100675681274314,49.610719870432234,3324.6946156178183,22.91715323535864,66.6177857595692,5.972513475141444,279.2406819008173,102.45271517183028,92.24413118965887,31.892123349204788,14.914640565448606,19.49269570083092,5.932828360373168,16.446272217678928,4.005342395334352,32.85706200755474,21.484899200375207,13.511431952376874,0.8098338838353527,16.03967829486792,5.377939721239141,6.513140783319741,3.2073035423607283,0.003820041715868877,0.5722166711724951,0.18491977708637153,53.293340798620505,44.499380154657146,0
16.1,0.2786858269513493,3639.8913810702284,4462.561584298359,9.218462279636983,32.13810286530014,47.674594497986625,2798.8210793029293,64.6672804832442,122.90872977705625,0.2056299881501699,91.71997870716818,49.62610029520822,2704.1242343840477,25.284920424596777,48.8946644326098,3324.4768790477924,22.925389711373796,66.62133971064736,5.595402197704382,279.08149121577435,102.4625885560484,92.04913888245952,31.892123349204788,14.914640565448606,19.49269570083092,5.932828360373168,16.446272217678928,4.005342395334352,32.85706200755474,21.484899200375207,13.511431952376874,0.8098338838353527,16.03967829486792,5.377939721239141,6.513140783319741,3.2073035423607283,0.003820041715868877,0.5722166711724951,0.18491977708637153,53.293340798620505,44.499380154657146,0
16.15,0.28270103624530285,3665.182086477085,4452.667618272756,9.256910675378581,31.934770040098353,47.4694438976579,2799.116832529196,64.61692890401076,122.89757610055541,0.20129005228545815,91.7165206019553,49.47218232985554,2705.2380804513127,25.181895741095243,46.73169928181559,3324.3507211523033,22.800877835549812,66.59917614129911,4.563027505299373,278.9686988199119,102.46079651742252,92.10088674103325,32.10923678551656,14.811204888637922,18.844196353203213,5.719919677125675,16.57588849039385,4.02609345837782,32.85882894158609,21.799605877242588,13.319052644400337,0.8529085919054463,16.400809476708044,5.378503716017475,6.653880572058535,3.2787377811715777,0.003820041715868877,0.5722166711724951,0.18491977708637153,53.293340798620505,44.499380154657146,0
16.2,0.2862423616817705,3637.28039349646,4421.806723175395,9.14430434520966,32.60883076639376,47.355514750267716,2798.8834430079487,65.06708890371306,122.89297962372643,0.20362095196443702,91.81227242109702,50.30958732037928,2705.4330015550067,25.337723056266032,51.216786210006504,3325.092209858345,22.889434004083988,66.60862139349507,5.2548807972512,279.43699209678607,102.45014689289401,92.35859808698685,32.10923678551656,14.811204888637922,18.844196353203213,5.719919677125675,16.57588849039385,4.02609345837782,32.85882894158609,21.799605877242588,13.319052644400337,0.8529085919054463,16.400809476708044,5.378503716017475,6.653880572058535,3.2787377811715777,0.003820041715868877,0.5722166711724951,0.18491977708637153,53.293340798620505,44.499380154657146,0
16.25,0.28453911193293036,3657.438504507468,4411.367394843019,9.272031599031683,31.90995051506915,47.64038714349143,2800.030865584764,64.79907233178413,122.88344437398595,0.20169214313514733,91.79771919243589,50.389453996392106,2705.7205460266596,25.133770031900674,51.26247162793598,3325.0385727345924,23.069890402218277,66.6642350232608,4.577140979563546,278.9683376694602,102.4442494809992,91.78132192807875,31.947297767613065,14.939337812372305,19.105724135460168,5.98584043319933,16.37769521530071,4.053567610022905,32.841285006025714,21.710430747804576,13.43623395187936,0.975404571965169,15.979687921664393,5.403910604517304,6.584462399178632,3.1835755025890538,0.019100181501969495,0.5794987513962043,0.1997828824796555,53.711407755028766,44.783801502617536,0
16.3,0.2834329107600795,3670.7266045024685,4479.48747673492,9.309908779309978,32.711450117345905,47.345423484599436,2799.9217608319195,65.21509095854728,122.89706927667054,0.20228232153001507,91.73874619904379,52.490679593702524,2705.179437860089,25.130467095888594,51.37520628354375,3324.981053247345,22.90010152327749,66.61723681658503,2.508188137232244,279.567389255223,102.45225633695063,92.2074523700999,31.947297767613065,14.939337812372305,19.105724135460168,5.98584043319933,16.37769521530071,4.053567610022905,32.841285006025714,21.710430747804576,13.43623395187936,0.975404571965169,15.979687921664393,5.403910604517304,6.584462399178632,3.1835755025890538,0.019100181501969495,0.5794987513962043,0.1997828824796555,53.711407755028766,44.783801502617536,0
16.35,0.2815820315857965,3659.0076369259523,4448.783057834221,9.189468794265764,32.07153513500907,47.12680615401783,2799.546042187659,65.62880038224422,122.88629694117914,0.20368108198636145,91.7701240996973,50.41278759184192,2705.8456162738808,25.08240389592159,51.17691238059941,3325.8738151678253,22.935983198077995,66.63833897950052,2.749381811748061,279.2102750406818,102.4175782216032,91.8389209990661,32.63705299573949,15.013000497780881,18.89989896114702,6.10473978862069,16.911114928039293,4.032386805854852,32.72648326675387,21.77711392916716,12.893179674693867,0.838922723298827,15.97268469870745,5.397768570546193,6.632953571478792,3.186776727748001,0.019100181501969495,0.5794987513962043,0.1997828824796555,53.711407755028766,44.783801502617536,0
16.4,0.2836977570404058,3659.517684521389,4470.061355011729,9.14503801925963,32.24140582052217,47.12831244676468,2799.0864804219873,65.6715067462721,122.91414205178117,0.19759421354166137,91.68718197382682,50.41207933043444,2705.587641863954,25.341599990831146,50.44829023035766,3325.2017432733974,22.947868692871115,66.60799672310478,3.5128087328299706,279.55634607652127,102.4613875359281,92.35233534900708,32.63705299573949,15.013000497780881,18.89989896114702,6.10473978862069,16.911114928039293,4.032386805854852,32.72648326675387,21.77711392916716,12.893179674693867,0.838922723298827,15.97268469870745,5.397768570546193,6.632953571478792,3.186776727748001,0.019100181501969495,0.5794987513962043,0.1997828824796555,53.711407755028766,44.783801502617536,0
16.45,0.2819778867962096,3670.743627023416,4443.453568198466,9.288804521872308,32.156184740111954,47.72100703296178,2799.7305633923906,64.81564872172058,122.9074972993489,0.19768396217822412,91.70163502788016,48.15210524880059,2705.013884591938,25.22840008217278,50.37547550208679,3325.0899097348743,22.846355280647344,66.61600807197374,4.902947644658939,279.6925472916281,102.45658459160606,91.90275095648524,32.67516325369328,14.822062646602577,18.560786639330654,6.029555711005813,17.0472879506566,4.000878120038042,32.55292015528771,21.74968725500252,13.105482168065745,0.9995134355550679,16.02290727801133,5.392750618232047,6.58911297323278,3.1728474433364884,0.019100181501969495,0.5794987513962043,0.1997828824796555,53.711407755028766,44.783801502617536,0
16.5,0.27868995360911386,3645.197888008704,4435.137506483643,9.157790205417003,32.165832398698804,47.171820801517185,2799.8296216523036,65.19380735266047,122.8825931116778,0.19915788332777887,91.70315702357657,52.86196200800881,2705.300037333997,25.130911023249894,48.662921418864435,3325.8785561827435,22.69929274392276,66.61961352335076,3.590164112296019,279.3811718535476,102.44049109451652,92.06166188746155,32.67516325369328,14.822062646602577,18.560786639330654,6.029555711005813,17.0472879506566,4.000878120038042,32.55292015528771,21.74968725500252,13.105482168065745,0.9995134355550679,16.02290727801133,5.392750618232047,6.58911297323278,3.1728474433364884,0.010935812114384895,0.5753781256200702,0.1967911600479197,54.11587849905075,43.81411702303568,0
16.55,0.2722889353997181,3620.1541505981945,4460.880303544038,9.267628357940554,32.16902831392444,47.30309595960974,2800.2658199150405,65.44920006984879,122.89349047947069,0.198686682968192,91.73811198418112,50.463039644663226,2706.207285122569,25.433464471369184,51.89314855950451,3325.9051139301987,22.942652096284853,66.60347944209641,4.020056197610047,279.388617974681,102.47010423033802,91.95257711484821,33.15594603527197,15.11930989606919,18.87096590325993,6.145196500673146,16.623455604196526,4.056298359122396,32.914901409886475,21.70979445512725,12.877770698847426,0.812118611923315,15.918471664050255,5.365206721127743,6.631569889559999,3.1831220306640535,0.010935812114384895,0.5753781256200702,0.1967911600479197,54.11587849905075,43.81411702303568,0
16.6,0.27028071165993905,3674.4891797699647,4442.105712890404,9.27678050076882,32.50295385797792,47.44391997209144,2799.8794038560827,65.38769250958255,122.89740730288872,0.19759824408601898,91.71975453796308,51.10785740771097,2705.7051362709462,25.39087444811028,51.77103550140063,3326.094066920113,22.929858867524043,66.61590439028936,4.032699504524706,279.2613690490176,102.46280809214039,91.99922918453193,33.15594603527197,15.11930989606919,18.87096590325993,6.145196500673146,16.623455604196526,4.056298359122396,32.914901409886475,21.70979445512725,12.877770698847426,0.812118611923315,15.918471664050255,5.365206721127743,6.631569889559999,3.1831220306640535,0.010935812114384895,0.5753781256200702,0.1967911600479197,54.11587849905075,43.81411702303568,0
16.65,0.2688354903439014,3659.131114766655,4408.674118428808,9.228072995163767,32.105236387105606,47.65757292500013,2800.504596740969,65.24878080819698,122.90410989266854,0.19902403220869572,91.69598637511241,51.321171740339885,2705.051604696251,25.093578452860044,51.65440855873582,3325.563186698416,22.87521498913844,66.60386393905611,3.5623813234072634,279.53483060815006,102.46195216147044,92.1226661272159,32.39549725080943,14.817614589284371,18.788678026873473,6.08496903156995,16.49321125304902,4.065088970183645,33.11297301811364,21.757867868751703,13.251979689980036,0.8267218453281843,16.063959244402806,5.396200411056578,6.726107356695836,3.236992150049096,0.010935812114384895,0.5753781256200702,0.1967911600479197,54.11587849905075,43.81411702303568,0
16.7,0.26824764646400195,3654.2836961591256,4465.9701309355205,9.26040103067891,32.415143854099284,47.37197351517065,2800.151541574979,64.24521282561784,122.89110507771186,0.2009548162821923,91.75889682970727,50.25392034326384,2706.4910289045906,25.26670203240812,51.10735029521429,3325.936000382475,23.023165580076103,66.616147165287,5.593054725142591,279.1675860734829,102.4546361251431,92.1307058171129,32.39549725080943,14.817614589284371,18.788678026873473,6.08496903156995,16.49321125304902,4.065088970183645,33.11297301811364,21.757867868751703,13.251979689980036,0.8267218453281843,16.063959244402806,5.396200411056578,6.726107356695836,3.236992150049096,0.010935812114384895,0.5753781256200702,0.1967911600479197,54.11587849905075,43.81411702303568,0
16.75,0.26623699739433315,3664.738164079187,4461.958361730687,9.250910865327869,32.427308694078214,47.57999894791671,2800.005529641733,65.46430266212575,122.90028625808891,0.1992509831394942,91.75028775222539,49.99209031253709,2705.452124252031,25.111921389802653,51.01467147469591,3325.62082624527,22.94853567859965,66.61210328527683,2.597231103838198,279.7117984754949,102.45977588669328,92.04804516468893,32.63096696049484,14.936349097530066,18.182344376055322,6.186868555752811,16.302467571898116,4.066002435457345,32.89665408991135,21.71138766771774,12.9831147979182,0.8841447125299479,16.34787171368084,5.4162136267168375,6.59674796342182,3.1904439800066267,0.015208586224010761,0.598682172904405,0.2014385817113743,53.59836538563012,43.2970959965034,0
16.8,0.2670254922137202,3621.2204764867643,4441.29614275086,9.271342546539628,32.430884944178956,47.47631107800287,2799.501366990958,64.30789536538342,122.89265703579903,0.19893145842647494,91.74057917833208,51.04178104254967,2705.4332336374846,25.294267481492778,48.029728509285725,3325.570930187239,23.0681511477128,66.60694299644027,6.264392673036243,279.99278848776083,102.4662081750414,92.09610468792806,32.63096696049484,14.936349097530066,18.182344376055322,6.186868555752811,16.302467571898116,4.066002435457345,32.89665408991135,21.71138766771774,12.9831147979182,0.8841447125299479,16.34787171368084,5.4162136267168375,6.59674796342182,3.1904439800066267,0.015208586224010761,0.598682172904405,0.2014385817113743,53.59836538563012,43.2970959965034,0
16.85,0.2614667559121901,3646.6303898977403,4469.945315093655,9.315523498372862,32.108177792103746,47.08229716643653,2800.0809104079203,64.35012376803452,122.90749321807589,0.19930843715866692,91.77408248213594,50.535374181841945,2705.9171802151227,25.178912614783457,50.39730269745068,3326.4631893816027,23.03264192948484,66.61805080746186,5.961607943664243,279.2471611713989,102.45528558634108,92.098988937733,32.064430152827974,14.837083562804949,18.831530555325624,5.984152264019459,16.457583920519877,4.038181122986127,32.90337870063701,21.706297043938463,13.145586566550387,0.9055492834724456,16.22049181694809,5.43448778917144,6.584202861634845,3.2802746071482614,0.015208586224010761,0.598682172904405,0.2014385817113743,53.59836538563012,43.2970959965034,0
16.9,0.2581925048547843,3651.0740480798345,4463.585575751279,9.368838928296894,32.83817552403363,47.08859301598078,2801.4013987707003,65.45081468428029,122.89473677353023,0.19749202686948575,91.80262504175288,50.343723495810295,2706.3300927324485,25.232623100263766,49.98230827138149,3327.0510847634696,22.806761554471443,66.62980041607068,3.056876267177799,279.19136603004654,102.46169221217897,92.10987915908846,32.064430152827974,14.837083562804949,18.831530555325624,5.984152264019459,16.457583920519877,4.038181122986127,32.90337870063701,21.706297043938463,13.145586566550387,0.9055492834724456,16.22049181694809,5.43448778917144,6.584202861634845,3.2802746071482614,0.015208586224010761,0.598682172904405,0.2014385817113743,53.59836538563012,43.2970959965034,0
16.95,0.26122622191157613,3652.783364162992,4446.8421701599655,9.224347194482673,32.01571239856213,47.531763790391906,2799.7952017191765,65.4582348885162,122.88843664068932,0.20200056741542316,91.68146498179499,50.449948065118825,2704.8947251277386,25.34616026191361,50.32222274777036,3325.948844372529,22.875258241369146,66.59279503308397,3.785149691226933,279.56614390405906,102.4588334775999,92.07003393393926,31.787777609465365,14.964074416601305,18.391101406309723,5.924013005806741,16.41254960019727,4.050427403814045,32.93573120463982,21.768282739375216,13.12742964739912,0.883824494585146,16.220075421693288,5.3713875229249215,6.664981442834253,3.3012773483547706,0.015208586224010761,0.598682172904405,0.2014385817113743,53.59836538563012,43.2970959965034,0
17.0,0.26621675358711294,3651.7475375573817,4436.848763309265,9.213333336043524,32.03026437495621,47.505636459464014,2800.3174696583997,65.18992942615668,122.92141914776009,0.20448946065734938,91.76287926016558,50.66896238873407,2706.3904085947383,25.186430646699304,49.88815949417959,3326.5850153091815,22.842331106156443,66.60637274599796,3.824386505986023,279.4049772317506,102.45831728585124,92.2081192967025,31.787777609465365,14.964074416601305,18.391101406309723,5.924013005806741,16.41254960019727,4.050427403814045,32.93573120463982,21.768282739375216,13.12742964739912,0.883824494585146,16.220075421693288,5.3713875229249215,6.664981442834253,3.3012773483547706,0.01960807159314905,0.5872736891709184,0.19000312258570343,53.63894500388546,45.17896458137377,0
17.05,0.2643710402529033,3673.5126023960433,4462.399365629609,9.254718338509178,32.04345181305724,47.57431383880115,2801.46338594539,64.75766535024222,122.91784869292387,0.20706565250615483,91.87641967629135,50.44201290537379,2707.8376439475896,25.28186330175939,51.744403488263494,3327.8467985707953,22.99408534191247,66.63040374178375,4.553224057344747,279.29652154046437,102.42523093732073,92.17285904725648,32.6778386526411,14.806363964184479,18.46759440325225,6.030122098394323,16.829930724006143,4.072263037319693,32.835074032151304,21.604297934716428,13.156363376603949,0.9915504753652982,16.094397382318856,5.3748851426028414,6.682127094550724,3.2251041996192105,0.01960807159314905,0.5872736891709184,0.19000312258570343,53.63894500388546,45.17896458137377,0
17.1,0.2650212674830514,3664.7348904552146,4411.208330039674,9.307617672369316,32.09961001161207,47.226603390075425,2801.2914676900955,64.68630782410109,122.90690664486529,0.2093732813603022,91.74273289444808,50.3163098040163,2706.5690442012865,25.24689751951534,52.107631084563145,3327.38507074183,22.834568220876935,66.62681384078755,2.682413676388189,279.28176515389623,102.43188740839348,92.01127569696182,32.6778386526411,14.806363964184479,18.46759440325225,6.030122098394323,16.829930724006143,4.072263037319693,32.835074032151304,21.604297934716428,13.156363376603949,0.9915504753652982,16.094397382318856,5.3748851426028414,6.682127094550724,3.2251041996192105,0.01960807159314905,0.5872736891709184,0.19000312258570343,53.63894500388546,45.17896458137377,0
17.150000000000002,0.25987452342151196,3627.217177217468,4464.438372619601,9.20982986376465,32.119471409567474,47.50683242138988,2801.1097373510256,65.54884834305602,122.9067740784311,0.21138503959648705,91.81915278455973,50.79528290542116,2707.5349621938367,25.256739758953298,49.89339903168896,3327.59192307679,22.901343370476617,66.61661423376466,4.459458238042042,279.34433038707704,102.4527703740496,92.18161426481447,32.3108721778865,14.999135549667864,18.546735693239853,6.124747107702672,16.635018735746453,4.054832391768386,32.71469491028849,21.714191617857622,12.781843996029004,0.8604630724526119,16.408959214760994,5.4068800308452785,6.541586939175762,3.23099189112576,0.01960807159314905,0.5872736891709184,0.19000312258570343,53.63894500388546,45.17896458137377,0
17.2,0.2594488720090698,3646.75908401227,4426.44748249965,9.243168964782656,31.8768913677286,47.35419312746104,2799.8160956797005,65.47948392392236,122.89953573585608,0.2078850142945171,91.65469634931989,49.93101892441079,2705.517111935115,25.304195078183426,50.48671886922881,3325.6626072850986,22.775798318588603,66.60070904907602,5.992254039614966,279.28476168524384,102.45053823220846,92.12723903959076,32.3108721778865,14.999135549667864,18.546735693239853,6.124747107702672,16.635018735746453,4.054832391768386,32.71469491028849,21.714191617857622,12.781843996029004,0.8604630724526119,16.408959214760994,5.4068800308452785,6.541586939175762,3.23099189112576,0.01960807159314905,0.5872736891709184,0.19000312258570343,53.63894500388546,45.17896458137377,0
17.25,0.2590273050772205,3636.4169165137764,4458.491596790674,9.228496063452463,31.768652516288242,47.420342790238315,2801.3024158702406,65.05300320977014,122.90676735047339,0.21208660765389983,91.87378849698291,49.71915837067185,2707.3672439244383,25.351068001025613,52.62242043753338,3326.9664716641473,22.782746298142357,66.60755897197444,4.264064269397744,279.1002526004617,102.44243281736392,92.19394338316272,31.54243664470441,14.739569919998901,18.926979960846044,5.900627772248991,16.768244979950197,4.088065617489053,32.74296844857878,21.813799540544203,12.903413324776611,0.8194374532047276,16.059374196234593,5.360271797095715,6.585350216188696,3.2062634925011197,0.007104661627650741,0.5765402325251519,0.1800920716815984,52.70407675159473,43.956686368662446,0
17.3,0.2591515979430872,3647.30292797097,4467.9073712252375,9.335246330983916,32.16688669296185,47.01745413374355,2800.7483042330264,64.93307156858687,122.89319779549703,0.21459855752259316,91.69600773506005,50.79866780882106,2706.3274114867572,25.14174126314434,49.65200525108964,3325.3242640473463,22.987127172923945,66.61644656638722,5.694430027685694,279.1415879054456,102.47218040886582,92.23335189059752,31.54243664470441,14.739569919998901,18.926979960846044,5.900627772248991,16.768244979950197,4.088065617489053,32.74296844857878,21.813799540544203,12.903413324776611,0.8194374532047276,16.059374196234593,5.360271797095715,6.585350216188696,3.2062634925011197,0.007104661627650741,0.5765402325251519,0.1800920716815984,52.70407675159473,43.956686368662446,0
17.35,0.26375093121342236,3670.1968377651365,4406.346258296891,9.258618548690917,32.15354112043084,47.46301737784593,2800.312264816468,64.72216046008604,122.90365425444412,0.2148607523508718,91.77456791905611,50.74768211451398,2706.078132466856,25.425159447413343,50.260583957064,3326.6593686367237,22.696576567653068,66.60575220290958,4.503207593103494,279.1089934040964,102.44693381232793,92.08932387346323,32.476421266267344,14.870512328608768,18.486200884705955,5.925288129068579,16.73331776777094,4.0368635735911855,32.659436390284775,21.805914403219735,13.324838233317667,0.8116836531966813,16.122272349834237,5.409078092416674,6.536715208422077,3.2241731837721743,0.007104661627650741,0.5765402325251519,0.1800920716815984,52.70407675159473,43.956686368662446,0
17.400000000000002,0.269595456339663,3642.193452641423,4448.855777327264,9.226461108722965,32.26897085296772,47.30356972388859,2799.394075839405,65.1679571251303,122.90058472843859,0.21509159858587443,91.72153935395153,50.14623891942609,2705.5603921711404,25.2961727770065,50.589969917277415,3325.8579846256,22.94018371306961,66.60827442222721,5.14604785158179,279.3559162831271,102.4380046252495,91.96495494329162,32.476421266267344,14.870512328608768,18.486200884705955,5.925288129068579,16.73331776777094,4.0368635735911855,32.659436390284775,21.805914403219735,13.324838233317667,0.8116836531966813,16.122272349834237,5.409078092416674,6.536715208422077,3.2241731837721743,0.007104661627650741,0.5765402325251519,0.1800920716815984,52.70407675159473,43.956686368662446,0
17.45,0.2677042501019166,3691.5958411697084,4435.294252219233,9.295919388787365,32.1589327148742,47.307869757288415,2799.7852014388745,64.76033914224745,122.89129047267136,0.21550898637642474,91.70250547762338,50.966367644497026,2704.775864639502,25.13715724746291,50.51930222928125,3324.8346155104578,23.06357202999727,66.61127563677668,3.6611796295373695,279.32673201904726,102.44268349632637,92.19133144194032,32.388442993080176,14.995260143520694,18.580482281124105,5.943808279302668,16.539796404411238,4.063175396224566,32.99973936731785,21.819677621680096,13.436877793030767,1.0461770960261034,16.218578429490364,5.409354587060407,6.6364948165476525,3.118476897591016,0.007104661627650741,0.5765402325251519,0.1800920716815984,52.70407675159473,43.956686368662446,0
17.5,0.2635482572034811,3681.887124920812,4438.868180168805,9.238655121336905,32.01464132310336,47.583385745213306,2800.528151326712,64.74615726481795,122.92567781964237,0.21279015463552606,91.8443926415763,50.06046268942054,2706.4959304749727,25.284858095115297,50.746036699015605,3325.956595218151,22.899336691939958,66.62432249831323,6.125732085073817,279.60614531876905,102.43120392544617,92.14281370595799,32.388442993080176,14.995260143520694,18.580482281124105,5.943808279302668,16.539796404411238,4.063175396224566,32.99973936731785,21.819677621680096,13.436877793030767,1.0461770960261034,16.218578429490364,5.409354587060407,6.6364948165476525,3.118476897591016,0.007969163486656314,0.575911863225697,0.20313809786485043,53.78071314737545,43.74547526625871,0
17.55,0.2634201956653643,3663.532542342517,4449.705568802306,9.199118665248013,32.37726843573036,47.44331436982125,2800.138416529395,65.48296790099005,122.88755338130886,0.2155122057850096,91.80278530740738,49.36804895025504,2705.651628638114,25.36188734658712,48.14397231231205,3326.2844704351423,22.790842756019174,66.62514793245496,4.139199269899828,279.3225550997623,102.41324886713558,91.90693485879423,32.372652790910536,15.06307390517161,18.53715887841449,5.880232478393394,16.908287717737558,4.039306378468942,32.818626890301246,21.770043836519854,13.243873116838273,0.8622260669708043,15.961194602575777,5.387640933188463,6.555492186789387,3.2852161591790097,0.007969163486656314,0.575911863225697,0.20313809786485043,53.78071314737545,43.74547526625871,0
17.6,0.2623288862562492,3669.8105467667388,4426.856716109762,9.14919910843468,32.141268750039785,47.74530713320839,2799.7057508749017,64.68675917349675,122.90052809946242,0.2151129966287381,91.72247879982459,48.031069035375936,2705.7936739412357,25.179894111738353,51.34343708806508,3325.0770086632133,22.806647154275105,66.5936354588396,5.487460714353634,279.7332570134003,102.45637707039954,92.43827859889323,32.372652790910536,15.06307390517161,18.53715887841449,5.880232478393394,16.908287717737558,4.039306378468942,32.818626890301246,21.770043836519854,13.243873116838273,0.8622260669708043,15.961194602575777,5.387640933188463,6.555492186789387,3.2852161591790097,0.007969163486656314,0.575911863225697,0.20313809786485043,53.78071314737545,43.74547526625871,0
17.650000000000002,0.26235459993211413,3686.282443520267,4420.320522680563,9.292555915443593,31.67878472924239,47.16631091182808,2800.7462473211012,64.56212884994758,122.8954771759012,0.21685694339808617,91.89195372891896,51.7082408814195,2706.5814918288347,25.256795809246665,51.74677887039093,3326.7721894387746,22.900829392589444,66.6403031808845,5.434945409402408,279.3719409163427,102.4349383614668,92.13037758447585,32.13564700263558,14.929915071254271,18.715151204836225,5.998339514062067,16.68787804112601,4.02047693327727,32.317214312219136,21.919088197912334,13.231127280880594,0.936092148385557,16.099023746895302,5.32476582799946,6.496648281614703,3.204123737514074,0.007969163486656314,0.575911863225697,0.20313809786485043,53.78071314737545,43.74547526625871,0
17.7,0.2590885358829078,3663.979506113838,4412.0547696166905,9.264559807114011,31.890326078992754,47.254827957594905,2800.0476791669225,65.30185010024029,122.88810246810529,0.2136751406705743,91.75131415315876,50.6972350056712,2705.84087171078,25.439423835937642,52.67634787249593,3325.57872283754,22.79874303739401,66.64330367970096,3.983674800564322,279.170614296923,102.44712942903884,92.08421386226182,32.13564700263558,14.929915071254271,18.715151204836225,5.998339514062067,16.68787804112601,4.02047693327727,32.317214312219136,21.919088197912334,13.231127280880594,0.936092148385557,16.099023746895302,5.32476582799946,6.496648281614703,3.204123737514074,0.007969163486656314,0.575911863225697,0.20313809786485043,53.78071314737545,43.74547526625871,0
17.75,0.260943236071056,3627.1221365777815,4461.498388612529,9.322037136943463,32.157608624897776,47.4982582213614,2800.584717147161,64.25785953118705,122.90900361497867,0.21559782232609162,91.81881018759198,50.81771832829289,2706.18275248963,25.042081344499714,50.54473649124578,3326.558584494244,23.08719068049241,66.64681024087895,2.7177373990481817,279.4155229383825,102.43778493838032,92.17596820130788,32.105658838598686,14.716674969120616,18.504098209407193,6.04827043508711,16.127970894283546,4.056442604344338,32.824883808185334,21.78462448412574,13.107310407447077,0.9769180297111622,16.428569787416727,5.4195235487247,6.648594372776652,3.2518045766202275,0.015427374325130378,0.573894010022575,0.1768544277514495,53.78947378261285,44.16987486736705,0
17.8,0.2604699894128171,3655.880370987601,4419.426280741231,9.32194087655167,32.46066194524953,47.65800524555805,2800.5020511156663,65.00221439301093,122.89096162933741,0.21423460825727436,91.88447464778474,49.48575289346678,2706.9994376261734,25.20108732964874,50.548912052661834,3326.431143944042,22.88837988305621,66.6603197114133,3.4291983956262877,279.4830461922741,102.44924759869888,92.1669484127945,32.105658838598686,14.716674969120616,18.504098209407193,6.04827043508711,16.127970894283546,4.056442604344338,32.824883808185334,21.78462448412574,13.107310407447077,0.9769180297111622,16.428569787416727,5.4195235487247,6.648594372776652,3.2518045766202275,0.015427374325130378,0.573894010022575,0.1768544277514495,53.78947378261285,44.16987486736705,0
17.85,0.26275648153277154,3645.197546621771,4433.031639268869,9.173263032636006,32.26725637947933,46.939976742427596,2799.577262586356,64.97071844935765,122.88799844905564,0.21547475060782442,91.74278130299848,50.924555034846954,2705.7418983951516,25.162815404329,51.02362687551415,3325.288078564357,23.196018382214746,66.64643342097823,4.602076016405586,279.2295763085384,102.43822562451913,92.04069394612023,32.076050769317064,15.013368836107803,18.85982104257545,5.999955500600379,16.53603392315285,4.06154816454352,32.57456838408442,21.660309505634174,13.292948466687728,0.8463262786831479,16.073024370756546,5.377053510783399,6.620922246773441,3.18647621522208,0.015427374325130378,0.573894010022575,0.1768544277514495,53.78947378261285,44.16987486736705,0
17.900000000000002,0.2605440563745677,3662.3250356180356,4468.879384239432,9.303113751527787,31.907205012743134,47.11805261401843,2800.4628064642507,65.01318909480962,122.88776088864836,0.21140690304681894,91.83245139858968,49.31968986613974,2706.144123721201,25.318945196899257,51.67312827259919,3325.8103077522373,23.107345541888638,66.64972891519444,4.6246453258099205,279.5728077729501,102.45849065843146,92.27419914994559,32.076050769317064,15.013368836107803,18.85982104257545,5.999955500600379,16.53603392315285,4.06154816454352,32.57456838408442,21.660309505634174,13.292948466687728,0.8463262786831479,16.073024370756546,5.377053510783399,6.620922246773441,3.18647621522208,0.015427374325130378,0.573894010022575,0.1768544277514495,53.78947378261285,44.16987486736705,0
17.95,0.26340529554952474,3652.9901494187598,4472.860839856301,9.213845046298593,31.968315354387936,47.749569450895166,2800.027206605539,64.99121152359261,122.8897516761934,0.21576042662724637,91.72963964399395,50.58946068475277,2705.187857784897,24.96825751279852,50.193823301418654,3325.437124849702,22.913212848204235,66.63952540483879,4.389413453923476,279.3541602333877,102.45096355103924,92.07878568978825,32.308664946287706,14.947070746061593,18.681474226964518,5.9150763825780315,16.703774697508667,4.028744565530998,32.663623673752824,21.71170292643679,12.821486890939516,0.9498278279338402,15.829661016102804,5.423052581964793,6.619946096491653,3.2859948952013944,0.015427374325130378,0.573894010022575,0.1768544277514495,53.78947378261285,44.16987486736705,0
18.0,0.2627148236488776,3662.4908088066436,4409.381463869299,9.317656731963853,32.47731564759041,47.628072804596826,2800.0826447233194,64.98430599421192,122.90126376765507,0.21525361635854737,91.8532966383887,48.787631624818864,2705.74702111372,25.0085347453726,49.416506356566394,3326.7860473784003,22.891005522091536,66.65059391829017,4.458922062618718,279.3357010170031,102.4377000455224,92.20754664544111,32.308664946287706,14.947070746061593,18.681474226964518,5.9150763825780315,16.703774697508667,4.028744565530998,32.663623673752824,21.71170292643679,12.821486890939516,0.9498278279338402,15.829661016102804,5.423052581964793,6.619946096491653,3.2859948952013944,0.010725313914824215,0.5806030538598295,0.1967827290865532,53.658520558564625,43.98703502442397,0
18.05,0.2646405133774627,3666.6637373137796,4417.03104409671,9.244105408246003,32.75063588821898,47.748140380553735,2800.1516544591213,64.65112590839212,122.88939609445599,0.2166010051290274,91.78051476480131,50.13926452771189,2705.8618500007888,25.255065563330028,50.94305464828465,3325.8765038407028,22.856310223054173,66.6378180849425,1.2885692261426147,279.1236331209743,102.44557987987787,92.18372462739254,32.454119551937396,14.74825648338455,18.838876479753694,6.015542044222283,16.640652581113734,4.056507631861143,32.612762242279025,21.890596941349532,13.04517620093761,1.0167128229918876,16.37578897433175,5.364463120359001,6.62522109976717,3.227480727958986,0.010725313914824215,0.5806030538598295,0.1967827290865532,53.658520558564625,43.98703502442397,0
18.1,0.2613736961309639,3647.7343298124733,4423.802740387759,9.212810234926529,31.742333006386055,47.50717897330829,2800.96015445497,65.3401997896054,122.89589524722895,0.2165293912100416,91.8252147421691,48.97464686993777,2706.6652239091354,25.309981063967474,50.84207226837993,3326.294920247643,22.87218724325917,66.64339696291738,6.26730762468905,279.0444857073702,102.4702496627855,92.14908364213309,32.454119551937396,14.74825648338455,18.838876479753694,6.015542044222283,16.640652581113734,4.056507631861143,32.612762242279025,21.890596941349532,13.04517620093761,1.0167128229918876,16.37578897433175,5.364463120359001,6.62522109976717,3.227480727958986,0.010725313914824215,0.5806030538598295,0.1967827290865532,53.658520558564625,43.98703502442397,0
18.150000000000002,0.26206772559740454,3675.601992501036,4479.613281321754,9.134981490629604,31.948841985272857,47.17239804419196,2799.386295430715,64.11678304386129,122.8912569302108,0.2160825243355124,91.76486836789267,50.57630104171289,2705.8530965703494,25.340679642866487,50.82274292216129,3325.858833325557,22.830476989361912,66.65798959427771,5.178984592201213,279.1367725613764,102.44409280047405,91.81708722591486,32.61614897975221,14.9877215556255,18.62755768433793,6.139042590111516,17.07652563753946,4.059153065977558,33.22857506877234,21.937906787093386,12.907961742954093,0.913033289803457,16.258813174338172,5.414121663367797,6.572810028027742,3.289611718505865,0.010725313914824215,0.5806030538598295,0.1967827290865532,53.658520558564625,43.98703502442397,0
18.2,0.2622196915666336,3655.4031958713804,4454.323018230458,9.216052090552658,31.882954731579403,47.1003767785853,2799.82977514122,65.11565837155085,122.87665543266364,0.22007578112649206,91.8025240224138,48.93647575120491,2705.5795565292933,25.353915714921307,50.64490777837625,3326.089555554711,22.93487284236588,66.63722732667281,2.8220923152848307,279.569243503425,102.45197543049613,92.28552930996088,32.61614897975221,14.9877215556255,18.62755768433793,6.139042590111516,17.07652563753946,4.059153065977558,33.22857506877234,21.937906787093386,12.907961742954093,0.913033289803457,16.258813174338172,5.414121663367797,6.572810028027742,3.289611718505865,0.010725313914824215,0.5806030538598295,0.1967827290865532,53.658520558564625,43.98703502442397,0
18.25,0.260193290474623,3618.7073070610486,4461.92366895164,9.158584529533055,31.800856644459614,47.53377751231059,2799.8273407049155,64.64444057366798,122.90228991044292,0.21632927832945514,91.7035148703738,49.422262908552646,2705.1021481574066,25.01153037334365,51.03217935387477,3324.2144680085576,22.927583301921434,66.61074697136722,5.801032142093205,279.3352460187554,102.47489011878217,91.91490285300497,32.13237058533399,14.83636957875576,19.09288812074671,5.977470685274293,16.4948919498862,4.0587052315006895,32.18153051769257,21.773322547327165,13.665599735781612,1.0062445318058524,16.127851291733762,5.382147322580753,6.617799106500566,3.1475818529160655,0.01637635302953436,0.5545656756725491,0.17477557798606097,54.02918494171169,43.12801436738305,0
18.3,0.25953538499001333,3656.8961615672797,4422.971285176587,9.129330356022324,32.1014393998473,47.500554872103855,2800.3683749958554,65.35246895995397,122.92370308515888,0.21332825936684854,91.87480362430294,50.07823401101268,2705.211166541795,25.467155983039817,50.77968933690939,3325.494294861616,22.76935891908125,66.63673001939766,3.9103684297581482,279.5308858283148,102.45623002113237,92.3239201731354,32.13237058533399,14.83636957875576,19.09288812074671,5.977470685274293,16.4948919498862,4.0587052315006895,32.18153051769257,21.773322547327165,13.665599735781612,1.0062445318058524,16.127851291733762,5.382147322580753,6.617799106500566,3.1475818529160655,0.01637635302953436,0.5545656756725491,0.17477557798606097,54.02918494171169,43.12801436738305,0
18.35,0.26221555072862895,3641.5740595124958,4464.650552349386,9.184587291165153,32.373846430925184,47.51014127952764,2800.373356171034,64.56708727331663,122.90256075526227,0.21468508490803595,91.94421742297304,50.67591543782336,2706.294455688883,25.25094678294876,48.86083982278378,3326.0484333914246,23.035865644758168,66.67890897937347,5.329877313623195,278.99880981777557,102.42123369332822,92.13678647428058,31.851685578127004,15.023112868042045,18.89713026486214,6.096587271480085,16.920445579467852,4.0082428380994495,32.796207234081066,21.815958516294838,13.153705574742492,0.9212936705359254,15.800102398605723,5.352057957918989,6.59907641984846,3.2191498149729694,0.01637635302953436,0.5545656756725491,0.17477557798606097,54.02918494171169,43.12801436738305,0
18.400000000000002,0.26518744838506403,3663.8993576157986,4441.020583912928,9.220472197915603,32.26065657544271,47.76345412538518,2799.0942437067197,64.38841473602898,122.88226424988528,0.21614824882252215,91.82817295338991,50.78093282557749,2705.0481210253583,25.116417867516052,49.23919046562664,3324.9701699289326,22.847658373266636,66.70821097077886,5.292043530049409,279.3563268919187,102.46297401905092,91.94436274362626,31.851685578127004,15.023112868042045,18.89713026486214,6.096587271480085,16.920445579467852,4.0082428380994495,32.796207234081066,21.815958516294838,13.153705574742492,0.9212936705359254,15.800102398605723,5.352057957918989,6.59907641984846,3.2191498149729694,0.01637635302953436,0.5545656756725491,0.17477557798606097,54.02918494171169,43.12801436738305,0
18.45,0.26786630162369707,3648.766479223879,4406.318468329612,9.15510993378199,32.16203790224591,47.38189791018702,2798.5864286809556,65.60055867687453,122.88895297748647,0.21672391008042327,91.71171872158746,48.20390289409337,2703.604440161435,25.238765110411435,49.774673651993375,3324.2544737469457,22.814332953755823,66.6721518675999,5.345273298650091,278.954910430734,102.47089768894925,91.96860966016196,32.50435697680057,14.981593855861366,18.60822793280443,5.972244819934739,16.121012851141085,4.028591097755149,32.446802672498755,21.676443913610363,13.914680536272185,0.8805766409940523,16.065608192556244,5.416628778481712,6.622312657369848,3.265325204895234,0.01637635302953436,0.5545656756725491,0.17477557798606097,54.02918494171169,43.12801436738305,0
18.5,0.269290620709586,3627.2784904512882,4409.0740835296865,9.279676185980538,31.941020902605697,47.33125730782286,2799.4955638368488,65.13307056583213,122.91320775610662,0.21149903885847426,91.80451109484578,49.40570061316974,2705.4600197705677,25.387235348578567,49.65205409426938,3325.2473930036303,22.717525439082642,66.64701693948037,5.519483205351654,278.85814655616525,102.46789002655397,92.08327117816502,32.50435697680057,14.981593855861366,18.60822793280443,5.972244819934739,16.121012851141085,4.028591097755149,32.446802672498755,21.676443913610363,13.914680536272185,0.8805766409940523,16.065608192556244,5.416628778481712,6.622312657369848,3.265325204895234,0.01013696157299592,0.5659448532347928,0.2028899412651673,53.46644930170206,44.84059340510728,0
18.55,0.2641073637266452,3665.175036853782,4460.818829931214,9.199398535051264,32.07851130941928,46.969996669090385,2799.4645661280465,65.42983120661003,122.91286721041135,0.21138951773448414,91.75269205501006,49.84036929516183,2705.211019536718,25.40085798449476,48.14734659884993,3324.127909173728,23.04676326579122,66.64102618550264,4.68604491636859,279.2785352275181,102.47170447647467,92.2185346471159,32.464568554688,14.793204246376801,18.694517189518585,6.053150775439604,16.6131246920913,4.062524410935017,32.7719086398987,21.56556762066416,13.405442974225625,0.8867587980815088,16.581979470064354,5.407633052190231,6.550002422300772,3.3117745671690724,0.01013696157299592,0.5659448532347928,0.2028899412651673,53.46644930170206,44.84059340510728,0
18.6,0.2630143364594164,3665.5802204481356,4382.677413677719,9.325730520940263,32.01468923451136,47.46919971503614,2800.4517125171988,65.44083026076429,122.89542073698414,0.20606038137312369,91.85261480567195,48.95626564174567,2706.2169621998523,25.197816330210593,51.62017486269396,3325.837580173191,22.824330313105158,66.65033242511007,6.4771562446159034,278.97078130829374,102.45501036808754,92.14088322276687,32.464568554688,14.793204246376801,18.694517189518585,6.053150775439604,16.6131246920913,4.062524410935017,32.7719086398987,21.56556762066416,13.405442974225625,0.8867587980815088,16.581979470064354,5.407633052190231,6.550002422300772,3.3117745671690724,0.01013696157299592,0.5659448532347928,0.2028899412651673,53.46644930170206,44.84059340510728,0
18.650000000000002,0.26046650358933443,3635.1954127035906,4383.292312562375,9.09221697155141,32.08488225992424,47.40513892209,2799.6996787916546,64.5198109291223,122.90396215611123,0.21118795480710542,91.82717884961293,48.39191018144207,2705.7746634525793,25.25821768243136,50.77391112274317,3326.0540849715244,22.943708541063334,66.6593239122695,6.1886635930069565,279.22094198989146,102.45905905139787,92.03817207810218,32.4420775007331,14.92623954074594,18.988299874963282,6.111264340532722,16.77044871381328,4.045767802305779,32.94643138137779,21.643005656384855,13.274426859049122,0.9585313872015172,16.181896591157965,5.390451725567395,6.6103711556937945,3.223289902972931,0.01013696157299592,0.5659448532347928,0.2028899412651673,53.46644930170206,44.84059340510728,0
18.7,0.2613259874840993,3660.179835745065,4382.010396464031,9.168670480897514,32.43807128748737,47.2895658363112,2800.0322397644736,65.10748944828775,122.91012037041742,0.21529072488831827,91.83724869733732,49.76019716289792,2706.1639111536206,25.182028786598288,51.781583408999914,3326.029447643976,22.71314639802497,66.65247373411721,3.3608236309413373,279.2873598035474,102.43357446268308,92.12163407096497,32.4420775007331,14.92623954074594,18.988299874963282,6.111264340532722,16.77044871381328,4.045767802305779,32.94643138137779,21.643005656384855,13.274426859049122,0.9585313872015172,16.181896591157965,5.390451725567395,6.6103711556937945,3.223289902972931,0.01013696157299592,0.5659448532347928,0.2028899412651673,53.46644930170206,44.84059340510728,0
18.75,0.2625756544864426,3673.7175939061335,4428.091640323841,9.185213826516188,32.03443972880156,47.644665995262784,2799.874451297885,65.01257706855156,122.89760549088919,0.21230231221177057,91.77481471056275,50.90270503737929,2704.8513071648704,25.053474651077284,49.25045972092289,3325.126119130013,22.869172064420507,66.65010351826133,4.196713819187902,279.2178643763056,102.46824218222906,92.18994498368015,32.33223444713803,14.985468862598644,18.778660644900203,5.886071896343983,16.60397612435996,4.047413392413171,32.56501297702186,21.883713940483076,13.046603460465667,0.9424955282317183,15.559543955529165,5.393933065551554,6.676208185321171,3.238910757761526,0.0002533483294285474,0.5714447700993762,0.2032416933807299,52.539353242478285,43.722258768607624,0
18.8,0.26238263862176125,3685.7579553375285,4419.868693897254,9.19343710485825,32.261136945379654,47.27822397416003,2798.622928360173,64.8162612590142,122.9034510425939,0.2100352205113496,91.71759727079487,49.466213759321356,2704.608943307631,25.329644843437666,50.96452159795624,3324.5896952096464,22.77737864291264,66.64233518467489,4.071270609786731,278.86208787991416,102.47496545621811,91.88901501433027,32.33223444713803,14.985468862598644,18.778660644900203,5.886071896343983,16.60397612435996,4.047413392413171,32.56501297702186,21.883713940483076,13.046603460465667,0.9424955282317183,15.559543955529165,5.393933065551554,6.676208185321171,3.238910757761526,0.0002533483294285474,0.5714447700993762,0.2032416933807299,52.539353242478285,43.722258768607624,0
18.85,0.2622449194776881,3655.060109705944,4411.446785815918,9.20595520301443,32.01568064203989,47.17730977780537,2799.572795436491,64.62879268275448,122.88588629959614,0.20457069311339196,91.80117654927845,49.512690883455406,2704.257234166385,25.357651427619135,48.927993658563295,3324.8993949758806,22.720337051274598,66.63265802872544,6.625830721622251,279.54031480700183,102.46523680109517,92.28823725265696,32.04645635123131,14.806384698369268,18.804320858672057,6.043303061880946,16.44341971744887,4.101990577857772,33.25633373391969,21.715299876423618,13.680727074810374,1.0613513593195092,16.338992165867413,5.383641294777982,6.6388301030440395,3.1507656091555596,0.0002533483294285474,0.5714447700993762,0.2032416933807299,52.539353242478285,43.722258768607624,0
18.900000000000002,0.26162513596608006,3652.981268786335,4418.163812939373,9.209655932480155,32.47683603725433,47.55268310368464,2799.204967594933,64.90273980542955,122.90835768577259,0.20734571069305388,91.8469437854618,50.221113584842335,2705.0785816870007,25.050254391055603,51.507655570299335,3325.104356218903,23.040968175861494,66.63431501795478,3.2858774335789,278.93939970639843,102.43060936668826,91.99425825823882,32.04645635123131,14.806384698369268,18.804320858672057,6.043303061880946,16.44341971744887,4.101990577857772,33.25633373391969,21.715299876423618,13.680727074810374,1.0613513593195092,16.338992165867413,5.383641294777982,6.6388301030440395,3.1507656091555596,0.0002533483294285474,0.5714447700993762,0.2032416933807299,52.539353242478285,43.722258768607624,0
18.95,0.2637142836180795,3682.169638668104,4405.398351928616,9.321875521316128,32.458078551008455,47.052026344148764,2799.126985952407,65.29144844250182,122.9200675311504,0.2054684036291531,91.76595664368305,50.852360932855184,2704.6223784026565,25.27544456562793,50.65868264287979,3324.7807558747663,22.94375302149034,66.65192288647765,4.206559758004238,278.9059938972073,102.43256707939457,92.03776363508413,32.12985448627897,14.719127552951651,18.605508812376787,5.798903874177946,16.467622207140053,4.0164053377289015,32.693127354547,21.815733309123065,13.129928787294023,0.9931221215438732,16.058465530461934,5.416216015503822,6.563770481481991,3.2315397316965977,0.0002533483294285474,0.5714447700993762,0.2032416933807299,52.539353242478285,43.722258768607624,0
19.0,0.263083870632519,3666.0533969197736,4435.165915628886,9.193687628344854,31.97560121916964,47.40675709060021,2799.0882277764103,64.63645953026878,122.91744355240215,0.20288181321283524,91.7780824950257,50.411890838705624,2704.962669496467,25.493793352721326,49.5283189682288,3323.998370620417,22.96812968009368,66.6244007376288,5.269234064647344,278.9899732311927,102.43650289284177,91.98166680200315,32.12985448627897,14.719127552951651,18.605508812376787,5.798903874177946,16.467622207140053,4.0164053377289015,32.693127354547,21.815733309123065,13.129928787294023,0.9931221215438732,16.058465530461934,5.416216015503822,6.563770481481991,3.2315397316965977,0.016192642008575536,0.5990515555327782,0.18164334999245413,53.14593316348265,43.82945180079502,0
19.05,0.2620204991401276,3652.896850404557,4402.038265835274,9.212176128539543,32.20057434207246,47.349542919283515,2799.1573229374535,64.50911799762056,122.87861069564627,0.20034087624026597,91.86456699465423,50.63355782541307,2705.615951252822,25.20174975457182,50.290609893169155,3325.0970886452255,22.907377050852773,66.65973553276781,6.110145202716611,279.1200967542269,102.40396401362335,92.12003772976024,32.18966151267384,14.865298331508965,18.96662769472007,5.917502218528169,17.137463918077927,4.06751340025174,32.839147829894884,21.950535860268204,13.412268443294241,1.0590234690361584,15.634410298133197,5.409129030282751,6.604697664485162,3.351490998470426,0.016192642008575536,0.5990515555327782,0.18164334999245413,53.14593316348265,43.82945180079502,0
19.1,0.26396298940511637,3665.3603341121684,4405.844472060709,9.266896778936138,32.40325459743449,47.43270685377451,2798.989925829738,64.66672271630446,122.88431897561897,0.20171527190374036,91.80541307045229,49.065539795254786,2704.8684866955614,25.385950313616938,48.93469723041519,3325.0860330347396,22.96062302974163,66.65218955926075,6.67757046958363,279.2097251187609,102.44619042254061,92.07939101673024,32.18966151267384,14.865298331508965,18.96662769472007,5.917502218528169,17.137463918077927,4.06751340025174,32.839147829894884,21.950535860268204,13.412268443294241,1.0590234690361584,15.634410298133197,5.409129030282751,6.604697664485162,3.351490998470426,0.016192642008575536,0.5990515555327782,0.18164334999245413,53.14593316348265,43.82945180079502,0
19.150000000000002,0.2617456794033364,3702.597170697764,4393.818294478812,9.302940710769407,32.431080093857226,47.12753378791256,2798.5748408303966,65.14742631969965,122.89611295575936,0.2008255311265719,91.6761673565734,49.11482039717268,2704.28889048936,25.349391505078678,50.176004946265834,3324.070434126334,22.967582786758452,66.641715246536,5.051486746992984,278.8760300169985,102.41840992296845,91.736218649649,32.058707524897,14.834085243039917,18.69008007511421,5.965884647313141,16.82930521555428,4.067638060932504,32.63073442382511,21.9427346142428,13.3769509813423,0.7949767145457124,16.32338208385388,5.383173686322445,6.63998402194999,3.1943218916582317,0.016192642008575536,0.5990515555327782,0.18164334999245413,53.14593316348265,43.82945180079502,0
19.2,0.264838697324452,3658.555470126353,4406.980786524303,9.25435264809639,32.16561610096965,47.04124937613906,2798.5307710700295,65.70256983234644,122.8927737771351,0.1952095341165905,91.81026951464024,48.83790536667671,2705.4525388101433,25.312156155354398,51.42231700618239,3324.4707544917223,22.837557484573587,66.62125601191526,4.996998544546154,279.270233254111,102.43533517364284,92.28815913881358,32.058707524897,14.834085243039917,18.69008007511421,5.965884647313141,16.82930521555428,4.067638060932504,32.63073442382511,21.9427346142428,13.3769509813423,0.7949767145457124,16.32338208385388,5.383173686322445,6.63998402194999,3.1943218916582317,0.016192642008575536,0.5990515555327782,0.18164334999245413,53.14593316348265,43.82945180079502,0
19.25,0.2641201648557724,3664.9038294311285,4416.031865387498,9.204866942916482,32.2098241623187,47.47439122774855,2799.2411862890744,64.99311913992692,122.88312330357678,0.1967789846247783,91.78638580211286,47.87256120241708,2705.261836910684,25.31736308025864,50.202808647675724,3324.6620080376706,22.93369689486701,66.65072291631577,5.1677356870795705,278.6368883098531,102.43362289550858,91.87898799677001,32.29776448218854,14.75969943749358,18.65034780115098,6.004723970249102,16.94724206303811,4.046646759626932,32.64654210517642,21.78706541625015,13.645804470779058,0.8355157977877652,15.700352317184098,5.434030387173891,6.645373667385256,3.2648449702868194,0.014415418687321465,0.5687846824500227,0.2006376923851516,53.81045429861904,44.359520149316964,0
19.3,0.2656833327063518,3646.67709500558,4413.59388865998,9.20973582682291,32.23807621683459,47.436776286585484,2798.949372157501,64.97330874864302,122.89376778435235,0.19433099059717882,91.79010587552827,48.89541449132788,2705.467849989928,25.107739302065436,51.653583813482484,3325.0999913807095,23.031563772702615,66.64336799347417,3.381241062486411,279.1157294351621,102.44782634147478,92.05411265632604,32.29776448218854,14.75969943749358,18.65034780115098,6.004723970249102,16.94724206303811,4.046646759626932,32.64654210517642,21.78706541625015,13.645804470779058,0.8355157977877652,15.700352317184098,5.434030387173891,6.645373667385256,3.2648449702868194,0.014415418687321465,0.5687846824500227,0.2006376923851516,53.81045429861904,44.359520149316964,0
19.35,0.26415358903493613,3675.3739658429577,4456.216955352872,9.19371796709237,32.26651575195025,47.31964459333713,2799.879412328249,65.36010865369023,122.89374240157933,0.19343041123154148,91.77399060959054,49.80912524273471,2706.210823221503,25.221995459736068,48.2594810069916,3325.500209557418,22.656192821527753,66.61799912784876,6.814984486834901,279.2677042013462,102.43474376936736,92.16998428721487,32.27829738056484,15.039197571073732,18.39835108849452,5.973872938473532,16.488115671307902,4.00044470071611,32.699324990038185,21.794845608228016,13.095938961991802,0.9004486996008032,16.235198792732945,5.39613971590612,6.619163511366707,3.166252995845194,0.014415418687321465,0.5687846824500227,0.2006376923851516,53.81045429861904,44.359520149316964,0
19.400000000000002,0.26373293723450036,3631.833537630694,4423.62389954425,9.258061974143287,31.981659925546612,47.47833723337495,2800.037935875311,66.13189283361834,122.89338529694356,0.19577977418619333,91.80475932895494,51.32873644887265,2706.596401616513,25.3811852015196,51.621985821508304,3326.4445732544937,22.944321376179136,66.64349026041546,4.949093493563385,279.12599379353213,102.43889463766665,91.97946355549254,32.27829738056484,15.039197571073732,18.39835108849452,5.973872938473532,16.488115671307902,4.00044470071611,32.699324990038185,21.794845608228016,13.095938961991802,0.9004486996008032,16.235198792732945,5.39613971590612,6.619163511366707,3.166252995845194,0.014415418687321465,0.5687846824500227,0.2006376923851516,53.81045429861904,44.359520149316964,0
19.45,0.2593843784049252,3667.9729082713257,4398.142698851651,9.309795236261657,32.11585726421616,47.60451347123365,2800.893668203403,64.94355543647185,122.91784455089537,0.19956606339710845,91.81226829552462,47.935611715202896,2707.1159690884997,25.081100933364382,49.93505111971506,3326.991432083555,22.856995439560848,66.62272464288581,5.052190600574489,279.53881452223703,102.431368200155,92.24444643082728,31.58153644774699,14.910269087708096,18.30747885834571,6.064930369997896,16.239621035817567,4.018631964584236,32.53611131414545,21.66105774395403,13.240154097848274,0.8953891941340689,16.157827096786068,5.379625786856457,6.598561341903921,3.3189756513830435,0.014415418687321465,0.5687846824500227,0.2006376923851516,53.81045429861904,44.359520149316964,0
19.5,0.2579933042622095,3630.579367056709,4425.012124046635,9.187130606259188,31.939712678476386,47.14112828918926,2800.985840291618,64.83092151777826,122.88342807201033,0.20423616527561986,91.74390616689048,49.87009093092386,2706.8730157938844,25.007647013591882,49.44015564182581,3327.561781379088,22.689098102396372,66.61279244529354,3.3969340722921295,278.8553824056036,102.44242054623953,91.77962117484118,31.58153644774699,14.910269087708096,18.30747885834571,6.064930369997896,16.239621035817567,4.018631964584236,32.53611131414545,21.66105774395403,13.240154097848274,0.8953891941340689,16.157827096786068,5.379625786856457,6.598561341903921,3.3189756513830435,0.01424595632015814,0.5756484479164653,0.1783690376056522,53.91534784784138,43.076359997497654,0
19.55,0.25519029431447954,3684.151469651468,4460.298974749374,9.285823302055087,32.34790687762015,47.61214287575068,2801.8897924638295,65.45613108452484,122.89635199808977,0.20736714025599878,91.74294479813801,50.640366670851975,2706.736237576869,25.330916392435284,51.625969178097776,3327.6669344639004,23.031783808940688,66.57232621443758,6.820914428494834,278.88816125104233,102.46178293001611,92.19417973296763,31.68369288490456,14.94090872780813,18.658932049653735,6.213727227199508,16.641714316300384,4.0579706771001085,33.02027388924778,21.753077750324383,13.400499601868402,0.9333212180819972,15.661641182506038,5.404923592036915,6.644098060371736,3.2244839500816327,0.01424595632015814,0.5756484479164653,0.1783690376056522,53.91534784784138,43.076359997497654,0
19.6,0.25513214186003175,3688.8985558949635,4430.704661558029,9.313131492068319,31.91467893095238,47.52965677077393,2802.135379718425,64.51002857352051,122.90293633728622,0.20952209530378899,91.78522643944945,49.61606158035841,2707.932775412303,25.213264185209518,50.67550050128674,3328.221878878539,22.953671203656558,66.57446753592444,4.170411413742275,279.0162142796206,102.42821504251859,92.03663156977949,31.68369288490456,14.94090872780813,18.658932049653735,6.213727227199508,16.641714316300384,4.0579706771001085,33.02027388924778,21.753077750324383,13.400499601868402,0.9333212180819972,15.661641182506038,5.404923592036915,6.644098060371736,3.2244839500816327,0.01424595632015814,0.5756484479164653,0.1783690376056522,53.91534784784138,43.076359997497654,0
19.650000000000002,0.2595487727581098,3663.247863303753,4442.662582849151,9.23880564591505,31.808233952389045,47.24002543592009,2802.728843641044,65.39613083780067,122.90497037315569,0.2147644918807318,91.75987414474811,48.0176648511121,2707.867600185379,25.29156279339187,50.03832001230009,3328.454342798225,22.93543402710875,66.5738239005651,4.827536448195781,279.1926955298038,102.44304729295276,92.08442876314524,32.381402069971855,14.840656242659046,19.344734957462567,6.177534598419567,16.814545520529364,4.026696970093286,32.98977056326067,21.772697784134007,13.59718565712572,0.9371414322662635,15.994845723114935,5.385470912204269,6.647587240723425,3.2260491847909307,0.01424595632015814,0.5756484479164653,0.1783690376056522,53.91534784784138,43.076359997497654,0
19.7,0.2610715944799126,3638.668523582431,4466.503061214903,9.23489944341381,32.43835964776476,47.33438171707388,2803.168887003485,65.36015253941532,122.91490177779436,0.2220224889115921,91.80141215311119,48.366394302658,2708.5767204969047,25.381069877536536,48.86073814061703,3329.302540120276,22.735766462448794,66.57714017501594,5.535464844708257,278.9043502285047,102.4308885510911,92.09927850056445,32.381402069971855,14.840656242659046,19.344734957462567,6.177534598419567,16.814545520529364,4.026696970093286,32.98977056326067,21.772697784134007,13.59718565712572,0.9371414322662635,15.994845723114935,5.385470912204269,6.647587240723425,3.2260491847909307,0.01424595632015814,0.5756484479164653,0.1783690376056522,53.91534784784138,43.076359997497654,0
19.75,0.26391645947294745,3634.371319550557,4398.266708977924,9.279927293745512,32.53436165249643,47.47387664686836,2802.7915997682776,65.24828208185912,122.89324171311951,0.22806412105862806,91.79178978271375,49.55929268050175,2708.2921745818094,25.438410301076427,51.02157235466006,3328.674186340187,22.873812277680297,66.59255823315735,4.435205367842205,279.23608655094426,102.43832250505656,92.30733446075811,32.63853538168398,14.954271687491927,19.319923132572317,5.984990591669696,16.443552890384122,4.03108127047805,32.903409606643024,21.783461022009124,12.940936485846262,0.8658811446058374,16.206338659021384,5.393014398219066,6.622743671716491,3.1549611420625583,-0.00041633344237795855,0.5755565580077346,0.18455971496186155,54.55398346157572,44.02906197495287,0
19.8,0.2673023069526109,3622.3569371510816,4449.345210551299,9.20950125240802,32.19421615465187,47.434036437362636,2802.103060778746,65.2561953449576,122.87966981951823,0.2329331214809421,91.82437510204727,51.7424664509627,2707.609317968176,25.2285368083202,49.62003813326368,3328.137035464721,23.020741004731565,66.64145012992854,3.7403002798934377,279.4010903232838,102.42748363144176,91.98183160082414,32.63853538168398,14.954271687491927,19.319923132572317,5.984990591669696,16.443552890384122,4.03108127047805,32.903409606643024,21.783461022009124,12.940936485846262,0.8658811446058374,16.206338659021384,5.393014398219066,6.622743671716491,3.1549611420625583,-0.00041633344237795855,0.5755565580077346,0.18455971496186155,54.55398346157572,44.02906197495287,0
19.85,0.2680875454834256,3693.1371375388335,4432.894354199575,9.123665997716458,32.43951287255757,47.42911745945146,2799.834158332022,64.45188464379022,122.8966127966379,0.2293148262823793,91.69643230083437,51.34518574171898,2706.0286179875316,25.288409405801453,50.59460199597034,3326.031705552704,22.863642267877104,66.6439548515205,5.665904223052412,279.72705182876115,102.48705609688722,91.866294133181,32.312959291304644,14.933296471158734,18.77687228731909,6.026392294260965,16.378349718238532,4.0574487914118125,33.00176731334563,21.935813148408002,13.390406043863873,0.9760775694446576,15.923886456474534,5.342176607217763,6.701965641543553,3.2549366509407545,-0.00041633344237795855,0.5755565580077346,0.18455971496186155,54.55398346157572,44.02906197495287,0
19.900000000000002,0.2674142708466248,3658.8882449883304,4456.253356247064,9.21340075473673,32.3339021541148,47.41884114905718,2799.952507346702,64.08491555664169,122.89825586208775,0.2287666456938285,91.77586681368216,49.645918545328975,2705.350650403176,25.398448763550746,48.49482412826766,3325.52881636578,22.87214270858993,66.62067701859509,4.6801557497104325,279.0102406440406,102.47248997525372,92.2889273493186,32.312959291304644,14.933296471158734,18.77687228731909,6.026392294260965,16.378349718238532,4.0574487914118125,33.00176731334563,21.935813148408002,13.390406043863873,0.9760775694446576,15.923886456474534,5.342176607217763,6.701965641543553,3.2549366509407545,-0.00041633344237795855,0.5755565580077346,0.18455971496186155,54.55398346157572,44.02906197495287,0
19.95,0.26501830706262747,3663.913551936875,4458.633612117086,9.177017547708367,32.37585640759495,47.448796332569714,2799.971306827719,65.41289514484707,122.89213960215824,0.2290779632206713,91.7375763852182,48.407822654867886,2705.359727595923,25.064259216219,50.06626423746366,3325.401911212026,22.874437538174366,66.62798879786772,6.380019684447939,278.81544218736116,102.50936429460762,91.89838202069244,31.996463555953312,14.811496312381209,19.00479452745763,6.068090021879193,16.445782991076015,4.066651464986587,32.89513838132528,21.70413043292284,13.761862257052737,1.1063256128716858,15.864528444171544,5.396535262207657,6.611314417635481,3.273160053788097,-0.00041633344237795855,0.5755565580077346,0.18455971496186155,54.55398346157572,44.02906197495287,0
20.0,0.2664313167975453,3650.738167182883,4434.654902261128,9.210213505900267,32.46999387492916,47.47220473175967,2800.1228285665256,64.80572046068055,122.88823490093395,0.22549488896999248,91.7992913488456,51.19400789708865,2705.3760051276067,25.33851569161319,49.349284084626944,3325.9844981925166,22.96538962431497,66.61489700697177,4.127018365681861,279.4653474560891,102.4836078780129,92.2860695000894,31.996463555953312,14.811496312381209,19.00479452745763,6.068090021879193,16.445782991076015,4.066651464986587,32.89513838132528,21.70413043292284,13.761862257052737,1.1063256128716858,15.864528444171544,5.396535262207657,6.611314417635481,3.273160053788097,0.03055283318960445,0.5743786119043338,0.2012733575334666,53.97678496780097,44.6629219031994,0
